{
    "open": 389.96,
    "low": 387.42,
    "high": 396.62,
    "close": 395.84,
    "volume": 565237,
    "change": 1.55211781,
    "_rsi": 59.42991852,
    "_rsi1": 56.90499276,
    "_stock_k": 85.98336427,
    "_stock_d": 85.18335271,
    "_stock_k1": 82.28832933,
    "_stock_d1": 86.64561271,
    "_macd_blue": 2.76157997,
    "_macd_orange": 5.42969364,
    "_cci20": 132.20236563,
    "_cci201": 111.3531964,
    "_ema10": 384.86964448,
    "_ema20": 379.43170142,
    "_ema30": 377.34916902,
    "_ema50": 376.80419832,
    "_ema100": 376.36843992,
    "_ema200": 365.27589986,
    "_psar": 375.52936913,
    "_wr": -5.67127243,
    "_mom": 16.47,
    "_mom1": 16.48,
    "stock_diff": 0.8,
    "rsi_diff": 2.52
}
