{
    "open": 16.74,
    "low": 16.64,
    "high": 16.98,
    "close": 16.83,
    "volume": 56306135,
    "change": 0.89928058,
    "_rsi": 46.95267503,
    "_rsi1": 45.53198395,
    "_stock_k": 64.47862686,
    "_stock_d": 54.563487,
    "_stock_k1": 51.76657866,
    "_stock_d1": 46.81757002,
    "_macd_blue": -0.6148421,
    "_macd_orange": -0.43184184,
    "_cci20": 13.8869439,
    "_cci201": 6.96845884,
    "_ema10": 16.67168832,
    "_ema20": 16.88346734,
    "_ema30": 17.27599347,
    "_ema50": 17.90143819,
    "_ema100": 18.09704319,
    "_ema200": 16.86528842,
    "_psar": 15.68013626,
    "_wr": -26.46239554,
    "_mom": 0.5,
    "_mom1": 0.31,
    "stock_diff": 9.92,
    "rsi_diff": 1.42
}
