{
    "open": 65.3,
    "low": 63.83,
    "high": 66.31,
    "close": 64.23,
    "volume": 7668505,
    "change": 2.47287811,
    "_rsi": 46.39850209,
    "_rsi1": 37.54074659,
    "_stock_k": 22.28544562,
    "_stock_d": 17.01914616,
    "_stock_k1": 13.57677903,
    "_stock_d1": 14.05619429,
    "_macd_blue": -1.15744737,
    "_macd_orange": -1.19199111,
    "_cci20": -3.08621775,
    "_cci201": -80.07957742,
    "_ema10": 63.51959276,
    "_ema20": 64.45603459,
    "_ema30": 65.12875163,
    "_ema50": 65.68086358,
    "_ema100": 65.28460283,
    "_ema200": 63.83565518,
    "_psar": 61.67,
    "_wr": -63.4807418,
    "_mom": 0.12,
    "_mom1": -1.08,
    "stock_diff": 5.27,
    "rsi_diff": 8.86
}
