{
    "open": 75.21,
    "low": 73.55,
    "high": 75.74,
    "close": 74.55,
    "volume": 50745013,
    "change": -2.9928432,
    "_rsi": 60.02041082,
    "_rsi1": 69.15925126,
    "_stock_k": 73.551383,
    "_stock_d": 74.99457867,
    "_stock_k1": 74.94223478,
    "_stock_d1": 76.91932177,
    "_macd_blue": 2.49813173,
    "_macd_orange": 2.73272691,
    "_cci20": 60.36328256,
    "_cci201": 114.83343265,
    "_ema10": 74.67374933,
    "_ema20": 72.56096097,
    "_ema30": 70.81615315,
    "_ema50": 68.01946365,
    "_ema100": 63.45636223,
    "_ema200": 58.31667908,
    "_psar": 80.22,
    "_wr": -38.1586917,
    "_mom": 3.97,
    "_mom1": 7.97,
    "stock_diff": -1.44,
    "rsi_diff": -9.14
}
