{
    "open": 80.88,
    "low": 80.1,
    "high": 82.17,
    "close": 81.49,
    "volume": 1334723,
    "change": 1.64650118,
    "_rsi": 45.61471092,
    "_rsi1": 43.62648561,
    "_stock_k": 69.1456322,
    "_stock_d": 60.59607617,
    "_stock_k1": 58.07140666,
    "_stock_d1": 54.94200979,
    "_macd_blue": -4.63171502,
    "_macd_orange": -3.53165109,
    "_cci20": -5.31730973,
    "_cci201": -18.23594938,
    "_ema10": 80.51850232,
    "_ema20": 82.62806271,
    "_ema30": 85.31889535,
    "_ema50": 89.68641156,
    "_ema100": 96.01695736,
    "_ema200": 99.28147985,
    "_psar": 69.37048073,
    "_wr": -14.11830357,
    "_mom": 7.23,
    "_mom1": 4.81,
    "stock_diff": 8.55,
    "rsi_diff": 1.99
}
