{
    "open": 189.67,
    "low": 185.03,
    "high": 190.16,
    "close": 186.04,
    "volume": 8297767,
    "change": -2.61725293,
    "_rsi": 45.88134579,
    "_rsi1": 49.70543929,
    "_stock_k": 68.06486785,
    "_stock_d": 65.67879459,
    "_stock_k1": 67.64643872,
    "_stock_d1": 63.11194819,
    "_macd_blue": -5.48062617,
    "_macd_orange": -3.91581807,
    "_cci20": 2.24785861,
    "_cci201": 17.17920501,
    "_ema10": 186.64399185,
    "_ema20": 188.8574372,
    "_ema30": 191.86628203,
    "_ema50": 196.33364861,
    "_ema100": 203.1052955,
    "_ema200": 209.96947488,
    "_psar": 173.05493176,
    "_wr": -28.4496124,
    "_mom": 7.48,
    "_mom1": 17.24,
    "stock_diff": 2.39,
    "rsi_diff": -3.82
}
