{
    "open": 144.45,
    "low": 143.355,
    "high": 146.04,
    "close": 145.05,
    "volume": 7964794,
    "change": 1.2777545,
    "_rsi": 34.6593927,
    "_rsi1": 30.30810936,
    "_stock_k": 6.5339882,
    "_stock_d": 7.11639204,
    "_stock_k1": 7.34328555,
    "_stock_d1": 9.19271502,
    "_macd_blue": -2.36403808,
    "_macd_orange": -3.50063793,
    "_cci20": -157.79401599,
    "_cci201": -204.49224624,
    "_ema10": 148.93532218,
    "_ema20": 152.11342537,
    "_ema30": 153.79347513,
    "_ema50": 154.87652423,
    "_ema100": 153.29031796,
    "_ema200": 148.56052677,
    "_psar": 151.63603026,
    "_wr": -87.30358265,
    "_mom": -10.84,
    "_mom1": -15.02,
    "stock_diff": -0.58,
    "rsi_diff": 4.35
}
