{
    "open": 55.74,
    "low": 55.5413,
    "high": 57.39,
    "close": 57.23,
    "volume": 6892984,
    "change": 2.93165468,
    "_rsi": 56.42757708,
    "_rsi1": 50.39586421,
    "_stock_k": 89.33327653,
    "_stock_d": 86.01630624,
    "_stock_k1": 83.30834583,
    "_stock_d1": 84.8814241,
    "_macd_blue": -0.9749336,
    "_macd_orange": -0.3575677,
    "_cci20": 150.05400818,
    "_cci201": 80.00849871,
    "_ema10": 55.32248958,
    "_ema20": 55.24114161,
    "_ema30": 55.84845562,
    "_ema50": 57.59030374,
    "_ema100": 61.18299965,
    "_ema200": 63.16344097,
    "_psar": 50.51780437,
    "_wr": -2.16508796,
    "_mom": 4.87,
    "_mom1": 2.54,
    "stock_diff": 3.32,
    "rsi_diff": 6.03
}
