{
    "open": 33.06,
    "low": 33.06,
    "high": 33.43,
    "close": 33.34,
    "volume": 188756,
    "change": 0.93854072,
    "_rsi": 68.19819958,
    "_rsi1": 64.9620558,
    "_stock_k": 85.49276121,
    "_stock_d": 86.1133288,
    "_stock_k1": 87.47941954,
    "_stock_d1": 83.49524408,
    "_macd_blue": 0.39644505,
    "_macd_orange": 0.47970359,
    "_cci20": 136.847404,
    "_cci201": 137.22357476,
    "_ema10": 32.80208398,
    "_ema20": 32.40257833,
    "_ema30": 32.13782456,
    "_ema50": 31.83790071,
    "_ema100": 31.42245011,
    "_ema200": 30.49789001,
    "_psar": 32.2609059,
    "_wr": -7.17948718,
    "_mom": 1.62,
    "_mom1": 1.14,
    "stock_diff": -0.62,
    "rsi_diff": 3.24
}
