{
    "open": 202.97,
    "low": 192.25,
    "high": 202.97,
    "close": 197.85,
    "change": -4.67816535,
    "_rsi": 30.94589271,
    "_rsi1": 33.00884261,
    "_stock_k": 13.65928244,
    "_stock_d": 8.70746795,
    "_stock_k1": 9.34716333,
    "_stock_d1": 5.26812135,
    "_macd_blue": -23.6459883,
    "_macd_orange": -16.60985258,
    "_cci20": -127.92044089,
    "_cci201": -134.53921662,
    "_ema10": 222.65327946,
    "_ema20": 243.44232091,
    "_ema30": 256.2486309,
    "_ema50": 273.61667825,
    "_ema100": 291.82692824,
    "_ema200": 294.80767935
}
