{
    "open": 38.75,
    "low": 38.31,
    "high": 39.835,
    "close": 39.51,
    "volume": 37986318,
    "change": 4.3030623,
    "_rsi": 48.78333977,
    "_rsi1": 43.74986583,
    "_stock_k": 23.05555556,
    "_stock_d": 33.58796296,
    "_stock_k1": 30.13888889,
    "_stock_d1": 46.55092593,
    "_macd_blue": 0.82780696,
    "_macd_orange": 0.46413682,
    "_cci20": -44.42501391,
    "_cci201": -79.69150465,
    "_ema10": 40.41148249,
    "_ema20": 40.26241606,
    "_ema30": 39.74896932,
    "_ema50": 38.5132045,
    "_ema100": 36.1165017,
    "_ema200": 33.30938081,
    "_psar": 46.0966,
    "_wr": -70.41666667,
    "_mom": 0.99,
    "_mom1": -1.36,
    "stock_diff": -10.53,
    "rsi_diff": 5.03
}
