{
    "open": 437.51,
    "low": 416.47,
    "high": 437.98,
    "close": 422.9,
    "volume": 13979763,
    "change": -9.33647765,
    "_rsi": 39.98094692,
    "_rsi1": 53.16464365,
    "_stock_k": 58.30059537,
    "_stock_d": 63.39506918,
    "_stock_k1": 71.74292412,
    "_stock_d1": 62.08198701,
    "_macd_blue": -14.47221529,
    "_macd_orange": -11.04249266,
    "_cci20": -98.95660553,
    "_cci201": 81.59344189,
    "_ema10": 442.87690801,
    "_ema20": 448.87044514,
    "_ema30": 458.73637791,
    "_ema50": 480.60356308,
    "_ema100": 519.96837922,
    "_ema200": 540.58506718,
    "_psar": 411.493088,
    "_wr": -76.63960025,
    "_mom": -27.97,
    "_mom1": 34.92,
    "stock_diff": -5.09,
    "rsi_diff": -13.18
}
