{
    "open": 160.05,
    "low": 158.02,
    "high": 160.3,
    "close": 160.01,
    "volume": 5754848,
    "change": -0.02499219,
    "_rsi": 78.99554481,
    "_rsi1": 79.17315666,
    "_stock_k": 95.19152113,
    "_stock_d": 96.50050305,
    "_stock_k1": 97.28723013,
    "_stock_d1": 96.84504742,
    "_macd_blue": 3.69579957,
    "_macd_orange": 4.41859749,
    "_cci20": 141.61746519,
    "_cci201": 181.50582131,
    "_ema10": 155.92117242,
    "_ema20": 152.37551883,
    "_ema30": 149.62980634,
    "_ema50": 145.01282455,
    "_ema100": 136.59598675,
    "_ema200": 127.0054306,
    "_psar": 153.18898321,
    "_wr": -6.44276902,
    "_mom": 12.86,
    "_mom1": 10.6,
    "stock_diff": -1.31,
    "rsi_diff": -0.18
}
