{
    "open": 74.04,
    "low": 73.54,
    "high": 74.61,
    "close": 73.76,
    "volume": 13873848,
    "change": -0.57959294,
    "_rsi": 47.30149638,
    "_rsi1": 49.66058099,
    "_stock_k": 53.31991952,
    "_stock_d": 50.50301811,
    "_stock_k1": 51.64319249,
    "_stock_d1": 43.32662643,
    "_macd_blue": -0.60165413,
    "_macd_orange": -0.51892423,
    "_cci20": -3.12485908,
    "_cci201": -7.35662364,
    "_ema10": 73.60856801,
    "_ema20": 73.97446032,
    "_ema30": 74.29472231,
    "_ema50": 74.53776285,
    "_ema100": 74.13547501,
    "_ema200": 72.66641116,
    "_psar": 71.34,
    "_wr": -51.30784708,
    "_mom": -0.73,
    "_mom1": -1.68,
    "stock_diff": 2.82,
    "rsi_diff": -2.36
}
