{
    "open": 27.42,
    "low": 27.42,
    "high": 29.64,
    "close": 29.2,
    "volume": 2116311,
    "change": 5.68222946,
    "_rsi": 65.42330708,
    "_rsi1": 60.69487235,
    "_stock_k": 62.08213945,
    "_stock_d": 53.24850886,
    "_stock_k1": 50.41644696,
    "_stock_d1": 44.47394249,
    "_macd_blue": 1.43812923,
    "_macd_orange": 1.40333463,
    "_cci20": 98.56424326,
    "_cci201": 56.72135183,
    "_ema10": 27.15534857,
    "_ema20": 26.17728486,
    "_ema30": 25.15954774,
    "_ema50": 23.30998727,
    "_ema100": 19.96341304,
    "_ema200": 16.28898185,
    "_psar": 23.78,
    "_wr": -22.3495702,
    "_mom": 0.59,
    "_mom1": -1.45,
    "stock_diff": 8.83,
    "rsi_diff": 4.73
}
