{
    "open": 112.33,
    "low": 111.35,
    "high": 113.19,
    "close": 112.88,
    "volume": 1148983,
    "change": 0.46279815,
    "_rsi": 58.75813632,
    "_rsi1": 57.34595837,
    "_stock_k": 95.12808758,
    "_stock_d": 86.17873092,
    "_stock_k1": 89.42651931,
    "_stock_d1": 74.98260218,
    "_macd_blue": -0.80251718,
    "_macd_orange": -0.19292399,
    "_cci20": 152.61275964,
    "_cci201": 123.65481875,
    "_ema10": 110.24185109,
    "_ema20": 110.16014541,
    "_ema30": 110.36681729,
    "_ema50": 110.17200757,
    "_ema100": 108.49910681,
    "_ema200": 104.46170042,
    "_psar": 105.83014381,
    "_wr": -3.47923681,
    "_mom": 4.18,
    "_mom1": 2.72,
    "stock_diff": 8.95,
    "rsi_diff": 1.41
}
