{
    "open": 277.6,
    "low": 277.6,
    "high": 282.28,
    "close": 279.55,
    "volume": 924543,
    "change": 0.83685027,
    "_rsi": 57.59265344,
    "_rsi1": 55.5686556,
    "_stock_k": 60.21645022,
    "_stock_d": 60.26907688,
    "_stock_k1": 60.12580155,
    "_stock_d1": 59.72327659,
    "_macd_blue": 0.487109,
    "_macd_orange": 1.98112869,
    "_cci20": 102.36429449,
    "_cci201": 91.42795713,
    "_ema10": 275.06571985,
    "_ema20": 272.73287852,
    "_ema30": 272.38109213,
    "_ema50": 273.19014719,
    "_ema100": 273.67261967,
    "_ema200": 269.35165301,
    "_psar": 285.19584245,
    "_wr": -36.62337662,
    "_mom": 9.7,
    "_mom1": 13.44,
    "stock_diff": -0.05,
    "rsi_diff": 2.02
}
