{
    "open": 248,
    "low": 246.46,
    "high": 249.875,
    "close": 246.79,
    "volume": 976843,
    "change": -0.48389048,
    "_rsi": 58.79437115,
    "_rsi1": 60.23111308,
    "_stock_k": 88.92127797,
    "_stock_d": 93.02988559,
    "_stock_k1": 92.85471617,
    "_stock_d1": 94.79005083,
    "_macd_blue": 1.49610422,
    "_macd_orange": 3.18764263,
    "_cci20": 107.13717937,
    "_cci201": 132.95626215,
    "_ema10": 242.81833349,
    "_ema20": 239.74584126,
    "_ema30": 238.13698016,
    "_ema50": 235.48265349,
    "_ema100": 229.52265024,
    "_ema200": 220.60335898,
    "_psar": 227.58634982,
    "_wr": -17.4438108,
    "_mom": 16.7,
    "_mom1": 25.26,
    "stock_diff": -4.11,
    "rsi_diff": -1.44
}
