{
    "open": 60.88,
    "low": 60.27,
    "high": 61.2,
    "close": 60.31,
    "volume": 2542928,
    "change": -1.80722892,
    "_rsi": 45.01883762,
    "_rsi1": 48.49740797,
    "_stock_k": 64.34237899,
    "_stock_d": 63.23252922,
    "_stock_k1": 64.13378101,
    "_stock_d1": 59.29795059,
    "_macd_blue": -1.96683626,
    "_macd_orange": -1.34577723,
    "_cci20": -0.95693959,
    "_cci201": 26.03795698,
    "_ema10": 60.24580307,
    "_ema20": 60.91131472,
    "_ema30": 62.11367761,
    "_ema50": 64.38314048,
    "_ema100": 67.70071446,
    "_ema200": 69.47692359,
    "_psar": 57.45052722,
    "_wr": -32.85939968,
    "_mom": 1.82,
    "_mom1": 5.13,
    "stock_diff": 1.11,
    "rsi_diff": -3.48
}
