{
    "open": 320.84,
    "low": 313.41,
    "high": 320.95,
    "close": 314.69,
    "volume": 449462,
    "change": -2.54861885,
    "_rsi": 51.46520185,
    "_rsi1": 56.41038003,
    "_stock_k": 69.9280867,
    "_stock_d": 79.25792176,
    "_stock_k1": 83.7131571,
    "_stock_d1": 85.58615171,
    "_macd_blue": 1.94642101,
    "_macd_orange": 3.45050195,
    "_cci20": 39.08174564,
    "_cci201": 91.38966297,
    "_ema10": 316.57203933,
    "_ema20": 312.98112606,
    "_ema30": 312.09091868,
    "_ema50": 313.74729312,
    "_ema100": 314.68494035,
    "_ema200": 300.75535408,
    "_psar": 298.05537128,
    "_wr": -43.57338195,
    "_mom": 7.82,
    "_mom1": 23.57,
    "stock_diff": -9.33,
    "rsi_diff": -4.95
}
