{
    "open": 114.2,
    "low": 114.14,
    "high": 116.74,
    "close": 116.67,
    "volume": 1965249,
    "change": 2.25241017,
    "_rsi": 73.74207779,
    "_rsi1": 69.28025989,
    "_stock_k": 95.82478106,
    "_stock_d": 94.97273522,
    "_stock_k1": 95.39398397,
    "_stock_d1": 94.45024743,
    "_macd_blue": 1.14610261,
    "_macd_orange": 2.24591416,
    "_cci20": 162.35674958,
    "_cci201": 163.38148381,
    "_ema10": 111.82865955,
    "_ema20": 109.63609511,
    "_ema30": 108.60848222,
    "_ema50": 107.15268448,
    "_ema100": 104.20318605,
    "_ema200": 100.68804374,
    "_psar": 109.36783077,
    "_wr": -0.48459675,
    "_mom": 11.13,
    "_mom1": 9.43,
    "stock_diff": 0.85,
    "rsi_diff": 4.46
}
