{
    "open": 56.49,
    "low": 56.48,
    "high": 57.6139,
    "close": 57.37,
    "volume": 2429463,
    "change": 2.00924609,
    "_rsi": 50.18545324,
    "_rsi1": 45.51675451,
    "_stock_k": 79.4796269,
    "_stock_d": 77.67959417,
    "_stock_k1": 76.23956799,
    "_stock_d1": 79.80304549,
    "_macd_blue": -1.63941555,
    "_macd_orange": -0.98858612,
    "_cci20": 74.0907735,
    "_cci201": 26.65779689,
    "_ema10": 56.25953047,
    "_ema20": 56.59047739,
    "_ema30": 57.68906355,
    "_ema50": 60.16279378,
    "_ema100": 64.67074127,
    "_ema200": 69.34534137,
    "_psar": 51.91542763,
    "_wr": -6.48011782,
    "_mom": 3.87,
    "_mom1": 2.82,
    "stock_diff": 1.8,
    "rsi_diff": 4.67
}
