{
    "open": 93.54,
    "low": 88.53,
    "high": 93.54,
    "close": 90.92,
    "volume": 2736282,
    "change": -3.19420784,
    "_rsi": 40.62834364,
    "_rsi1": 44.95696225,
    "_stock_k": 38.60300747,
    "_stock_d": 38.9396115,
    "_stock_k1": 41.14340769,
    "_stock_d1": 39.50477816,
    "_macd_blue": -3.69109847,
    "_macd_orange": -3.27113948,
    "_cci20": -45.24907971,
    "_cci201": -22.95801512,
    "_ema10": 92.49828583,
    "_ema20": 94.77685695,
    "_ema30": 96.91816038,
    "_ema50": 99.32353904,
    "_ema100": 99.63152509,
    "_ema200": 94.89188689,
    "_psar": 93.98,
    "_wr": -66.19198312,
    "_mom": 3.59,
    "_mom1": 5.2,
    "stock_diff": -0.34,
    "rsi_diff": -4.33
}
