{
    "open": 221,
    "low": 220.99,
    "high": 227.05,
    "close": 223.32,
    "volume": 2043007,
    "change": 1.09094201,
    "_rsi": 72.12075984,
    "_rsi1": 70.24504812,
    "_stock_k": 96.27347316,
    "_stock_d": 95.95012508,
    "_stock_k1": 96.30448769,
    "_stock_d1": 94.76704867,
    "_macd_blue": 2.78271499,
    "_macd_orange": 5.62373986,
    "_cci20": 108.48366116,
    "_cci201": 103.72744176,
    "_ema10": 215.01373704,
    "_ema20": 209.26186565,
    "_ema30": 207.20189828,
    "_ema50": 206.09862182,
    "_ema100": 205.94479456,
    "_ema200": 204.92119512,
    "_psar": 206.52896953,
    "_wr": -8.87039239,
    "_mom": 26.62,
    "_mom1": 25.25,
    "stock_diff": 0.32,
    "rsi_diff": 1.88
}
