{
    "open": 279.31,
    "low": 273.25,
    "high": 280.99,
    "close": 273.43,
    "volume": 1029569,
    "change": -3.00461156,
    "_rsi": 44.45321945,
    "_rsi1": 48.75141944,
    "_stock_k": 61.56771509,
    "_stock_d": 58.92683997,
    "_stock_k1": 61.31202691,
    "_stock_d1": 55.17191865,
    "_macd_blue": -10.1109374,
    "_macd_orange": -8.02568418,
    "_cci20": -14.95136053,
    "_cci201": 10.25874083,
    "_ema10": 274.06062002,
    "_ema20": 278.91794999,
    "_ema30": 285.2051622,
    "_ema50": 296.02627462,
    "_ema100": 309.58758254,
    "_ema200": 310.65158844,
    "_psar": 253.20407726,
    "_wr": -39.41375969,
    "_mom": -4.25,
    "_mom1": 12.06,
    "stock_diff": 2.64,
    "rsi_diff": -4.3
}
