{
    "open": 66.34,
    "low": 65.4,
    "high": 66.91,
    "close": 65.43,
    "volume": 1051562,
    "change": -2.34328358,
    "_rsi": 49.69344909,
    "_rsi1": 53.56134076,
    "_stock_k": 81.09286535,
    "_stock_d": 84.95942895,
    "_stock_k1": 89.28663342,
    "_stock_d1": 84.78914102,
    "_macd_blue": -1.41529628,
    "_macd_orange": -0.72236395,
    "_cci20": 62.90620801,
    "_cci201": 88.58259403,
    "_ema10": 64.83999946,
    "_ema20": 65.05672763,
    "_ema30": 65.76289169,
    "_ema50": 66.84315892,
    "_ema100": 67.80020883,
    "_ema200": 66.45460062,
    "_psar": 60.66023602,
    "_wr": -26.54690619,
    "_mom": 3.16,
    "_mom1": 7.58,
    "stock_diff": -3.87,
    "rsi_diff": -3.87
}
