{
    "open": 3274.99,
    "low": 3201,
    "high": 3282.37,
    "close": 3272.99,
    "volume": 2839879,
    "change": 0.14778958,
    "_rsi": 62.06655113,
    "_rsi1": 61.85834347,
    "_stock_k": 92.91769247,
    "_stock_d": 94.42909334,
    "_stock_k1": 93.88390515,
    "_stock_d1": 95.93356917,
    "_macd_blue": 10.14635494,
    "_macd_orange": 58.63364592,
    "_cci20": 117.40779984,
    "_cci201": 149.98790985,
    "_ema10": 3155.83011255,
    "_ema20": 3087.28914278,
    "_ema30": 3073.6570256,
    "_ema50": 3095.3002926,
    "_ema100": 3174.10396856,
    "_ema200": 3228.72979443,
    "_psar": 2995.13703698,
    "_wr": -8.29483955,
    "_mom": 336.64,
    "_mom1": 482.58,
    "stock_diff": -1.51,
    "rsi_diff": 0.21
}
