{
    "open": 979.94,
    "low": 976.4,
    "high": 1040.7,
    "close": 999.11,
    "volume": 40225367,
    "change": 0.51610696,
    "_rsi": 64.81611362,
    "_rsi1": 64.38920624,
    "_stock_k": 90.72478696,
    "_stock_d": 92.27215714,
    "_stock_k1": 95.05477557,
    "_stock_d1": 89.5444416,
    "_macd_blue": -9.80544808,
    "_macd_orange": 14.52756512,
    "_cci20": 237.93421067,
    "_cci201": 232.35870455,
    "_ema10": 904.08721944,
    "_ema20": 881.06857831,
    "_ema30": 883.12938806,
    "_ema50": 900.18549632,
    "_ema100": 911.32296542,
    "_ema200": 859.84991177,
    "_psar": 780.83535351,
    "_wr": -14.61041242,
    "_mom": 140.14,
    "_mom1": 169.58,
    "stock_diff": -1.55,
    "rsi_diff": 0.43
}
