{
    "open": 143.24,
    "low": 136.595,
    "high": 143.97,
    "close": 140.96,
    "volume": 2044909,
    "change": -1.05987225,
    "_rsi": 49.16838105,
    "_rsi1": 50.00617623,
    "_stock_k": 62.55106335,
    "_stock_d": 61.23480784,
    "_stock_k1": 59.17890186,
    "_stock_d1": 59.47136208,
    "_macd_blue": -3.26195499,
    "_macd_orange": -1.61516435,
    "_cci20": -17.10423145,
    "_cci201": 18.37009529,
    "_ema10": 140.66060062,
    "_ema20": 140.72103365,
    "_ema30": 143.3861822,
    "_ema50": 152.80234318,
    "_ema100": 172.71387291,
    "_ema200": 184.43347039,
    "_psar": 118.73104508,
    "_wr": -36.31054954,
    "_mom": 3.98,
    "_mom1": -2.25,
    "stock_diff": 1.32,
    "rsi_diff": -0.84
}
