{
    "open": 124.56,
    "low": 123.75,
    "high": 128.24,
    "close": 127.98,
    "volume": 1573079,
    "change": 1.46674066,
    "_rsi": 50.98261867,
    "_rsi1": 48.18876951,
    "_stock_k": 82.36857786,
    "_stock_d": 79.03954474,
    "_stock_k1": 77.26851672,
    "_stock_d1": 74.34325587,
    "_macd_blue": -2.53034053,
    "_macd_orange": -1.44252223,
    "_cci20": 21.47867807,
    "_cci201": 12.2058153,
    "_ema10": 125.84279798,
    "_ema20": 126.35521524,
    "_ema30": 127.81907578,
    "_ema50": 130.77734368,
    "_ema100": 135.46826369,
    "_ema200": 137.88207986,
    "_psar": 117.60776652,
    "_wr": -10.60698958,
    "_mom": 6.75,
    "_mom1": 5.31,
    "stock_diff": 3.33,
    "rsi_diff": 2.79
}
