{
    "open": 80.5,
    "low": 79.86,
    "high": 80.98,
    "close": 80.27,
    "volume": 3446740,
    "change": 0.60157915,
    "_rsi": 46.63627487,
    "_rsi1": 45.37671853,
    "_stock_k": 44.15224913,
    "_stock_d": 40.1076509,
    "_stock_k1": 40.66897347,
    "_stock_d1": 34.04844291,
    "_macd_blue": -1.57884277,
    "_macd_orange": -1.55924436,
    "_cci20": -19.68458535,
    "_cci201": -43.8760246,
    "_ema10": 79.71208736,
    "_ema20": 80.96061214,
    "_ema30": 81.73393636,
    "_ema50": 81.87848378,
    "_ema100": 80.57293171,
    "_ema200": 78.84562753,
    "_psar": 83.2467143,
    "_wr": -55.57093426,
    "_mom": 0.92,
    "_mom1": -4.52,
    "stock_diff": 4.04,
    "rsi_diff": 1.26
}
