{
    "open": 15.29,
    "low": 14.955,
    "high": 15.39,
    "close": 14.99,
    "volume": 6619456,
    "change": -2.78858625,
    "_rsi": 47.30624364,
    "_rsi1": 53.03087509,
    "_stock_k": 76.15582192,
    "_stock_d": 78.16264892,
    "_stock_k1": 81.3210518,
    "_stock_d1": 79.49804994,
    "_macd_blue": -0.18158035,
    "_macd_orange": -0.10414717,
    "_cci20": 42.21029956,
    "_cci201": 103.66985578,
    "_ema10": 15.08093957,
    "_ema20": 15.11885106,
    "_ema30": 15.21955028,
    "_ema50": 15.3759228,
    "_ema100": 15.48970306,
    "_ema200": 15.25740196,
    "_psar": 14.37312278,
    "_wr": -36.875,
    "_mom": 0.28,
    "_mom1": 1.23,
    "stock_diff": -2.01,
    "rsi_diff": -5.72
}
