{
    "open": 61.67,
    "low": 60.73,
    "high": 62.06,
    "close": 60.78,
    "volume": 7435599,
    "change": -1.28309242,
    "_rsi": 38.5425804,
    "_rsi1": 41.80295161,
    "_stock_k": 36.44064797,
    "_stock_d": 38.36817077,
    "_stock_k1": 38.07315817,
    "_stock_d1": 39.90570728,
    "_macd_blue": -1.29088057,
    "_macd_orange": -1.22103909,
    "_cci20": -49.8884956,
    "_cci201": -46.67270499,
    "_ema10": 61.48302936,
    "_ema20": 62.38201142,
    "_ema30": 63.12674298,
    "_ema50": 63.82823884,
    "_ema100": 63.82804344,
    "_ema200": 62.7896125,
    "_psar": 59.02,
    "_wr": -66.41221374,
    "_mom": -0.51,
    "_mom1": 0.77,
    "stock_diff": -1.93,
    "rsi_diff": -3.26
}
