{
    "open": 143.11,
    "low": 141.47,
    "high": 143.59,
    "close": 141.49,
    "volume": 528801,
    "change": -1.52422049,
    "_rsi": 45.42926147,
    "_rsi1": 48.98061249,
    "_stock_k": 77.84439706,
    "_stock_d": 77.91657224,
    "_stock_k1": 79.30697901,
    "_stock_d1": 77.0863836,
    "_macd_blue": -3.49786929,
    "_macd_orange": -2.26667434,
    "_cci20": 65.85980086,
    "_cci201": 110.82738212,
    "_ema10": 141.57776341,
    "_ema20": 142.5593251,
    "_ema30": 144.7276169,
    "_ema50": 148.62688917,
    "_ema100": 153.28886377,
    "_ema200": 153.18475785,
    "_psar": 135.78255417,
    "_wr": -26.86212361,
    "_mom": 2.88,
    "_mom1": 9.78,
    "stock_diff": -0.07,
    "rsi_diff": -3.55
}
