{
    "open": 35.23,
    "low": 35.23,
    "high": 35.84,
    "close": 35.71,
    "volume": 21671,
    "change": 1.39125497,
    "_rsi": 50.70091855,
    "_rsi1": 47.73234832,
    "_stock_k": 72.47414479,
    "_stock_d": 75.47456188,
    "_stock_k1": 75.73587908,
    "_stock_d1": 78.8351569,
    "_macd_blue": -0.52355956,
    "_macd_orange": -0.29477675,
    "_cci20": 52.39105384,
    "_cci201": 18.79930966,
    "_ema10": 35.2934177,
    "_ema20": 35.39690177,
    "_ema30": 35.68385914,
    "_ema50": 36.12402765,
    "_ema100": 36.36972115,
    "_ema200": 35.41910792,
    "_psar": 34.18692772,
    "_wr": -18.85441527,
    "_mom": 2.14,
    "_mom1": 1.21,
    "stock_diff": -3.0,
    "rsi_diff": 2.97
}
