{
    "open": 101.18,
    "low": 100.88,
    "high": 101.89,
    "close": 101.81,
    "volume": 3642375,
    "change": 0.91188423,
    "_rsi": 51.68323484,
    "_rsi1": 48.40826519,
    "_stock_k": 66.90763052,
    "_stock_d": 73.71165025,
    "_stock_k1": 71.3253012,
    "_stock_d1": 82.01267249,
    "_macd_blue": -0.46988563,
    "_macd_orange": -0.1504974,
    "_cci20": 56.22088819,
    "_cci201": 29.22566475,
    "_ema10": 101.25940681,
    "_ema20": 101.24726249,
    "_ema30": 101.37489219,
    "_ema50": 100.97960007,
    "_ema100": 98.39798794,
    "_ema200": 93.26630742,
    "_psar": 99.6097065,
    "_wr": -26.38554217,
    "_mom": 3.75,
    "_mom1": 2.53,
    "stock_diff": -6.8,
    "rsi_diff": 3.27
}
