{
    "open": 138.58,
    "low": 137.41,
    "high": 139.2699,
    "close": 138.96,
    "volume": 5855602,
    "change": 0.95902354,
    "_rsi": 47.52785141,
    "_rsi1": 45.27130038,
    "_stock_k": 64.2640885,
    "_stock_d": 58.52047583,
    "_stock_k1": 55.56637369,
    "_stock_d1": 55.08615367,
    "_macd_blue": -2.58616372,
    "_macd_orange": -1.95630867,
    "_cci20": -7.06870763,
    "_cci201": -14.87603121,
    "_ema10": 138.20590797,
    "_ema20": 139.38459596,
    "_ema30": 140.86362462,
    "_ema50": 143.61482135,
    "_ema100": 149.92309628,
    "_ema200": 156.88189137,
    "_psar": 129.91323922,
    "_wr": -23.38884866,
    "_mom": 5.32,
    "_mom1": 3.99,
    "stock_diff": 5.74,
    "rsi_diff": 2.26
}
