{
    "open": 142.36,
    "low": 141.57,
    "high": 144.12,
    "close": 141.99,
    "volume": 1158107,
    "change": -0.25990447,
    "_rsi": 58.38595291,
    "_rsi1": 59.57804547,
    "_stock_k": 71.7754173,
    "_stock_d": 77.83686445,
    "_stock_k1": 77.07760542,
    "_stock_d1": 84.34357265,
    "_macd_blue": 1.25747329,
    "_macd_orange": 2.01285157,
    "_cci20": 72.78042544,
    "_cci201": 76.91145361,
    "_ema10": 141.66915951,
    "_ema20": 139.60264866,
    "_ema30": 139.08831828,
    "_ema50": 140.18558581,
    "_ema100": 142.75748975,
    "_ema200": 141.80185869,
    "_psar": 140.85336866,
    "_wr": -33.68740516,
    "_mom": 6.02,
    "_mom1": 6.78,
    "stock_diff": -6.06,
    "rsi_diff": -1.19
}
