{
    "open": 80.82,
    "low": 80.165,
    "high": 81.04,
    "close": 80.59,
    "volume": 1641976,
    "change": 0.2113902,
    "_rsi": 52.72010911,
    "_rsi1": 52.10717919,
    "_stock_k": 80.15025702,
    "_stock_d": 87.3605309,
    "_stock_k1": 87.46985816,
    "_stock_d1": 92.02317446,
    "_macd_blue": -0.33581998,
    "_macd_orange": 0.09225973,
    "_cci20": 60.29805353,
    "_cci201": 69.46085995,
    "_ema10": 80.13639316,
    "_ema20": 79.89156338,
    "_ema30": 79.91683133,
    "_ema50": 79.56135803,
    "_ema100": 77.61063433,
    "_ema200": 73.70001935,
    "_psar": 78.25799929,
    "_wr": -24.31791222,
    "_mom": 3.63,
    "_mom1": 3.57,
    "stock_diff": -7.21,
    "rsi_diff": 0.61
}
