{
    "open": 38.6,
    "low": 38.055,
    "high": 39.12,
    "close": 38.17,
    "volume": 4706056,
    "change": -2.17837007,
    "_rsi": 46.08926095,
    "_rsi1": 48.08342916,
    "_stock_k": 59.88513705,
    "_stock_d": 56.46968534,
    "_stock_k1": 57.49523903,
    "_stock_d1": 52.09591755,
    "_macd_blue": -1.66704491,
    "_macd_orange": -1.4471867,
    "_cci20": -15.22792124,
    "_cci201": -7.00435155,
    "_ema10": 37.97506801,
    "_ema20": 39.03336101,
    "_ema30": 39.85417071,
    "_ema50": 40.46306327,
    "_ema100": 40.97095872,
    "_ema200": 43.10098379,
    "_psar": 31.90152808,
    "_wr": -36.24692178,
    "_mom": -0.6,
    "_mom1": 2.02,
    "stock_diff": 3.42,
    "rsi_diff": -1.99
}
