{
    "open": 77.1,
    "low": 75.421,
    "high": 79.01,
    "close": 78.99,
    "volume": 2076333,
    "change": 2.58441558,
    "_rsi": 49.99318023,
    "_rsi1": 47.11084931,
    "_stock_k": 70.84360449,
    "_stock_d": 64.6474363,
    "_stock_k1": 60.72094378,
    "_stock_d1": 61.5123121,
    "_macd_blue": -1.01693468,
    "_macd_orange": -0.64110143,
    "_cci20": -16.74699483,
    "_cci201": -18.17732101,
    "_ema10": 78.29326216,
    "_ema20": 78.56880731,
    "_ema30": 79.21196932,
    "_ema50": 81.05834133,
    "_ema100": 85.7303944,
    "_ema200": 88.48424078,
    "_psar": 67.757768,
    "_wr": -13.86754482,
    "_mom": 1.53,
    "_mom1": -0.59,
    "stock_diff": 6.2,
    "rsi_diff": 2.88
}
