{
    "open": 129.29,
    "low": 129.29,
    "high": 132.86,
    "close": 132.57,
    "volume": 1059673,
    "change": 2.60041792,
    "_rsi": 76.13669158,
    "_rsi1": 73.10045551,
    "_stock_k": 94.37285789,
    "_stock_d": 94.54723925,
    "_stock_k1": 93.64014277,
    "_stock_d1": 95.69831084,
    "_macd_blue": 5.2980373,
    "_macd_orange": 6.38355404,
    "_cci20": 119.43690757,
    "_cci201": 104.67648681,
    "_ema10": 126.04464367,
    "_ema20": 120.68190261,
    "_ema30": 117.27510431,
    "_ema50": 114.01239143,
    "_ema100": 111.21530236,
    "_ema200": 105.49093782,
    "_psar": 125.2098563,
    "_wr": -1.15629984,
    "_mom": 11.52,
    "_mom1": 10.49,
    "stock_diff": -0.17,
    "rsi_diff": 3.04
}
