{
    "open": 574.58,
    "low": 567,
    "high": 609.99,
    "close": 602.07,
    "volume": 1421591,
    "change": 8.78882605,
    "_rsi": 41.65086689,
    "_rsi1": 35.70619039,
    "_stock_k": 22.86628056,
    "_stock_d": 16.31793989,
    "_stock_k1": 13.14172777,
    "_stock_d1": 16.71431278,
    "_macd_blue": -96.4308234,
    "_macd_orange": -86.69176524,
    "_cci20": -35.46206173,
    "_cci201": -100.05622541,
    "_ema10": 580.50053413,
    "_ema20": 637.81120735,
    "_ema30": 703.48413208,
    "_ema50": 826.36843697,
    "_ema100": 1024.24572995,
    "_ema200": 1153.52509131,
    "_psar": 510.02,
    "_wr": -54.23926823,
    "_mom": -57.76,
    "_mom1": -120.01,
    "stock_diff": 6.55,
    "rsi_diff": 5.94
}
