{
    "open": 113.64,
    "low": 113.5,
    "high": 115.54,
    "close": 114.54,
    "volume": 795632,
    "change": -0.18300654,
    "_rsi": 77.4598458,
    "_rsi1": 78.32241261,
    "_stock_k": 92.05015841,
    "_stock_d": 94.00206893,
    "_stock_k1": 94.18414552,
    "_stock_d1": 95.54209576,
    "_macd_blue": 2.38244066,
    "_macd_orange": 3.92184475,
    "_cci20": 130.23993867,
    "_cci201": 166.91779106,
    "_ema10": 109.88871043,
    "_ema20": 106.21003288,
    "_ema30": 104.36789558,
    "_ema50": 102.35883758,
    "_ema100": 98.75239067,
    "_ema200": 92.25194868,
    "_psar": 105.08311462,
    "_wr": -10.67916762,
    "_mom": 15.67,
    "_mom1": 13.8,
    "stock_diff": -1.95,
    "rsi_diff": -0.86
}
