{
    "open": 114,
    "low": 113.06,
    "high": 114.81,
    "close": 114.02,
    "volume": 651742,
    "change": 0.20212672,
    "_rsi": 73.50135951,
    "_rsi1": 73.13839371,
    "_stock_k": 84.32758532,
    "_stock_d": 85.93206352,
    "_stock_k1": 85.71801449,
    "_stock_d1": 88.50625455,
    "_macd_blue": 3.17870534,
    "_macd_orange": 4.0275464,
    "_cci20": 83.03867303,
    "_cci201": 93.39109392,
    "_ema10": 111.63540939,
    "_ema20": 108.15973173,
    "_ema30": 106.06357844,
    "_ema50": 103.64291217,
    "_ema100": 99.62337315,
    "_ema200": 92.886009,
    "_psar": 109.88590237,
    "_wr": -14.85045514,
    "_mom": 11.82,
    "_mom1": 14.3,
    "stock_diff": -1.6,
    "rsi_diff": 0.36
}
