{
    "open": 221.18,
    "low": 216.81,
    "high": 228.7799,
    "close": 222.24,
    "volume": 4043297,
    "change": -1.20910384,
    "_rsi": 47.63103913,
    "_rsi1": 48.45191248,
    "_stock_k": 74.27689197,
    "_stock_d": 61.28313328,
    "_stock_k1": 62.55765819,
    "_stock_d1": 50.34556473,
    "_macd_blue": -20.353881,
    "_macd_orange": -15.16546217,
    "_cci20": 12.78058086,
    "_cci201": 4.73837576,
    "_ema10": 212.11745011,
    "_ema20": 221.04546978,
    "_ema30": 232.7315418,
    "_ema50": 252.21704123,
    "_ema100": 277.00468769,
    "_ema200": 286.76397597,
    "_psar": 173.50391638,
    "_wr": -10.91468101,
    "_mom": 14.68,
    "_mom1": 33.35,
    "stock_diff": 12.99,
    "rsi_diff": -0.82
}
