{
    "open": 37.59,
    "low": 37.59,
    "high": 38.29,
    "close": 37.82,
    "volume": 712998,
    "change": 0.66542454,
    "_rsi": 52.28810905,
    "_rsi1": 50.53627804,
    "_stock_k": 54.60581963,
    "_stock_d": 50.1389904,
    "_stock_k1": 49.19450411,
    "_stock_d1": 48.13860092,
    "_macd_blue": -0.06321346,
    "_macd_orange": -0.04383282,
    "_cci20": 21.36603803,
    "_cci201": -18.31801707,
    "_ema10": 37.47628999,
    "_ema20": 37.52776418,
    "_ema30": 37.50187611,
    "_ema50": 37.29514428,
    "_ema100": 36.82684356,
    "_ema200": 36.00972103,
    "_psar": 35.8106587,
    "_wr": -32.8358209,
    "_mom": 1.64,
    "_mom1": 0.96,
    "stock_diff": 4.47,
    "rsi_diff": 1.75
}
