{
    "open": 21.86,
    "low": 21.84,
    "high": 22.725,
    "close": 22.31,
    "volume": 2272728,
    "change": 1.96526508,
    "_rsi": 46.33976305,
    "_rsi1": 41.66816352,
    "_stock_k": 44.74877451,
    "_stock_d": 39.57160215,
    "_stock_k1": 37.08317622,
    "_stock_d1": 38.09745742,
    "_macd_blue": -0.36807018,
    "_macd_orange": -0.36801128,
    "_cci20": -24.44080028,
    "_cci201": -73.15570634,
    "_ema10": 22.23385404,
    "_ema20": 22.52395406,
    "_ema30": 22.7223222,
    "_ema50": 22.89165359,
    "_ema100": 23.14587281,
    "_ema200": 23.43918018,
    "_psar": 21.13,
    "_wr": -38.54166667,
    "_mom": 0.73,
    "_mom1": -0.08,
    "stock_diff": 5.18,
    "rsi_diff": 4.67
}
