{
    "open": 78.3,
    "low": 78.053,
    "high": 78.72,
    "close": 78.7,
    "volume": 2076541,
    "change": 0.94920472,
    "_rsi": 55.16113398,
    "_rsi1": 51.56863558,
    "_stock_k": 78.31273043,
    "_stock_d": 83.25496015,
    "_stock_k1": 79.83887162,
    "_stock_d1": 88.01539532,
    "_macd_blue": -0.04476871,
    "_macd_orange": 0.25715771,
    "_cci20": 90.85909281,
    "_cci201": 85.8325226,
    "_ema10": 78.11887883,
    "_ema20": 77.76068664,
    "_ema30": 77.76027001,
    "_ema50": 77.92554195,
    "_ema100": 77.90996408,
    "_ema200": 76.45363536,
    "_psar": 76.71902259,
    "_wr": -21.68726957,
    "_mom": 2.57,
    "_mom1": 1.32,
    "stock_diff": -4.94,
    "rsi_diff": 3.59
}
