{
    "open": 33.57,
    "low": 33.245,
    "high": 33.65,
    "close": 33.42,
    "volume": 900697,
    "change": -0.86027885,
    "_rsi": 54.62054732,
    "_rsi1": 57.49606113,
    "_stock_k": 67.61280932,
    "_stock_d": 78.50040364,
    "_stock_k1": 79.30310947,
    "_stock_d1": 86.01859679,
    "_macd_blue": 0.49243101,
    "_macd_orange": 0.50706996,
    "_cci20": 27.34041746,
    "_cci201": 66.71056752,
    "_ema10": 33.53340545,
    "_ema20": 33.13245839,
    "_ema30": 32.85828763,
    "_ema50": 32.73311458,
    "_ema100": 33.25242996,
    "_ema200": 34.07372521,
    "_psar": 32.4885093,
    "_wr": -42.57641921,
    "_mom": 0.7,
    "_mom1": 1.14,
    "stock_diff": -10.89,
    "rsi_diff": -2.88
}
