{
    "open": 37.9,
    "low": 37.72,
    "high": 38.795,
    "close": 37.73,
    "volume": 15259067,
    "change": -1.3078734,
    "_rsi": 57.27572806,
    "_rsi1": 60.08867838,
    "_stock_k": 89.17658125,
    "_stock_d": 83.84060954,
    "_stock_k1": 91.90379835,
    "_stock_d1": 75.12305732,
    "_macd_blue": -0.10298524,
    "_macd_orange": 0.23446095,
    "_cci20": 167.64903588,
    "_cci201": 189.83713872,
    "_ema10": 36.64576316,
    "_ema20": 36.31398085,
    "_ema30": 36.28569171,
    "_ema50": 36.18350084,
    "_ema100": 35.2323063,
    "_ema200": 33.12457284,
    "_psar": 34.177876,
    "_wr": -21.06824926,
    "_mom": 1.68,
    "_mom1": 2.6,
    "stock_diff": 5.34,
    "rsi_diff": -2.81
}
