{
    "open": 68.66,
    "low": 68.555,
    "high": 71.17,
    "close": 71.08,
    "volume": 1950280,
    "change": 3.64537766,
    "_rsi": 58.31190203,
    "_rsi1": 52.54405722,
    "_stock_k": 84.40207551,
    "_stock_d": 82.44023412,
    "_stock_k1": 82.66988339,
    "_stock_d1": 81.03612604,
    "_macd_blue": -0.35168415,
    "_macd_orange": 0.20164505,
    "_cci20": 127.12345628,
    "_cci201": 54.80915985,
    "_ema10": 68.28043243,
    "_ema20": 67.89943656,
    "_ema30": 67.90347207,
    "_ema50": 67.66917592,
    "_ema100": 66.14826749,
    "_ema200": 62.40815316,
    "_psar": 65.52571,
    "_wr": -0.95541401,
    "_mom": 6.87,
    "_mom1": 4.06,
    "stock_diff": 1.96,
    "rsi_diff": 5.77
}
