{
    "open": 374,
    "low": 371,
    "high": 376.41,
    "close": 376,
    "volume": 528367,
    "change": 0.77186964,
    "_rsi": 60.88552631,
    "_rsi1": 58.73329726,
    "_stock_k": 77.17572754,
    "_stock_d": 67.8507807,
    "_stock_k1": 66.338092,
    "_stock_d1": 61.25462648,
    "_macd_blue": 2.29698857,
    "_macd_orange": 3.14317555,
    "_cci20": 101.73129481,
    "_cci201": 69.2321223,
    "_ema10": 368.82219008,
    "_ema20": 366.12711532,
    "_ema30": 364.35003393,
    "_ema50": 361.21924142,
    "_ema100": 351.88273062,
    "_ema200": 331.40466075,
    "_psar": 351,
    "_wr": -1.61353798,
    "_mom": 10.01,
    "_mom1": 3.45,
    "stock_diff": 9.32,
    "rsi_diff": 2.15
}
