{
    "open": 42.36,
    "low": 42.11,
    "high": 42.995,
    "close": 42.87,
    "volume": 5653405,
    "change": 1.34751773,
    "_rsi": 48.23809481,
    "_rsi1": 44.67916873,
    "_stock_k": 57.25593668,
    "_stock_d": 72.47471358,
    "_stock_k1": 71.02106744,
    "_stock_d1": 84.22601456,
    "_macd_blue": -0.00324676,
    "_macd_orange": 0.01561904,
    "_cci20": -38.66510669,
    "_cci201": -45.68808038,
    "_ema10": 43.18524374,
    "_ema20": 43.16758423,
    "_ema30": 43.1525822,
    "_ema50": 43.06874728,
    "_ema100": 42.91078929,
    "_ema200": 42.47484906,
    "_psar": 41.73348748,
    "_wr": -45.38258575,
    "_mom": 1.13,
    "_mom1": 0.23,
    "stock_diff": -15.22,
    "rsi_diff": 3.56
}
