{
    "open": 169.41,
    "low": 167.2,
    "high": 170.98,
    "close": 167.65,
    "volume": 2709050,
    "change": -1.71190713,
    "_rsi": 51.32219929,
    "_rsi1": 55.01810426,
    "_stock_k": 85.20277676,
    "_stock_d": 88.71237254,
    "_stock_k1": 89.5140665,
    "_stock_d1": 91.30160306,
    "_macd_blue": 0.08803636,
    "_macd_orange": 0.84650043,
    "_cci20": 44.56006545,
    "_cci201": 78.15853833,
    "_ema10": 167.79297785,
    "_ema20": 166.87984578,
    "_ema30": 166.446364,
    "_ema50": 165.28349771,
    "_ema100": 161.61061664,
    "_ema200": 154.47152088,
    "_psar": 155.61703482,
    "_wr": -21.15454878,
    "_mom": 8.18,
    "_mom1": 17.78,
    "stock_diff": -3.51,
    "rsi_diff": -3.7
}
