{
    "open": 285.09,
    "low": 282.28,
    "high": 286.94,
    "close": 286.87,
    "volume": 1435098,
    "change": 2.05991177,
    "_rsi": 51.52784343,
    "_rsi1": 48.21383398,
    "_stock_k": 52.98863563,
    "_stock_d": 47.3083247,
    "_stock_k1": 43.59826018,
    "_stock_d1": 48.6885462,
    "_macd_blue": -3.10204223,
    "_macd_orange": -2.02945374,
    "_cci20": 15.09925746,
    "_cci201": -40.61192138,
    "_ema10": 282.02874247,
    "_ema20": 282.84804267,
    "_ema30": 285.09501729,
    "_ema50": 291.53941876,
    "_ema100": 303.86830797,
    "_ema200": 305.95913196,
    "_psar": 290.26392688,
    "_wr": -15.10289501,
    "_mom": 13.18,
    "_mom1": 5.36,
    "stock_diff": 5.68,
    "rsi_diff": 3.31
}
