{
    "open": 215.3,
    "low": 214.2,
    "high": 217.285,
    "close": 214.68,
    "volume": 6007913,
    "change": -1.73479196,
    "_rsi": 53.14345718,
    "_rsi1": 57.6110238,
    "_stock_k": 91.66046919,
    "_stock_d": 93.42593791,
    "_stock_k1": 96.46145519,
    "_stock_d1": 91.46971792,
    "_macd_blue": -2.49820514,
    "_macd_orange": -0.26110719,
    "_cci20": 72.08543048,
    "_cci201": 96.45783289,
    "_ema10": 212.03093936,
    "_ema20": 211.23808578,
    "_ema30": 212.08911812,
    "_ema50": 213.38125556,
    "_ema100": 215.5443654,
    "_ema200": 217.39926955,
    "_psar": 191.97183335,
    "_wr": -14.86322188,
    "_mom": 14.92,
    "_mom1": 26.76,
    "stock_diff": -1.77,
    "rsi_diff": -4.47
}
