{
    "open": 87.17,
    "low": 84.76,
    "high": 87.39,
    "close": 84.87,
    "volume": 2690044,
    "change": -3.91712895,
    "_rsi": 42.69939429,
    "_rsi1": 47.81268039,
    "_stock_k": 46.31636171,
    "_stock_d": 62.53064444,
    "_stock_k1": 69.19374248,
    "_stock_d1": 71.40994785,
    "_macd_blue": -1.74628294,
    "_macd_orange": -1.34077242,
    "_cci20": -76.56057699,
    "_cci201": 21.90929397,
    "_ema10": 87.70577081,
    "_ema20": 88.38371529,
    "_ema30": 89.6822755,
    "_ema50": 92.49486302,
    "_ema100": 96.52864854,
    "_ema200": 97.26726238,
    "_psar": 82.66689064,
    "_wr": -73.77654663,
    "_mom": -2.63,
    "_mom1": 4.58,
    "stock_diff": -16.21,
    "rsi_diff": -5.11
}
