{
    "open": 75.45,
    "low": 75.22,
    "high": 76.26,
    "close": 76.17,
    "volume": 34754,
    "change": 0.63416568,
    "_rsi": 51.95173308,
    "_rsi1": 49.98573819,
    "_stock_k": 55.88794035,
    "_stock_d": 42.18696325,
    "_stock_k1": 40.70633838,
    "_stock_d1": 34.08445373,
    "_macd_blue": -0.92731889,
    "_macd_orange": -0.71085852,
    "_cci20": 61.28119438,
    "_cci201": 2.21949652,
    "_ema10": 74.91251476,
    "_ema20": 75.32882754,
    "_ema30": 75.89957916,
    "_ema50": 76.88945257,
    "_ema100": 77.89441606,
    "_ema200": 76.93829512,
    "_psar": 72.9286,
    "_wr": -32.2515213,
    "_mom": 0.36,
    "_mom1": -0.44,
    "stock_diff": 13.7,
    "rsi_diff": 1.97
}
