{
    "open": 60.41,
    "low": 60.32,
    "high": 60.95,
    "close": 60.56,
    "volume": 800113,
    "change": 0.24830326,
    "_rsi": 56.10334907,
    "_rsi1": 55.24050292,
    "_stock_k": 58.52344925,
    "_stock_d": 66.12194283,
    "_stock_k1": 67.38764009,
    "_stock_d1": 74.4712148,
    "_macd_blue": 0.55369778,
    "_macd_orange": 0.57032863,
    "_cci20": 54.39443357,
    "_cci201": 36.24727706,
    "_ema10": 60.36656112,
    "_ema20": 59.90618238,
    "_ema30": 59.60456381,
    "_ema50": 59.28984534,
    "_ema100": 58.83219712,
    "_ema200": 57.93345641,
    "_psar": 61.3196,
    "_wr": -39.49579832,
    "_mom": 0.42,
    "_mom1": 0.66,
    "stock_diff": -7.6,
    "rsi_diff": 0.86
}
