{
    "open": 316.82,
    "low": 305.21,
    "high": 318.13,
    "close": 313.76,
    "volume": 638255,
    "change": -0.9189377,
    "_rsi": 50.75888589,
    "_rsi1": 52.54308689,
    "_stock_k": 57.49012458,
    "_stock_d": 64.72872143,
    "_stock_k1": 66.767953,
    "_stock_d1": 73.46973227,
    "_macd_blue": 2.34450306,
    "_macd_orange": 2.87212416,
    "_cci20": -12.26729721,
    "_cci201": 29.96851625,
    "_ema10": 316.07533211,
    "_ema20": 313.37316669,
    "_ema30": 312.47496629,
    "_ema50": 313.85791265,
    "_ema100": 314.70515444,
    "_ema200": 301.04153255,
    "_psar": 299.28196658,
    "_wr": -46.39927074,
    "_mom": 7.38,
    "_mom1": 6.93,
    "stock_diff": -7.24,
    "rsi_diff": -1.78
}
