{
    "open": 134,
    "low": 133.51,
    "high": 136.51,
    "close": 136.46,
    "volume": 1077089,
    "change": 1.75988069,
    "_rsi": 43.45235343,
    "_rsi1": 38.37076831,
    "_stock_k": 42.87577118,
    "_stock_d": 41.26675012,
    "_stock_k1": 40.64127604,
    "_stock_d1": 39.33919271,
    "_macd_blue": -5.2246254,
    "_macd_orange": -4.17874638,
    "_cci20": -23.25159462,
    "_cci201": -41.06710722,
    "_ema10": 135.10044645,
    "_ema20": 137.57897597,
    "_ema30": 140.96441378,
    "_ema50": 146.89482842,
    "_ema100": 155.43271199,
    "_ema200": 164.42498198,
    "_psar": 128.09596416,
    "_wr": -48.76526459,
    "_mom": 6.3,
    "_mom1": 0.65,
    "stock_diff": 1.61,
    "rsi_diff": 5.08
}
