{
    "open": 249.29,
    "low": 244.46,
    "high": 250.79,
    "close": 245.21,
    "volume": 1136019,
    "change": -1.88852879,
    "_rsi": 40.82081748,
    "_rsi1": 44.55238374,
    "_stock_k": 61.28360288,
    "_stock_d": 57.04109054,
    "_stock_k1": 59.10795498,
    "_stock_d1": 53.87700745,
    "_macd_blue": -8.93300348,
    "_macd_orange": -6.68286489,
    "_cci20": -13.05686903,
    "_cci201": -0.6093787,
    "_ema10": 247.17836514,
    "_ema20": 250.70628014,
    "_ema30": 256.71264116,
    "_ema50": 268.53930358,
    "_ema100": 284.15760866,
    "_ema200": 286.43124694,
    "_psar": 239.45590613,
    "_wr": -38.42568617,
    "_mom": 11.62,
    "_mom1": 12.38,
    "stock_diff": 4.24,
    "rsi_diff": -3.73
}
