{
    "open": 2784,
    "low": 2755.01,
    "high": 2832.375,
    "close": 2831.44,
    "volume": 1318181,
    "change": 2.38400874,
    "_rsi": 61.05277428,
    "_rsi1": 56.85734594,
    "_stock_k": 91.54437795,
    "_stock_d": 91.45962171,
    "_stock_k1": 88.95465807,
    "_stock_d1": 90.48258584,
    "_macd_blue": -7.10070432,
    "_macd_orange": 20.33349956,
    "_cci20": 169.03955264,
    "_cci201": 150.36896114,
    "_ema10": 2722.70964784,
    "_ema20": 2693.92151027,
    "_ema30": 2693.49737678,
    "_ema50": 2711.26970427,
    "_ema100": 2734.77241715,
    "_ema200": 2651.17426106,
    "_psar": 2554.26952003,
    "_wr": -0.28604207,
    "_mom": 182.85,
    "_mom1": 97.11,
    "stock_diff": 0.08,
    "rsi_diff": 4.2
}
