{
    "open": 113,
    "low": 110.65,
    "high": 113.59,
    "close": 111.16,
    "volume": 2480829,
    "change": -2.50833187,
    "_rsi": 62.23922336,
    "_rsi1": 73.50135951,
    "_stock_k": 79.86872316,
    "_stock_d": 83.30477432,
    "_stock_k1": 84.32758532,
    "_stock_d1": 85.93206352,
    "_macd_blue": 3.2943775,
    "_macd_orange": 3.75706618,
    "_cci20": 55.34018905,
    "_cci201": 83.03867303,
    "_ema10": 111.54897132,
    "_ema20": 108.44547156,
    "_ema30": 106.39237983,
    "_ema50": 103.93769993,
    "_ema100": 99.85182121,
    "_ema200": 93.06783976,
    "_psar": 116.875,
    "_wr": -29.72691808,
    "_mom": 5.14,
    "_mom1": 11.82,
    "stock_diff": -3.44,
    "rsi_diff": -11.26
}
