{
    "open": 1950,
    "low": 1928.71,
    "high": 1977.405,
    "close": 1972.28,
    "volume": 186664,
    "change": 1.3077737,
    "_rsi": 58.5797312,
    "_rsi1": 55.2564283,
    "_stock_k": 84.05393886,
    "_stock_d": 83.24684441,
    "_stock_k1": 81.73451013,
    "_stock_d1": 85.57260834,
    "_macd_blue": -3.85714335,
    "_macd_orange": 9.64614744,
    "_cci20": 126.03628813,
    "_cci201": 130.54147274,
    "_ema10": 1932.24622299,
    "_ema20": 1917.770718,
    "_ema30": 1918.44826074,
    "_ema50": 1921.97079749,
    "_ema100": 1890.43409919,
    "_ema200": 1776.20457394,
    "_psar": 1826.09838602,
    "_wr": -3.64004404,
    "_mom": 87.72,
    "_mom1": 97.7,
    "stock_diff": 0.81,
    "rsi_diff": 3.32
}
