{
    "open": 117.82,
    "low": 117.5,
    "high": 119.77,
    "close": 119.38,
    "volume": 421547,
    "change": 2.62185163,
    "_rsi": 61.78811753,
    "_rsi1": 54.63955735,
    "_stock_k": 87.69215829,
    "_stock_d": 81.45175075,
    "_stock_k1": 81.06466595,
    "_stock_d1": 76.09860665,
    "_macd_blue": 0.03012196,
    "_macd_orange": 0.43657791,
    "_cci20": 168.85916614,
    "_cci201": 50.78253495,
    "_ema10": 115.772232,
    "_ema20": 115.32446558,
    "_ema30": 115.04902076,
    "_ema50": 114.20901785,
    "_ema100": 111.63895665,
    "_ema200": 105.91483464,
    "_psar": 110.99166871,
    "_wr": -3.91173521,
    "_mom": 2.49,
    "_mom1": 2.91,
    "stock_diff": 6.24,
    "rsi_diff": 7.15
}
