{
    "open": 158.36,
    "low": 156.34,
    "high": 158.82,
    "close": 157.23,
    "volume": 589668,
    "change": -0.38015586,
    "_rsi": 49.87656169,
    "_rsi1": 50.99428344,
    "_stock_k": 82.24422442,
    "_stock_d": 86.66099119,
    "_stock_k1": 86.22942153,
    "_stock_d1": 89.33186867,
    "_macd_blue": -2.1547279,
    "_macd_orange": -0.87204328,
    "_cci20": 60.24908608,
    "_cci201": 86.17191093,
    "_ema10": 156.50822043,
    "_ema20": 156.41726308,
    "_ema30": 157.74343088,
    "_ema50": 160.58772964,
    "_ema100": 163.62952503,
    "_ema200": 160.60599984,
    "_psar": 151.42438951,
    "_wr": -23.82838284,
    "_mom": 5.25,
    "_mom1": 6.63,
    "stock_diff": -4.42,
    "rsi_diff": -1.12
}
