{
    "open": 67.24,
    "low": 66.98,
    "high": 68.91,
    "close": 68.79,
    "volume": 2226580,
    "change": 2.73297491,
    "_rsi": 70.72700483,
    "_rsi1": 64.22945879,
    "_stock_k": 90.49341657,
    "_stock_d": 79.91754283,
    "_stock_k1": 79.3686901,
    "_stock_d1": 67.97179677,
    "_macd_blue": 0.95451784,
    "_macd_orange": 1.17841654,
    "_cci20": 232.13451253,
    "_cci201": 140.3983596,
    "_ema10": 66.37617248,
    "_ema20": 65.37041862,
    "_ema30": 64.76907848,
    "_ema50": 64.23732871,
    "_ema100": 63.42862826,
    "_ema200": 62.07211704,
    "_psar": 64.5986,
    "_wr": -2.62582057,
    "_mom": 4,
    "_mom1": 1.2,
    "stock_diff": 10.58,
    "rsi_diff": 6.5
}
