{
    "open": 207.59,
    "low": 206.06,
    "high": 209.56,
    "close": 208.82,
    "volume": 265340,
    "change": 0.92310666,
    "_rsi": 49.69850753,
    "_rsi1": 46.93700349,
    "_stock_k": 45.16859587,
    "_stock_d": 54.52105351,
    "_stock_k1": 53.03220936,
    "_stock_d1": 67.05001418,
    "_macd_blue": -0.57395916,
    "_macd_orange": -0.25431739,
    "_cci20": 7.34446335,
    "_cci201": -29.69584939,
    "_ema10": 208.78592036,
    "_ema20": 208.77676081,
    "_ema30": 209.15400184,
    "_ema50": 210.04402312,
    "_ema100": 212.00890532,
    "_ema200": 212.07180997,
    "_psar": 204.1865831,
    "_wr": -47.34524409,
    "_mom": 3.12,
    "_mom1": -0.11,
    "stock_diff": -9.35,
    "rsi_diff": 2.76
}
