{
    "open": 739.96,
    "low": 735.32,
    "high": 743.96,
    "close": 741.04,
    "volume": 419840,
    "change": 0.3738419,
    "_rsi": 50.85471143,
    "_rsi1": 49.97705122,
    "_stock_k": 88.16334176,
    "_stock_d": 87.93591387,
    "_stock_k1": 89.16015831,
    "_stock_d1": 87.28422183,
    "_macd_blue": -14.84601444,
    "_macd_orange": -6.789976,
    "_cci20": 68.9402995,
    "_cci201": 62.85979394,
    "_ema10": 731.96049719,
    "_ema20": 732.16912094,
    "_ema30": 741.95044696,
    "_ema50": 766.47464762,
    "_ema100": 808.15777224,
    "_ema200": 823.45851507,
    "_psar": 689.48259322,
    "_wr": -9.08682214,
    "_mom": 54,
    "_mom1": 41.08,
    "stock_diff": 0.23,
    "rsi_diff": 0.88
}
