{
    "open": 158,
    "low": 157.14,
    "high": 159.44,
    "close": 159.2,
    "volume": 9912801,
    "change": 0.38463964,
    "_rsi": 78.20627096,
    "_rsi1": 77.51051419,
    "_stock_k": 97.0227579,
    "_stock_d": 95.49077183,
    "_stock_k1": 96.22515424,
    "_stock_d1": 92.56401098,
    "_macd_blue": 3.32599411,
    "_macd_orange": 4.01760069,
    "_cci20": 200.13112838,
    "_cci201": 225.89615833,
    "_ema10": 153.89310942,
    "_ema20": 150.67945652,
    "_ema30": 148.14592615,
    "_ema50": 143.7619478,
    "_ema100": 135.63960217,
    "_ema200": 126.33828645,
    "_psar": 149.97017307,
    "_wr": -1.81405896,
    "_mom": 8.64,
    "_mom1": 8.18,
    "stock_diff": 1.53,
    "rsi_diff": 0.7
}
