{
    "open": 187.81,
    "low": 186.34,
    "high": 188.6,
    "close": 188.14,
    "volume": 449412,
    "change": 0.17570949,
    "_rsi": 65.51557697,
    "_rsi1": 65.13262086,
    "_stock_k": 95.12035815,
    "_stock_d": 90.14477379,
    "_stock_k1": 91.2550505,
    "_stock_d1": 85.77069484,
    "_macd_blue": 3.71020997,
    "_macd_orange": 4.07047287,
    "_cci20": 119.04990303,
    "_cci201": 115.67981712,
    "_ema10": 184.47938964,
    "_ema20": 181.31645249,
    "_ema30": 178.78618234,
    "_ema50": 175.23589462,
    "_ema100": 170.99925293,
    "_ema200": 167.81779902,
    "_psar": 180.5994368,
    "_wr": -2.82902829,
    "_mom": 11.09,
    "_mom1": 10.51,
    "stock_diff": 4.98,
    "rsi_diff": 0.38
}
