{
    "open": 280.35,
    "low": 278.725,
    "high": 287.82,
    "close": 287.15,
    "volume": 33999953,
    "change": 3.87425843,
    "_rsi": 46.72134546,
    "_rsi1": 38.61255345,
    "_stock_k": 33.86658618,
    "_stock_d": 36.86487574,
    "_stock_k1": 32.29701177,
    "_stock_d1": 38.97105678,
    "_macd_blue": -5.30847396,
    "_macd_orange": -5.54899522,
    "_cci20": -55.02766121,
    "_cci201": -120.20717695,
    "_ema10": 285.30393961,
    "_ema20": 289.42069461,
    "_ema30": 293.17604211,
    "_ema50": 299.12085587,
    "_ema100": 303.75004794,
    "_ema200": 294.64024686,
    "_psar": 296.6121341,
    "_wr": -48.2342288,
    "_mom": -7.8,
    "_mom1": -22.35,
    "stock_diff": -3.0,
    "rsi_diff": 8.11
}
