{
    "open": 95.21,
    "low": 94.791,
    "high": 96.59,
    "close": 95.7,
    "volume": 924481,
    "change": 0.01045041,
    "_rsi": 57.90967579,
    "_rsi1": 57.8888979,
    "_stock_k": 79.72172883,
    "_stock_d": 85.80894344,
    "_stock_k1": 86.39931438,
    "_stock_d1": 89.6634798,
    "_macd_blue": 0.46087843,
    "_macd_orange": 1.00190105,
    "_cci20": 111.810442,
    "_cci201": 150.2496305,
    "_ema10": 94.0519219,
    "_ema20": 93.06189438,
    "_ema30": 92.61760805,
    "_ema50": 92.19299559,
    "_ema100": 91.35250183,
    "_ema200": 88.64823714,
    "_psar": 88.64185849,
    "_wr": -22.73534636,
    "_mom": 2.79,
    "_mom1": 2.75,
    "stock_diff": -6.09,
    "rsi_diff": 0.02
}
