{
    "open": 2991.49,
    "low": 2937,
    "high": 2993.5,
    "close": 2955.81,
    "change": 0.66272754,
    "_rsi": 48.12993582,
    "_rsi1": 47.05110676,
    "_stock_k": 49.93960024,
    "_stock_d": 30.13850932,
    "_stock_k1": 30.27893313,
    "_stock_d1": 17.79577482,
    "_macd_blue": -55.38225916,
    "_macd_orange": -62.49257024,
    "_cci20": -21.90163379,
    "_cci201": -50.03999664,
    "_ema10": 2911.48069155,
    "_ema20": 2960.62911583,
    "_ema30": 3000.57425987,
    "_ema50": 3070.34544954,
    "_ema100": 3179.7634031,
    "_ema200": 3236.93530959,
    "_psar": 2677.4907,
    "_wrr": -31.89797629,
    "stock_diff": 19.8,
    "rsi_diff": 1.08
}
