{
    "open": 2991.49,
    "low": 2937,
    "high": 2993.5,
    "close": 2960.47,
    "change": 0.82142796,
    "_rsi": 48.38178574,
    "_rsi1": 47.05110676,
    "_stock_k": 50.31161157,
    "_stock_d": 30.2625131,
    "_stock_k1": 30.27893313,
    "_stock_d1": 17.79577482,
    "_macd_blue": -55.30791158,
    "_macd_orange": -62.12083235,
    "_cci20": -20.85619505,
    "_cci201": -50.03999664,
    "_ema10": 2912.32796428,
    "_ema20": 2961.07292535,
    "_ema30": 3000.87490503,
    "_ema50": 3070.52819464,
    "_ema100": 3179.85568033,
    "_ema200": 3236.98167775,
    "_psar": 2677.4907,
    "_wrr": -30.78194228,
    "stock_diff": 20.05,
    "rsi_diff": 1.33
}
