{
    "open": 2991.49,
    "low": 2907.38,
    "high": 2993.5,
    "close": 2910.49,
    "volume": 3440255,
    "change": -0.8806852,
    "_rsi": 45.78563976,
    "_rsi1": 47.05110676,
    "_stock_k": 46.32167025,
    "_stock_d": 28.93253265,
    "_stock_k1": 30.27893313,
    "_stock_d1": 17.79577482,
    "_macd_blue": -56.10531329,
    "_macd_orange": -66.10784089,
    "_cci20": -38.45168021,
    "_cci201": -50.03999664,
    "_ema10": 2903.24069155,
    "_ema20": 2956.31292535,
    "_ema30": 2997.6503889,
    "_ema50": 3068.56819464,
    "_ema100": 3178.86597736,
    "_ema200": 3236.48436432,
    "_psar": 2677.4907,
    "_wr": -42.75176626,
    "stock_diff": 17.39,
    "rsi_diff": -1.27
}
