{
    "open": 103.45,
    "low": 102.17,
    "high": 103.9,
    "close": 103.32,
    "volume": 1462531,
    "change": 0.45697618,
    "_rsi": 69.32567408,
    "_rsi1": 68.3196733,
    "_stock_k": 86.62066704,
    "_stock_d": 86.08451541,
    "_stock_k1": 85.92397681,
    "_stock_d1": 84.94542508,
    "_macd_blue": 2.23414727,
    "_macd_orange": 2.62074308,
    "_cci20": 98.35313313,
    "_cci201": 87.49448952,
    "_ema10": 101.24993602,
    "_ema20": 99.07246612,
    "_ema30": 97.64609073,
    "_ema50": 96.06896211,
    "_ema100": 94.37853572,
    "_ema200": 92.63491695,
    "_psar": 96.80959647,
    "_wr": -8.4057971,
    "_mom": 4.41,
    "_mom1": 3.39,
    "stock_diff": 0.54,
    "rsi_diff": 1.01
}
