{
    "open": 107.48,
    "low": 106.15,
    "high": 107.77,
    "close": 106.2,
    "volume": 3182484,
    "change": -0.96055208,
    "_rsi": 53.48185576,
    "_rsi1": 57.54565938,
    "_stock_k": 68.02325581,
    "_stock_d": 76.2264787,
    "_stock_k1": 75.73426391,
    "_stock_d1": 84.25451317,
    "_macd_blue": 0.53724379,
    "_macd_orange": 0.82419246,
    "_cci20": 76.42149492,
    "_cci201": 108.37478025,
    "_ema10": 106.32289668,
    "_ema20": 105.56892818,
    "_ema30": 105.13044823,
    "_ema50": 104.08249595,
    "_ema100": 100.53315028,
    "_ema200": 94.11831775,
    "_psar": 102.71758575,
    "_wr": -40.58139535,
    "_mom": 2.6,
    "_mom1": 4.87,
    "stock_diff": -8.2,
    "rsi_diff": -4.06
}
