{
    "open": 40.95,
    "low": 40.88,
    "high": 42.63,
    "close": 42.41,
    "volume": 5943634,
    "change": 2.91191458,
    "_rsi": 66.33350031,
    "_rsi1": 61.63847962,
    "_stock_k": 74.63386057,
    "_stock_d": 67.52587385,
    "_stock_k1": 64.96777973,
    "_stock_d1": 59.16813122,
    "_macd_blue": 0.86451824,
    "_macd_orange": 0.98570737,
    "_cci20": 70.81624066,
    "_cci201": 92.23255377,
    "_ema10": 40.6592,
    "_ema20": 39.90959763,
    "_ema30": 39.23610021,
    "_ema50": 37.96809643,
    "_ema100": 35.41942916,
    "_ema200": 32.34506438,
    "_psar": 37.61216,
    "_wr": -12.47803163,
    "_mom": 1.92,
    "_mom1": 0.75,
    "stock_diff": 7.11,
    "rsi_diff": 4.7
}
