{
    "open": 81,
    "low": 80.76,
    "high": 82.41,
    "close": 82.23,
    "volume": 5186540,
    "change": 1.03206782,
    "_rsi": 63.7643726,
    "_rsi1": 61.99384481,
    "_stock_k": 95.8501306,
    "_stock_d": 93.23026854,
    "_stock_k1": 91.78840762,
    "_stock_d1": 90.01632012,
    "_macd_blue": 0.85939489,
    "_macd_orange": 1.35117076,
    "_cci20": 179.26736528,
    "_cci201": 193.39710353,
    "_ema10": 79.37616786,
    "_ema20": 78.20519521,
    "_ema30": 77.37011304,
    "_ema50": 75.64705496,
    "_ema100": 71.87250133,
    "_ema200": 66.3967255,
    "_psar": 74.65189471,
    "_wr": -1.94910666,
    "_mom": 3.72,
    "_mom1": 3.46,
    "stock_diff": 2.62,
    "rsi_diff": 1.77
}
