{
    "open": 116.23,
    "low": 115.14,
    "high": 117.21,
    "close": 116.59,
    "volume": 672670,
    "change": 0.90877618,
    "_rsi": 54.32636462,
    "_rsi1": 52.67099837,
    "_stock_k": 91.00323625,
    "_stock_d": 90.66119399,
    "_stock_k1": 89.34812318,
    "_stock_d1": 90.79864545,
    "_macd_blue": -1.44522582,
    "_macd_orange": -0.18081136,
    "_cci20": 89.83014974,
    "_cci201": 92.70705423,
    "_ema10": 114.23939439,
    "_ema20": 113.72653414,
    "_ema30": 114.41777437,
    "_ema50": 115.8498138,
    "_ema100": 117.11116855,
    "_ema200": 115.28843363,
    "_psar": 107.70634001,
    "_wr": -8.09061489,
    "_mom": 10.89,
    "_mom1": 7.51,
    "stock_diff": 0.34,
    "rsi_diff": 1.66
}
