{
    "open": 133.17,
    "low": 132.19,
    "high": 133.64,
    "close": 132.5,
    "volume": 869722,
    "change": -0.03772161,
    "_rsi": 52.12469207,
    "_rsi1": 52.26308546,
    "_stock_k": 73.92904953,
    "_stock_d": 81.84087131,
    "_stock_k1": 81.37752623,
    "_stock_d1": 87.91316635,
    "_macd_blue": -0.45989362,
    "_macd_orange": 0.2536212,
    "_cci20": 79.41578073,
    "_cci201": 101.41131558,
    "_ema10": 132.2060119,
    "_ema20": 131.58448945,
    "_ema30": 131.89944786,
    "_ema50": 133.04127048,
    "_ema100": 134.38376214,
    "_ema200": 132.9533926,
    "_psar": 130.49882651,
    "_wr": -33.33333333,
    "_mom": 4.32,
    "_mom1": 2.04,
    "stock_diff": -7.91,
    "rsi_diff": -0.14
}
