{
    "open": 38.1,
    "low": 37.77,
    "high": 38.26,
    "close": 38.07,
    "volume": 4752699,
    "change": -0.20969856,
    "_rsi": 41.99289347,
    "_rsi1": 42.43814203,
    "_stock_k": 13.21473359,
    "_stock_d": 26.61807257,
    "_stock_k1": 23.08583743,
    "_stock_d1": 42.03038119,
    "_macd_blue": -0.2164255,
    "_macd_orange": -0.30847183,
    "_cci20": -182.99519487,
    "_cci201": -150.01677571,
    "_ema10": 38.81258537,
    "_ema20": 39.07974578,
    "_ema30": 39.24400292,
    "_ema50": 39.33869082,
    "_ema100": 38.93740063,
    "_ema200": 37.68339365,
    "_psar": 40.338632,
    "_wr": -86.32326821,
    "_mom": -2.03,
    "_mom1": -0.84,
    "stock_diff": -13.4,
    "rsi_diff": -0.45
}
