{
    "open": 49.05,
    "low": 48.46,
    "high": 49.67,
    "close": 48.68,
    "volume": 1707772,
    "change": -2.11140157,
    "_rsi": 45.53833327,
    "_rsi1": 48.61365135,
    "_stock_k": 59.78541067,
    "_stock_d": 57.94391883,
    "_stock_k1": 58.57397504,
    "_stock_d1": 55.67439097,
    "_macd_blue": -1.85623658,
    "_macd_orange": -1.3600207,
    "_cci20": 5.79079881,
    "_cci201": 20.06882636,
    "_ema10": 48.51761252,
    "_ema20": 49.26738668,
    "_ema30": 50.39315554,
    "_ema50": 52.30135408,
    "_ema100": 55.09958204,
    "_ema200": 57.32602044,
    "_psar": 44.92871089,
    "_wr": -38.07692308,
    "_mom": 0.91,
    "_mom1": 3.96,
    "stock_diff": 1.84,
    "rsi_diff": -3.08
}
