{
    "open": 40.84,
    "low": 40.79,
    "high": 41.05,
    "close": 41,
    "volume": 476467,
    "change": 0.5641403,
    "_rsi": 49.40690877,
    "_rsi1": 46.7749365,
    "_stock_k": 52.27552276,
    "_stock_d": 64.44876844,
    "_stock_k1": 62.91512915,
    "_stock_d1": 78.1774502,
    "_macd_blue": -0.02030317,
    "_macd_orange": 0.0130565,
    "_cci20": 16.569663,
    "_cci201": -7.94284514,
    "_ema10": 41.0777806,
    "_ema20": 41.05542384,
    "_ema30": 41.04210216,
    "_ema50": 40.8617635,
    "_ema100": 40.05367485,
    "_ema200": 38.25916646,
    "_psar": 40.66,
    "_wr": -42.06642066,
    "_mom": 0.6,
    "_mom1": 0.3,
    "stock_diff": -12.17,
    "rsi_diff": 2.63
}
