{
    "open": 156.11,
    "low": 152.58,
    "high": 157.21,
    "close": 152.87,
    "volume": 7245561,
    "change": -3.00742339,
    "_rsi": 44.19654406,
    "_rsi1": 48.15731247,
    "_stock_k": 53.8704999,
    "_stock_d": 50.6506229,
    "_stock_k1": 52.00895765,
    "_stock_d1": 45.99961384,
    "_macd_blue": -5.13636295,
    "_macd_orange": -4.38917608,
    "_cci20": -30.0699266,
    "_cci201": -2.86553923,
    "_ema10": 153.95282947,
    "_ema20": 156.89860259,
    "_ema30": 159.91469711,
    "_ema50": 163.54425893,
    "_ema100": 163.74546443,
    "_ema200": 156.99486288,
    "_psar": 142.56923594,
    "_wr": -48.8527017,
    "_mom": -4.24,
    "_mom1": 6.85,
    "stock_diff": 3.22,
    "rsi_diff": -3.96
}
