{
    "open": 295.35,
    "low": 291.78,
    "high": 296.93,
    "close": 295.42,
    "volume": 334933,
    "change": -0.27680259,
    "_rsi": 54.90556587,
    "_rsi1": 55.45125379,
    "_stock_k": 82.32794951,
    "_stock_d": 85.49336026,
    "_stock_k1": 86.25085363,
    "_stock_d1": 90.04115897,
    "_macd_blue": 0.29199815,
    "_macd_orange": 2.58471422,
    "_cci20": 93.05875569,
    "_cci201": 100.70034181,
    "_ema10": 291.41778391,
    "_ema20": 288.16546431,
    "_ema30": 287.957792,
    "_ema50": 290.50402891,
    "_ema100": 294.31621293,
    "_ema200": 282.09076287,
    "_psar": 268.71639104,
    "_wr": -13.99953413,
    "_mom": 15.59,
    "_mom1": 15.15,
    "stock_diff": -3.17,
    "rsi_diff": -0.55
}
