{
    "open": 129.81,
    "low": 129.17,
    "high": 130.9425,
    "close": 130.19,
    "volume": 768976,
    "change": 0.54834724,
    "_rsi": 58.7055462,
    "_rsi1": 57.04267528,
    "_stock_k": 73.41356674,
    "_stock_d": 79.63723511,
    "_stock_k1": 78.63731926,
    "_stock_d1": 87.20313489,
    "_macd_blue": 1.3007839,
    "_macd_orange": 1.71355166,
    "_cci20": 70.11596126,
    "_cci201": 63.3654976,
    "_ema10": 129.36276113,
    "_ema20": 127.76079611,
    "_ema30": 127.11593189,
    "_ema50": 127.2080531,
    "_ema100": 127.27383916,
    "_ema200": 123.27952291,
    "_psar": 126.66927153,
    "_wr": -21.5536105,
    "_mom": 3.4,
    "_mom1": 3.71,
    "stock_diff": -6.22,
    "rsi_diff": 1.66
}
