{
    "open": 280.34,
    "low": 279.02,
    "high": 283.49,
    "close": 283.36,
    "volume": 912262,
    "change": 1.36290467,
    "_rsi": 60.75444167,
    "_rsi1": 57.59265344,
    "_stock_k": 72.88888151,
    "_stock_d": 64.41037776,
    "_stock_k1": 60.21645022,
    "_stock_d1": 60.26907688,
    "_macd_blue": 0.90010272,
    "_macd_orange": 2.55207761,
    "_cci20": 115.34127754,
    "_cci201": 102.36429449,
    "_ema10": 276.57377079,
    "_ema20": 273.74498532,
    "_ema30": 273.08940877,
    "_ema50": 273.58896495,
    "_ema100": 273.86444899,
    "_ema200": 269.49103954,
    "_psar": 284.6925256,
    "_wr": -0.5541347,
    "_mom": 16.02,
    "_mom1": 9.7,
    "stock_diff": 8.48,
    "rsi_diff": 3.16
}
