{
    "open": 649.88,
    "low": 647.3,
    "high": 780,
    "close": 780,
    "volume": 4630834,
    "change": 18.65283398,
    "_rsi": 57.73606961,
    "_rsi1": 47.44543676,
    "_stock_k": 76.37145485,
    "_stock_d": 50.94495953,
    "_stock_k1": 50.2315793,
    "_stock_d1": 29.86838383,
    "_macd_blue": -84.11882259,
    "_macd_orange": -54.11624532,
    "_cci20": 158.76108526,
    "_cci201": 34.29470628,
    "_ema10": 630.68177003,
    "_ema20": 654.62259183,
    "_ema30": 706.78478291,
    "_ema50": 818.9181788,
    "_ema100": 1012.6747758,
    "_ema200": 1145.1188666,
    "_psar": 518.116124,
    "_wr": 0,
    "_mom": 179.16,
    "_mom1": 16.63,
    "stock_diff": 25.43,
    "rsi_diff": 10.29
}
