{
    "open": 349.13,
    "low": 346.2473,
    "high": 350.79,
    "close": 348.16,
    "volume": 5644792,
    "change": -0.50581545,
    "_rsi": 71.0685579,
    "_rsi1": 73.81559145,
    "_stock_k": 87.78014294,
    "_stock_d": 90.34336753,
    "_stock_k1": 89.44336748,
    "_stock_d1": 92.35668002,
    "_macd_blue": 6.18963356,
    "_macd_orange": 8.41737708,
    "_cci20": 132.19519347,
    "_cci201": 174.93309581,
    "_ema10": 340.22357729,
    "_ema20": 332.93554161,
    "_ema30": 328.31165996,
    "_ema50": 321.62490804,
    "_ema100": 310.3532697,
    "_ema200": 295.21342991,
    "_psar": 336.91781657,
    "_wr": -18.39111593,
    "_mom": 22.76,
    "_mom1": 31.41,
    "stock_diff": -2.56,
    "rsi_diff": -2.75
}
