{
    "open": 67.34,
    "low": 67.34,
    "high": 69.32,
    "close": 69.25,
    "volume": 809889,
    "change": 3.01993454,
    "_rsi": 59.89315071,
    "_rsi1": 52.81716033,
    "_stock_k": 87.26919339,
    "_stock_d": 87.06496525,
    "_stock_k1": 84.48331714,
    "_stock_d1": 89.52696637,
    "_macd_blue": 0.32022957,
    "_macd_orange": 0.63317619,
    "_cci20": 101.9610787,
    "_cci201": 53.61437261,
    "_ema10": 67.59803987,
    "_ema20": 66.97225153,
    "_ema30": 66.69484063,
    "_ema50": 66.28310219,
    "_ema100": 64.88570218,
    "_ema200": 61.42541651,
    "_psar": 63.13681011,
    "_wr": -0.77745384,
    "_mom": 4.48,
    "_mom1": 2.97,
    "stock_diff": 0.2,
    "rsi_diff": 7.08
}
