{
    "open": 110.03,
    "low": 108.65,
    "high": 110.1,
    "close": 109.47,
    "volume": 276242,
    "change": -0.04565376,
    "_rsi": 55.75924722,
    "_rsi1": 55.94667671,
    "_stock_k": 35.08561844,
    "_stock_d": 49.88799744,
    "_stock_k1": 52.01875295,
    "_stock_d1": 60.2497833,
    "_macd_blue": 2.93369813,
    "_macd_orange": 2.31345594,
    "_cci20": 3.77605672,
    "_cci201": 13.46172191,
    "_ema10": 110.5229678,
    "_ema20": 109.05356458,
    "_ema30": 107.4183424,
    "_ema50": 105.04165794,
    "_ema100": 100.82134336,
    "_ema200": 93.89587038,
    "_psar": 114.91567833,
    "_wr": -90.03039514,
    "_mom": -5.28,
    "_mom1": -5.35,
    "stock_diff": -14.8,
    "rsi_diff": -0.19
}
