{
    "open": 106.28,
    "low": 104.5,
    "high": 107.13,
    "close": 106.73,
    "volume": 2419665,
    "change": -0.30823837,
    "_rsi": 54.29785261,
    "_rsi1": 54.64622874,
    "_stock_k": 92.77674723,
    "_stock_d": 83.30131446,
    "_stock_k1": 85.25920101,
    "_stock_d1": 74.18972449,
    "_macd_blue": -3.70325343,
    "_macd_orange": -1.42901587,
    "_cci20": 70.82600146,
    "_cci201": 60.02762101,
    "_ema10": 101.35731043,
    "_ema20": 101.27605252,
    "_ema30": 103.27328,
    "_ema50": 108.19694117,
    "_ema100": 118.68035407,
    "_ema200": 128.31652811,
    "_psar": 90.5104322,
    "_wr": -2.21354167,
    "_mom": 18.28,
    "_mom1": 12.15,
    "stock_diff": 9.48,
    "rsi_diff": -0.35
}
