{
    "open": 1389.38,
    "low": 1365.36,
    "high": 1389.38,
    "close": 1388.39,
    "volume": 72552,
    "change": 0.64443639,
    "_rsi": 49.64234174,
    "_rsi1": 48.359287,
    "_stock_k": 68.08226008,
    "_stock_d": 71.47104849,
    "_stock_k1": 70.80642611,
    "_stock_d1": 76.63016079,
    "_macd_blue": -22.21956016,
    "_macd_orange": -13.58809927,
    "_cci20": 33.25604957,
    "_cci201": -9.61155461,
    "_ema10": 1376.14556481,
    "_ema20": 1381.31372072,
    "_ema30": 1395.20858114,
    "_ema50": 1422.27287585,
    "_ema100": 1452.48488244,
    "_ema200": 1427.73262694,
    "_psar": 1328.47290718,
    "_wr": -22.68233062,
    "_mom": 77.17,
    "_mom1": 41.16,
    "stock_diff": -3.39,
    "rsi_diff": 1.28
}
