{
    "open": 59.08,
    "low": 58.98,
    "high": 59.89,
    "close": 59.62,
    "volume": 18556036,
    "change": 1.84489238,
    "_rsi": 45.70762798,
    "_rsi1": 39.06647105,
    "_stock_k": 21.61835749,
    "_stock_d": 13.44814488,
    "_stock_k1": 11.11111111,
    "_stock_d1": 8.1105077,
    "_macd_blue": -0.16245833,
    "_macd_orange": -0.559393,
    "_cci20": -70.77625571,
    "_cci201": -127.23424064,
    "_ema10": 59.6524608,
    "_ema20": 60.28882248,
    "_ema30": 60.4154434,
    "_ema50": 60.11328484,
    "_ema100": 58.93221358,
    "_ema200": 57.1777427,
    "_psar": 62.22853525,
    "_wr": -61.5942029,
    "_mom": -2.35,
    "_mom1": -3.7,
    "stock_diff": 8.17,
    "rsi_diff": 6.64
}
