{
    "open": 88.94,
    "low": 88.75,
    "high": 90.81,
    "close": 90.53,
    "volume": 1076903,
    "change": 1.7076733,
    "_rsi": 55.09234747,
    "_rsi1": 52.18409804,
    "_stock_k": 84.58517428,
    "_stock_d": 84.88549538,
    "_stock_k1": 84.09425626,
    "_stock_d1": 88.05447855,
    "_macd_blue": -1.55497011,
    "_macd_orange": -0.40442909,
    "_cci20": 117.6380629,
    "_cci201": 86.59769153,
    "_ema10": 87.93255744,
    "_ema20": 87.62789463,
    "_ema30": 88.43649096,
    "_ema50": 89.991892,
    "_ema100": 91.29618275,
    "_ema200": 89.63047764,
    "_psar": 85.07327093,
    "_wr": -4.19734904,
    "_mom": 8.44,
    "_mom1": 6.09,
    "stock_diff": -0.3,
    "rsi_diff": 2.91
}
