{
    "open": 438,
    "low": 437.22,
    "high": 444.86,
    "close": 444.52,
    "volume": 106344121,
    "change": 0.78218877,
    "_rsi": 56.67108627,
    "_rsi1": 54.71949723,
    "_stock_k": 92.52644806,
    "_stock_d": 73.10974904,
    "_stock_k1": 76.56358367,
    "_stock_d1": 53.68866959,
    "_macd_blue": -4.97617339,
    "_macd_orange": -2.33524439,
    "_cci20": 144.66505102,
    "_cci201": 104.70384034,
    "_ema10": 432.34794816,
    "_ema20": 432.81048919,
    "_ema30": 435.44340685,
    "_ema50": 440.41999454,
    "_ema100": 445.09774693,
    "_ema200": 438.11687298,
    "_psar": 416.2956,
    "_wr": -1.14324143,
    "_mom": 12.35,
    "_mom1": 5.36,
    "stock_diff": 19.42,
    "rsi_diff": 1.95
}
