{
    "open": 92.22,
    "low": 91.77,
    "high": 96.3,
    "close": 94.8,
    "volume": 457702,
    "change": 4.11861614,
    "_rsi": 52.08113368,
    "_rsi1": 37.77288025,
    "_stock_k": 43.76321353,
    "_stock_d": 32.027441,
    "_stock_k1": 21.45949289,
    "_stock_d1": 33.18903319,
    "_macd_blue": -1.18639544,
    "_macd_orange": -1.05895036,
    "_cci20": 65.76675561,
    "_cci201": -136.82764326,
    "_ema10": 92.91471192,
    "_ema20": 93.61559584,
    "_ema30": 94.39833178,
    "_ema50": 95.55206038,
    "_ema100": 95.81137646,
    "_ema200": 92.69403804,
    "_psar": 90.02,
    "_wr": -23.25581395,
    "stock_diff": 11.74,
    "rsi_diff": 14.31
}
