{
    "open": 92.22,
    "low": 91.77,
    "high": 96.15,
    "close": 96.15,
    "change": 5.60131796,
    "_rsi": 55.7444714,
    "_rsi1": 37.77288025,
    "_stock_k": 51.51515152,
    "_stock_d": 34.61142033,
    "_stock_k1": 21.45949289,
    "_stock_d1": 33.18903319,
    "_macd_blue": -1.16485698,
    "_macd_orange": -0.95125805,
    "_cci20": 88.54772428,
    "_cci201": -136.82764326,
    "_ema10": 93.16016646,
    "_ema20": 93.74416727,
    "_ema30": 94.48542855,
    "_ema50": 95.60500156,
    "_ema100": 95.83810913,
    "_ema200": 92.70747088,
    "_psar": 90.02,
    "_wrr": 0,
    "stock_diff": 16.9,
    "rsi_diff": 17.97
}
