{
    "open": 95.8,
    "low": 95.47,
    "high": 97.05,
    "close": 96.61,
    "volume": 1301281,
    "change": 1.18349393,
    "_rsi": 62.24089497,
    "_rsi1": 58.25326369,
    "_stock_k": 84.3735286,
    "_stock_d": 84.07015595,
    "_stock_k1": 84.18434407,
    "_stock_d1": 85.14014701,
    "_macd_blue": 0.55057541,
    "_macd_orange": 0.89676363,
    "_cci20": 113.89083458,
    "_cci201": 79.1586075,
    "_ema10": 95.07404442,
    "_ema20": 94.19551743,
    "_ema30": 93.85178663,
    "_ema50": 93.64354746,
    "_ema100": 93.36898463,
    "_ema200": 93.05489946,
    "_psar": 94.44278275,
    "_wr": -8.74751491,
    "_mom": 3.05,
    "_mom1": 2.88,
    "stock_diff": 0.3,
    "rsi_diff": 3.99
}
