{
    "open": 92.07,
    "low": 91.78,
    "high": 93.98,
    "close": 93.92,
    "volume": 1296187,
    "change": 2.74587025,
    "_rsi": 44.95696225,
    "_rsi1": 39.98974119,
    "_stock_k": 41.14340769,
    "_stock_d": 39.50477816,
    "_stock_k1": 37.07241934,
    "_stock_d1": 38.43416038,
    "_macd_blue": -3.79608822,
    "_macd_orange": -3.33464899,
    "_cci20": -22.95801512,
    "_cci201": -41.5995828,
    "_ema10": 92.84901601,
    "_ema20": 95.18284189,
    "_ema30": 97.33182662,
    "_ema50": 99.66654064,
    "_ema100": 99.8075155,
    "_ema200": 94.93180535,
    "_psar": 94.81882141,
    "_wr": -52.68979387,
    "_mom": 5.2,
    "_mom1": 1.02,
    "stock_diff": 1.64,
    "rsi_diff": 4.97
}
