{
    "open": 81.76,
    "low": 80.92,
    "high": 82.31,
    "close": 81.63,
    "volume": 2449565,
    "change": -0.03673769,
    "_rsi": 54.16651025,
    "_rsi1": 54.32454302,
    "_stock_k": 56.33633634,
    "_stock_d": 57.38297738,
    "_stock_k1": 54.68468468,
    "_stock_d1": 57.49624603,
    "_macd_blue": 0.63466486,
    "_macd_orange": 0.59295698,
    "_cci20": 34.27987256,
    "_cci201": 44.67516447,
    "_ema10": 81.54046861,
    "_ema20": 81.12006518,
    "_ema30": 80.71461941,
    "_ema50": 80.00034631,
    "_ema100": 78.74816662,
    "_ema200": 77.70807787,
    "_psar": 82.9228,
    "_wr": -45.04504505,
    "_mom": 0.63,
    "_mom1": 0.1,
    "stock_diff": -1.05,
    "rsi_diff": -0.16
}
