{
    "open": 31.97,
    "low": 31.86,
    "high": 32.53,
    "close": 32.51,
    "change": 1.11975117,
    "_rsi": 66.25726992,
    "_rsi1": 61.57687194,
    "_stock_k": 80.33063428,
    "_stock_d": 75.21370477,
    "_stock_k1": 72.12725546,
    "_stock_d1": 77.21330926,
    "_macd_blue": 0.24710611,
    "_macd_orange": 0.3055115,
    "_cci20": 114.22017715,
    "_cci201": 96.4475296,
    "_ema10": 31.99799994,
    "_ema20": 31.73425323,
    "_ema30": 31.58081131,
    "_ema50": 31.43252091,
    "_ema100": 31.16585202,
    "_ema200": 30.29818934,
    "_psar": 31.53,
    "_wrr": -1.31578947,
    "stock_diff": 5.12,
    "rsi_diff": 4.68
}
