{
    "open": 124.4,
    "low": 122.4601,
    "high": 124.89,
    "close": 123.55,
    "volume": 3344297,
    "change": 2.25109658,
    "_rsi": 61.98443004,
    "_rsi1": 58.88047815,
    "_stock_k": 89.19127769,
    "_stock_d": 77.75888458,
    "_stock_k1": 74.32438716,
    "_stock_d1": 65.55739262,
    "_macd_blue": 2.26013613,
    "_macd_orange": 2.59927825,
    "_cci20": 173.58392841,
    "_cci201": 119.88129744,
    "_ema10": 118.76909232,
    "_ema20": 116.80983666,
    "_ema30": 114.96759662,
    "_ema50": 111.20486948,
    "_ema100": 103.38774888,
    "_ema200": 93.0103943,
    "_psar": 110.522324,
    "_wr": -8.99932841,
    "_mom": 9.78,
    "_mom1": 3.02,
    "stock_diff": 11.43,
    "rsi_diff": 3.1
}
