{
    "open": 82.05,
    "low": 81.81,
    "high": 82.64,
    "close": 81.89,
    "volume": 2668742,
    "change": 0.28165565,
    "_rsi": 58.16131724,
    "_rsi1": 57.44294063,
    "_stock_k": 94.46147752,
    "_stock_d": 90.65454782,
    "_stock_k1": 94.13818769,
    "_stock_d1": 81.79374421,
    "_macd_blue": -0.56367597,
    "_macd_orange": -0.00883448,
    "_cci20": 112.73240661,
    "_cci201": 87.8540475,
    "_ema10": 79.95016756,
    "_ema20": 79.75467992,
    "_ema30": 79.83250286,
    "_ema50": 79.48261235,
    "_ema100": 77.49247432,
    "_ema200": 73.56253988,
    "_psar": 76.71517481,
    "_wr": -8.89679715,
    "_mom": 7.2,
    "_mom1": 5.83,
    "stock_diff": 3.81,
    "rsi_diff": 0.72
}
