{
    "open": 79.15,
    "low": 77.0395,
    "high": 79.15,
    "close": 77.4,
    "volume": 1165447,
    "change": -2.01291303,
    "_rsi": 47.75386858,
    "_rsi1": 49.99318023,
    "_stock_k": 74.33393134,
    "_stock_d": 68.63282654,
    "_stock_k1": 70.84360449,
    "_stock_d1": 64.6474363,
    "_macd_blue": -0.9463989,
    "_macd_orange": -0.66425581,
    "_cci20": -9.71248683,
    "_cci201": -16.74699483,
    "_ema10": 78.13085086,
    "_ema20": 78.45749232,
    "_ema30": 79.09506807,
    "_ema50": 80.91487697,
    "_ema100": 85.5654361,
    "_ema200": 88.37394983,
    "_psar": 68.01861264,
    "_wr": -25.50311014,
    "_mom": 2.59,
    "_mom1": 1.53,
    "stock_diff": 5.7,
    "rsi_diff": -2.24
}
