{
    "open": 498.77,
    "low": 486.56,
    "high": 498.98,
    "close": 490.31,
    "volume": 360338,
    "change": -1.0933371,
    "_rsi": 46.15167765,
    "_rsi1": 47.89293901,
    "_stock_k": 57.83836417,
    "_stock_d": 65.59249471,
    "_stock_k1": 66.85677192,
    "_stock_d1": 74.83655585,
    "_macd_blue": -9.34462114,
    "_macd_orange": -5.9369098,
    "_cci20": 7.42652721,
    "_cci201": 16.5616045,
    "_ema10": 494.4752128,
    "_ema20": 496.84100138,
    "_ema30": 502.99849833,
    "_ema50": 517.68534065,
    "_ema100": 543.49887836,
    "_ema200": 545.69480152,
    "_psar": 471.97938151,
    "_wr": -45.11058562,
    "_mom": 33.68,
    "_mom1": 30.47,
    "stock_diff": -7.75,
    "rsi_diff": -1.74
}
