{
    "open": 408.43,
    "low": 405.35,
    "high": 412.49,
    "close": 411.94,
    "volume": 327209,
    "change": 1.18392612,
    "_rsi": 54.7090898,
    "_rsi1": 52.23755407,
    "_stock_k": 70.19453794,
    "_stock_d": 73.08219418,
    "_stock_k1": 70.13011152,
    "_stock_d1": 75.82817018,
    "_macd_blue": 1.87641929,
    "_macd_orange": 3.66425922,
    "_cci20": 31.54752031,
    "_cci201": 34.68011601,
    "_ema10": 408.60352798,
    "_ema20": 404.98507084,
    "_ema30": 403.46477794,
    "_ema50": 402.77002784,
    "_ema100": 404.14839149,
    "_ema200": 401.70667664,
    "_psar": 384.5112499,
    "_wr": -23.2267951,
    "_mom": 26.64,
    "_mom1": 20.39,
    "stock_diff": -2.89,
    "rsi_diff": 2.47
}
