{
    "open": 68.76,
    "low": 68.73,
    "high": 69.58,
    "close": 69.3,
    "volume": 3889010,
    "change": 0.74138683,
    "_rsi": 61.10737515,
    "_rsi1": 58.46576827,
    "_stock_k": 83.11696662,
    "_stock_d": 82.5801187,
    "_stock_k1": 82.77298201,
    "_stock_d1": 82.00710495,
    "_macd_blue": 0.54689528,
    "_macd_orange": 0.70462023,
    "_cci20": 79.09934543,
    "_cci201": 64.31416932,
    "_ema10": 68.52926462,
    "_ema20": 67.90257179,
    "_ema30": 67.5635293,
    "_ema50": 67.15506803,
    "_ema100": 66.35164965,
    "_ema200": 65.08594282,
    "_psar": 67.89772838,
    "_wr": -12.19555938,
    "_mom": 0.69,
    "_mom1": 1.67,
    "stock_diff": 0.54,
    "rsi_diff": 2.64
}
