{
    "open": 740.04,
    "low": 734.3258,
    "high": 743.4,
    "close": 738.28,
    "volume": 462980,
    "change": 0.24712815,
    "_rsi": 49.97705122,
    "_rsi1": 49.42399837,
    "_stock_k": 89.16015831,
    "_stock_d": 87.28422183,
    "_stock_k1": 86.48424154,
    "_stock_d1": 85.58558517,
    "_macd_blue": -16.86002405,
    "_macd_orange": -8.38769945,
    "_cci20": 62.85979394,
    "_cci201": 63.78475678,
    "_ema10": 729.9428299,
    "_ema20": 731.23534419,
    "_ema30": 742.01323641,
    "_ema50": 767.5127965,
    "_ema100": 809.51368683,
    "_ema200": 824.28684185,
    "_psar": 684.29629698,
    "_wr": -12.18881708,
    "_mom": 41.08,
    "_mom1": 43.21,
    "stock_diff": 1.88,
    "rsi_diff": 0.55
}
