{
    "open": 19.69,
    "low": 19.37,
    "high": 19.95,
    "close": 19.4,
    "volume": 14109141,
    "change": -2.56152687,
    "_rsi": 50.84019453,
    "_rsi1": 53.86346781,
    "_stock_k": 89.75067147,
    "_stock_d": 92.30847609,
    "_stock_k1": 93.2385366,
    "_stock_d1": 93.2133172,
    "_macd_blue": -0.55405809,
    "_macd_orange": -0.20443351,
    "_cci20": 76.47667348,
    "_cci201": 94.10654098,
    "_ema10": 19.08888168,
    "_ema20": 19.06980475,
    "_ema30": 19.3487416,
    "_ema50": 19.95695291,
    "_ema100": 21.30243972,
    "_ema200": 22.95819867,
    "_psar": 17.031381,
    "_wr": -15.22550017,
    "_mom": 2.09,
    "_mom1": 3.95,
    "stock_diff": -2.56,
    "rsi_diff": -3.02
}
