{
    "open": 58.6,
    "low": 57.68,
    "high": 58.77,
    "close": 57.91,
    "volume": 1534192,
    "change": 0.17298045,
    "_rsi": 58.36107552,
    "_rsi1": 58.05396514,
    "_stock_k": 61.28476448,
    "_stock_d": 71.09036946,
    "_stock_k1": 72.25325885,
    "_stock_d1": 77.31222843,
    "_macd_blue": 2.07870322,
    "_macd_orange": 1.94240539,
    "_cci20": 45.24257747,
    "_cci201": 20.13472516,
    "_ema10": 58.11449833,
    "_ema20": 56.75558292,
    "_ema30": 55.38749668,
    "_ema50": 52.95679905,
    "_ema100": 48.48844662,
    "_ema200": 42.8305322,
    "_psar": 61.456896,
    "_wr": -41.65781084,
    "_mom": 0.29,
    "_mom1": 1.82,
    "stock_diff": -9.81,
    "rsi_diff": 0.31
}
