{
    "open": 70.59,
    "low": 70.43,
    "high": 71.89,
    "close": 71.65,
    "volume": 5777417,
    "change": 1.6889015,
    "_rsi": 50.43338963,
    "_rsi1": 46.61089728,
    "_stock_k": 60.48,
    "_stock_d": 61.38091939,
    "_stock_k1": 61.2399329,
    "_stock_d1": 64.78549952,
    "_macd_blue": -0.4949358,
    "_macd_orange": -0.35711682,
    "_cci20": 19.6645488,
    "_cci201": -43.73482218,
    "_ema10": 71.11780866,
    "_ema20": 71.31345484,
    "_ema30": 71.59482608,
    "_ema50": 71.90217637,
    "_ema100": 71.56213851,
    "_ema200": 69.25884544,
    "_psar": 69.36499193,
    "_wr": -23.2,
    "_mom": 1.63,
    "_mom1": 0.46,
    "stock_diff": -0.9,
    "rsi_diff": 3.82
}
