{
    "open": 55.98,
    "low": 55.62,
    "high": 57.61,
    "close": 55.725,
    "volume": 4670607,
    "change": -0.1701899,
    "_rsi": 63.02188669,
    "_rsi1": 63.43236963,
    "_stock_k": 55.64318371,
    "_stock_d": 57.86986322,
    "_stock_k1": 57.02541804,
    "_stock_d1": 60.1142905,
    "_macd_blue": 2.52818912,
    "_macd_orange": 2.49204997,
    "_cci20": 53.98743992,
    "_cci201": 50.92197091,
    "_ema10": 55.17025415,
    "_ema20": 53.28661862,
    "_ema30": 51.76982127,
    "_ema50": 49.78413668,
    "_ema100": 47.06472559,
    "_ema200": 43.999556,
    "_psar": 61.4992151,
    "_wr": -47.30848861,
    "_mom": -2.095,
    "_mom1": -3.12,
    "stock_diff": -2.23,
    "rsi_diff": -0.41
}
