{
    "open": 65.95,
    "low": 65.74,
    "high": 66.73,
    "close": 66.6,
    "volume": 2657017,
    "change": 1.00090992,
    "_rsi": 62.717812,
    "_rsi1": 59.82774598,
    "_stock_k": 69.89052183,
    "_stock_d": 62.25129037,
    "_stock_k1": 54.6561784,
    "_stock_d1": 63.92840364,
    "_macd_blue": 0.87234829,
    "_macd_orange": 0.95157273,
    "_cci20": 83.91533317,
    "_cci201": 59.93497573,
    "_ema10": 65.59082555,
    "_ema20": 64.80524823,
    "_ema30": 64.32155104,
    "_ema50": 63.93279132,
    "_ema100": 63.24678879,
    "_ema200": 61.95479762,
    "_psar": 66.74892,
    "_wr": -9.6,
    "_mom": 1.13,
    "_mom1": 0.77,
    "stock_diff": 7.64,
    "rsi_diff": 2.89
}
