{
    "open": 153.68,
    "low": 152.73,
    "high": 154.79,
    "close": 154.73,
    "volume": 925447,
    "change": 1.20347963,
    "_rsi": 48.78205337,
    "_rsi1": 45.87390326,
    "_stock_k": 74.77423239,
    "_stock_d": 80.81477022,
    "_stock_k1": 77.98514951,
    "_stock_d1": 86.48979626,
    "_macd_blue": -2.25884923,
    "_macd_orange": -1.03400951,
    "_cci20": 31.00573223,
    "_cci201": 25.75000453,
    "_ema10": 154.47723924,
    "_ema20": 154.37831398,
    "_ema30": 156.16086415,
    "_ema50": 161.14765008,
    "_ema100": 169.72621351,
    "_ema200": 172.79007867,
    "_psar": 145.56074572,
    "_wr": -26.55027092,
    "_mom": 5.88,
    "_mom1": 1.92,
    "stock_diff": -6.04,
    "rsi_diff": 2.91
}
