{
    "open": 147.94,
    "low": 143.84,
    "high": 148.31,
    "close": 144.06,
    "volume": 10728854,
    "change": -1.7594108,
    "_rsi": 38.13192332,
    "_rsi1": 40.83638398,
    "_stock_k": 34.68393566,
    "_stock_d": 30.74320325,
    "_stock_k1": 32.48137947,
    "_stock_d1": 27.18842201,
    "_macd_blue": -3.12722802,
    "_macd_orange": -3.58055577,
    "_cci20": -120.60972774,
    "_cci201": -121.05221387,
    "_ema10": 148.21472007,
    "_ema20": 151.04136678,
    "_ema30": 153.26033035,
    "_ema50": 156.27965544,
    "_ema100": 158.33376467,
    "_ema200": 154.46860776,
    "_psar": 154.73963104,
    "_wr": -81.51558074,
    "stock_diff": 3.94,
    "rsi_diff": -2.7
}
