{
    "open": 147.94,
    "low": 145.955,
    "high": 148.31,
    "close": 146.1,
    "change": -0.36824877,
    "_rsi": 40.23905473,
    "_rsi1": 40.83638398,
    "_stock_k": 39.49979968,
    "_stock_d": 32.34849126,
    "_stock_k1": 32.48137947,
    "_stock_d1": 27.18842201,
    "_macd_blue": -3.09468101,
    "_macd_orange": -3.41782073,
    "_cci20": -96.75908936,
    "_cci201": -121.05221387,
    "_ema10": 148.58562917,
    "_ema20": 151.23565249,
    "_ema30": 153.39194325,
    "_ema50": 156.35965544,
    "_ema100": 158.3741607,
    "_ema200": 154.48890626,
    "_psar": 154.73963104,
    "_wrr": -67.06798867,
    "stock_diff": 7.15,
    "rsi_diff": -0.6
}
