{
    "open": 147.94,
    "low": 145.07,
    "high": 148.31,
    "close": 145.78,
    "change": -0.58647027,
    "_rsi": 39.89325694,
    "_rsi1": 40.83638398,
    "_stock_k": 38.74437003,
    "_stock_d": 32.09668138,
    "_stock_k1": 32.48137947,
    "_stock_d1": 27.18842201,
    "_macd_blue": -3.09978643,
    "_macd_orange": -3.44334779,
    "_cci20": -103.78892252,
    "_cci201": -121.05221387,
    "_ema10": 148.52744735,
    "_ema20": 151.2051763,
    "_ema30": 153.37129809,
    "_ema50": 156.34710643,
    "_ema100": 158.36782407,
    "_ema200": 154.48572218,
    "_psar": 154.73963104,
    "_wrr": -69.33427762,
    "stock_diff": 6.65,
    "rsi_diff": -0.94
}
