{
    "open": 147.94,
    "low": 143.84,
    "high": 148.31,
    "close": 144.1,
    "volume": 10687454,
    "change": -1.73213312,
    "_rsi": 38.17111632,
    "_rsi1": 40.83638398,
    "_stock_k": 34.77836436,
    "_stock_d": 30.77467949,
    "_stock_k1": 32.48137947,
    "_stock_d1": 27.18842201,
    "_macd_blue": -3.12658984,
    "_macd_orange": -3.57736489,
    "_cci20": -120.38526187,
    "_cci201": -121.05221387,
    "_ema10": 148.2219928,
    "_ema20": 151.0451763,
    "_ema30": 153.26291099,
    "_ema50": 156.28122407,
    "_ema100": 158.33455674,
    "_ema200": 154.46900577,
    "_psar": 154.73963104,
    "_wr": -81.23229462,
    "stock_diff": 4.0,
    "rsi_diff": -2.67
}
