{
    "open": 24.72,
    "low": 24.64,
    "high": 25.355,
    "close": 25.31,
    "volume": 2588261,
    "change": 3.22185971,
    "_rsi": 47.37863821,
    "_rsi1": 38.15535303,
    "_stock_k": 32.53859369,
    "_stock_d": 28.31721808,
    "_stock_k1": 24.40360595,
    "_stock_d1": 24.48430923,
    "_macd_blue": -0.25676313,
    "_macd_orange": -0.30722914,
    "_cci20": -56.30495331,
    "_cci201": -87.68910297,
    "_ema10": 25.19000315,
    "_ema20": 25.46674937,
    "_ema30": 25.58958984,
    "_ema50": 25.56963644,
    "_ema100": 25.3231671,
    "_ema200": 24.93190007,
    "_psar": 25.68,
    "_wr": -44.29530201,
    "_mom": 0.04,
    "_mom1": -0.33,
    "stock_diff": 4.22,
    "rsi_diff": 9.22
}
