{
    "open": 44.04,
    "low": 43.93,
    "high": 44.72,
    "close": 44.38,
    "volume": 4414934,
    "change": 1.04735883,
    "_rsi": 56.97413862,
    "_rsi1": 55.16552519,
    "_stock_k": 94.68770516,
    "_stock_d": 92.88099764,
    "_stock_k1": 93.54942327,
    "_stock_d1": 92.0997464,
    "_macd_blue": -0.43735539,
    "_macd_orange": -0.00553438,
    "_cci20": 123.46599516,
    "_cci201": 77.78334482,
    "_ema10": 42.99381348,
    "_ema20": 42.79409455,
    "_ema30": 42.96211747,
    "_ema50": 43.40169227,
    "_ema100": 44.74606075,
    "_ema200": 46.75257801,
    "_psar": 38.78315233,
    "_wr": -4.3202033,
    "_mom": 4.14,
    "_mom1": 2.89,
    "stock_diff": 1.81,
    "rsi_diff": 1.81
}
