{
    "open": 227.8,
    "low": 216.5734,
    "high": 231.7699,
    "close": 219.495,
    "volume": 3387563,
    "change": -3.54835875,
    "_rsi": 46.8028644,
    "_rsi1": 49.43873816,
    "_stock_k": 89.39129379,
    "_stock_d": 84.93343134,
    "_stock_k1": 91.13210827,
    "_stock_d1": 75.98888614,
    "_macd_blue": -17.40345266,
    "_macd_orange": -11.58268869,
    "_cci20": 29.49709447,
    "_cci201": 17.04489303,
    "_ema10": 215.75754925,
    "_ema20": 221.46001041,
    "_ema30": 231.56605271,
    "_ema50": 250.00517723,
    "_ema100": 274.90636154,
    "_ema200": 285.51149878,
    "_psar": 180.00323651,
    "_wr": -18.19045375,
    "_mom": 39.075,
    "_mom1": 29.72,
    "stock_diff": 4.46,
    "rsi_diff": -2.64
}
