{
    "open": 179.05,
    "low": 178.01,
    "high": 179.765,
    "close": 178.97,
    "volume": 379003,
    "change": -0.3563276,
    "_rsi": 71.96306582,
    "_rsi1": 74.09079729,
    "_stock_k": 89.47803432,
    "_stock_d": 93.92157578,
    "_stock_k1": 94.34746966,
    "_stock_d1": 96.2390907,
    "_macd_blue": 3.84235,
    "_macd_orange": 4.41680731,
    "_cci20": 143.09077269,
    "_cci201": 187.1713166,
    "_ema10": 175.34266779,
    "_ema20": 171.83622916,
    "_ema30": 169.15115833,
    "_ema50": 165.68347157,
    "_ema100": 162.17919873,
    "_ema200": 158.05063131,
    "_psar": 172.94258324,
    "_wr": -15.55842479,
    "_mom": 10.2,
    "_mom1": 13.42,
    "stock_diff": -4.44,
    "rsi_diff": -2.13
}
