{
    "open": 90.92,
    "low": 88.87,
    "high": 92.2,
    "close": 90.55,
    "volume": 4746960,
    "change": -1.22177375,
    "_rsi": 58.42865183,
    "_rsi1": 60.94506598,
    "_stock_k": 80.20905023,
    "_stock_d": 75.47239465,
    "_stock_k1": 73.45048786,
    "_stock_d1": 68.84811378,
    "_macd_blue": 0.90558393,
    "_macd_orange": 1.38419206,
    "_cci20": 113.7790634,
    "_cci201": 129.92441088,
    "_ema10": 88.09999624,
    "_ema20": 86.95359492,
    "_ema30": 86.01401005,
    "_ema50": 84.07502191,
    "_ema100": 80.4596546,
    "_ema200": 76.39834501,
    "_psar": 82.02715535,
    "_wr": -21.97566213,
    "_mom": 7.04,
    "_mom1": 6.8,
    "stock_diff": 4.74,
    "rsi_diff": -2.52
}
