{
    "open": 16.4,
    "low": 16.085,
    "high": 16.48,
    "close": 16.105,
    "change": -1.37783221,
    "_rsi": 37.36079526,
    "_rsi1": 38.65131851,
    "_stock_k": 18.98384181,
    "_stock_d": 15.77445577,
    "_stock_k1": 17.5633999,
    "_stock_d1": 14.51691959,
    "_macd_blue": -0.85380396,
    "_macd_orange": -0.85526421,
    "_cci20": -113.79207626,
    "_cci201": -136.5080694,
    "_ema10": 16.65453312,
    "_ema20": 17.27777441,
    "_ema30": 17.84046262,
    "_ema50": 18.47872906,
    "_ema100": 18.40145309,
    "_ema200": 16.89540845,
    "_psar": 17.87833046,
    "_wrr": -86.14457831,
    "stock_diff": 3.21,
    "rsi_diff": -1.29
}
