{
    "open": 351.5,
    "low": 349.13,
    "high": 352.5694,
    "close": 352.37,
    "volume": 3946328,
    "change": 1.20921415,
    "_rsi": 73.58644488,
    "_rsi1": 71.0685579,
    "_stock_k": 87.00794511,
    "_stock_d": 88.07715184,
    "_stock_k1": 87.78014294,
    "_stock_d1": 90.34336753,
    "_macd_blue": 6.73330604,
    "_macd_orange": 8.90799596,
    "_cci20": 133.13140192,
    "_cci201": 132.19519347,
    "_ema10": 342.43201778,
    "_ema20": 334.78644241,
    "_ema30": 329.86381093,
    "_ema50": 322.83059792,
    "_ema100": 311.18528416,
    "_ema200": 295.782152,
    "_psar": 340.52425326,
    "_wr": -6.98808234,
    "_mom": 27.07,
    "_mom1": 22.76,
    "stock_diff": -1.07,
    "rsi_diff": 2.52
}
