{
    "open": 158.16,
    "low": 156.76,
    "high": 162.14,
    "close": 162.12,
    "volume": 1493891,
    "change": 3.07076101,
    "_rsi": 59.86201534,
    "_rsi1": 55.92038516,
    "_stock_k": 93.13382561,
    "_stock_d": 91.98303635,
    "_stock_k1": 89.26080321,
    "_stock_d1": 89.27461267,
    "_macd_blue": 0.57212207,
    "_macd_orange": 2.27967978,
    "_cci20": 139.06251402,
    "_cci201": 107.50153885,
    "_ema10": 155.31469999,
    "_ema20": 152.65679978,
    "_ema30": 152.27185732,
    "_ema50": 154.03985308,
    "_ema100": 157.36513222,
    "_ema200": 154.34071128,
    "_psar": 141.03282468,
    "_wr": -0.0845666,
    "_mom": 12.66,
    "_mom1": 6.4,
    "stock_diff": 1.15,
    "rsi_diff": 3.94
}
