{
    "open": 153.77,
    "low": 152.84,
    "high": 154.795,
    "close": 154.18,
    "volume": 1195732,
    "change": 0.63968668,
    "_rsi": 52.3918903,
    "_rsi1": 50.67329806,
    "_stock_k": 72.79070496,
    "_stock_d": 76.28933395,
    "_stock_k1": 75.98069047,
    "_stock_d1": 81.98383234,
    "_macd_blue": -0.77659769,
    "_macd_orange": -0.02575821,
    "_cci20": 68.0296898,
    "_cci201": 47.73732864,
    "_ema10": 153.04556288,
    "_ema20": 152.58592334,
    "_ema30": 153.1670967,
    "_ema50": 155.0641155,
    "_ema100": 157.6640513,
    "_ema200": 154.99205249,
    "_psar": 146.97109061,
    "_wr": -19.27175844,
    "_mom": 7.26,
    "_mom1": 5,
    "stock_diff": -3.5,
    "rsi_diff": 1.72
}
