{
    "open": 107.17,
    "low": 107,
    "high": 108.53,
    "close": 108.28,
    "change": 0.60392084,
    "_rsi": 44.58077221,
    "_rsi1": 42.53206973,
    "_stock_k": 31.01739239,
    "_stock_d": 21.77708564,
    "_stock_k1": 17.38255386,
    "_stock_d1": 20.70613618,
    "_macd_blue": -1.43429433,
    "_macd_orange": -1.06989844,
    "_cci20": -69.63783509,
    "_cci201": -85.35264312,
    "_ema10": 108.32067496,
    "_ema20": 109.65223527,
    "_ema30": 110.21316091,
    "_ema50": 110.05584609,
    "_ema100": 108.23877288,
    "_ema200": 104.08761174,
    "_psar": 109.14569459,
    "stock_diff": 9.24,
    "rsi_diff": 2.05
}
