{
    "open": 71.16,
    "low": 70.1536,
    "high": 71.47,
    "close": 70.66,
    "volume": 6696994,
    "change": -0.82807018,
    "_rsi": 59.03644532,
    "_rsi1": 63.15639319,
    "_stock_k": 78.1364292,
    "_stock_d": 77.9550376,
    "_stock_k1": 79.05974979,
    "_stock_d1": 77.25976765,
    "_macd_blue": 0.56367636,
    "_macd_orange": 0.83315611,
    "_cci20": 71.85430874,
    "_cci201": 90.87538233,
    "_ema10": 70.20438575,
    "_ema20": 69.41902112,
    "_ema30": 69.06363704,
    "_ema50": 68.77187626,
    "_ema100": 68.29337657,
    "_ema200": 67.27981485,
    "_psar": 72.37,
    "_wr": -26.76056338,
    "_mom": 2.5,
    "_mom1": 3.91,
    "stock_diff": 0.18,
    "rsi_diff": -4.12
}
