{
    "open": 186.61,
    "low": 185.7,
    "high": 189.37,
    "close": 188.89,
    "volume": 2424574,
    "change": 1.54284486,
    "_rsi": 56.90546352,
    "_rsi1": 54.47744165,
    "_stock_k": 85.49486582,
    "_stock_d": 88.38255529,
    "_stock_k1": 87.96102788,
    "_stock_d1": 89.01623001,
    "_macd_blue": -0.03639289,
    "_macd_orange": 1.74340228,
    "_cci20": 66.33412886,
    "_cci201": 59.90560786,
    "_ema10": 184.52578838,
    "_ema20": 182.52738186,
    "_ema30": 181.76170035,
    "_ema50": 180.0905485,
    "_ema100": 176.36469875,
    "_ema200": 168.79484725,
    "_psar": 174.26651999,
    "_wr": -14.13409267,
    "_mom": 19.29,
    "_mom1": 17.37,
    "stock_diff": -2.89,
    "rsi_diff": 2.43
}
