{
    "open": 96.52,
    "low": 94.12,
    "high": 96.83,
    "close": 94.13,
    "volume": 151390,
    "change": -0.70675105,
    "_rsi": 49.8745805,
    "_rsi1": 52.08113368,
    "_stock_k": 53.12001993,
    "_stock_d": 39.44757545,
    "_stock_k1": 43.76321353,
    "_stock_d1": 32.027441,
    "_macd_blue": -1.12770985,
    "_macd_orange": -0.89296748,
    "_cci20": 111.28493951,
    "_cci201": 65.76675561,
    "_ema10": 93.13567339,
    "_ema20": 93.66458671,
    "_ema30": 94.38102005,
    "_ema50": 95.49629331,
    "_ema100": 95.77808187,
    "_ema200": 92.70832622,
    "_psar": 90.02,
    "_wr": -39.64757709,
    "_mom": 0.26,
    "_mom1": 0.21,
    "stock_diff": 13.67,
    "rsi_diff": -2.21
}
