{
    "open": 11.37,
    "low": 11.205,
    "high": 11.41,
    "close": 11.22,
    "volume": 5450009,
    "change": -2.00873362,
    "_rsi": 44.81624503,
    "_rsi1": 50.11912796,
    "_stock_k": 66.24550972,
    "_stock_d": 78.57650894,
    "_stock_k1": 81.69904995,
    "_stock_d1": 85.05751658,
    "_macd_blue": -0.10540689,
    "_macd_orange": -0.06257959,
    "_cci20": -11.51881859,
    "_cci201": 50.61715853,
    "_ema10": 11.363204,
    "_ema20": 11.38685046,
    "_ema30": 11.44798375,
    "_ema50": 11.55357892,
    "_ema100": 11.69096739,
    "_ema200": 11.72560538,
    "_psar": 10.95245335,
    "_wr": -48.30917874,
    "_mom": 0.13,
    "_mom1": 0.51,
    "stock_diff": -12.33,
    "rsi_diff": -5.3
}
