{
    "open": 188.69,
    "low": 184.84,
    "high": 191,
    "close": 190.72,
    "volume": 8744106,
    "change": 2.00566936,
    "_rsi": 60.3641538,
    "_rsi1": 57.60042569,
    "_stock_k": 77.35994524,
    "_stock_d": 64.90249605,
    "_stock_k1": 64.67055739,
    "_stock_d1": 53.00479668,
    "_macd_blue": -1.91675821,
    "_macd_orange": -0.50134007,
    "_cci20": 66.83403842,
    "_cci201": 33.21731965,
    "_ema10": 179.39674557,
    "_ema20": 179.45904291,
    "_ema30": 179.61483434,
    "_ema50": 178.57860828,
    "_ema100": 175.32748388,
    "_ema200": 167.97738933,
    "_psar": 160.8680354,
    "_wr": -10.37131882,
    "_mom": 17.77,
    "_mom1": 7.08,
    "stock_diff": 12.46,
    "rsi_diff": 2.76
}
