{
    "open": 76.38,
    "low": 75.95,
    "high": 77.47,
    "close": 77.42,
    "volume": 1837903,
    "change": 1.28205128,
    "_rsi": 51.06949881,
    "_rsi1": 47.85223854,
    "_stock_k": 74.75800189,
    "_stock_d": 70.82041497,
    "_stock_k1": 68.60785408,
    "_stock_d1": 67.59532013,
    "_macd_blue": -1.19714913,
    "_macd_orange": -0.64375607,
    "_cci20": 27.72694357,
    "_cci201": 23.5679639,
    "_ema10": 76.44476904,
    "_ema20": 76.6255144,
    "_ema30": 77.32982019,
    "_ema50": 78.71554984,
    "_ema100": 80.63354894,
    "_ema200": 80.26747974,
    "_psar": 71.92520013,
    "_wr": -15.4460719,
    "_mom": 3.62,
    "_mom1": 1.18,
    "stock_diff": 3.94,
    "rsi_diff": 3.22
}
