{
    "open": 71.11,
    "low": 70.02,
    "high": 71.99,
    "close": 70.39,
    "volume": 14355972,
    "change": 0.52842045,
    "_rsi": 46.09873526,
    "_rsi1": 44.94306807,
    "_stock_k": 43.82222222,
    "_stock_d": 37.86691503,
    "_stock_k1": 40.67516579,
    "_stock_d1": 28.33042972,
    "_macd_blue": -0.83308249,
    "_macd_orange": -1.03008229,
    "_cci20": -39.41069672,
    "_cci201": -54.99979466,
    "_ema10": 70.38437321,
    "_ema20": 71.2797232,
    "_ema30": 71.78549953,
    "_ema50": 72.12664921,
    "_ema100": 71.59411236,
    "_ema200": 69.05646508,
    "_psar": 66.9448,
    "_wr": -52.8,
    "_mom": -3.89,
    "_mom1": -3.82,
    "stock_diff": 5.96,
    "rsi_diff": 1.16
}
