{
    "open": 70.67,
    "low": 70.45,
    "high": 71.59,
    "close": 71.01,
    "change": 1.44285714,
    "_rsi": 47.72761737,
    "_rsi1": 44.8837541,
    "_stock_k": 45.07516579,
    "_stock_d": 29.79709638,
    "_stock_k1": 29.10335709,
    "_stock_d1": 18.31087507,
    "_macd_blue": -0.76803767,
    "_macd_orange": -1.01295787,
    "_cci20": -39.22674554,
    "_cci201": -91.10643091,
    "_ema10": 70.56312282,
    "_ema20": 71.46766399,
    "_ema30": 71.94561185,
    "_ema50": 72.23635638,
    "_ema100": 71.63804182,
    "_ema200": 69.05291347,
    "_psar": 66.85,
    "_wrr": -44.53333333,
    "stock_diff": 15.28,
    "rsi_diff": 2.84
}
