{
    "open": 429.89,
    "low": 429.8,
    "high": 434.55,
    "close": 433.405,
    "volume": 45430481,
    "change": 1.69767933,
    "_rsi": 50.18624263,
    "_rsi1": 45.28377382,
    "_stock_k": 47.39837918,
    "_stock_d": 38.38998593,
    "_stock_k1": 34.26320971,
    "_stock_d1": 36.62746415,
    "_macd_blue": -6.13142156,
    "_macd_orange": -5.43450402,
    "_cci20": 30.27033772,
    "_cci201": -66.59714124,
    "_ema10": 426.70099775,
    "_ema20": 430.36778926,
    "_ema30": 434.2433203,
    "_ema50": 440.13242331,
    "_ema100": 445.14716161,
    "_ema200": 438.00015371,
    "_psar": 440.107328,
    "_wr": -29.6460177,
    "_mom": -4.485,
    "_mom1": -3.81,
    "stock_diff": 9.01,
    "rsi_diff": 4.9
}
