{
    "open": 55.79,
    "low": 55.2,
    "high": 57.4,
    "close": 57.09,
    "change": 3.16226961,
    "_rsi": 70.80678834,
    "_rsi1": 67.8225582,
    "_stock_k": 66.38886031,
    "_stock_d": 71.33387519,
    "_stock_k1": 67.64070378,
    "_stock_d1": 79.42898366,
    "_macd_blue": 2.97531289,
    "_macd_orange": 1.89527241,
    "_cci20": 110.89253862,
    "_cci201": 110.65569241,
    "_ema10": 53.62948542,
    "_ema20": 50.86833445,
    "_ema30": 49.44979173,
    "_ema50": 47.88203766,
    "_ema100": 45.77151035,
    "_ema200": 43.15331622,
    "_psar": 51.39396585,
    "stock_diff": -4.95,
    "rsi_diff": 2.98
}
