{
    "open": 413,
    "low": 406.9,
    "high": 413.75,
    "close": 413.32,
    "volume": 583451,
    "change": 0.70904705,
    "_rsi": 68.06486985,
    "_rsi1": 66.78084573,
    "_stock_k": 97.07917837,
    "_stock_d": 88.60301142,
    "_stock_k1": 89.17898805,
    "_stock_d1": 82.9965541,
    "_macd_blue": 2.34984403,
    "_macd_orange": 6.60486939,
    "_cci20": 167.59370425,
    "_cci201": 172.96186634,
    "_ema10": 396.90433336,
    "_ema20": 389.65250634,
    "_ema30": 387.89552615,
    "_ema50": 390.19989335,
    "_ema100": 396.22589459,
    "_ema200": 391.78636269,
    "_psar": 385.27002296,
    "_wr": -0.85368275,
    "_mom": 44.02,
    "_mom1": 40.66,
    "stock_diff": 8.48,
    "rsi_diff": 1.28
}
