{
    "open": 38.28,
    "low": 38,
    "high": 38.65,
    "close": 38.28,
    "volume": 5893530,
    "change": 0.86956522,
    "_rsi": 53.94934673,
    "_rsi1": 51.10939045,
    "_stock_k": 23.05665349,
    "_stock_d": 18.4221835,
    "_stock_k1": 17.25955204,
    "_stock_d1": 15.70744849,
    "_macd_blue": 0.26361183,
    "_macd_orange": 0.12311102,
    "_cci20": -15.24639061,
    "_cci201": -59.56818693,
    "_ema10": 37.98203774,
    "_ema20": 37.97895533,
    "_ema30": 37.80517851,
    "_ema50": 37.44599012,
    "_ema100": 37.09710025,
    "_ema200": 37.02641223,
    "_psar": 39.51956303,
    "_wr": -68.24769433,
    "_mom": 0.1,
    "_mom1": -0.71,
    "stock_diff": 4.63,
    "rsi_diff": 2.84
}
