{
    "open": 141.92,
    "low": 141.92,
    "high": 147.99,
    "close": 146.51,
    "volume": 2144211,
    "change": 2.31859767,
    "_rsi": 64.65970723,
    "_rsi1": 61.91813347,
    "_stock_k": 95.85784495,
    "_stock_d": 93.75817226,
    "_stock_k1": 92.30820414,
    "_stock_d1": 87.72333129,
    "_macd_blue": 1.89194067,
    "_macd_orange": 3.26648192,
    "_cci20": 166.49604331,
    "_cci201": 153.60830358,
    "_ema10": 138.22868647,
    "_ema20": 135.2991387,
    "_ema30": 133.40918274,
    "_ema50": 129.82992303,
    "_ema100": 121.37284887,
    "_ema200": 107.87914374,
    "_psar": 122.58840527,
    "_wr": -5.18270796,
    "_mom": 16.84,
    "_mom1": 9.12,
    "stock_diff": 2.1,
    "rsi_diff": 2.74
}
