{
    "open": 108.76,
    "low": 107.85,
    "high": 109.91,
    "close": 109.72,
    "volume": 820294,
    "change": 1.15239237,
    "_rsi": 49.49292814,
    "_rsi1": 45.21794844,
    "_stock_k": 61.53970136,
    "_stock_d": 53.1944797,
    "_stock_k1": 51.98815567,
    "_stock_d1": 43.02037671,
    "_macd_blue": -1.13665116,
    "_macd_orange": -1.07431531,
    "_cci20": -14.92108037,
    "_cci201": -35.27709469,
    "_ema10": 108.60453196,
    "_ema20": 109.45763327,
    "_ema30": 109.97263742,
    "_ema50": 109.92225838,
    "_ema100": 108.27527912,
    "_ema200": 104.22869197,
    "_psar": 104.61832,
    "_wr": -20.58394161,
    "_mom": 1.92,
    "_mom1": -1.95,
    "stock_diff": 8.35,
    "rsi_diff": 4.27
}
