{
    "open": 35.57,
    "low": 34.795,
    "high": 36.84,
    "close": 36.7,
    "volume": 10515933,
    "change": -2.3416711,
    "_rsi": 54.20546791,
    "_rsi1": 58.27794408,
    "_stock_k": 69.57037037,
    "_stock_d": 77.27407407,
    "_stock_k1": 79.46666667,
    "_stock_d1": 81.26419753,
    "_macd_blue": 1.58569982,
    "_macd_orange": 1.58494044,
    "_cci20": 12.35326351,
    "_cci201": 46.57282801,
    "_ema10": 37.63535745,
    "_ema20": 36.44931938,
    "_ema30": 35.42772991,
    "_ema50": 33.7692557,
    "_ema100": 30.74602902,
    "_ema200": 26.97678718,
    "_psar": 41.2,
    "_wr": -40,
    "_mom": -0.59,
    "_mom1": 1.95,
    "stock_diff": -7.7,
    "rsi_diff": -4.07
}
