{
    "open": 327.58,
    "low": 324.26,
    "high": 329.51,
    "close": 327.71,
    "volume": 1810925,
    "change": 0.74395155,
    "_rsi": 53.53941552,
    "_rsi1": 51.81494024,
    "_stock_k": 57.62208068,
    "_stock_d": 57.32248172,
    "_stock_k1": 57.4522293,
    "_stock_d1": 57.89337108,
    "_macd_blue": -4.14428122,
    "_macd_orange": -1.29517782,
    "_cci20": 109.9052967,
    "_cci201": 78.94654523,
    "_ema10": 322.26969475,
    "_ema20": 321.49645044,
    "_ema30": 324.28298268,
    "_ema50": 331.39634889,
    "_ema100": 339.04465348,
    "_ema200": 330.97132505,
    "_psar": 308.03201016,
    "_wr": -35.5626327,
    "_mom": 16.13,
    "_mom1": 15.77,
    "stock_diff": 0.3,
    "rsi_diff": 1.72
}
