{
    "open": 17.36,
    "low": 17.09,
    "high": 17.5,
    "close": 17.42,
    "volume": 4783893,
    "change": 0.86855819,
    "_rsi": 54.32344571,
    "_rsi1": 53.12163448,
    "_stock_k": 87.17948718,
    "_stock_d": 85.55664557,
    "_stock_k1": 84.78081059,
    "_stock_d1": 85.9468188,
    "_macd_blue": -0.3484615,
    "_macd_orange": -0.07027419,
    "_cci20": 66.19072801,
    "_cci201": 55.04471684,
    "_ema10": 16.921787,
    "_ema20": 16.81151606,
    "_ema30": 17.03523411,
    "_ema50": 17.72325902,
    "_ema100": 19.08920952,
    "_ema200": 19.95738984,
    "_psar": 15.08230775,
    "_wr": -7.69230769,
    "_mom": 2.05,
    "_mom1": 1.98,
    "stock_diff": 1.62,
    "rsi_diff": 1.2
}
