{
    "open": 43.3,
    "low": 42.985,
    "high": 43.82,
    "close": 43.01,
    "volume": 2260136,
    "change": 0.04652245,
    "_rsi": 46.53709332,
    "_rsi1": 46.38291825,
    "_stock_k": 26.34329337,
    "_stock_d": 22.53391871,
    "_stock_k1": 21.62485066,
    "_stock_d1": 20.80180539,
    "_macd_blue": -0.36671723,
    "_macd_orange": -0.4162286,
    "_cci20": -24.10999464,
    "_cci201": -52.24952737,
    "_ema10": 42.9465398,
    "_ema20": 43.29723902,
    "_ema30": 43.50433721,
    "_ema50": 43.60332021,
    "_ema100": 43.51510838,
    "_ema200": 43.95213284,
    "_psar": 44.54596798,
    "_wr": -68.99879373,
    "_mom": 0.38,
    "_mom1": 0.69,
    "stock_diff": 3.81,
    "rsi_diff": 0.15
}
