{
    "open": 40.48,
    "low": 40.245,
    "high": 41.06,
    "close": 40.91,
    "volume": 2416405,
    "change": 0.86291913,
    "_rsi": 50.11824638,
    "_rsi1": 47.80234068,
    "_stock_k": 49.04592443,
    "_stock_d": 47.71201596,
    "_stock_k1": 46.79553427,
    "_stock_d1": 45.30236357,
    "_macd_blue": -0.1283001,
    "_macd_orange": -0.14575372,
    "_cci20": -24.2482989,
    "_cci201": -22.20862894,
    "_ema10": 40.71933968,
    "_ema20": 40.87467733,
    "_ema30": 40.87676693,
    "_ema50": 40.62572898,
    "_ema100": 39.96531394,
    "_ema200": 38.7448368,
    "_psar": 41.8136,
    "_wr": -47.75784753,
    "_mom": 1.12,
    "_mom1": -0.31,
    "stock_diff": 1.33,
    "rsi_diff": 2.32
}
