{
    "open": 67.02,
    "low": 67,
    "high": 67.99,
    "close": 67.95,
    "volume": 2642628,
    "change": 1.75202156,
    "_rsi": 58.61091646,
    "_rsi1": 51.86984859,
    "_stock_k": 82.35038742,
    "_stock_d": 80.59741638,
    "_stock_k1": 79.5992714,
    "_stock_d1": 82.18755851,
    "_macd_blue": -0.3163807,
    "_macd_orange": 0.02535843,
    "_cci20": 159.42796601,
    "_cci201": 75.13343061,
    "_ema10": 66.71721152,
    "_ema20": 66.51428084,
    "_ema30": 66.67848263,
    "_ema50": 67.12997145,
    "_ema100": 67.62086544,
    "_ema200": 67.11591055,
    "_psar": 65.21267254,
    "_wr": -1.03626943,
    "_mom": 2.6,
    "_mom1": 1.96,
    "stock_diff": 1.75,
    "rsi_diff": 6.74
}
