{
    "open": 382.97,
    "low": 382.435,
    "high": 392.34,
    "close": 389.48,
    "volume": 2142818,
    "change": 2.99616554,
    "_rsi": 58.29158162,
    "_rsi1": 53.59438438,
    "_stock_k": 66.14173228,
    "_stock_d": 57.92199362,
    "_stock_k1": 55.74887816,
    "_stock_d1": 57.14195315,
    "_macd_blue": -0.4396459,
    "_macd_orange": 1.46737802,
    "_cci20": 75.63853409,
    "_cci201": 3.58088162,
    "_ema10": 374.48056108,
    "_ema20": 372.72366755,
    "_ema30": 372.00082549,
    "_ema50": 369.8575283,
    "_ema100": 364.90345539,
    "_ema200": 353.58629283,
    "_psar": 354.13612901,
    "_wr": -20.33274067,
    "stock_diff": 8.22,
    "rsi_diff": 4.7
}
