{
    "open": 60.55,
    "low": 60.31,
    "high": 61.45,
    "close": 61.32,
    "volume": 2245012,
    "change": 1.67468082,
    "_rsi": 48.62943983,
    "_rsi1": 45.01883762,
    "_stock_k": 71.56936197,
    "_stock_d": 66.68184065,
    "_stock_k1": 64.34237899,
    "_stock_d1": 63.23252922,
    "_macd_blue": -1.80597347,
    "_macd_orange": -1.16252232,
    "_cci20": 15.00246878,
    "_cci201": -0.95693959,
    "_ema10": 60.4411116,
    "_ema20": 60.95023713,
    "_ema30": 62.06247261,
    "_ema50": 64.26301732,
    "_ema100": 67.57436368,
    "_ema200": 69.39576017,
    "_psar": 57.84168504,
    "_wr": -16.24203822,
    "_mom": 4.84,
    "_mom1": 1.82,
    "stock_diff": 4.89,
    "rsi_diff": 3.61
}
