{
    "open": 68.1,
    "low": 67.38,
    "high": 68.13,
    "close": 67.77,
    "volume": 7847756,
    "change": -0.42609462,
    "_rsi": 48.92052664,
    "_rsi1": 50.45353197,
    "_stock_k": 53.36236091,
    "_stock_d": 60.36123206,
    "_stock_k1": 61.0546686,
    "_stock_d1": 62.89308176,
    "_macd_blue": 0.73937765,
    "_macd_orange": 0.67502913,
    "_cci20": -9.58943716,
    "_cci201": 27.51048606,
    "_ema10": 68.7624407,
    "_ema20": 68.27358946,
    "_ema30": 67.84303838,
    "_ema50": 67.21325086,
    "_ema100": 66.11499427,
    "_ema200": 64.34259709,
    "_psar": 71.94,
    "_wr": -60.52249637,
    "_mom": 0.72,
    "_mom1": 1.49,
    "stock_diff": -7.0,
    "rsi_diff": -1.53
}
