{
    "open": 34.33,
    "low": 34.25,
    "high": 34.69,
    "close": 34.35,
    "change": 0.99970597,
    "_rsi": 41.93293145,
    "_rsi1": 40.00450519,
    "_stock_k": 33.12425425,
    "_stock_d": 22.4650393,
    "_stock_k1": 22.25752146,
    "_stock_d1": 13.29511884,
    "_macd_blue": -0.82018188,
    "_macd_orange": -1.05691871,
    "_cci20": -70.16448053,
    "_cci201": -96.695214,
    "_ema10": 34.6089224,
    "_ema20": 35.53230335,
    "_ema30": 36.0644734,
    "_ema50": 36.55370566,
    "_ema100": 36.62326143,
    "_ema200": 35.44099342,
    "_psar": 32.31,
    "_wrr": -61.86915888,
    "stock_diff": 10.66,
    "rsi_diff": 1.93
}
