{
    "open": 43.55,
    "low": 43.25,
    "high": 43.84,
    "close": 43.51,
    "volume": 3325713,
    "change": -0.09184845,
    "_rsi": 56.1918103,
    "_rsi1": 56.62365977,
    "_stock_k": 56.28710902,
    "_stock_d": 59.06243848,
    "_stock_k1": 56.87718654,
    "_stock_d1": 63.39063813,
    "_macd_blue": 0.63421417,
    "_macd_orange": 0.56437672,
    "_cci20": 27.93088269,
    "_cci201": 32.74154934,
    "_ema10": 43.5728516,
    "_ema20": 43.17652435,
    "_ema30": 42.80175874,
    "_ema50": 42.1984572,
    "_ema100": 41.06005319,
    "_ema200": 39.53872068,
    "_psar": 44.98,
    "_wr": -48.11783961,
    "_mom": -0.57,
    "_mom1": -0.76,
    "stock_diff": -2.78,
    "rsi_diff": -0.43
}
