{
    "open": 34.68,
    "low": 34.6159,
    "high": 35.55,
    "close": 35.29,
    "volume": 24795616,
    "change": 0.8862207,
    "_rsi": 62.21233389,
    "_rsi1": 61.3281988,
    "_stock_k": 64.74988312,
    "_stock_d": 65.95501532,
    "_stock_k1": 63.44086022,
    "_stock_d1": 71.7417277,
    "_macd_blue": 1.90822195,
    "_macd_orange": 1.95661692,
    "_cci20": 63.98171468,
    "_cci201": 59.8459444,
    "_ema10": 34.58833784,
    "_ema20": 33.09293579,
    "_ema30": 31.8861731,
    "_ema50": 30.22202373,
    "_ema100": 28.00028415,
    "_ema200": 25.8539676,
    "_psar": 38.179132,
    "_wr": -29.17251052,
    "_mom": 2.07,
    "_mom1": 3.77,
    "stock_diff": -1.21,
    "rsi_diff": 0.88
}
