{
    "open": 107.97,
    "low": 106.28,
    "high": 108.66,
    "close": 108.01,
    "volume": 436055,
    "change": 0.80261316,
    "_rsi": 47.173463,
    "_rsi1": 45.57741717,
    "_stock_k": 70.24948792,
    "_stock_d": 76.40309044,
    "_stock_k1": 75.00203421,
    "_stock_d1": 79.91445893,
    "_macd_blue": -1.25309426,
    "_macd_orange": -0.77726991,
    "_cci20": -20.80312085,
    "_cci201": 1.80071016,
    "_ema10": 108.7097303,
    "_ema20": 109.00483963,
    "_ema30": 109.80729163,
    "_ema50": 111.52571082,
    "_ema100": 115.20885367,
    "_ema200": 118.64055033,
    "_psar": 102.51342214,
    "_wr": -35.0631136,
    "_mom": 1.19,
    "_mom1": -2.15,
    "stock_diff": -6.15,
    "rsi_diff": 1.6
}
