{
    "open": 92.8,
    "low": 92.23,
    "high": 94.78,
    "close": 94.66,
    "volume": 2256913,
    "change": 1.97134547,
    "_rsi": 74.77679911,
    "_rsi1": 70.62086049,
    "_stock_k": 87.68848437,
    "_stock_d": 88.19042146,
    "_stock_k1": 86.46113194,
    "_stock_d1": 90.31386008,
    "_macd_blue": 2.10212426,
    "_macd_orange": 2.52578604,
    "_cci20": 105.01339916,
    "_cci201": 83.85807124,
    "_ema10": 91.84224892,
    "_ema20": 89.7136234,
    "_ema30": 88.37153158,
    "_ema50": 86.96171515,
    "_ema100": 85.47874427,
    "_ema200": 82.87499778,
    "_psar": 91.325,
    "_wr": -1.40268849,
    "_mom": 4.22,
    "_mom1": 4.07,
    "stock_diff": -0.5,
    "rsi_diff": 4.16
}
