{
    "open": 78.97,
    "low": 77.42,
    "high": 79.5,
    "close": 77.76,
    "volume": 4081385,
    "change": -1.35735126,
    "_rsi": 39.73191478,
    "_rsi1": 41.4057307,
    "_stock_k": 20.69504772,
    "_stock_d": 32.1737993,
    "_stock_k1": 33.25908818,
    "_stock_d1": 45.52576521,
    "_macd_blue": -1.57374117,
    "_macd_orange": -1.70295559,
    "_cci20": -120.48655964,
    "_cci201": -138.55408828,
    "_ema10": 80.70304502,
    "_ema20": 81.9214227,
    "_ema30": 83.20567174,
    "_ema50": 85.69861824,
    "_ema100": 89.05076323,
    "_ema200": 89.46068156,
    "_psar": 84.96387072,
    "_wr": -85.26100307,
    "_mom": -3.2,
    "_mom1": -3.57,
    "stock_diff": -11.48,
    "rsi_diff": -1.67
}
