{
    "open": 213.33,
    "low": 212.16,
    "high": 216.7988,
    "close": 213.46,
    "volume": 23716731,
    "change": -1.47242096,
    "_rsi": 49.13532522,
    "_rsi1": 51.06351597,
    "_stock_k": 85.55694966,
    "_stock_d": 88.06718544,
    "_stock_k1": 91.16870434,
    "_stock_d1": 86.74068818,
    "_macd_blue": -12.85331897,
    "_macd_orange": -7.11203421,
    "_cci20": 108.21402217,
    "_cci201": 135.4408603,
    "_ema10": 207.36989535,
    "_ema20": 209.16821874,
    "_ema30": 217.6695607,
    "_ema50": 237.03680193,
    "_ema100": 269.81102435,
    "_ema200": 291.97870204,
    "_psar": 192.62231842,
    "_wr": -17.83590963,
    "_mom": 14.96,
    "_mom1": 26.36,
    "stock_diff": -2.51,
    "rsi_diff": -1.93
}
