{
    "open": 1362.38,
    "low": 1337.12,
    "high": 1381.33,
    "close": 1379.5,
    "volume": 92839,
    "change": 1.4853124,
    "_rsi": 48.359287,
    "_rsi1": 45.42699367,
    "_stock_k": 70.80642611,
    "_stock_d": 76.63016079,
    "_stock_k1": 75.52445927,
    "_stock_d1": 79.02711008,
    "_macd_blue": -24.37742539,
    "_macd_orange": -15.96483109,
    "_cci20": -9.61155461,
    "_cci201": -14.02531926,
    "_ema10": 1373.42457921,
    "_ema20": 1380.56884921,
    "_ema30": 1395.67882812,
    "_ema50": 1423.65585038,
    "_ema100": 1453.77972855,
    "_ema200": 1428.12803022,
    "_psar": 1320.55968172,
    "_wr": -29.16925098,
    "_mom": 41.16,
    "_mom1": -28.98,
    "stock_diff": -5.82,
    "rsi_diff": 2.93
}
