{
    "open": 81.68,
    "low": 80.24,
    "high": 82.2,
    "close": 80.91,
    "volume": 1297183,
    "change": -0.76045627,
    "_rsi": 49.80984248,
    "_rsi1": 51.5796534,
    "_stock_k": 64.80041809,
    "_stock_d": 53.21344062,
    "_stock_k1": 51.74725287,
    "_stock_d1": 45.47425957,
    "_macd_blue": -0.37119025,
    "_macd_orange": -0.29363084,
    "_cci20": -5.76788612,
    "_cci201": -10.03195842,
    "_ema10": 80.64886713,
    "_ema20": 80.90410736,
    "_ema30": 80.96173814,
    "_ema50": 80.580906,
    "_ema100": 79.5790884,
    "_ema200": 78.27190566,
    "_psar": 75.3605,
    "_wr": -18.50789096,
    "_mom": 3.09,
    "_mom1": 1.55,
    "stock_diff": 11.59,
    "rsi_diff": -1.77
}
