{
    "open": 26.99,
    "low": 26.88,
    "high": 27.33,
    "close": 27.33,
    "volume": 5946241,
    "change": 1.63629602,
    "_rsi": 54.88982272,
    "_rsi1": 48.60638206,
    "_stock_k": 89.25377737,
    "_stock_d": 86.20653279,
    "_stock_k1": 85.84012275,
    "_stock_d1": 84.46481877,
    "_macd_blue": -0.40338748,
    "_macd_orange": -0.19912686,
    "_cci20": 157.33183476,
    "_cci201": 103.83756465,
    "_ema10": 26.80623941,
    "_ema20": 26.83910038,
    "_ema30": 27.08173951,
    "_ema50": 27.54685393,
    "_ema100": 28.12837798,
    "_ema200": 28.43310742,
    "_psar": 26.44319666,
    "_wr": 0,
    "_mom": 0.75,
    "_mom1": 0.2,
    "stock_diff": 3.05,
    "rsi_diff": 6.28
}
