{
    "open": 262.58,
    "low": 261.94,
    "high": 263.87,
    "close": 263.09,
    "volume": 652865,
    "change": 0.42752987,
    "_rsi": 48.26219013,
    "_rsi1": 46.67317697,
    "_stock_k": 40.94982079,
    "_stock_d": 45.47491039,
    "_stock_k1": 47.68518519,
    "_stock_d1": 46.47052967,
    "_macd_blue": -0.68366249,
    "_macd_orange": -0.86458918,
    "_cci20": -32.91796335,
    "_cci201": -33.79330237,
    "_ema10": 263.24876805,
    "_ema20": 264.14371504,
    "_ema30": 264.25123408,
    "_ema50": 262.95749596,
    "_ema100": 259.00674087,
    "_ema200": 254.67322419,
    "_psar": 255.57766976,
    "_wr": -60.03584229,
    "_mom": 5.37,
    "_mom1": -2.87,
    "stock_diff": -4.53,
    "rsi_diff": 1.59
}
