{
    "open": 84.75,
    "low": 84.49,
    "high": 85.555,
    "close": 85.42,
    "volume": 1309293,
    "change": 0.87387813,
    "_rsi": 55.66162993,
    "_rsi1": 52.56882672,
    "_stock_k": 58.46839321,
    "_stock_d": 58.82760216,
    "_stock_k1": 58.65232077,
    "_stock_d1": 59.94745675,
    "_macd_blue": -0.17629406,
    "_macd_orange": 0.07631261,
    "_cci20": 82.0338337,
    "_cci201": 57.90804055,
    "_ema10": 84.36878368,
    "_ema20": 84.15248357,
    "_ema30": 84.28565637,
    "_ema50": 84.7355594,
    "_ema100": 85.34023769,
    "_ema200": 85.57961413,
    "_psar": 83.34978474,
    "_wr": -32.6754386,
    "_mom": 1.06,
    "_mom1": 0.49,
    "stock_diff": -0.36,
    "rsi_diff": 3.09
}
