{
    "open": 144.85,
    "low": 141,
    "high": 146.51,
    "close": 141.28,
    "volume": 2489284,
    "change": -3.17982456,
    "_rsi": 32.34306414,
    "_rsi1": 36.41481695,
    "_stock_k": 10.64968126,
    "_stock_d": 19.38810038,
    "_stock_k1": 20.85326954,
    "_stock_d1": 24.80063796,
    "_macd_blue": -5.52171157,
    "_macd_orange": -5.64002365,
    "_cci20": -119.10278957,
    "_cci201": -88.13065409,
    "_ema10": 148.03107798,
    "_ema20": 152.1627955,
    "_ema30": 155.9873145,
    "_ema50": 162.1141609,
    "_ema100": 171.22185234,
    "_ema200": 178.25118126,
    "_psar": 151.90522929,
    "_wr": -98.79258301,
    "_mom": -11.38,
    "_mom1": -3.17,
    "stock_diff": -8.74,
    "rsi_diff": -4.07
}
