{
    "open": 327.28,
    "low": 321.585,
    "high": 327.44,
    "close": 325.97,
    "volume": 177369,
    "change": 0.26452585,
    "_rsi": 51.32425418,
    "_rsi1": 50.72187859,
    "_stock_k": 51.07173478,
    "_stock_d": 63.97383379,
    "_stock_k1": 64.24692769,
    "_stock_d1": 78.01752832,
    "_macd_blue": 1.13193473,
    "_macd_orange": 2.16937892,
    "_cci20": 29.38407413,
    "_cci201": 18.83445091,
    "_ema10": 327.04494488,
    "_ema20": 324.65699148,
    "_ema30": 324.29834715,
    "_ema50": 326.56397719,
    "_ema100": 334.05080153,
    "_ema200": 333.81628507,
    "_psar": 341.6675,
    "_wr": -46.0988854,
    "_mom": 13,
    "_mom1": 5.52,
    "stock_diff": -12.9,
    "rsi_diff": 0.6
}
