{
    "open": 26.15,
    "low": 25.96,
    "high": 27.16,
    "close": 27.03,
    "volume": 10335759,
    "change": 3.20733104,
    "_rsi": 64.72583244,
    "_rsi1": 61.10611699,
    "_stock_k": 72.04481793,
    "_stock_d": 63.00653595,
    "_stock_k1": 62.24089636,
    "_stock_d1": 55.66760037,
    "_macd_blue": 0.64330932,
    "_macd_orange": 0.72422498,
    "_cci20": 104.25125938,
    "_cci201": 79.81843131,
    "_ema10": 25.45654765,
    "_ema20": 24.90855225,
    "_ema30": 24.42080391,
    "_ema50": 23.62552889,
    "_ema100": 22.32001562,
    "_ema200": 20.87215514,
    "_psar": 21.98,
    "_wr": -15.12605042,
    "_mom": 0.7,
    "_mom1": 0.73,
    "stock_diff": 9.04,
    "rsi_diff": 3.62
}
