{
    "open": 318.05,
    "low": 315.725,
    "high": 326.8473,
    "close": 317.49,
    "volume": 360077,
    "change": -1.98203205,
    "_rsi": 55.15189235,
    "_rsi1": 58.00550006,
    "_stock_k": 80.03303149,
    "_stock_d": 78.06063367,
    "_stock_k1": 81.08092716,
    "_stock_d1": 74.48981529,
    "_macd_blue": 2.01784149,
    "_macd_orange": 4.03112031,
    "_cci20": 80.03925409,
    "_cci201": 86.43160255,
    "_ema10": 310.20908024,
    "_ema20": 306.06470105,
    "_ema30": 305.02179996,
    "_ema50": 310.52825493,
    "_ema100": 332.57505657,
    "_ema200": 344.08365732,
    "_psar": 275.21208192,
    "_wr": -20.51939176,
    "_mom": 6.29,
    "_mom1": 17.79,
    "stock_diff": 1.97,
    "rsi_diff": -2.85
}
