{
    "open": 462.74,
    "low": 459.38,
    "high": 466.19,
    "close": 465.86,
    "volume": 205897,
    "change": 0.95568317,
    "_rsi": 60.66209669,
    "_rsi1": 57.96977053,
    "_stock_k": 85.14540215,
    "_stock_d": 84.33615696,
    "_stock_k1": 83.3988298,
    "_stock_d1": 86.00704451,
    "_macd_blue": 2.84543601,
    "_macd_orange": 5.03480906,
    "_cci20": 104.62741501,
    "_cci201": 99.57850703,
    "_ema10": 458.7481993,
    "_ema20": 453.76213173,
    "_ema30": 451.89809471,
    "_ema50": 452.3078758,
    "_ema100": 456.5234317,
    "_ema200": 455.54339382,
    "_psar": 438.16878896,
    "_wr": -7.6499869,
    "_mom": 33.55,
    "_mom1": 25.06,
    "stock_diff": 0.81,
    "rsi_diff": 2.69
}
