{
    "open": 264.61,
    "low": 262.75,
    "high": 265.7999,
    "close": 265.67,
    "volume": 722771,
    "change": 0.98065301,
    "_rsi": 51.82345137,
    "_rsi1": 48.26219013,
    "_stock_k": 42.65971764,
    "_stock_d": 43.76490787,
    "_stock_k1": 40.94982079,
    "_stock_d1": 45.47491039,
    "_macd_blue": -0.67148373,
    "_macd_orange": -0.62276872,
    "_cci20": -5.82277657,
    "_cci201": -32.91796335,
    "_ema10": 263.68899204,
    "_ema20": 264.28907552,
    "_ema30": 264.34276736,
    "_ema50": 263.06386867,
    "_ema100": 259.1386866,
    "_ema200": 254.78264485,
    "_psar": 256.10856297,
    "_wr": -46.93124135,
    "_mom": 11.16,
    "_mom1": 5.37,
    "stock_diff": -1.11,
    "rsi_diff": 3.56
}
