{
    "open": 106.57,
    "low": 106.4,
    "high": 108.08,
    "close": 107.47,
    "volume": 2196538,
    "change": 0.59908265,
    "_rsi": 63.73048843,
    "_rsi1": 61.57533886,
    "_stock_k": 81.74670842,
    "_stock_d": 79.47811261,
    "_stock_k1": 80.49906938,
    "_stock_d1": 78.67561063,
    "_macd_blue": 1.11086684,
    "_macd_orange": 1.28089279,
    "_cci20": 81.56444333,
    "_cci201": 66.7539671,
    "_ema10": 106.1388595,
    "_ema20": 105.06640717,
    "_ema30": 104.39403382,
    "_ema50": 103.69245357,
    "_ema100": 102.92059342,
    "_ema200": 101.53332517,
    "_psar": 104.86,
    "_wr": -15.60381654,
    "_mom": 1.28,
    "_mom1": 1.5,
    "stock_diff": 2.27,
    "rsi_diff": 2.16
}
