{
    "open": 439.05,
    "low": 418.665,
    "high": 439.99,
    "close": 430.44,
    "volume": 663420,
    "change": -1.33406684,
    "_rsi": 43.98562224,
    "_rsi1": 45.26043252,
    "_stock_k": 64.618957,
    "_stock_d": 62.34477122,
    "_stock_k1": 64.71185283,
    "_stock_d1": 58.74540455,
    "_macd_blue": -20.73180748,
    "_macd_orange": -16.5182795,
    "_cci20": -30.13439606,
    "_cci201": -29.21173678,
    "_ema10": 434.41295814,
    "_ema20": 444.42201497,
    "_ema30": 457.50793543,
    "_ema50": 483.38989612,
    "_ema100": 530.43926764,
    "_ema200": 558.85863606,
    "_psar": 398.68551619,
    "_wr": -35.1575642,
    "_mom": 29.77,
    "_mom1": 6.17,
    "stock_diff": 2.27,
    "rsi_diff": -1.27
}
