{
    "open": 71.16,
    "low": 71.015,
    "high": 71.83,
    "close": 71.74,
    "volume": 13295707,
    "change": 1.02802422,
    "_rsi": 64.1770636,
    "_rsi1": 60.05409996,
    "_stock_k": 66.58335608,
    "_stock_d": 66.19541214,
    "_stock_k1": 63.89201366,
    "_stock_d1": 68.85308178,
    "_macd_blue": 0.77439143,
    "_macd_orange": 0.84228008,
    "_cci20": 80.7778611,
    "_cci201": 52.64187241,
    "_ema10": 70.90509353,
    "_ema20": 70.21985088,
    "_ema30": 69.7653541,
    "_ema50": 69.28820707,
    "_ema100": 68.62117307,
    "_ema200": 67.50768198,
    "_psar": 72.11200378,
    "_wr": -22.90909091,
    "_mom": 1.07,
    "_mom1": 0.81,
    "stock_diff": 0.39,
    "rsi_diff": 4.12
}
