{
    "open": 77.11,
    "low": 76.06,
    "high": 78.4,
    "close": 78.32,
    "volume": 17588384,
    "change": 1.51652625,
    "_rsi": 55.81938248,
    "_rsi1": 53.00020573,
    "_stock_k": 53.31852948,
    "_stock_d": 41.01196518,
    "_stock_k1": 35.59009558,
    "_stock_d1": 40.75691837,
    "_macd_blue": 0.48841129,
    "_macd_orange": 0.39420289,
    "_cci20": 96.32099661,
    "_cci201": 21.84228746,
    "_ema10": 76.68419026,
    "_ema20": 76.52198524,
    "_ema30": 76.0317557,
    "_ema50": 74.52471275,
    "_ema100": 70.9452643,
    "_ema200": 65.66464066,
    "_psar": 79.53275196,
    "_wr": -23.83419689,
    "_mom": 0.59,
    "_mom1": -0.22,
    "stock_diff": 12.31,
    "rsi_diff": 2.82
}
