{
    "open": 320.64,
    "low": 315.745,
    "high": 320.94,
    "close": 318.74,
    "volume": 1813379,
    "change": 0.2200981,
    "_rsi": 61.58424655,
    "_rsi1": 61.2399704,
    "_stock_k": 94.13733712,
    "_stock_d": 93.99598957,
    "_stock_k1": 94.58735361,
    "_stock_d1": 94.95720618,
    "_macd_blue": 0.22825717,
    "_macd_orange": 4.27401204,
    "_cci20": 125.59405505,
    "_cci201": 130.26027045,
    "_ema10": 307.7896303,
    "_ema20": 302.339987,
    "_ema30": 301.94609029,
    "_ema50": 304.85982795,
    "_ema100": 309.36605364,
    "_ema200": 305.14611331,
    "_psar": 289.87434237,
    "_wr": -4.11753696,
    "_mom": 37.98,
    "_mom1": 34.56,
    "stock_diff": 0.14,
    "rsi_diff": 0.34
}
