{
    "open": 57.5,
    "low": 57.18,
    "high": 60.71,
    "close": 58.71,
    "volume": 37633106,
    "change": 1.66233766,
    "_rsi": 63.99781444,
    "_rsi1": 62.54086578,
    "_stock_k": 65.13985388,
    "_stock_d": 73.33952337,
    "_stock_k1": 71.50546162,
    "_stock_d1": 79.51984871,
    "_macd_blue": 4.5362746,
    "_macd_orange": 4.34352949,
    "_cci20": 72.48568602,
    "_cci201": 69.03663327,
    "_ema10": 57.49997543,
    "_ema20": 54.38342076,
    "_ema30": 51.47396419,
    "_ema50": 47.10561604,
    "_ema100": 41.0213746,
    "_ema200": 35.4183373,
    "_psar": 63.24,
    "_wr": -37.1007371,
    "_mom": 0.76,
    "_mom1": -0.38,
    "stock_diff": -8.2,
    "rsi_diff": 1.46
}
