{
    "open": 177.02,
    "low": 176.23,
    "high": 197.72,
    "close": 189.11,
    "volume": 6728224,
    "change": 10.73310692,
    "_rsi": 35.4005224,
    "_rsi1": 27.23398351,
    "_stock_k": 10.05951809,
    "_stock_d": 6.07307488,
    "_stock_k1": 2.80574099,
    "_stock_d1": 6.52696627,
    "_macd_blue": -23.41957183,
    "_macd_orange": -28.49549708,
    "_cci20": -78.88418055,
    "_cci201": -119.09997305,
    "_ema10": 197.8279275,
    "_ema20": 221.58225443,
    "_ema30": 237.70058378,
    "_ema50": 259.31798859,
    "_ema100": 282.98617175,
    "_ema200": 290.18061285,
    "_psar": 201.29583181,
    "_wr": -77.76085301,
    "_mom": -75.58,
    "_mom1": -92.41,
    "stock_diff": 3.99,
    "rsi_diff": 8.17
}
