{
    "open": 127.39,
    "low": 124.445,
    "high": 127.43,
    "close": 126.23,
    "volume": 736853,
    "change": -0.32375237,
    "_rsi": 54.19397374,
    "_rsi1": 54.87877637,
    "_stock_k": 82.95132994,
    "_stock_d": 83.84738729,
    "_stock_k1": 84.56423316,
    "_stock_d1": 86.26674212,
    "_macd_blue": -0.64822461,
    "_macd_orange": 0.62928064,
    "_cci20": 71.02357232,
    "_cci201": 70.72987439,
    "_ema10": 124.68514722,
    "_ema20": 123.44070792,
    "_ema30": 123.92313744,
    "_ema50": 126.48002052,
    "_ema100": 131.61323498,
    "_ema200": 132.7235723,
    "_psar": 118.04807322,
    "_wr": -15.70458404,
    "_mom": 10.71,
    "_mom1": 10.85,
    "stock_diff": -0.9,
    "rsi_diff": -0.68
}
