{
    "open": 64.64,
    "low": 64.5,
    "high": 65.79,
    "close": 65.34,
    "volume": 1411179,
    "change": 0.06120518,
    "_rsi": 67.70601357,
    "_rsi1": 67.57791656,
    "_stock_k": 88.22835183,
    "_stock_d": 92.23181556,
    "_stock_k1": 92.61211209,
    "_stock_d1": 93.90159397,
    "_macd_blue": 1.35111219,
    "_macd_orange": 1.6538154,
    "_cci20": 108.47521652,
    "_cci201": 135.83338122,
    "_ema10": 64.08308974,
    "_ema20": 62.72809165,
    "_ema30": 61.7391134,
    "_ema50": 60.20889286,
    "_ema100": 57.64929806,
    "_ema200": 54.65175255,
    "_psar": 62.61454293,
    "_wr": -14.68821125,
    "_mom": 3.466636,
    "_mom1": 4.180002,
    "stock_diff": -4.0,
    "rsi_diff": 0.13
}
