{
    "open": 194.44,
    "low": 192.01,
    "high": 194.96,
    "close": 192.34,
    "volume": 1816058,
    "change": -1.37927498,
    "_rsi": 53.51874273,
    "_rsi1": 58.08422879,
    "_stock_k": 84.37101482,
    "_stock_d": 89.74787502,
    "_stock_k1": 92.43935084,
    "_stock_d1": 93.15012508,
    "_macd_blue": -1.37266034,
    "_macd_orange": 0.25305703,
    "_cci20": 115.68342849,
    "_cci201": 167.13446965,
    "_ema10": 190.74035845,
    "_ema20": 189.60120346,
    "_ema30": 190.47163575,
    "_ema50": 193.63975053,
    "_ema100": 200.62371804,
    "_ema200": 205.94704101,
    "_psar": 187.2045237,
    "_wr": -25.75539568,
    "_mom": 6.94,
    "_mom1": 11.79,
    "stock_diff": -5.38,
    "rsi_diff": -4.57
}
