{
    "open": 48.54,
    "low": 48.37,
    "high": 49.205,
    "close": 48.7,
    "volume": 6003547,
    "change": 0.12335526,
    "_rsi": 46.0737112,
    "_rsi1": 45.83282336,
    "_stock_k": 58.04794521,
    "_stock_d": 62.81849521,
    "_stock_k1": 64.590301,
    "_stock_d1": 66.36026043,
    "_macd_blue": -0.84816171,
    "_macd_orange": -0.69040115,
    "_cci20": -4.74870798,
    "_cci201": -25.85851178,
    "_ema10": 48.89185716,
    "_ema20": 49.3376991,
    "_ema30": 49.80495727,
    "_ema50": 50.19638547,
    "_ema100": 49.77790639,
    "_ema200": 47.83143033,
    "_psar": 47.96433136,
    "_wr": -38.35616438,
    "_mom": 1.82,
    "_mom1": 1.36,
    "stock_diff": -4.77,
    "rsi_diff": 0.24
}
