{
    "open": 228.37,
    "low": 225.73,
    "high": 228.6254,
    "close": 227.4,
    "volume": 158695,
    "change": 0.13650975,
    "_rsi": 51.66812102,
    "_rsi1": 51.30733287,
    "_stock_k": 77.48681578,
    "_stock_d": 82.79597325,
    "_stock_k1": 82.90598291,
    "_stock_d1": 87.7940874,
    "_macd_blue": -1.29428868,
    "_macd_orange": 0.01444955,
    "_cci20": 53.252864,
    "_cci201": 61.60602297,
    "_ema10": 226.38033259,
    "_ema20": 225.58944112,
    "_ema30": 226.47060279,
    "_ema50": 229.65036326,
    "_ema100": 234.59065088,
    "_ema200": 232.44977061,
    "_psar": 218.09093116,
    "_wr": -24.76813966,
    "_mom": 12.35,
    "_mom1": 12.03,
    "stock_diff": -5.31,
    "rsi_diff": 0.36
}
