{
    "open": 79.5,
    "low": 79.5,
    "high": 80.99,
    "close": 80.97,
    "volume": 1768353,
    "change": 1.59347553,
    "_rsi": 55.32954848,
    "_rsi1": 51.43004454,
    "_stock_k": 67.87906669,
    "_stock_d": 50.7150508,
    "_stock_k1": 48.22513829,
    "_stock_d1": 37.84418937,
    "_macd_blue": -0.91181438,
    "_macd_orange": -0.69605792,
    "_cci20": 37.28566232,
    "_cci201": -5.07088445,
    "_ema10": 78.62630044,
    "_ema20": 79.13576188,
    "_ema30": 79.46063359,
    "_ema50": 79.22499733,
    "_ema100": 77.24487347,
    "_ema200": 73.32101235,
    "_psar": 74.94571862,
    "_wr": -9.86666667,
    "_mom": 3.48,
    "_mom1": -0.62,
    "stock_diff": 17.16,
    "rsi_diff": 3.9
}
