{
    "open": 874.49,
    "low": 867.39,
    "high": 907.85,
    "close": 905.39,
    "volume": 33470672,
    "change": 3.87677834,
    "_rsi": 55.9220784,
    "_rsi1": 52.13064286,
    "_stock_k": 82.54164033,
    "_stock_d": 66.89420258,
    "_stock_k1": 67.63519135,
    "_stock_d1": 54.80585439,
    "_macd_blue": -24.83093735,
    "_macd_orange": -13.62134186,
    "_cci20": 151.91957748,
    "_cci201": 65.66962826,
    "_ema10": 844.33403166,
    "_ema20": 848.53295288,
    "_ema30": 863.19451473,
    "_ema50": 890.97071536,
    "_ema100": 907.57480943,
    "_ema200": 856.44426785,
    "_psar": 743.85802873,
    "_wr": -1.62044661,
    "_mom": 67.1,
    "_mom1": 32.31,
    "stock_diff": 15.65,
    "rsi_diff": 3.79
}
