{
    "open": 15.24,
    "low": 15.16,
    "high": 15.51,
    "close": 15.28,
    "volume": 1883719,
    "change": -0.71474984,
    "_rsi": 52.85587448,
    "_rsi1": 54.05578845,
    "_stock_k": 84.76467615,
    "_stock_d": 87.87981295,
    "_stock_k1": 88.62098759,
    "_stock_d1": 89.56805301,
    "_macd_blue": -0.27638569,
    "_macd_orange": -0.0499277,
    "_cci20": 60.19248418,
    "_cci201": 85.97192817,
    "_ema10": 15.00331454,
    "_ema20": 14.91435688,
    "_ema30": 15.0802821,
    "_ema50": 15.59782374,
    "_ema100": 16.6448086,
    "_ema200": 17.27835949,
    "_psar": 13.34053177,
    "_wr": -17.08074534,
    "_mom": 1.52,
    "_mom1": 2.34,
    "stock_diff": -3.12,
    "rsi_diff": -1.2
}
