{
    "open": 335.16,
    "low": 331.45,
    "high": 338.265,
    "close": 331.86,
    "volume": 295633,
    "change": -1.86592542,
    "_rsi": 58.31247053,
    "_rsi1": 63.28513997,
    "_stock_k": 74.94705633,
    "_stock_d": 83.97990045,
    "_stock_k1": 85.17238687,
    "_stock_d1": 90.79326683,
    "_macd_blue": 6.76509898,
    "_macd_orange": 8.32391456,
    "_cci20": 95.28445171,
    "_cci201": 143.43260731,
    "_ema10": 329.85934077,
    "_ema20": 322.94509129,
    "_ema30": 318.21450428,
    "_ema50": 312.19379615,
    "_ema100": 302.6534019,
    "_ema200": 285.86232406,
    "_psar": 322.58909256,
    "_wr": -33.37568827,
    "_mom": 19.61,
    "_mom1": 29.6,
    "stock_diff": -9.03,
    "rsi_diff": -4.97
}
