{
    "open": 32.65,
    "low": 32.65,
    "high": 32.91,
    "close": 32.9,
    "change": 1.19963088,
    "_rsi": 70.45590006,
    "_rsi1": 66.25726992,
    "_stock_k": 95.28340081,
    "_stock_d": 82.58043018,
    "_stock_k1": 80.33063428,
    "_stock_d1": 75.21370477,
    "_macd_blue": 0.26962479,
    "_macd_orange": 0.3596995,
    "_cci20": 182.70285088,
    "_cci201": 114.22017715,
    "_ema10": 32.16199995,
    "_ema20": 31.84527674,
    "_ema30": 31.66592026,
    "_ema50": 31.49006911,
    "_ema100": 31.20019158,
    "_ema200": 30.324078,
    "_psar": 31.55,
    "_wrr": -0.52631579,
    "stock_diff": 12.7,
    "rsi_diff": 4.2
}
