{
    "open": 77.41,
    "low": 76.78,
    "high": 78.83,
    "close": 77.23,
    "volume": 67371,
    "change": 2.87731451,
    "_rsi": 56.72159603,
    "_rsi1": 53.86896325,
    "_stock_k": 52.92599902,
    "_stock_d": 61.49716507,
    "_stock_k1": 57.64410138,
    "_stock_d1": 72.02202907,
    "_macd_blue": 5.3897092,
    "_macd_orange": 4.60623536,
    "_cci20": 30.27246625,
    "_cci201": 18.87305301,
    "_ema10": 78.26930192,
    "_ema20": 75.246567,
    "_ema30": 71.9026806,
    "_ema50": 66.62217329,
    "_ema100": 59.23141447,
    "_ema200": 51.55380247,
    "_psar": 86.451488,
    "_wr": -48.41849148,
    "_mom": 2.74,
    "_mom1": 0.33,
    "stock_diff": -8.57,
    "rsi_diff": 2.85
}
