{
    "open": 117.24,
    "low": 116.27,
    "high": 117.91,
    "close": 117.58,
    "volume": 532574,
    "change": 1.03978689,
    "_rsi": 50.68226533,
    "_rsi1": 49.17440297,
    "_stock_k": 69.94873806,
    "_stock_d": 65.32803769,
    "_stock_k1": 63.9506287,
    "_stock_d1": 62.54098889,
    "_macd_blue": -1.52643624,
    "_macd_orange": -0.85907445,
    "_cci20": 5.07173674,
    "_cci201": -8.35069607,
    "_ema10": 116.19129278,
    "_ema20": 116.62769664,
    "_ema30": 117.20476283,
    "_ema50": 117.73771174,
    "_ema100": 118.11787851,
    "_ema200": 116.90609315,
    "_psar": 107.00186646,
    "_wr": -20.5561993,
    "_mom": 8.46,
    "_mom1": 7.73,
    "stock_diff": 4.62,
    "rsi_diff": 1.51
}
