{
    "open": 99.54,
    "low": 98.7,
    "high": 100.56,
    "close": 100.51,
    "volume": 1882454,
    "change": 1.83383992,
    "_rsi": 56.12135009,
    "_rsi1": 51.31707436,
    "_stock_k": 75.25510204,
    "_stock_d": 77.10910571,
    "_stock_k1": 75.21258503,
    "_stock_d1": 82.34800139,
    "_macd_blue": -0.41350313,
    "_macd_orange": 0.22025877,
    "_cci20": 96.82612191,
    "_cci201": 61.59552584,
    "_ema10": 98.82209861,
    "_ema20": 98.28390493,
    "_ema30": 98.54137244,
    "_ema50": 99.51047837,
    "_ema100": 101.72393838,
    "_ema200": 104.6292387,
    "_psar": 95.33616398,
    "_wr": -9.69387755,
    "_mom": 6.36,
    "_mom1": 3.65,
    "stock_diff": -1.85,
    "rsi_diff": 4.8
}
