{
    "open": 15.92,
    "low": 15.87,
    "high": 16.36,
    "close": 16.01,
    "volume": 53296,
    "change": 0.94577554,
    "_rsi": 50.02489921,
    "_rsi1": 49.20055415,
    "_stock_k": 44.50757576,
    "_stock_d": 36.33207071,
    "_stock_k1": 32.57575758,
    "_stock_d1": 41.5719697,
    "_macd_blue": -0.58066454,
    "_macd_orange": -0.46229438,
    "_cci20": 46.86855647,
    "_cci201": -30.06043076,
    "_ema10": 15.47076459,
    "_ema20": 15.74744312,
    "_ema30": 16.11813396,
    "_ema50": 16.78517465,
    "_ema100": 17.64727921,
    "_ema200": 17.72522267,
    "_psar": 14.05,
    "_wr": -36.36363636,
    "_mom": -0.23,
    "_mom1": 0.02,
    "stock_diff": 8.18,
    "rsi_diff": 0.82
}
