{
    "open": 211,
    "low": 210.5,
    "high": 214.64,
    "close": 214.28,
    "volume": 6434529,
    "change": 2.08670796,
    "_rsi": 44.28196146,
    "_rsi1": 37.77884897,
    "_stock_k": 31.42738761,
    "_stock_d": 35.86925709,
    "_stock_k1": 32.73254609,
    "_stock_d1": 38.13485159,
    "_macd_blue": -3.30291327,
    "_macd_orange": -3.4879235,
    "_cci20": -78.32198252,
    "_cci201": -125.06968165,
    "_ema10": 214.46555508,
    "_ema20": 217.09301673,
    "_ema30": 219.38065879,
    "_ema50": 222.86887848,
    "_ema100": 226.50289053,
    "_ema200": 224.09024494,
    "_psar": 222.8136,
    "_wr": -54.7545059,
    "_mom": -3.44,
    "_mom1": -11.27,
    "stock_diff": -4.44,
    "rsi_diff": 6.5
}
