{
    "open": 156.15,
    "low": 154.29,
    "high": 157.41,
    "close": 157.33,
    "volume": 1896452,
    "change": 0.92372827,
    "_rsi": 59.29638298,
    "_rsi1": 56.91400244,
    "_stock_k": 71.41507205,
    "_stock_d": 76.01394784,
    "_stock_k1": 74.58067564,
    "_stock_d1": 82.21290519,
    "_macd_blue": 1.53731035,
    "_macd_orange": 2.29805984,
    "_cci20": 72.54940372,
    "_cci201": 76.04265052,
    "_ema10": 155.7598079,
    "_ema20": 153.55770028,
    "_ema30": 152.65487755,
    "_ema50": 152.12058682,
    "_ema100": 149.76080599,
    "_ema200": 141.76319169,
    "_psar": 160.7152,
    "_wr": -24.94684621,
    "_mom": 9.5,
    "_mom1": 4.81,
    "stock_diff": -4.6,
    "rsi_diff": 2.38
}
