{
    "open": 278.86,
    "low": 272.71,
    "high": 283.58,
    "close": 276.92,
    "volume": 57792190,
    "change": -1.62699822,
    "_rsi": 61.81808934,
    "_rsi1": 64.09435765,
    "_stock_k": 88.2653427,
    "_stock_d": 87.30896782,
    "_stock_k1": 87.53283822,
    "_stock_d1": 89.08428034,
    "_macd_blue": 1.66953174,
    "_macd_orange": 7.64677964,
    "_cci20": 152.19054539,
    "_cci201": 169.16053514,
    "_ema10": 259.11227289,
    "_ema20": 250.29560478,
    "_ema30": 248.4522898,
    "_ema50": 250.34083944,
    "_ema100": 251.23411205,
    "_ema200": 234.50664576,
    "_psar": 240.12365483,
    "_wr": -8.64037364,
    "_mom": 55.92,
    "_mom1": 54.92,
    "stock_diff": 0.96,
    "rsi_diff": -2.28
}
