{
    "open": 702.87,
    "low": 694.39,
    "high": 704.25,
    "close": 703.36,
    "volume": 521686,
    "change": 0.44556152,
    "_rsi": 62.15513946,
    "_rsi1": 61.01642689,
    "_stock_k": 89.67541269,
    "_stock_d": 80.43650909,
    "_stock_k1": 80.625,
    "_stock_d1": 74.81042167,
    "_macd_blue": 7.66334213,
    "_macd_orange": 9.43333229,
    "_cci20": 126.25932799,
    "_cci201": 105.42481061,
    "_ema10": 690.9956011,
    "_ema20": 682.95946756,
    "_ema30": 678.01892224,
    "_ema50": 672.35581325,
    "_ema100": 659.67223031,
    "_ema200": 628.03985355,
    "_psar": 678.78442571,
    "_wr": -1.65735568,
    "_mom": 28.25,
    "_mom1": 24.66,
    "stock_diff": 9.24,
    "rsi_diff": 1.14
}
