{
    "open": 97.65,
    "low": 97.36,
    "high": 98.575,
    "close": 97.97,
    "volume": 673587,
    "change": 0.75071987,
    "_rsi": 50.5379247,
    "_rsi1": 48.0989701,
    "_stock_k": 35.92513594,
    "_stock_d": 35.17826079,
    "_stock_k1": 34.19170243,
    "_stock_d1": 34.73669869,
    "_macd_blue": -0.47212219,
    "_macd_orange": -0.32303238,
    "_cci20": 34.55078935,
    "_cci201": -22.30791111,
    "_ema10": 97.45954882,
    "_ema20": 97.61837382,
    "_ema30": 97.88812238,
    "_ema50": 97.97000171,
    "_ema100": 96.33883002,
    "_ema200": 93.03039948,
    "_psar": 101.02436488,
    "_wr": -55.13078471,
    "_mom": 2.82,
    "_mom1": 1.32,
    "stock_diff": 0.75,
    "rsi_diff": 2.44
}
