{
    "open": 90.99,
    "low": 88.94,
    "high": 91.07,
    "close": 89.74,
    "volume": 2858837,
    "change": -2.11605585,
    "_rsi": 46.39718261,
    "_rsi1": 49.91422321,
    "_stock_k": 57.8046174,
    "_stock_d": 59.67965051,
    "_stock_k1": 62.28723213,
    "_stock_d1": 60.28826914,
    "_macd_blue": -1.64663516,
    "_macd_orange": -1.02117002,
    "_cci20": -7.89987712,
    "_cci201": 64.77339502,
    "_ema10": 90.46842302,
    "_ema20": 90.83632829,
    "_ema30": 91.96162223,
    "_ema50": 94.73097561,
    "_ema100": 100.48773888,
    "_ema200": 106.24146677,
    "_psar": 84.828278,
    "_wr": -45.94594595,
    "_mom": 1.17,
    "_mom1": 5.82,
    "stock_diff": -1.88,
    "rsi_diff": -3.52
}
