{
    "open": 91.23,
    "low": 89.75,
    "high": 92.0324,
    "close": 89.75,
    "volume": 6159257,
    "change": -2.65726681,
    "_rsi": 57.91270859,
    "_rsi1": 63.70278558,
    "_stock_k": 89.01619989,
    "_stock_d": 92.3421845,
    "_stock_k1": 93.32324424,
    "_stock_d1": 95.40542049,
    "_macd_blue": -0.33414273,
    "_macd_orange": 1.08476181,
    "_cci20": 118.87069639,
    "_cci201": 160.02238456,
    "_ema10": 87.41916747,
    "_ema20": 85.91636775,
    "_ema30": 85.79300784,
    "_ema50": 85.75848774,
    "_ema100": 84.16647278,
    "_ema200": 79.13119769,
    "_psar": 82.87263274,
    "_wr": -17.69188895,
    "_mom": 10.36,
    "_mom1": 16.51,
    "stock_diff": -3.33,
    "rsi_diff": -5.79
}
