{
    "open": 241.2,
    "low": 239.06,
    "high": 248.42,
    "close": 247.66,
    "volume": 47193367,
    "change": 1.10222077,
    "_rsi": 54.69576349,
    "_rsi1": 53.66667162,
    "_stock_k": 83.94527995,
    "_stock_d": 59.25891509,
    "_stock_k1": 56.86176837,
    "_stock_d1": 42.31726863,
    "_macd_blue": -6.4222739,
    "_macd_orange": -3.89387226,
    "_cci20": 103.37673434,
    "_cci201": 57.05335227,
    "_ema10": 232.8692299,
    "_ema20": 234.50910039,
    "_ema30": 238.24730818,
    "_ema50": 245.2870571,
    "_ema100": 248.99369996,
    "_ema200": 232.39068246,
    "_psar": 209.48736922,
    "_wr": -1.8129771,
    "_mom": 10.52,
    "_mom1": 2.76,
    "stock_diff": 24.69,
    "rsi_diff": 1.03
}
