{
    "open": 537.3,
    "low": 531.79,
    "high": 556.7,
    "close": 556.22,
    "volume": 1211355,
    "change": 4.75150191,
    "_rsi": 53.68789974,
    "_rsi1": 48.08060498,
    "_stock_k": 86.57809299,
    "_stock_d": 81.8834403,
    "_stock_k1": 78.41069343,
    "_stock_d1": 76.78855451,
    "_macd_blue": -17.75599977,
    "_macd_orange": -8.99194106,
    "_cci20": 66.62497409,
    "_cci201": 33.50476202,
    "_ema10": 531.20701175,
    "_ema20": 533.25204307,
    "_ema30": 543.56612889,
    "_ema50": 563.95285594,
    "_ema100": 588.75574401,
    "_ema200": 589.69864938,
    "_psar": 482.78848739,
    "_wr": -0.52956752,
    "_mom": 59.15,
    "_mom1": 13.68,
    "stock_diff": 4.69,
    "rsi_diff": 5.61
}
