{
    "open": 120.12,
    "low": 120.12,
    "high": 124.54,
    "close": 124.51,
    "volume": 3123709,
    "change": 2.89232295,
    "_rsi": 61.62859632,
    "_rsi1": 57.61100326,
    "_stock_k": 87.46362212,
    "_stock_d": 86.33503016,
    "_stock_k1": 82.35019067,
    "_stock_d1": 81.95528518,
    "_macd_blue": 2.4436816,
    "_macd_orange": 2.88860613,
    "_cci20": 140.67241623,
    "_cci201": 120.36334822,
    "_ema10": 120.14625188,
    "_ema20": 117.90510439,
    "_ema30": 115.94791754,
    "_ema50": 112.09607521,
    "_ema100": 104.14805674,
    "_ema200": 93.59965409,
    "_psar": 111.6487498,
    "_wr": -2.55204835,
    "_mom": 7.83,
    "_mom1": 1.13,
    "stock_diff": 1.13,
    "rsi_diff": 4.02
}
