{
    "open": 409.61,
    "low": 405.99,
    "high": 410.62,
    "close": 407.67,
    "volume": 2066780,
    "change": 0.48310369,
    "_rsi": 55.54472488,
    "_rsi1": 54.57471337,
    "_stock_k": 83.1372549,
    "_stock_d": 85.7182897,
    "_stock_k1": 83.73329245,
    "_stock_d1": 86.81690965,
    "_macd_blue": -1.2680885,
    "_macd_orange": 2.22691319,
    "_cci20": 95.21352337,
    "_cci201": 103.45211853,
    "_ema10": 401.58790535,
    "_ema20": 397.8113681,
    "_ema30": 398.84195628,
    "_ema50": 405.42926599,
    "_ema100": 417.26921747,
    "_ema200": 415.72849212,
    "_psar": 377.99538988,
    "_wr": -20.43829296,
    "_mom": 24.92,
    "_mom1": 14.2,
    "stock_diff": -2.58,
    "rsi_diff": 0.97
}
