{
    "open": 237.56,
    "low": 236.47,
    "high": 241.04,
    "close": 240.26,
    "volume": 2337623,
    "change": 1.75334576,
    "_rsi": 51.49394682,
    "_rsi1": 45.94739565,
    "_stock_k": 87.28393694,
    "_stock_d": 81.41035613,
    "_stock_k1": 78.52903508,
    "_stock_d1": 77.08638172,
    "_macd_blue": -4.72244119,
    "_macd_orange": -2.85891233,
    "_cci20": 53.47661027,
    "_cci201": 22.05232131,
    "_ema10": 236.10223062,
    "_ema20": 237.29591319,
    "_ema30": 239.93220066,
    "_ema50": 244.05729735,
    "_ema100": 247.16216605,
    "_ema200": 243.88608654,
    "_psar": 227.13018397,
    "_wr": -3.33832656,
    "_mom": 18.26,
    "_mom1": 13.65,
    "stock_diff": 5.87,
    "rsi_diff": 5.55
}
