{
    "open": 73.84,
    "low": 73.04,
    "high": 73.88,
    "close": 73.7,
    "volume": 607926,
    "change": 0.38136747,
    "_rsi": 56.03846256,
    "_rsi1": 54.93842453,
    "_stock_k": 52.82910962,
    "_stock_d": 59.87502794,
    "_stock_k1": 59.19764187,
    "_stock_d1": 65.14508631,
    "_macd_blue": 1.00814341,
    "_macd_orange": 0.94231352,
    "_cci20": 33.54680978,
    "_cci201": 42.30999342,
    "_ema10": 73.53573971,
    "_ema20": 72.85177893,
    "_ema30": 72.24833099,
    "_ema50": 71.43395224,
    "_ema100": 71.11827364,
    "_ema200": 72.83533946,
    "_psar": 72.82482141,
    "_wr": -62.04188482,
    "_mom": 0.45,
    "_mom1": -0.2,
    "stock_diff": -7.05,
    "rsi_diff": 1.1
}
