{
    "open": 139.28,
    "low": 138.12,
    "high": 140.38,
    "close": 139.14,
    "volume": 5913231,
    "change": 0.12953368,
    "_rsi": 47.84365743,
    "_rsi1": 47.52785141,
    "_stock_k": 70.94601619,
    "_stock_d": 63.59215946,
    "_stock_k1": 64.2640885,
    "_stock_d1": 58.52047583,
    "_macd_blue": -2.4182358,
    "_macd_orange": -1.74652409,
    "_cci20": 11.15643767,
    "_cci201": -7.06870763,
    "_ema10": 138.37574289,
    "_ema20": 139.36130111,
    "_ema30": 140.75242303,
    "_ema50": 143.43933816,
    "_ema100": 149.70956962,
    "_ema200": 156.70535513,
    "_psar": 130.40430965,
    "_wr": -22.08544533,
    "_mom": 7.39,
    "_mom1": 5.32,
    "stock_diff": 7.35,
    "rsi_diff": 0.32
}
