{
    "open": 16.72,
    "low": 16.7001,
    "high": 17.305,
    "close": 17.09,
    "volume": 77480150,
    "change": 3.70145631,
    "_rsi": 48.85270745,
    "_rsi1": 43.12180169,
    "_stock_k": 47.44525547,
    "_stock_d": 43.71451744,
    "_stock_k1": 41.24087591,
    "_stock_d1": 38.80778589,
    "_macd_blue": -0.70540625,
    "_macd_orange": -0.52223416,
    "_cci20": 40.02512402,
    "_cci201": -15.16273198,
    "_ema10": 16.62684304,
    "_ema20": 16.91110554,
    "_ema30": 17.34997589,
    "_ema50": 17.99680996,
    "_ema100": 18.15178426,
    "_ema200": 16.86750884,
    "_psar": 15.54191,
    "_wr": -42.33576642,
    "_mom": 1.06,
    "_mom1": 0.51,
    "stock_diff": 3.73,
    "rsi_diff": 5.73
}
