{
    "open": 74.86,
    "low": 73.98,
    "high": 74.86,
    "close": 74.12,
    "change": -0.60345984,
    "_rsi": 40.96879771,
    "_rsi1": 42.62036081,
    "_stock_k": 47.30105732,
    "_stock_d": 42.95922354,
    "_stock_k1": 44.00288599,
    "_stock_d1": 39.76030337,
    "_macd_blue": -0.94623445,
    "_macd_orange": -0.98532952,
    "_cci20": -89.12496267,
    "_cci201": -98.62644706,
    "_ema10": 74.86515781,
    "_ema20": 75.5961362,
    "_ema30": 76.2577229,
    "_ema50": 77.27269354,
    "_ema100": 78.16504929,
    "_ema200": 77.03262178,
    "_psar": 72.66392949,
    "_wrr": -60.76794658,
    "stock_diff": 4.34,
    "rsi_diff": -1.65
}
