{
    "open": 15.67,
    "low": 15.53,
    "high": 16.0496,
    "close": 15.985,
    "volume": 9510252,
    "change": 4.27266797,
    "_rsi": 56.23526845,
    "_rsi1": 49.45084542,
    "_stock_k": 53.07017544,
    "_stock_d": 42.41854637,
    "_stock_k1": 39.47368421,
    "_stock_d1": 32.8042328,
    "_macd_blue": 0.19520014,
    "_macd_orange": 0.11928838,
    "_cci20": 51.47888748,
    "_cci201": -39.28051324,
    "_ema10": 15.55069811,
    "_ema20": 15.5170065,
    "_ema30": 15.36639909,
    "_ema50": 14.92896175,
    "_ema100": 13.78431708,
    "_ema200": 12.0269044,
    "_psar": 16.40494825,
    "_wr": -32.14285714,
    "_mom": -0.375,
    "_mom1": -0.73,
    "stock_diff": 10.65,
    "rsi_diff": 6.78
}
