{
    "open": 114.2,
    "low": 113.63,
    "high": 115.61,
    "close": 114.8,
    "change": -0.0870322,
    "_rsi": 50.71591653,
    "_rsi1": 50.96844617,
    "_stock_k": 54.62948952,
    "_stock_d": 44.56927894,
    "_stock_k1": 40.51625581,
    "_stock_d1": 43.85790253,
    "_macd_blue": -0.31322412,
    "_macd_orange": -0.11122006,
    "_cci20": -15.32674891,
    "_cci201": -32.80393044,
    "_ema10": 114.12143098,
    "_ema20": 114.52158479,
    "_ema30": 114.48196878,
    "_ema50": 113.74846723,
    "_ema100": 111.20637838,
    "_ema200": 105.46988387
}
