{
    "open": 2666.42,
    "low": 2654.38,
    "high": 2694.7899,
    "close": 2692.01,
    "volume": 1199719,
    "change": 0.68067664,
    "_rsi": 52.35807786,
    "_rsi1": 51.08165106,
    "_stock_k": 64.54818925,
    "_stock_d": 47.62324853,
    "_stock_k1": 43.21906704,
    "_stock_d1": 40.61757195,
    "_macd_blue": -30.95067705,
    "_macd_orange": -22.59130151,
    "_cci20": 73.55489566,
    "_cci201": 9.98522152,
    "_ema10": 2635.87047995,
    "_ema20": 2648.46998242,
    "_ema30": 2667.21119498,
    "_ema50": 2702.33971551,
    "_ema100": 2738.36116733,
    "_ema200": 2658.08348577,
    "_psar": 2531.36,
    "_wr": -19.47190857,
    "_mom": 5.85,
    "_mom1": -21.22,
    "stock_diff": 16.92,
    "rsi_diff": 1.28
}
