{
    "open": 244.59,
    "low": 243.61,
    "high": 247.39,
    "close": 247.24,
    "volume": 546871,
    "change": 1.66118421,
    "_rsi": 56.66795438,
    "_rsi1": 51.18401201,
    "_stock_k": 57.83954254,
    "_stock_d": 49.72304414,
    "_stock_k1": 42.25908373,
    "_stock_d1": 51.29707853,
    "_macd_blue": 0.33568309,
    "_macd_orange": 0.72885273,
    "_cci20": 107.73316271,
    "_cci201": 1.80317246,
    "_ema10": 243.74529509,
    "_ema20": 242.96433984,
    "_ema30": 242.75992403,
    "_ema50": 242.64514144,
    "_ema100": 240.2821928,
    "_ema200": 230.67867879,
    "_psar": 240.415,
    "_wr": -7.05009276,
    "_mom": 6.12,
    "_mom1": -0.82,
    "stock_diff": 8.12,
    "rsi_diff": 5.48
}
