{
    "open": 119.62,
    "low": 119.37,
    "high": 121.55,
    "close": 121.26,
    "volume": 942820,
    "change": 0.78125,
    "_rsi": 65.53253099,
    "_rsi1": 63.68749051,
    "_stock_k": 97.7786065,
    "_stock_d": 93.04724469,
    "_stock_k1": 93.67096927,
    "_stock_d1": 87.47593117,
    "_macd_blue": 0.36715107,
    "_macd_orange": 1.11530121,
    "_cci20": 190.9579375,
    "_cci201": 192.24426366,
    "_ema10": 117.44653547,
    "_ema20": 116.32020879,
    "_ema30": 115.76785271,
    "_ema50": 114.71577541,
    "_ema100": 111.99797022,
    "_ema200": 106.20943161,
    "_psar": 112.2248991,
    "_wr": -2.46808511,
    "_mom": 6.35,
    "_mom1": 3.8,
    "stock_diff": 4.73,
    "rsi_diff": 1.85
}
