{
    "open": 103.22,
    "low": 103.19,
    "high": 105.02,
    "close": 104.37,
    "volume": 7681542,
    "change": 2.55478039,
    "_rsi": 66.67840597,
    "_rsi1": 62.97261304,
    "_stock_k": 86.33026688,
    "_stock_d": 76.76881609,
    "_stock_k1": 74.7249725,
    "_stock_d1": 66.18460968,
    "_macd_blue": 2.63940158,
    "_macd_orange": 2.93858787,
    "_cci20": 146.4652625,
    "_cci201": 102.88291582,
    "_ema10": 99.95621961,
    "_ema20": 97.73052188,
    "_ema30": 95.73321241,
    "_ema50": 92.04310478,
    "_ema100": 84.7834105,
    "_ema200": 75.23101687,
    "_psar": 92.78134,
    "_wr": -5.11811024,
    "_mom": 8.16,
    "_mom1": 2.97,
    "stock_diff": 9.56,
    "rsi_diff": 3.71
}
