{
    "open": 155.35,
    "low": 154.73,
    "high": 156.35,
    "close": 156.28,
    "volume": 1107005,
    "change": 0.7997936,
    "_rsi": 60.19282532,
    "_rsi1": 57.75435893,
    "_stock_k": 70.17345529,
    "_stock_d": 66.28069181,
    "_stock_k1": 62.5078765,
    "_stock_d1": 67.93827866,
    "_macd_blue": 1.63354467,
    "_macd_orange": 1.89653852,
    "_cci20": 72.3044943,
    "_cci201": 47.61633563,
    "_ema10": 154.53341032,
    "_ema20": 152.87132471,
    "_ema30": 152.06473977,
    "_ema50": 152.14491015,
    "_ema100": 152.9238748,
    "_ema200": 149.71909384,
    "_psar": 158.139616,
    "_wr": -11.12424661,
    "_mom": 4.81,
    "_mom1": 3.59,
    "stock_diff": 3.89,
    "rsi_diff": 2.44
}
