{
    "open": 39.45,
    "low": 39.14,
    "high": 40.29,
    "close": 39.73,
    "volume": 28267359,
    "change": 0.55682106,
    "_rsi": 49.44094158,
    "_rsi1": 48.78333977,
    "_stock_k": 24.6875,
    "_stock_d": 25.96064815,
    "_stock_k1": 23.05555556,
    "_stock_d1": 33.58796296,
    "_macd_blue": 0.73686034,
    "_macd_orange": 0.37307386,
    "_cci20": -21.01424264,
    "_cci201": -44.42501391,
    "_ema10": 40.28757658,
    "_ema20": 40.21170976,
    "_ema30": 39.74774549,
    "_ema50": 38.56092197,
    "_ema100": 36.18805612,
    "_ema200": 33.37326757,
    "_psar": 45.926668,
    "_wr": -68.125,
    "_mom": 0.79,
    "_mom1": 0.99,
    "stock_diff": -1.27,
    "rsi_diff": 0.66
}
