{
    "open": 101.16,
    "low": 101.11,
    "high": 102.48,
    "close": 101.23,
    "volume": 4471689,
    "change": -0.14795818,
    "_rsi": 61.82828934,
    "_rsi1": 62.34432691,
    "_stock_k": 75.12465374,
    "_stock_d": 59.94142157,
    "_stock_k1": 59.87725682,
    "_stock_d1": 44.48550269,
    "_macd_blue": 1.33479722,
    "_macd_orange": 1.43264607,
    "_cci20": 104.59196658,
    "_cci201": 83.11107722,
    "_ema10": 99.01008953,
    "_ema20": 97.97414852,
    "_ema30": 96.93954179,
    "_ema50": 95.08870377,
    "_ema100": 92.12852349,
    "_ema200": 88.36055465,
    "_psar": 94.07,
    "_wr": -20.66481994,
    "_mom": 2.71,
    "_mom1": 6.53,
    "stock_diff": 15.18,
    "rsi_diff": -0.52
}
