{
    "open": 157.84,
    "low": 157.15,
    "high": 160.3,
    "close": 159.42,
    "volume": 2522419,
    "change": 0.81578448,
    "_rsi": 77.20891747,
    "_rsi1": 75.57498557,
    "_stock_k": 92.84778354,
    "_stock_d": 93.61254477,
    "_stock_k1": 93.32807911,
    "_stock_d1": 92.9388847,
    "_macd_blue": 4.8645403,
    "_macd_orange": 5.13762749,
    "_cci20": 100.77079208,
    "_cci201": 90.73014627,
    "_ema10": 155.93897033,
    "_ema20": 151.97954598,
    "_ema30": 148.81074222,
    "_ema50": 144.39603869,
    "_ema100": 138.87026715,
    "_ema200": 135.08000534,
    "_psar": 155.65616,
    "_wr": -7.61904762,
    "_mom": 7.12,
    "_mom1": 4.74,
    "stock_diff": -0.76,
    "rsi_diff": 1.63
}
