{
    "open": 96.84,
    "low": 95.26,
    "high": 97.58,
    "close": 96.71,
    "volume": 1849029,
    "change": 0.12423646,
    "_rsi": 45.87748665,
    "_rsi1": 45.65358803,
    "_stock_k": 24.70645338,
    "_stock_d": 28.88833999,
    "_stock_k1": 27.20894597,
    "_stock_d1": 32.23044223,
    "_macd_blue": -0.07531118,
    "_macd_orange": -0.33469176,
    "_cci20": -70.07197078,
    "_cci201": -48.31315857,
    "_ema10": 98.46649384,
    "_ema20": 98.79682524,
    "_ema30": 99.02520641,
    "_ema50": 100.01960033,
    "_ema100": 103.20589617,
    "_ema200": 106.43129182,
    "_psar": 107.18553494,
    "_wr": -77.91718946,
    "_mom": -1.95,
    "_mom1": -5.15,
    "stock_diff": -4.18,
    "rsi_diff": 0.22
}
