{
    "open": 40.85,
    "low": 40.41,
    "high": 40.89,
    "close": 40.75,
    "volume": 1511302,
    "change": 0,
    "_rsi": 48.60843009,
    "_rsi1": 48.60843009,
    "_stock_k": 53.65701583,
    "_stock_d": 47.98563711,
    "_stock_k1": 47.84482759,
    "_stock_d1": 40.46507088,
    "_macd_blue": -0.19582806,
    "_macd_orange": -0.22464453,
    "_cci20": -29.55639579,
    "_cci201": -25.13464991,
    "_ema10": 40.60587033,
    "_ema20": 40.81514611,
    "_ema30": 40.88216678,
    "_ema50": 40.70297284,
    "_ema100": 39.83866964,
    "_ema200": 38.00609558,
    "_psar": 39.520656,
    "_wr": -37.73584906,
    "_mom": 0.46,
    "_mom1": -0.215,
    "stock_diff": 5.67,
    "rsi_diff": 0.0
}
