{
    "open": 334.85,
    "low": 333.895,
    "high": 336.73,
    "close": 336.08,
    "volume": 313395,
    "change": 0.25355726,
    "_rsi": 52.56892163,
    "_rsi1": 51.69923738,
    "_stock_k": 35.5828729,
    "_stock_d": 49.30753545,
    "_stock_k1": 49.25134234,
    "_stock_d1": 62.98886551,
    "_macd_blue": 2.80708129,
    "_macd_orange": 2.66096124,
    "_cci20": 7.90863446,
    "_cci201": 10.46886355,
    "_ema10": 336.96534165,
    "_ema20": 334.81094467,
    "_ema30": 333.58989915,
    "_ema50": 333.38283418,
    "_ema100": 332.88983147,
    "_ema200": 324.02745766,
    "_psar": 347.9584,
    "_wr": -75.87064677,
    "_mom": -6.65,
    "_mom1": -7.14,
    "stock_diff": -13.72,
    "rsi_diff": 0.87
}
