{
    "open": 5.31,
    "low": 5.26,
    "high": 5.38,
    "close": 5.34,
    "volume": 21158,
    "change": 2.69230769,
    "_rsi": 55.6180023,
    "_rsi1": 50.31931051,
    "_stock_k": 36.8159204,
    "_stock_d": 33.99668325,
    "_stock_k1": 31.84079602,
    "_stock_d1": 31.67495854,
    "_macd_blue": 0.07312425,
    "_macd_orange": 0.04258276,
    "_cci20": 9.85419809,
    "_cci201": -58.55855856,
    "_ema10": 5.24864132,
    "_ema20": 5.23962493,
    "_ema30": 5.18416639,
    "_ema50": 5.06347137,
    "_ema100": 4.91540216,
    "_ema200": 4.91752959,
    "_psar": 5.4418,
    "_wr": -49.25373134,
    "_mom": -0.15,
    "_mom1": -0.4,
    "stock_diff": 2.82,
    "rsi_diff": 5.3
}
