{
    "open": 117.55,
    "low": 117.42,
    "high": 119.85,
    "close": 119.16,
    "volume": 1635021,
    "change": 1.89840944,
    "_rsi": 62.40490853,
    "_rsi1": 59.12468171,
    "_stock_k": 89.44987333,
    "_stock_d": 91.51702942,
    "_stock_k1": 89.87989599,
    "_stock_d1": 94.22283024,
    "_macd_blue": 0.11503568,
    "_macd_orange": 1.48960819,
    "_cci20": 136.45621507,
    "_cci201": 139.02871178,
    "_ema10": 114.89817406,
    "_ema20": 113.14120357,
    "_ema30": 112.69559324,
    "_ema50": 112.23658624,
    "_ema100": 110.81670504,
    "_ema200": 106.72712354,
    "_psar": 111.4275062,
    "_wr": -6.2432139,
    "_mom": 13.01,
    "_mom1": 10.05,
    "stock_diff": -2.07,
    "rsi_diff": 3.28
}
