{
    "open": 20.71,
    "low": 20.71,
    "high": 20.71,
    "close": 20.71,
    "volume": 0,
    "change": 0.04830918,
    "_rsi": 33.20867307,
    "_rsi1": 32.7153465,
    "_stock_k": 0.54644809,
    "_stock_d": 0.18214936,
    "_stock_k1": 0,
    "_stock_d1": 0,
    "_macd_blue": -0.17323169,
    "_macd_orange": -0.20171612,
    "_cci20": -141.77618479,
    "_cci201": -165.38263996,
    "_ema10": 20.88483563,
    "_ema20": 21.04547442,
    "_ema30": 21.17067127,
    "_ema50": 21.38715987,
    "_ema100": 21.82981322,
    "_ema200": 22.25475598,
    "_psar": 20.98872953,
    "_wr": -98.36065574,
    "_mom": -0.52,
    "_mom1": -0.61,
    "stock_diff": 0.36,
    "rsi_diff": 0.49
}
