{
    "open": 261.83,
    "low": 259.445,
    "high": 263.095,
    "close": 260.6,
    "volume": 1522365,
    "change": -0.00383715,
    "_rsi": 53.72201279,
    "_rsi1": 53.7351369,
    "_stock_k": 23.10715221,
    "_stock_d": 31.25940649,
    "_stock_k1": 30.35687626,
    "_stock_d1": 43.75387748,
    "_macd_blue": 4.46614158,
    "_macd_orange": 3.49133373,
    "_cci20": -3.7824118,
    "_cci201": -1.60302408,
    "_ema10": 261.75442628,
    "_ema20": 259.56513278,
    "_ema30": 257.08606958,
    "_ema50": 253.79418044,
    "_ema100": 249.0875624,
    "_ema200": 237.37848181,
    "_psar": 257.63,
    "_wr": -76.36887608,
    "_mom": -6.5,
    "_mom1": -3.75,
    "stock_diff": -8.15,
    "rsi_diff": -0.01
}
