{
    "open": 111.22,
    "low": 110.48,
    "high": 111.75,
    "close": 110.55,
    "volume": 198841,
    "change": -0.54875855,
    "_rsi": 60.1232211,
    "_rsi1": 62.23922336,
    "_stock_k": 73.96201381,
    "_stock_d": 79.38610743,
    "_stock_k1": 79.86872316,
    "_stock_d1": 83.30477432,
    "_macd_blue": 3.32623699,
    "_macd_orange": 3.45367493,
    "_cci20": 41.79353515,
    "_cci201": 55.34018905,
    "_ema10": 111.36734017,
    "_ema20": 108.64590284,
    "_ema30": 106.66061339,
    "_ema50": 104.19700581,
    "_ema100": 100.06366633,
    "_ema200": 93.2417916,
    "_psar": 116.7505,
    "_wr": -33.53658537,
    "_mom": -0.2,
    "_mom1": 5.14,
    "stock_diff": -5.42,
    "rsi_diff": -2.12
}
