{
    "open": 196.19,
    "low": 195.14,
    "high": 197.93,
    "close": 197.56,
    "volume": 455357,
    "change": 1.38561018,
    "_rsi": 53.66500838,
    "_rsi1": 49.48316668,
    "_stock_k": 56.41553589,
    "_stock_d": 52.8792527,
    "_stock_k1": 49.93333333,
    "_stock_d1": 52.14074074,
    "_macd_blue": -0.61079354,
    "_macd_orange": -0.1857357,
    "_cci20": 57.13399444,
    "_cci201": -9.15745658,
    "_ema10": 195.18956149,
    "_ema20": 195.02893634,
    "_ema30": 195.53544948,
    "_ema50": 196.79623238,
    "_ema100": 195.84265935,
    "_ema200": 185.33117482,
    "_psar": 199.99144534,
    "_wr": -23.820059,
    "_mom": 1.05,
    "_mom1": -1.42,
    "stock_diff": 3.54,
    "rsi_diff": 4.18
}
