{
    "open": 23.87,
    "low": 23.12,
    "high": 24.13,
    "close": 23.88,
    "change": 2.05128205,
    "_rsi": 66.08277353,
    "_rsi1": 63.23318034,
    "_stock_k": 61.46474327,
    "_stock_d": 70.28912018,
    "_stock_k1": 67.0125237,
    "_stock_d1": 78.67703214,
    "_macd_blue": 1.01943712,
    "_macd_orange": 0.96277133,
    "_cci20": 100.40499924,
    "_cci201": 73.00065324,
    "_ema10": 23.27833113,
    "_ema20": 22.51515604,
    "_ema30": 21.83348598,
    "_ema50": 20.69004081,
    "_ema100": 18.68805696,
    "_ema200": 16.18425796,
    "_psar": 22.38,
    "stock_diff": -8.82,
    "rsi_diff": 2.85
}
