{
    "open": 70.45,
    "low": 69.535,
    "high": 70.805,
    "close": 70.46,
    "volume": 6546619,
    "change": 0.97449126,
    "_rsi": 46.61089728,
    "_rsi1": 44.33300901,
    "_stock_k": 61.2399329,
    "_stock_d": 64.78549952,
    "_stock_k1": 62.42282527,
    "_stock_d1": 66.82419846,
    "_macd_blue": -0.52939055,
    "_macd_orange": -0.43849339,
    "_cci20": -43.73482218,
    "_cci201": -31.35390864,
    "_ema10": 70.99954391,
    "_ema20": 71.27802903,
    "_ema30": 71.59102098,
    "_ema50": 71.91246929,
    "_ema100": 71.56036353,
    "_ema200": 69.23481374,
    "_psar": 69.12658716,
    "_wr": -42.24,
    "_mom": 0.46,
    "_mom1": -0.17,
    "stock_diff": -3.55,
    "rsi_diff": 2.28
}
