{
    "open": 222.54,
    "low": 221.51,
    "high": 225,
    "close": 222.21,
    "volume": 2110867,
    "change": 0.01800423,
    "_rsi": 69.38209373,
    "_rsi1": 69.3441597,
    "_stock_k": 86.80820328,
    "_stock_d": 89.50166919,
    "_stock_k1": 88.98704261,
    "_stock_d1": 92.75981107,
    "_macd_blue": 4.40117176,
    "_macd_orange": 6.15377853,
    "_cci20": 81.49668059,
    "_cci201": 85.92784447,
    "_ema10": 218.36228928,
    "_ema20": 212.68323068,
    "_ema30": 209.96973099,
    "_ema50": 207.95087558,
    "_ema100": 206.9080464,
    "_ema200": 205.44040918,
    "_psar": 215.73536047,
    "_wr": -14.47944308,
    "_mom": 10.42,
    "_mom1": 12.39,
    "stock_diff": -2.69,
    "rsi_diff": 0.04
}
