{
    "open": 242.8,
    "low": 241.35,
    "high": 243.96,
    "close": 243.58,
    "volume": 1327280,
    "change": 0.61131764,
    "_rsi": 59.48994819,
    "_rsi1": 58.06613053,
    "_stock_k": 76.12293144,
    "_stock_d": 77.11288642,
    "_stock_k1": 76.04905437,
    "_stock_d1": 80.75174432,
    "_macd_blue": 2.25115377,
    "_macd_orange": 3.05294453,
    "_cci20": 91.33659135,
    "_cci201": 72.85872948,
    "_ema10": 239.76786533,
    "_ema20": 237.1188629,
    "_ema30": 235.44680263,
    "_ema50": 232.82143736,
    "_ema100": 228.34738432,
    "_ema200": 224.54452861,
    "_psar": 231.06280542,
    "_wr": -14.18439716,
    "_mom": 16.72,
    "_mom1": 12.64,
    "stock_diff": -0.99,
    "rsi_diff": 1.42
}
