{
    "open": 111.6,
    "low": 111,
    "high": 115.36,
    "close": 114.85,
    "volume": 48533930,
    "change": 5.04893442,
    "_rsi": 50.96237754,
    "_rsi1": 46.37269898,
    "_stock_k": 35.5890746,
    "_stock_d": 24.72256194,
    "_stock_k1": 21.23929882,
    "_stock_d1": 22.62535671,
    "_macd_blue": -3.89737759,
    "_macd_orange": -3.518133,
    "_cci20": 26.60060529,
    "_cci201": -75.41659955,
    "_ema10": 109.50959082,
    "_ema20": 111.89246525,
    "_ema30": 114.45562738,
    "_ema50": 118.59254926,
    "_ema100": 121.15005789,
    "_ema200": 115.00970663,
    "_psar": 100.08,
    "_wr": -39.78801468,
    "_mom": -3.43,
    "_mom1": -4.5,
    "stock_diff": 10.87,
    "rsi_diff": 4.59
}
