{
    "open": 38.33,
    "low": 38.23,
    "high": 39.09,
    "close": 38.82,
    "volume": 18274610,
    "change": 2.15789474,
    "_rsi": 63.21423452,
    "_rsi1": 60.41364222,
    "_stock_k": 90.94057637,
    "_stock_d": 86.39370712,
    "_stock_k1": 84.66055908,
    "_stock_d1": 84.11240147,
    "_macd_blue": -0.02306924,
    "_macd_orange": 0.64378842,
    "_cci20": 142.87276637,
    "_cci201": 142.50828386,
    "_ema10": 36.88754586,
    "_ema20": 36.04086172,
    "_ema30": 36.02767649,
    "_ema50": 37.11938699,
    "_ema100": 41.52506564,
    "_ema200": 47.17837148,
    "_psar": 33.97725959,
    "_wr": -3.78151261,
    "_mom": 4.7,
    "_mom1": 3.63,
    "stock_diff": 4.55,
    "rsi_diff": 2.8
}
