{
    "open": 446.99,
    "low": 446.08,
    "high": 455.14,
    "close": 454.57,
    "volume": 664532,
    "change": 1.71171574,
    "_rsi": 60.89189732,
    "_rsi1": 58.07093701,
    "_stock_k": 44.28565364,
    "_stock_d": 39.08547816,
    "_stock_k1": 40.72403245,
    "_stock_d1": 32.74206912,
    "_macd_blue": 11.18079559,
    "_macd_orange": 9.98430282,
    "_cci20": 47.87098943,
    "_cci201": 29.16011945,
    "_ema10": 443.36362515,
    "_ema20": 436.74915916,
    "_ema30": 429.46642428,
    "_ema50": 417.88848319,
    "_ema100": 400.78366523,
    "_ema200": 382.38715149,
    "_psar": 416.23,
    "_wr": -48.60004156,
    "_mom": 9.96,
    "_mom1": -3,
    "stock_diff": 5.2,
    "rsi_diff": 2.82
}
