{
    "open": 32.44,
    "low": 32.31,
    "high": 32.925,
    "close": 32.71,
    "volume": 6738382,
    "change": 1.83686177,
    "_rsi": 61.91994252,
    "_rsi1": 57.49435037,
    "_stock_k": 51.69561621,
    "_stock_d": 43.17617866,
    "_stock_k1": 41.35649297,
    "_stock_d1": 35.37390172,
    "_macd_blue": 0.52444581,
    "_macd_orange": 0.46825096,
    "_cci20": 60.13711569,
    "_cci201": 25.35595865,
    "_ema10": 32.0117893,
    "_ema20": 31.71475502,
    "_ema30": 31.34114495,
    "_ema50": 30.6326474,
    "_ema100": 29.39208476,
    "_ema200": 27.80918261,
    "_psar": 33.00460753,
    "_wr": -41.68734491,
    "_mom": 0.21,
    "_mom1": -0.74,
    "stock_diff": 8.52,
    "rsi_diff": 4.43
}
