{
    "open": 128.16,
    "low": 127.19,
    "high": 129.53,
    "close": 129.5,
    "volume": 1271681,
    "change": 1.18768558,
    "_rsi": 53.21487167,
    "_rsi1": 50.98261867,
    "_stock_k": 88.71857756,
    "_stock_d": 82.78522405,
    "_stock_k1": 82.36857786,
    "_stock_d1": 79.03954474,
    "_macd_blue": -2.23172014,
    "_macd_orange": -1.03723856,
    "_cci20": 66.68307942,
    "_cci201": 21.47867807,
    "_ema10": 126.5077438,
    "_ema20": 126.65471855,
    "_ema30": 127.9275225,
    "_ema50": 130.72725177,
    "_ema100": 135.35008025,
    "_ema200": 137.79867608,
    "_psar": 118.33390053,
    "_wr": -1.28755365,
    "_mom": 11.36,
    "_mom1": 6.75,
    "stock_diff": 5.93,
    "rsi_diff": 2.23
}
