{
    "open": 2785.45,
    "low": 2760.7876,
    "high": 2827.93,
    "close": 2826.24,
    "volume": 1027235,
    "change": 2.02774659,
    "_rsi": 60.31085396,
    "_rsi1": 56.70286222,
    "_stock_k": 90.60696645,
    "_stock_d": 90.79743679,
    "_stock_k1": 87.86820471,
    "_stock_d1": 90.60582353,
    "_macd_blue": -4.84516502,
    "_macd_orange": 21.3896606,
    "_cci20": 162.50167261,
    "_cci201": 150.89824543,
    "_ema10": 2728.59052803,
    "_ema20": 2699.43310926,
    "_ema30": 2698.18360515,
    "_ema50": 2715.55962245,
    "_ema100": 2741.78855102,
    "_ema200": 2663.73362613,
    "_psar": 2598.10285585,
    "_wr": -1.20210368,
    "_mom": 172.6,
    "_mom1": 92.75,
    "stock_diff": -0.19,
    "rsi_diff": 3.61
}
