{
    "open": 109.35,
    "low": 109.23,
    "high": 109.94,
    "close": 109.57,
    "change": 0.52293578,
    "_rsi": 47.79509295,
    "_rsi1": 45.41393609,
    "_stock_k": 66.66666667,
    "_stock_d": 58.45966647,
    "_stock_k1": 55.98552729,
    "_stock_d1": 55.32458117,
    "_macd_blue": -0.60456717,
    "_macd_orange": -0.60018512,
    "_cci20": -11.66459531,
    "_cci201": -71.96094012,
    "_ema10": 109.3854345,
    "_ema20": 109.84280676,
    "_ema30": 110.19123161,
    "_ema50": 110.42895451,
    "_ema100": 109.85251252,
    "_ema200": 107.33057393,
    "_psar": 106.44218801,
    "_wrr": -28.26086957,
    "stock_diff": 8.21,
    "rsi_diff": 2.38
}
