{
    "open": 190,
    "low": 189.46,
    "high": 193.44,
    "close": 193.34,
    "volume": 427503,
    "change": 2.11799504,
    "_rsi": 71.20149624,
    "_rsi1": 66.92626396,
    "_stock_k": 98.26390876,
    "_stock_d": 97.15497647,
    "_stock_k1": 98.0806625,
    "_stock_d1": 94.81869038,
    "_macd_blue": 3.96657646,
    "_macd_orange": 4.59190387,
    "_cci20": 179.17102446,
    "_cci201": 130.08643232,
    "_ema10": 186.81198811,
    "_ema20": 183.15206201,
    "_ema30": 180.36149776,
    "_ema50": 176.47689465,
    "_ema100": 171.79744123,
    "_ema200": 168.28367315,
    "_psar": 182.98999314,
    "_wr": -0.47393365,
    "_mom": 9.92,
    "_mom1": 7.67,
    "stock_diff": 1.11,
    "rsi_diff": 4.28
}
