{
    "open": 158.57,
    "low": 157.83,
    "high": 159.63,
    "close": 159.55,
    "volume": 506762,
    "change": 0.88523554,
    "_rsi": 58.74042884,
    "_rsi1": 56.02035225,
    "_stock_k": 64.34541843,
    "_stock_d": 55.13931103,
    "_stock_k1": 51.90651907,
    "_stock_d1": 53.89954181,
    "_macd_blue": 0.09094979,
    "_macd_orange": 0.75603685,
    "_cci20": 101.66861842,
    "_cci201": 63.60538764,
    "_ema10": 156.9000449,
    "_ema20": 155.86332067,
    "_ema30": 156.02380126,
    "_ema50": 157.95344883,
    "_ema100": 162.24259938,
    "_ema200": 163.61435012,
    "_psar": 152.07332114,
    "_wr": -12.59105099,
    "_mom": 7.47,
    "_mom1": 5.02,
    "stock_diff": 9.21,
    "rsi_diff": 2.72
}
