{
    "open": 190.8,
    "low": 185.911,
    "high": 192.28,
    "close": 192.03,
    "volume": 31498257,
    "change": 2.89342549,
    "_rsi": 34.46592819,
    "_rsi1": 29.9880092,
    "_stock_k": 10.41082686,
    "_stock_d": 16.89637627,
    "_stock_k1": 14.054571,
    "_stock_d1": 23.03058536,
    "_macd_blue": -20.47311525,
    "_macd_orange": -18.02732763,
    "_cci20": -108.76019544,
    "_cci201": -137.22546143,
    "_ema10": 195.08101924,
    "_ema20": 206.71378868,
    "_ema30": 220.47301584,
    "_ema50": 243.87681072,
    "_ema100": 277.21900824,
    "_ema200": 296.94587895,
    "_psar": 204.13819412,
    "_wr": -77.2783819,
    "_mom": -11.46,
    "_mom1": -24.4,
    "stock_diff": -6.49,
    "rsi_diff": 4.48
}
