{
    "open": 15.76,
    "low": 14.82,
    "high": 15.8,
    "close": 15.04,
    "volume": 18084644,
    "change": -6.75759454,
    "_rsi": 45.70943,
    "_rsi1": 58.16166054,
    "_stock_k": 47.68518519,
    "_stock_d": 58.281893,
    "_stock_k1": 60.18518519,
    "_stock_d1": 66.76954733,
    "_macd_blue": 0.35404191,
    "_macd_orange": 0.27598058,
    "_cci20": -104.15448216,
    "_cci201": 107.07417925,
    "_ema10": 15.76520435,
    "_ema20": 15.60886954,
    "_ema30": 15.36948461,
    "_ema50": 14.83681306,
    "_ema100": 13.62122174,
    "_ema200": 11.85754926,
    "_psar": 16.84,
    "_wr": -83.33333333,
    "_mom": -0.66,
    "_mom1": 0.84,
    "stock_diff": -10.6,
    "rsi_diff": -12.45
}
