{
    "open": 106.87,
    "low": 106.775,
    "high": 108.48,
    "close": 108.46,
    "volume": 5598627,
    "change": 1.98401504,
    "_rsi": 56.54673128,
    "_rsi1": 51.01245794,
    "_stock_k": 55.97131427,
    "_stock_d": 60.60591277,
    "_stock_k1": 58.04468729,
    "_stock_d1": 70.27417316,
    "_macd_blue": 0.75542884,
    "_macd_orange": 0.90584661,
    "_cci20": 61.51285207,
    "_cci201": -8.03996769,
    "_ema10": 107.30703795,
    "_ema20": 106.52271632,
    "_ema30": 106.10423202,
    "_ema50": 106.27181627,
    "_ema100": 109.0643447,
    "_ema200": 113.0324145,
    "_psar": 110.289216,
    "_wr": -26.10010733,
    "_mom": 4.64,
    "_mom1": 1.89,
    "stock_diff": -4.63,
    "rsi_diff": 5.53
}
