{
    "open": 103.05,
    "low": 102.08,
    "high": 106.69,
    "close": 102.49,
    "volume": 2205366,
    "change": -1.74479916,
    "_rsi": 50.56779616,
    "_rsi1": 52.30724738,
    "_stock_k": 71.86799515,
    "_stock_d": 63.34569239,
    "_stock_k1": 65.44197732,
    "_stock_d1": 53.44529033,
    "_macd_blue": -4.80692385,
    "_macd_orange": -3.03042457,
    "_cci20": 40.35306424,
    "_cci201": 35.09318194,
    "_ema10": 98.63079706,
    "_ema20": 100.03268465,
    "_ema30": 102.75729141,
    "_ema50": 108.30566596,
    "_ema100": 119.16140719,
    "_ema200": 128.749292,
    "_psar": 87.08303406,
    "_wr": -18.67496665,
    "_mom": 3.56,
    "_mom1": 16.61,
    "stock_diff": 8.52,
    "rsi_diff": -1.74
}
