{
    "open": 127.18,
    "low": 126.94,
    "high": 128.26,
    "close": 127.79,
    "volume": 736236,
    "change": 0.65374921,
    "_rsi": 61.39485153,
    "_rsi1": 59.22882043,
    "_stock_k": 64.7974988,
    "_stock_d": 66.46613416,
    "_stock_k1": 65.53332855,
    "_stock_d1": 72.18656572,
    "_macd_blue": 1.98300253,
    "_macd_orange": 1.8506174,
    "_cci20": 71.79730987,
    "_cci201": 39.6816059,
    "_ema10": 126.68744278,
    "_ema20": 125.36381252,
    "_ema30": 124.14582784,
    "_ema50": 122.37023194,
    "_ema100": 119.92356891,
    "_ema200": 117.23266442,
    "_psar": 125.13,
    "_wr": -19.55555556,
    "_mom": 0.49,
    "_mom1": 1.93,
    "stock_diff": -1.67,
    "rsi_diff": 2.17
}
