{
    "open": 15.38,
    "low": 15.38,
    "high": 15.85,
    "close": 15.73,
    "volume": 9211853,
    "change": 2.34222511,
    "_rsi": 42.41616304,
    "_rsi1": 39.53751391,
    "_stock_k": 41.58805031,
    "_stock_d": 36.03249476,
    "_stock_k1": 37.89308176,
    "_stock_d1": 27.70180082,
    "_macd_blue": -0.92981912,
    "_macd_orange": -0.93882138,
    "_cci20": -50.29291558,
    "_cci201": -71.74786237,
    "_ema10": 15.65577921,
    "_ema20": 16.35066274,
    "_ema30": 16.97365393,
    "_ema50": 17.99515085,
    "_ema100": 19.48452581,
    "_ema200": 20.2284512,
    "_psar": 16.83862331,
    "_wr": -52.12264151,
    "_mom": -2.16,
    "_mom1": -2.39,
    "stock_diff": 5.56,
    "rsi_diff": 2.88
}
