{
    "open": 141.43,
    "low": 129.75,
    "high": 141.46,
    "close": 132.32,
    "volume": 3403552,
    "change": -6.12939841,
    "_rsi": 44.56737556,
    "_rsi1": 49.16838105,
    "_stock_k": 54.99967918,
    "_stock_d": 58.90988147,
    "_stock_k1": 62.55106335,
    "_stock_d1": 61.23480784,
    "_macd_blue": -3.03810073,
    "_macd_orange": -2.14268369,
    "_cci20": -58.24281682,
    "_cci201": -17.10423145,
    "_ema10": 139.14412778,
    "_ema20": 139.92093521,
    "_ema30": 142.67223496,
    "_ema50": 151.99911404,
    "_ema100": 171.91399424,
    "_ema200": 183.91492839,
    "_psar": 119.38637018,
    "_wr": -56.20989938,
    "_mom": 11.09,
    "_mom1": 3.98,
    "stock_diff": -3.91,
    "rsi_diff": -4.6
}
