{
    "open": 114.11,
    "low": 112.55,
    "high": 116.82,
    "close": 115.37,
    "volume": 537646,
    "change": 2.1063811,
    "_rsi": 42.25648922,
    "_rsi1": 39.3714246,
    "_stock_k": 72.18258498,
    "_stock_d": 68.81850643,
    "_stock_k1": 67.30696233,
    "_stock_d1": 61.90028301,
    "_macd_blue": -7.57238333,
    "_macd_orange": -5.96700208,
    "_cci20": -20.22276083,
    "_cci201": -30.94440039,
    "_ema10": 115.69273648,
    "_ema20": 119.20651509,
    "_ema30": 123.99583976,
    "_ema50": 132.31982679,
    "_ema100": 145.84806086,
    "_ema200": 161.09216939,
    "_psar": 105.01385956,
    "_wr": -28.7037037,
    "_mom": 2.87,
    "_mom1": -1.16,
    "stock_diff": 3.36,
    "rsi_diff": 2.89
}
