{
    "open": 75.95,
    "low": 74.3916,
    "high": 76.16,
    "close": 75.04,
    "volume": 1650305,
    "change": -1.47058824,
    "_rsi": 61.0914101,
    "_rsi1": 66.90653583,
    "_stock_k": 91.90400286,
    "_stock_d": 95.29146338,
    "_stock_k1": 97.29181816,
    "_stock_d1": 96.31843976,
    "_macd_blue": 0.35384776,
    "_macd_orange": 0.95664433,
    "_cci20": 149.04733098,
    "_cci201": 228.70853432,
    "_ema10": 73.67073759,
    "_ema20": 72.6628377,
    "_ema30": 72.31872505,
    "_ema50": 72.22723955,
    "_ema100": 72.44871549,
    "_ema200": 72.09697127,
    "_psar": 70.5031042,
    "_wr": -17.73962804,
    "_mom": 3.88,
    "_mom1": 6.46,
    "stock_diff": -3.39,
    "rsi_diff": -5.82
}
