{
    "open": 93.41,
    "low": 91.89,
    "high": 93.995,
    "close": 92.38,
    "volume": 7465355,
    "change": -1.95287625,
    "_rsi": 50.23796797,
    "_rsi1": 53.99527378,
    "_stock_k": 85.7805255,
    "_stock_d": 90.280296,
    "_stock_k1": 92.09154593,
    "_stock_d1": 92.08520325,
    "_macd_blue": -2.25490082,
    "_macd_orange": -1.00093071,
    "_cci20": 79.06697818,
    "_cci201": 99.93404563,
    "_ema10": 91.33754091,
    "_ema20": 91.47121412,
    "_ema30": 92.61445072,
    "_ema50": 94.51773119,
    "_ema100": 96.37198009,
    "_ema200": 94.16047394,
    "_psar": 86.33266165,
    "_wr": -19.55177743,
    "_mom": 4.98,
    "_mom1": 10.91,
    "stock_diff": -4.5,
    "rsi_diff": -3.76
}
