{
    "open": 299.8,
    "low": 298.77,
    "high": 305,
    "close": 304.06,
    "volume": 27576094,
    "change": 1.63791951,
    "_rsi": 57.29395619,
    "_rsi1": 54.2026628,
    "_stock_k": 92.39382519,
    "_stock_d": 86.08519397,
    "_stock_k1": 85.33051615,
    "_stock_d1": 77.67716403,
    "_macd_blue": -3.07335977,
    "_macd_orange": -0.37139269,
    "_cci20": 126.39001548,
    "_cci201": 94.61383777,
    "_ema10": 294.34418495,
    "_ema20": 293.23862596,
    "_ema30": 294.81688409,
    "_ema50": 299.06965021,
    "_ema100": 303.27375611,
    "_ema200": 294.83817547,
    "_psar": 272.90244352,
    "_wr": -2.68571429,
    "_mom": 28.21,
    "_mom1": 20.25,
    "stock_diff": 6.31,
    "rsi_diff": 3.09
}
