{
    "open": 149.99,
    "low": 148.5,
    "high": 150.47,
    "close": 150.23,
    "volume": 6003952,
    "change": 0.31383547,
    "_rsi": 45.32596928,
    "_rsi1": 44.42247997,
    "_stock_k": 46.21795623,
    "_stock_d": 33.15816792,
    "_stock_k1": 33.5009428,
    "_stock_d1": 19.93017858,
    "_macd_blue": -2.63803525,
    "_macd_orange": -2.71567815,
    "_cci20": -47.58557035,
    "_cci201": -51.9557223,
    "_ema10": 149.45584513,
    "_ema20": 151.58754612,
    "_ema30": 153.12120254,
    "_ema50": 154.33477078,
    "_ema100": 153.10373154,
    "_ema200": 148.60562761,
    "_psar": 143.524392,
    "_wr": -49.15254237,
    "_mom": -4.13,
    "_mom1": -4.03,
    "stock_diff": 13.06,
    "rsi_diff": 0.9
}
