{
    "open": 32.2,
    "low": 32.04,
    "high": 32.3,
    "close": 32.04,
    "volume": 2363455,
    "change": -0.58951288,
    "_rsi": 46.8254551,
    "_rsi1": 49.8221363,
    "_stock_k": 11.6575592,
    "_stock_d": 17.84855039,
    "_stock_k1": 17.23132969,
    "_stock_d1": 24.63399362,
    "_macd_blue": 0.42091226,
    "_macd_orange": 0.22437928,
    "_cci20": -76.55836702,
    "_cci201": -53.03607954,
    "_ema10": 32.45574857,
    "_ema20": 32.39582822,
    "_ema30": 32.14503447,
    "_ema50": 31.61796619,
    "_ema100": 30.65947468,
    "_ema200": 29.43832122,
    "_psar": 33.54791498,
    "_wr": -96.72131148,
    "_mom": -1.42,
    "_mom1": -0.85,
    "stock_diff": -6.19,
    "rsi_diff": -3.0
}
