{
    "open": 67.05,
    "low": 65.77,
    "high": 67.32,
    "close": 65.88,
    "volume": 424793,
    "change": -2.84618788,
    "_rsi": 46.36344886,
    "_rsi1": 52.16535586,
    "_stock_k": 76.39781544,
    "_stock_d": 77.96001834,
    "_stock_k1": 82.10623698,
    "_stock_d1": 76.59064535,
    "_macd_blue": -1.22469502,
    "_macd_orange": -0.79902597,
    "_cci20": 22.4324518,
    "_cci201": 74.09175918,
    "_ema10": 66.1862289,
    "_ema20": 66.58679476,
    "_ema30": 67.23637979,
    "_ema50": 68.10790138,
    "_ema100": 68.59147926,
    "_ema200": 66.91388366,
    "_psar": 63.49868618,
    "_wr": -36.80456491,
    "_mom": 1.27,
    "_mom1": 5.79,
    "stock_diff": -1.56,
    "rsi_diff": -5.8
}
