{
    "open": 72.04,
    "low": 71.9,
    "high": 73.01,
    "close": 72.35,
    "volume": 11497997,
    "change": 1.6722878,
    "_rsi": 52.14014108,
    "_rsi1": 48.21947436,
    "_stock_k": 70.69374039,
    "_stock_d": 70.50096915,
    "_stock_k1": 67.35602971,
    "_stock_d1": 69.01046309,
    "_macd_blue": -0.58643911,
    "_macd_orange": -0.30932897,
    "_cci20": 65.83211402,
    "_cci201": 11.76965642,
    "_ema10": 71.41709646,
    "_ema20": 71.53088865,
    "_ema30": 71.79929984,
    "_ema50": 72.06121308,
    "_ema100": 71.61900912,
    "_ema200": 69.21689729,
    "_psar": 68.60315432,
    "_wr": -20.92020129,
    "_mom": 4.8,
    "_mom1": 4.15,
    "stock_diff": 0.19,
    "rsi_diff": 3.92
}
