{
    "open": 18.39,
    "low": 18.26,
    "high": 18.71,
    "close": 18.7,
    "volume": 6328548,
    "change": 1.85185185,
    "_rsi": 55.35748732,
    "_rsi1": 51.95693294,
    "_stock_k": 79.29292929,
    "_stock_d": 80.00841751,
    "_stock_k1": 76.13636364,
    "_stock_d1": 83.34713805,
    "_macd_blue": 0.14397545,
    "_macd_orange": 0.19215509,
    "_cci20": 62.05118763,
    "_cci201": 49.47014502,
    "_ema10": 18.46629729,
    "_ema20": 18.30482211,
    "_ema30": 18.18869112,
    "_ema50": 17.9851565,
    "_ema100": 17.61200643,
    "_ema200": 17.08212046,
    "_psar": 17.60791437,
    "_wr": -15.15151515,
    "_mom": 0.45,
    "_mom1": 0.29,
    "stock_diff": -0.72,
    "rsi_diff": 3.4
}
