{
    "open": 26.72,
    "low": 26.22,
    "high": 27.62,
    "close": 27.28,
    "volume": 1083498,
    "change": 1.03703704,
    "_rsi": 62.69431867,
    "_rsi1": 61.17760642,
    "_stock_k": 54.11747349,
    "_stock_d": 56.34857917,
    "_stock_k1": 54.72706798,
    "_stock_d1": 64.53393059,
    "_macd_blue": 1.28779455,
    "_macd_orange": 1.15866572,
    "_cci20": 52.38792151,
    "_cci201": 64.09097962,
    "_ema10": 26.95812721,
    "_ema20": 26.14716447,
    "_ema30": 25.38096827,
    "_ema50": 24.36051207,
    "_ema100": 23.10889821,
    "_ema200": 22.28166146,
    "_psar": 28.46922,
    "_wr": -38.19241983,
    "_mom": 0.7,
    "_mom1": 0.84,
    "stock_diff": -2.23,
    "rsi_diff": 1.52
}
