{
    "open": 44.35,
    "low": 43.65,
    "high": 44.7631,
    "close": 44.57,
    "volume": 2251320,
    "change": -0.17917133,
    "_rsi": 39.85321309,
    "_rsi1": 40.06239175,
    "_stock_k": 23.11430088,
    "_stock_d": 34.71559324,
    "_stock_k1": 31.76336789,
    "_stock_d1": 44.96753209,
    "_macd_blue": -0.97810332,
    "_macd_orange": -1.05016912,
    "_cci20": -150.26731626,
    "_cci201": -118.17479152,
    "_ema10": 46.1682401,
    "_ema20": 46.94280214,
    "_ema30": 47.66782137,
    "_ema50": 48.79726383,
    "_ema100": 50.09734839,
    "_ema200": 50.4465088,
    "_psar": 48.41408986,
    "_wr": -85.11326861,
    "_mom": -2.58,
    "_mom1": -3.02,
    "stock_diff": -11.6,
    "rsi_diff": -0.21
}
