{
    "open": 194.84,
    "low": 191.068,
    "high": 196.28,
    "close": 195.21,
    "change": -1.65743073,
    "_rsi": 33.11524236,
    "_rsi1": 34.38071383,
    "_stock_k": 28.81345415,
    "_stock_d": 20.60888078,
    "_stock_k1": 17.78282679,
    "_stock_d1": 18.12563599,
    "_macd_blue": -19.63099912,
    "_macd_orange": -22.18343112,
    "_cci20": -109.17751497,
    "_cci201": -91.08383059,
    "_ema10": 200.04940549,
    "_ema20": 212.94952282,
    "_ema30": 227.47587826,
    "_ema50": 250.89786397,
    "_ema100": 282.68757094,
    "_ema200": 300.24030908
}
