{
    "open": 840.197,
    "low": 806.13,
    "high": 843.802,
    "close": 807.7825,
    "change": -3.6404032,
    "_rsi": 41.95832108,
    "_rsi1": 45.48006318,
    "_stock_k": 67.45137976,
    "_stock_d": 64.0851044,
    "_stock_k1": 66.84346594,
    "_stock_d1": 59.62356783,
    "_macd_blue": -29.32127671,
    "_macd_orange": -26.27851244,
    "_cci20": -61.68528631,
    "_cci201": -37.67052196,
    "_ema10": 835.47032995,
    "_ema20": 852.65010692,
    "_ema30": 872.49556689,
    "_ema50": 902.77271121,
    "_ema100": 915.08734478,
    "_ema200": 857.52433694,
    "_psar": 728.33711727,
    "_wrr": -43.2365178,
    "stock_diff": 3.37,
    "rsi_diff": -3.52
}
