{
    "open": 40.67,
    "low": 40.52,
    "high": 41.485,
    "close": 41.04,
    "volume": 13987480,
    "change": 3.29725648,
    "_rsi": 53.28705665,
    "_rsi1": 49.44094158,
    "_stock_k": 33.89563492,
    "_stock_d": 27.21289683,
    "_stock_k1": 24.6875,
    "_stock_d1": 25.96064815,
    "_macd_blue": 0.66988389,
    "_macd_orange": 0.40197811,
    "_cci20": 31.89438695,
    "_cci201": -21.01424264,
    "_ema10": 40.42438084,
    "_ema20": 40.29059455,
    "_ema30": 39.83111675,
    "_ema50": 38.65814072,
    "_ema100": 36.28413422,
    "_ema200": 33.44955346,
    "_psar": 45.76013464,
    "_wr": -59.77142857,
    "_mom": -1.06,
    "_mom1": 0.79,
    "stock_diff": 6.68,
    "rsi_diff": 3.85
}
