{
    "open": 288.53,
    "low": 286.11,
    "high": 289.6702,
    "close": 286.74,
    "volume": 579658,
    "change": -1.19909035,
    "_rsi": 47.31164239,
    "_rsi1": 50.237476,
    "_stock_k": 68.53809768,
    "_stock_d": 66.94708726,
    "_stock_k1": 66.86639336,
    "_stock_d1": 64.99526963,
    "_macd_blue": -5.66488974,
    "_macd_orange": -3.59171492,
    "_cci20": 24.79564536,
    "_cci201": 53.58044746,
    "_ema10": 285.84170718,
    "_ema20": 287.46305262,
    "_ema30": 290.69591049,
    "_ema50": 295.91860214,
    "_ema100": 301.06706202,
    "_ema200": 298.89412776,
    "_psar": 273.23379311,
    "_wr": -25.98457166,
    "_mom": 8.66,
    "_mom1": 18.6,
    "stock_diff": 1.59,
    "rsi_diff": -2.93
}
