{
    "open": 77.53,
    "low": 77.26,
    "high": 78.88,
    "close": 78.19,
    "volume": 1275280,
    "change": 1.41374838,
    "_rsi": 71.50700969,
    "_rsi1": 68.81634438,
    "_stock_k": 92.8353435,
    "_stock_d": 94.27176808,
    "_stock_k1": 94.65544895,
    "_stock_d1": 93.22300723,
    "_macd_blue": 1.20725395,
    "_macd_orange": 1.89805681,
    "_cci20": 135.36456433,
    "_cci201": 132.45877914,
    "_ema10": 75.58333564,
    "_ema20": 73.79451718,
    "_ema30": 72.94782871,
    "_ema50": 72.1676201,
    "_ema100": 71.76333625,
    "_ema200": 73.52380961,
    "_psar": 75.11852291,
    "_wr": -7.52453653,
    "_mom": 4.72,
    "_mom1": 5.09,
    "stock_diff": -1.44,
    "rsi_diff": 2.69
}
