{
    "open": 688.18,
    "low": 684.795,
    "high": 701.42,
    "close": 700.24,
    "volume": 612354,
    "change": 1.74209953,
    "_rsi": 61.01642689,
    "_rsi1": 56.32723745,
    "_stock_k": 80.625,
    "_stock_d": 74.81042167,
    "_stock_k1": 71.00911458,
    "_stock_d1": 75.32443115,
    "_macd_blue": 7.22084459,
    "_macd_orange": 8.73942615,
    "_cci20": 105.42481061,
    "_cci201": 61.80700955,
    "_ema10": 688.24795689,
    "_ema20": 680.8120431,
    "_ema30": 676.27126171,
    "_ema50": 671.09033624,
    "_ema100": 658.78964911,
    "_ema200": 627.28286716,
    "_psar": 675.65275649,
    "_wr": -2.94921875,
    "_mom": 24.66,
    "_mom1": 13.55,
    "stock_diff": 5.81,
    "rsi_diff": 4.69
}
