{
    "open": 425,
    "low": 423.21,
    "high": 436.28,
    "close": 427.55,
    "volume": 2227909,
    "change": 1.24558952,
    "_rsi": 70.50428555,
    "_rsi1": 68.98701139,
    "_stock_k": 92.88055465,
    "_stock_d": 93.01885576,
    "_stock_k1": 96.22591702,
    "_stock_d1": 89.94779369,
    "_macd_blue": 6.20828435,
    "_macd_orange": 11.87010715,
    "_cci20": 172.40471836,
    "_cci201": 169.91443157,
    "_ema10": 402.20943059,
    "_ema20": 390.72679099,
    "_ema30": 385.2535704,
    "_ema50": 378.87592221,
    "_ema100": 370.30161615,
    "_ema200": 357.12604858,
    "_psar": 384.52118146,
    "_wr": -11.79992836,
    "_mom": 62.62,
    "_mom1": 53.29,
    "stock_diff": -0.14,
    "rsi_diff": 1.52
}
