{
    "open": 2554.83,
    "low": 2531.36,
    "high": 2610.345,
    "close": 2593.21,
    "volume": 1504519,
    "change": 2.30351662,
    "_rsi": 45.02471326,
    "_rsi1": 40.02970441,
    "_stock_k": 35.10248931,
    "_stock_d": 47.25871571,
    "_stock_k1": 43.53115951,
    "_stock_d1": 53.41411537,
    "_macd_blue": -33.79986534,
    "_macd_orange": -37.17384843,
    "_cci20": -90.01924686,
    "_cci201": -125.8410695,
    "_ema10": 2612.19170462,
    "_ema20": 2640.73701454,
    "_ema30": 2664.92789343,
    "_ema50": 2703.94302375,
    "_ema100": 2740.62053545,
    "_ema200": 2657.58103352,
    "_psar": 2528.26,
    "_wr": -59.02687146,
    "_mom": -90.15,
    "_mom1": -163,
    "stock_diff": -12.16,
    "rsi_diff": 5.0
}
