{
    "open": 40.64,
    "low": 40.47,
    "high": 40.86,
    "close": 40.5,
    "change": 0.07412898,
    "_rsi": 45.9047244,
    "_rsi1": 45.59885728,
    "_stock_k": 43.89184953,
    "_stock_d": 31.15470469,
    "_stock_k1": 31.09531712,
    "_stock_d1": 22.01102913,
    "_macd_blue": -0.17097009,
    "_macd_orange": -0.27721248,
    "_cci20": -47.17020653,
    "_cci201": -70.10181083,
    "_ema10": 40.552877,
    "_ema20": 40.83910673,
    "_ema30": 40.90747691,
    "_ema50": 40.70297711,
    "_ema100": 39.80345648,
    "_ema200": 37.9516596,
    "_psar": 39.43,
    "_wrr": -53.87931034,
    "stock_diff": 12.74,
    "rsi_diff": 0.31
}
