{
    "open": 40.64,
    "low": 40.39,
    "high": 40.86,
    "close": 40.4,
    "volume": 691717,
    "change": -0.17296763,
    "_rsi": 45.00509593,
    "_rsi1": 45.59885728,
    "_stock_k": 42.45506792,
    "_stock_d": 30.67577748,
    "_stock_k1": 31.09531712,
    "_stock_d1": 22.01102913,
    "_macd_blue": -0.17256554,
    "_macd_orange": -0.28518969,
    "_cci20": -52.68647625,
    "_cci201": -70.10181083,
    "_ema10": 40.53469518,
    "_ema20": 40.82958292,
    "_ema30": 40.9010253,
    "_ema50": 40.69905554,
    "_ema100": 39.80147628,
    "_ema200": 37.95066457,
    "_psar": 39.43,
    "_wr": -58.18965517,
    "stock_diff": 11.78,
    "rsi_diff": -0.59
}
