{
    "open": 39.37,
    "low": 38.26,
    "high": 39.88,
    "close": 38.775,
    "volume": 9381039,
    "change": -1.23535405,
    "_rsi": 46.05772777,
    "_rsi1": 47.41307292,
    "_stock_k": 33.24652778,
    "_stock_d": 47.58680556,
    "_stock_k1": 47.56944444,
    "_stock_d1": 58.32175926,
    "_macd_blue": 0.9330037,
    "_macd_orange": 0.66741119,
    "_cci20": -60.36750776,
    "_cci201": -40.04139032,
    "_ema10": 40.7745392,
    "_ema20": 40.42685584,
    "_ema30": 39.8231919,
    "_ema50": 38.50761701,
    "_ema100": 36.06566895,
    "_ema200": 33.2559685,
    "_psar": 46.27,
    "_wr": -78.07291667,
    "_mom": -0.465,
    "_mom1": 1.59,
    "stock_diff": -14.34,
    "rsi_diff": -1.36
}
