{
    "open": 55.9,
    "low": 54.45,
    "high": 56.09,
    "close": 54.48,
    "volume": 19742131,
    "change": -3.00872352,
    "_rsi": 43.694888,
    "_rsi1": 52.52523299,
    "_stock_k": 52.34661928,
    "_stock_d": 63.14010888,
    "_stock_k1": 68.53685369,
    "_stock_d1": 67.84011735,
    "_macd_blue": -0.20629026,
    "_macd_orange": -0.13628791,
    "_cci20": -59.00718781,
    "_cci201": 112.67780377,
    "_ema10": 55.5026563,
    "_ema20": 55.53792522,
    "_ema30": 55.7230369,
    "_ema50": 56.15983421,
    "_ema100": 56.50594562,
    "_ema200": 55.47009413,
    "_psar": 53.414432,
    "_wr": -82.56410256,
    "_mom": -1.44,
    "_mom1": 1.77,
    "stock_diff": -10.79,
    "rsi_diff": -8.83
}
