{
    "open": 83.46,
    "low": 82.75,
    "high": 84.6499,
    "close": 83.38,
    "volume": 19871624,
    "change": 0.30073379,
    "_rsi": 57.39123379,
    "_rsi1": 56.89282295,
    "_stock_k": 42.82748826,
    "_stock_d": 37.8600823,
    "_stock_k1": 40.24909866,
    "_stock_d1": 31.69883681,
    "_macd_blue": 1.19745702,
    "_macd_orange": 1.05389968,
    "_cci20": 52.79809675,
    "_cci201": 56.04080979,
    "_ema10": 81.67088121,
    "_ema20": 81.0576512,
    "_ema30": 80.09261752,
    "_ema50": 77.75268131,
    "_ema100": 72.86234812,
    "_ema200": 66.9643576,
    "_psar": 86.21054962,
    "_wr": -53.26122583,
    "_mom": -1.98,
    "_mom1": 0.34,
    "stock_diff": 4.97,
    "rsi_diff": 0.5
}
