{
    "open": 110.12,
    "low": 109.1,
    "high": 110.41,
    "close": 109.86,
    "volume": 624767,
    "change": -0.80361174,
    "_rsi": 44.89223651,
    "_rsi1": 47.07678578,
    "_stock_k": 37.78746066,
    "_stock_d": 52.81820688,
    "_stock_k1": 55.92157286,
    "_stock_d1": 62.40084195,
    "_macd_blue": -0.16862546,
    "_macd_orange": -0.27666393,
    "_cci20": -115.56751175,
    "_cci201": -25.58415405,
    "_ema10": 111.32883386,
    "_ema20": 111.6137535,
    "_ema30": 111.67741109,
    "_ema50": 111.50361886,
    "_ema100": 111.75595787,
    "_ema200": 112.08327384,
    "_psar": 108.87533056,
    "_wr": -76.39796659,
    "_mom": -2.64,
    "_mom1": -1.19,
    "stock_diff": -15.03,
    "rsi_diff": -2.18
}
