{
    "open": 100.89,
    "low": 100.175,
    "high": 101.21,
    "close": 100.9037,
    "volume": 955691,
    "change": 0.18238681,
    "_rsi": 58.39499566,
    "_rsi1": 57.93509201,
    "_stock_k": 90.60162264,
    "_stock_d": 90.48408756,
    "_stock_k1": 90.86213747,
    "_stock_d1": 92.2991477,
    "_macd_blue": -0.19838071,
    "_macd_orange": 0.55935651,
    "_cci20": 115.74165469,
    "_cci201": 116.45754067,
    "_ema10": 99.11879287,
    "_ema20": 98.29180842,
    "_ema30": 98.34674994,
    "_ema50": 99.07498891,
    "_ema100": 100.29035075,
    "_ema200": 99.3397935,
    "_psar": 95.30209826,
    "_wr": -3.64209275,
    "_mom": 6.9137,
    "_mom1": 5.4,
    "stock_diff": 0.12,
    "rsi_diff": 0.46
}
