{
    "open": 32.95,
    "low": 32.85,
    "high": 33.9096,
    "close": 33.88,
    "volume": 6096766,
    "change": 2.88490738,
    "_rsi": 69.19689992,
    "_rsi1": 63.44817406,
    "_stock_k": 73.01802141,
    "_stock_d": 59.98863741,
    "_stock_k1": 55.25227461,
    "_stock_d1": 49.4347946,
    "_macd_blue": 0.54019201,
    "_macd_orange": 0.61409502,
    "_cci20": 127.49444924,
    "_cci201": 76.9469102,
    "_ema10": 32.4880573,
    "_ema20": 32.02568382,
    "_ema30": 31.60083549,
    "_ema50": 30.84655379,
    "_ema100": 29.54962481,
    "_ema200": 27.92003516,
    "_psar": 30.4137,
    "_wr": -3.03030303,
    "_mom": 1.98,
    "_mom1": 0.44,
    "stock_diff": 13.03,
    "rsi_diff": 5.75
}
