{
    "open": 715,
    "low": 695.0001,
    "high": 739.49,
    "close": 703.59,
    "volume": 3397314,
    "change": -3.22141374,
    "_rsi": 50.87543797,
    "_rsi1": 52.78157324,
    "_stock_k": 72.10287182,
    "_stock_d": 77.60159558,
    "_stock_k1": 81.53690397,
    "_stock_d1": 79.02445659,
    "_macd_blue": -60.35271672,
    "_macd_orange": -28.70961152,
    "_cci20": 100.20631854,
    "_cci201": 108.63247352,
    "_ema10": 664.69021063,
    "_ema20": 667.77104172,
    "_ema30": 706.4818546,
    "_ema50": 806.02862306,
    "_ema100": 994.74590274,
    "_ema200": 1132.10389564,
    "_psar": 562.48344274,
    "_wr": -28.30209645,
    "_mom": 115.94,
    "_mom1": 212.06,
    "stock_diff": -5.5,
    "rsi_diff": -1.91
}
