{
    "open": 153.89,
    "low": 152.59,
    "high": 155.22,
    "close": 152.96,
    "volume": 370737,
    "change": 0.09161105,
    "_rsi": 56.36541391,
    "_rsi1": 56.11669097,
    "_stock_k": 73.49227338,
    "_stock_d": 80.19266403,
    "_stock_k1": 79.86727882,
    "_stock_d1": 87.33765918,
    "_macd_blue": 2.2405667,
    "_macd_orange": 2.37242102,
    "_cci20": 66.82496159,
    "_cci201": 64.4231656,
    "_ema10": 152.9486702,
    "_ema20": 151.15344282,
    "_ema30": 149.58557372,
    "_ema50": 146.98058449,
    "_ema100": 143.52376789,
    "_ema200": 140.42321247,
    "_psar": 150.07473585,
    "_wr": -27.1887361,
    "_mom": 3.95,
    "_mom1": 5.17,
    "stock_diff": -6.7,
    "rsi_diff": 0.25
}
