{
    "open": 23.16,
    "low": 22.645,
    "high": 23.34,
    "close": 22.7,
    "volume": 6623200,
    "change": -3.11566368,
    "_rsi": 47.31552429,
    "_rsi1": 52.41758454,
    "_stock_k": 65.18518519,
    "_stock_d": 65.35031515,
    "_stock_k1": 68.27160494,
    "_stock_d1": 66.21841954,
    "_macd_blue": -0.24725866,
    "_macd_orange": -0.16264414,
    "_cci20": 9.18437286,
    "_cci201": 66.87830688,
    "_ema10": 22.89879673,
    "_ema20": 22.98716856,
    "_ema30": 23.1037216,
    "_ema50": 23.1900724,
    "_ema100": 22.97632974,
    "_ema200": 22.0657267,
    "_psar": 22.0691752,
    "_wr": -44.81481481,
    "_mom": 0.25,
    "_mom1": 2.03,
    "stock_diff": -0.17,
    "rsi_diff": -5.1
}
