{
    "open": 110.31,
    "low": 110.18,
    "high": 110.815,
    "close": 110.545,
    "volume": 915616,
    "change": 0.72437358,
    "_rsi": 52.56010518,
    "_rsi1": 49.35422281,
    "_stock_k": 69.49879205,
    "_stock_d": 62.62451108,
    "_stock_k1": 61.12836439,
    "_stock_d1": 59.62732919,
    "_macd_blue": -0.59810212,
    "_macd_orange": -0.45872085,
    "_cci20": 87.1786907,
    "_cci201": -13.25228773,
    "_ema10": 109.42787578,
    "_ema20": 109.7153988,
    "_ema30": 110.0307795,
    "_ema50": 110.29779219,
    "_ema100": 109.81688188,
    "_ema200": 107.38660004,
    "_psar": 107.01249261,
    "_wr": -21.62784745,
    "_mom": 0.075,
    "_mom1": 1.52,
    "stock_diff": 6.87,
    "rsi_diff": 3.21
}
