{
    "open": 150.82,
    "low": 149.08,
    "high": 152.53,
    "close": 149.4,
    "volume": 1295521,
    "change": -1.89769519,
    "_rsi": 40.53187501,
    "_rsi1": 44.08132234,
    "_stock_k": 60.3950104,
    "_stock_d": 59.59711418,
    "_stock_k1": 61.58862029,
    "_stock_d1": 56.75423805,
    "_macd_blue": -3.62015665,
    "_macd_orange": -3.66424689,
    "_cci20": -56.02514653,
    "_cci201": -35.90064838,
    "_ema10": 151.27890863,
    "_ema20": 154.07603021,
    "_ema30": 156.31847812,
    "_ema50": 159.3807414,
    "_ema100": 163.24657599,
    "_ema200": 166.19898337,
    "_psar": 133.9588,
    "_wr": -45.04504505,
    "_mom": -8.92,
    "_mom1": -3.81,
    "stock_diff": 0.8,
    "rsi_diff": -3.55
}
