{
    "open": 693.04,
    "low": 667.88,
    "high": 693.04,
    "close": 669.22,
    "volume": 608528,
    "change": -3.38126588,
    "_rsi": 60.47875794,
    "_rsi1": 76.01375523,
    "_stock_k": 87.07710376,
    "_stock_d": 92.61171366,
    "_stock_k1": 95.50724948,
    "_stock_d1": 95.68956719,
    "_macd_blue": 12.60100285,
    "_macd_orange": 17.65503808,
    "_cci20": 81.84599344,
    "_cci201": 125.87906158,
    "_ema10": 669.31883309,
    "_ema20": 653.40698099,
    "_ema30": 644.86089742,
    "_ema50": 636.70387435,
    "_ema100": 626.72273847,
    "_ema200": 607.13757409,
    "_psar": 650.87947672,
    "_wr": -29.95257599,
    "_mom": 45.79,
    "_mom1": 77.9,
    "stock_diff": -5.53,
    "rsi_diff": -15.53
}
