{
    "open": 577.99,
    "low": 568.56,
    "high": 584.2574,
    "close": 576.91,
    "volume": 369847,
    "change": 1.34741058,
    "_rsi": 50.87397012,
    "_rsi1": 49.24154518,
    "_stock_k": 81.15967794,
    "_stock_d": 77.10558277,
    "_stock_k1": 76.06227962,
    "_stock_d1": 71.35188601,
    "_macd_blue": -15.76732115,
    "_macd_orange": -8.4234557,
    "_cci20": 47.50003155,
    "_cci201": 40.68044989,
    "_ema10": 564.42175449,
    "_ema20": 566.88079229,
    "_ema30": 575.97290626,
    "_ema50": 594.73398277,
    "_ema100": 617.88674155,
    "_ema200": 604.49133603,
    "_psar": 524.70255814,
    "_wr": -18.08085728,
    "_mom": 37.4,
    "_mom1": 30.3,
    "stock_diff": 4.05,
    "rsi_diff": 1.63
}
