{
    "open": 107.75,
    "low": 107.3398,
    "high": 108.865,
    "close": 108.56,
    "volume": 3788852,
    "change": 0.4720037,
    "_rsi": 60.48237782,
    "_rsi1": 59.07241721,
    "_stock_k": 75.73643411,
    "_stock_d": 71.44702842,
    "_stock_k1": 70.58139535,
    "_stock_d1": 71.44630503,
    "_macd_blue": 0.69447678,
    "_macd_orange": 1.01971023,
    "_cci20": 109.89435155,
    "_cci201": 91.7795514,
    "_ema10": 106.9865672,
    "_ema20": 106.06758067,
    "_ema30": 105.52791568,
    "_ema50": 104.40757123,
    "_ema100": 100.83799881,
    "_ema200": 94.39926044,
    "_psar": 103.52917477,
    "_wr": -13.13953488,
    "_mom": 5.09,
    "_mom1": 3.97,
    "stock_diff": 4.29,
    "rsi_diff": 1.41
}
