{
    "open": 52.74,
    "low": 52.51,
    "high": 53.25,
    "close": 52.78,
    "volume": 17431885,
    "change": 0.36128542,
    "_rsi": 57.33204851,
    "_rsi1": 56.54370255,
    "_stock_k": 68.53423882,
    "_stock_d": 71.27020059,
    "_stock_k1": 69.51518581,
    "_stock_d1": 77.02088919,
    "_macd_blue": 0.48851031,
    "_macd_orange": 0.83033217,
    "_cci20": 60.87060265,
    "_cci201": 60.6770367,
    "_ema10": 52.42276971,
    "_ema20": 51.55971443,
    "_ema30": 51.3265919,
    "_ema50": 51.37499161,
    "_ema100": 50.74215225,
    "_ema200": 48.12772067,
    "_psar": 55.175458,
    "_wr": -28.5229202,
    "_mom": 2.51,
    "_mom1": 3.39,
    "stock_diff": -2.74,
    "rsi_diff": 0.79
}
