{
    "open": 62.8,
    "low": 62.5901,
    "high": 63.7653,
    "close": 63.25,
    "volume": 2583456,
    "change": 2.4457402,
    "_rsi": 68.23147419,
    "_rsi1": 64.97069794,
    "_stock_k": 93.57929887,
    "_stock_d": 92.01400035,
    "_stock_k1": 90.38455676,
    "_stock_d1": 88.15165578,
    "_macd_blue": 2.22364879,
    "_macd_orange": 2.4078765,
    "_cci20": 145.12065968,
    "_cci201": 113.61319327,
    "_ema10": 60.71547374,
    "_ema20": 58.88364089,
    "_ema30": 57.3030211,
    "_ema50": 54.61976793,
    "_ema100": 49.78575441,
    "_ema200": 43.77111294,
    "_psar": 56.05839114,
    "_wr": -5.7349226,
    "_mom": 5.33,
    "_mom1": 2.03,
    "stock_diff": 1.57,
    "rsi_diff": 3.26
}
