{
    "open": 314.36,
    "low": 308.7507,
    "high": 318.26,
    "close": 317.94,
    "change": 0.2332913,
    "_rsi": 33.69844375,
    "_rsi1": 32.86072129,
    "_stock_k": 34.23386609,
    "_stock_d": 36.15217793,
    "_stock_k1": 35.58204402,
    "_stock_d1": 38.79368278,
    "_macd_blue": -11.7425652,
    "_macd_orange": -12.53455052,
    "_cci20": -67.96454808,
    "_cci201": -56.17140114,
    "_ema10": 321.87494192,
    "_ema20": 330.10446088,
    "_ema30": 338.18073871,
    "_ema50": 349.48212372,
    "_ema100": 357.02619814,
    "_ema200": 347.40590601
}
