{
    "open": 379.77,
    "low": 374.49,
    "high": 382.46,
    "close": 374.49,
    "volume": 3728855,
    "change": -2.20150423,
    "_rsi": 48.1174649,
    "_rsi1": 51.03623167,
    "_stock_k": 82.45983962,
    "_stock_d": 78.72945806,
    "_stock_k1": 82.23261019,
    "_stock_d1": 71.23277757,
    "_macd_blue": -16.87220612,
    "_macd_orange": -10.16125824,
    "_cci20": 50.02314452,
    "_cci201": 59.39582743,
    "_ema10": 368.6083635,
    "_ema20": 371.97211164,
    "_ema30": 383.68606637,
    "_ema50": 414.15684757,
    "_ema100": 470.15393159,
    "_ema200": 506.93980587,
    "_psar": 339.75780708,
    "_wr": -21.41097818,
    "_mom": 15.7,
    "_mom1": 41.16,
    "stock_diff": 3.73,
    "rsi_diff": -2.92
}
