{
    "open": 42.68,
    "low": 42.44,
    "high": 43.7,
    "close": 42.84,
    "change": -1.29032258,
    "_rsi": 59.02521973,
    "_rsi1": 61.09431232,
    "_stock_k": 65.24305556,
    "_stock_d": 71.60372297,
    "_stock_k1": 73.02083333,
    "_stock_d1": 72.779496,
    "_macd_blue": 0.9767654,
    "_macd_orange": 1.2621822,
    "_cci20": 113.04202879,
    "_cci201": 136.75468273,
    "_ema10": 41.66643203,
    "_ema20": 40.65108437,
    "_ema30": 39.82435404,
    "_ema50": 38.33729953,
    "_ema100": 35.83088288,
    "_ema200": 33.05447773,
    "_psar": 37.89561987,
    "_wrr": -35.72916667,
    "stock_diff": -6.36,
    "rsi_diff": -2.07
}
