{
    "open": 41.4,
    "low": 40.3,
    "high": 41.74,
    "close": 40.71,
    "volume": 8012920,
    "change": 0.46890424,
    "_rsi": 65.42753904,
    "_rsi1": 64.88960459,
    "_stock_k": 85.15492949,
    "_stock_d": 80.64541632,
    "_stock_k1": 79.22161493,
    "_stock_d1": 74.1466036,
    "_macd_blue": 1.60332187,
    "_macd_orange": 1.716534,
    "_cci20": 113.70071826,
    "_cci201": 101.77909397,
    "_ema10": 39.25913693,
    "_ema20": 37.95231561,
    "_ema30": 36.84167448,
    "_ema50": 35.02703473,
    "_ema100": 31.74993496,
    "_ema200": 27.71211846,
    "_psar": 35.069626,
    "_wr": -14.83081353,
    "_mom": 2.01,
    "_mom1": 1.89,
    "stock_diff": 4.51,
    "rsi_diff": 0.54
}
