{
    "open": 62.51,
    "low": 62.375,
    "high": 64.1,
    "close": 63.75,
    "volume": 1450308,
    "change": 1.17441676,
    "_rsi": 68.78686104,
    "_rsi1": 67.16136521,
    "_stock_k": 94.03458688,
    "_stock_d": 92.96562988,
    "_stock_k1": 91.28300389,
    "_stock_d1": 91.74895318,
    "_macd_blue": 2.31489943,
    "_macd_orange": 2.50357758,
    "_cci20": 130.42643429,
    "_cci201": 127.9715685,
    "_ema10": 61.60854027,
    "_ema20": 59.70266295,
    "_ema30": 58.06339308,
    "_ema50": 55.29394187,
    "_ema100": 50.31895491,
    "_ema200": 44.15943475,
    "_psar": 57.24217234,
    "_wr": -3.75536481,
    "_mom": 2.86,
    "_mom1": 2.79,
    "stock_diff": 1.07,
    "rsi_diff": 1.63
}
