{
    "open": 118.93,
    "low": 118.9,
    "high": 119.7,
    "close": 119.68,
    "volume": 325588,
    "change": 0.74922131,
    "_rsi": 57.0083703,
    "_rsi1": 54.94405602,
    "_stock_k": 68.9539964,
    "_stock_d": 76.20309603,
    "_stock_k1": 75.79028527,
    "_stock_d1": 85.19115681,
    "_macd_blue": 1.08744736,
    "_macd_orange": 1.38665237,
    "_cci20": 70.43964307,
    "_cci201": 58.4026173,
    "_ema10": 118.89842257,
    "_ema20": 117.71277744,
    "_ema30": 116.93954326,
    "_ema50": 115.6620322,
    "_ema100": 112.75591226,
    "_ema200": 106.88084811,
    "_psar": 117.3445187,
    "_wr": -23.82420971,
    "_mom": 4.19,
    "_mom1": 3.99,
    "stock_diff": -7.25,
    "rsi_diff": 2.06
}
