{
    "open": 51.06,
    "low": 50.97,
    "high": 51.4577,
    "close": 51.28,
    "volume": 18769297,
    "change": 0.54901961,
    "_rsi": 37.86748366,
    "_rsi1": 34.37820695,
    "_stock_k": 6.22733573,
    "_stock_d": 5.08281585,
    "_stock_k1": 4.15546185,
    "_stock_d1": 4.21739796,
    "_macd_blue": -0.4205481,
    "_macd_orange": -0.64445713,
    "_cci20": -97.25053748,
    "_cci201": -122.09530219,
    "_ema10": 51.64128929,
    "_ema20": 52.24687646,
    "_ema30": 52.52937708,
    "_ema50": 52.72610589,
    "_ema100": 52.97710045,
    "_ema200": 53.76513746,
    "_psar": 53.45421664,
    "_wr": -89.42707989,
    "_mom": -1.76,
    "_mom1": -2.23,
    "stock_diff": 1.14,
    "rsi_diff": 3.49
}
