{
    "open": 73.82,
    "low": 73.3209,
    "high": 74.38,
    "close": 73.88,
    "volume": 29275387,
    "change": -0.09465855,
    "_rsi": 56.57842807,
    "_rsi1": 56.80224735,
    "_stock_k": 39.14686968,
    "_stock_d": 42.23839484,
    "_stock_k1": 41.58538081,
    "_stock_d1": 49.48166671,
    "_macd_blue": 2.16628755,
    "_macd_orange": 1.75638171,
    "_cci20": 33.84128599,
    "_cci201": 29.55485207,
    "_ema10": 73.75007645,
    "_ema20": 72.67051585,
    "_ema30": 71.29402625,
    "_ema50": 68.73055764,
    "_ema100": 64.17526651,
    "_ema200": 58.88441829,
    "_psar": 78.9746943,
    "_wr": -63.8469285,
    "_mom": -1.35,
    "_mom1": 0.83,
    "stock_diff": -3.09,
    "rsi_diff": -0.22
}
