{
    "open": 23.07,
    "low": 22.885,
    "high": 23.39,
    "close": 23.08,
    "volume": 25463045,
    "change": 0.04334634,
    "_rsi": 56.79519949,
    "_rsi1": 56.7338874,
    "_stock_k": 36.06557377,
    "_stock_d": 27.93567011,
    "_stock_k1": 26.72478707,
    "_stock_d1": 26.60572068,
    "_macd_blue": 0.68696578,
    "_macd_orange": 0.49293336,
    "_cci20": 37.08977393,
    "_cci201": 15.66868153,
    "_ema10": 22.74692223,
    "_ema20": 22.50003088,
    "_ema30": 22.04399379,
    "_ema50": 21.06881476,
    "_ema100": 19.11466275,
    "_ema200": 16.54964659,
    "_psar": 25.06744059,
    "_wr": -53.68852459,
    "_mom": -0.73,
    "_mom1": 0.18,
    "stock_diff": 8.13,
    "rsi_diff": 0.06
}
