{
    "open": 70.67,
    "low": 70.43,
    "high": 71.59,
    "close": 70.625,
    "change": 0.89285714,
    "_rsi": 46.67887764,
    "_rsi1": 44.8837541,
    "_stock_k": 43.36405468,
    "_stock_d": 29.22672601,
    "_stock_k1": 29.10335709,
    "_stock_d1": 18.31087507,
    "_macd_blue": -0.77418012,
    "_macd_orange": -1.04367012,
    "_cci20": -43.47782929,
    "_cci201": -91.10643091,
    "_ema10": 70.49312282,
    "_ema20": 71.43099732,
    "_ema30": 71.92077314,
    "_ema50": 72.22125834,
    "_ema100": 71.63041806,
    "_ema200": 69.04908262,
    "_psar": 66.85,
    "_wrr": -49.66666667,
    "stock_diff": 14.14,
    "rsi_diff": 1.8
}
