{
    "open": 70.67,
    "low": 69.92,
    "high": 71.59,
    "close": 70.02,
    "volume": 19716249,
    "change": 0.02857143,
    "_rsi": 44.94306807,
    "_rsi1": 44.8837541,
    "_stock_k": 40.67516579,
    "_stock_d": 28.33042972,
    "_stock_k1": 29.10335709,
    "_stock_d1": 18.31087507,
    "_macd_blue": -0.78383254,
    "_macd_orange": -1.09193223,
    "_cci20": -54.99979466,
    "_cci201": -91.10643091,
    "_ema10": 70.38312282,
    "_ema20": 71.37337827,
    "_ema30": 71.88174088,
    "_ema50": 72.19753285,
    "_ema100": 71.61843786,
    "_ema200": 69.04306272,
    "_psar": 66.85,
    "_wr": -57.73333333,
    "stock_diff": 12.34,
    "rsi_diff": 0.06
}
