{
    "open": 70.67,
    "low": 70.45,
    "high": 71.59,
    "close": 70.96,
    "change": 1.37142857,
    "_rsi": 47.59375431,
    "_rsi1": 44.8837541,
    "_stock_k": 44.85294356,
    "_stock_d": 29.72302231,
    "_stock_k1": 29.10335709,
    "_stock_d1": 18.31087507,
    "_macd_blue": -0.76883539,
    "_macd_orange": -1.01694648,
    "_cci20": -39.75350199,
    "_cci201": -91.10643091,
    "_ema10": 70.55403191,
    "_ema20": 71.46290208,
    "_ema30": 71.94238604,
    "_ema50": 72.23439559,
    "_ema100": 71.63705172,
    "_ema200": 69.05241595,
    "_psar": 66.85,
    "_wrr": -45.2,
    "stock_diff": 15.13,
    "rsi_diff": 2.71
}
