{
    "open": 30.3,
    "low": 29.875,
    "high": 30.42,
    "close": 30.25,
    "volume": 4059144,
    "change": 0.09927201,
    "_rsi": 62.00724036,
    "_rsi1": 61.65411429,
    "_stock_k": 74.69073426,
    "_stock_d": 78.39225698,
    "_stock_k1": 78.27336315,
    "_stock_d1": 80.09467216,
    "_macd_blue": 0.41020757,
    "_macd_orange": 0.42213647,
    "_cci20": 69.82653085,
    "_cci201": 87.96204077,
    "_ema10": 30.03808881,
    "_ema20": 29.72512536,
    "_ema30": 29.44000015,
    "_ema50": 28.91040196,
    "_ema100": 27.87282059,
    "_ema200": 26.71198442,
    "_psar": 29.71683713,
    "_wr": -31.72690763,
    "_mom": 0.6,
    "_mom1": 0.61,
    "stock_diff": -3.7,
    "rsi_diff": 0.35
}
