{
    "open": 112.7,
    "low": 112.6,
    "high": 113.57,
    "close": 113.38,
    "volume": 1210841,
    "change": 0.80014225,
    "_rsi": 60.9121261,
    "_rsi1": 57.79112458,
    "_stock_k": 87.70915766,
    "_stock_d": 86.10731971,
    "_stock_k1": 87.0575624,
    "_stock_d1": 87.63781605,
    "_macd_blue": 0.11717031,
    "_macd_orange": 0.55483026,
    "_cci20": 148.99341807,
    "_cci201": 119.83476582,
    "_ema10": 111.67941324,
    "_ema20": 111.04144126,
    "_ema30": 110.88816354,
    "_ema50": 110.79057684,
    "_ema100": 110.14202411,
    "_ema200": 107.71884289,
    "_psar": 109.74741548,
    "_wr": -3.3018786,
    "_mom": 5,
    "_mom1": 3.48,
    "stock_diff": 1.6,
    "rsi_diff": 3.12
}
