{
    "open": 88,
    "low": 87.47,
    "high": 90,
    "close": 88.95,
    "volume": 1438921,
    "change": 1.16001365,
    "_rsi": 48.50632413,
    "_rsi1": 45.20733575,
    "_stock_k": 64.56697051,
    "_stock_d": 61.85406015,
    "_stock_k1": 60.56355527,
    "_stock_d1": 61.74317892,
    "_macd_blue": -1.0328645,
    "_macd_orange": -0.75066023,
    "_cci20": 10.40025931,
    "_cci201": -14.88585316,
    "_ema10": 88.58500477,
    "_ema20": 89.02784718,
    "_ema30": 89.5565402,
    "_ema50": 89.96623099,
    "_ema100": 89.53152557,
    "_ema200": 88.66513626,
    "_psar": 84.65350139,
    "_wr": -28.8941736,
    "_mom": 2.8,
    "_mom1": 0.61,
    "stock_diff": 2.71,
    "rsi_diff": 3.3
}
