{
    "open": 132.52,
    "low": 130.3,
    "high": 133.5,
    "close": 132.24,
    "volume": 1766055,
    "change": 0.3110066,
    "_rsi": 45.17869977,
    "_rsi1": 44.41146178,
    "_stock_k": 59.59771866,
    "_stock_d": 50.88300946,
    "_stock_k1": 50.52869661,
    "_stock_d1": 46.7518972,
    "_macd_blue": -3.68580214,
    "_macd_orange": -2.90615538,
    "_cci20": -4.23999992,
    "_cci201": -36.70560824,
    "_ema10": 131.55033415,
    "_ema20": 133.26350176,
    "_ema30": 135.60321439,
    "_ema50": 139.61568723,
    "_ema100": 144.13466542,
    "_ema200": 142.95787114,
    "_psar": 127.8942871,
    "_wr": -27.07659115,
    "_mom": 4.82,
    "_mom1": 1.54,
    "stock_diff": 8.71,
    "rsi_diff": 0.77
}
