{
    "open": 125.74,
    "low": 123.14,
    "high": 126.225,
    "close": 124.29,
    "volume": 5135508,
    "change": -1.11385154,
    "_rsi": 51.16496646,
    "_rsi1": 55.00986268,
    "_stock_k": 63.40179042,
    "_stock_d": 66.10496753,
    "_stock_k1": 67.08794102,
    "_stock_d1": 69.6419168,
    "_macd_blue": 1.62844049,
    "_macd_orange": 1.2889748,
    "_cci20": -1.93552255,
    "_cci201": 23.34836842,
    "_ema10": 125.34761613,
    "_ema20": 124.60576934,
    "_ema30": 123.530402,
    "_ema50": 121.80991172,
    "_ema100": 121.16555169,
    "_ema200": 122.8312848,
    "_psar": 122.65011995,
    "_wr": -41.70616114,
    "_mom": -0.28,
    "_mom1": 2.15,
    "stock_diff": -2.7,
    "rsi_diff": -3.84
}
