{
    "open": 174.67,
    "low": 173.345,
    "high": 175.29,
    "close": 174.63,
    "volume": 335887,
    "change": 0.2813828,
    "_rsi": 51.75343215,
    "_rsi1": 50.93555284,
    "_stock_k": 74.29443173,
    "_stock_d": 81.35647089,
    "_stock_k1": 80.03432494,
    "_stock_d1": 87.99659987,
    "_macd_blue": -1.04898576,
    "_macd_orange": 0.13894459,
    "_cci20": 60.60586083,
    "_cci201": 81.30412408,
    "_ema10": 174.06802463,
    "_ema20": 173.21632028,
    "_ema30": 174.0262626,
    "_ema50": 177.25324196,
    "_ema100": 182.88126891,
    "_ema200": 181.34454482,
    "_psar": 168.67686759,
    "_wr": -30.26315789,
    "_mom": 8.15,
    "_mom1": 5.47,
    "stock_diff": -7.06,
    "rsi_diff": 0.82
}
