{
    "open": 27.71,
    "low": 26.86,
    "high": 28.13,
    "close": 27.23,
    "volume": 479424,
    "change": -3.91672548,
    "_rsi": 66.12946345,
    "_rsi1": 78.62750939,
    "_stock_k": 89.30305884,
    "_stock_d": 90.33832251,
    "_stock_k1": 92.57122021,
    "_stock_d1": 90.40172982,
    "_macd_blue": 1.35157831,
    "_macd_orange": 1.51269936,
    "_cci20": 85.82037271,
    "_cci201": 119.94310678,
    "_ema10": 26.99665912,
    "_ema20": 25.7736484,
    "_ema30": 24.91672749,
    "_ema50": 23.92077557,
    "_ema100": 22.79389245,
    "_ema200": 22.09362254,
    "_psar": 26.046,
    "_wr": -23.32761578,
    "_mom": 2.14,
    "_mom1": 3.22,
    "stock_diff": -1.04,
    "rsi_diff": -12.5
}
