{
    "open": 29.52,
    "low": 29.31,
    "high": 29.81,
    "close": 29.62,
    "volume": 4102805,
    "change": 0.5089922,
    "_rsi": 68.16085308,
    "_rsi1": 66.75753078,
    "_stock_k": 91.87649128,
    "_stock_d": 92.28118186,
    "_stock_k1": 92.22294361,
    "_stock_d1": 92.30858808,
    "_macd_blue": 0.38835237,
    "_macd_orange": 0.50313219,
    "_cci20": 115.51300851,
    "_cci201": 109.51712725,
    "_ema10": 29.05369582,
    "_ema20": 28.61831761,
    "_ema30": 28.35444786,
    "_ema50": 28.03194033,
    "_ema100": 27.47276185,
    "_ema200": 26.48814721,
    "_psar": 28.88136876,
    "_wr": -10.79545455,
    "_mom": 1.24,
    "_mom1": 0.93,
    "stock_diff": -0.4,
    "rsi_diff": 1.4
}
