{
    "open": 39.06,
    "low": 38.24,
    "high": 40.2,
    "close": 40.04,
    "change": 3.4625323,
    "_rsi": 71.89622438,
    "_rsi1": 68.31585919,
    "_stock_k": 81.54074074,
    "_stock_d": 80.48783341,
    "_stock_k1": 76.68371557,
    "_stock_d1": 82.51965847,
    "_macd_blue": 1.91817613,
    "_macd_orange": 1.44062591,
    "_cci20": 109.88194668,
    "_cci201": 87.72436104,
    "_ema10": 37.64653054,
    "_ema20": 36.01178113,
    "_ema30": 34.9189865,
    "_ema50": 33.26223935,
    "_ema100": 30.3122317,
    "_ema200": 26.64811757,
    "_psar": 34.7795785,
    "stock_diff": 1.05,
    "rsi_diff": 3.58
}
