{
    "open": 429.68,
    "low": 424.535,
    "high": 435.62,
    "close": 435.06,
    "volume": 109037,
    "change": 1.40785977,
    "_rsi": 56.33718413,
    "_rsi1": 54.18787015,
    "_stock_k": 80.63865991,
    "_stock_d": 84.89357337,
    "_stock_k1": 82.40814005,
    "_stock_d1": 89.34035385,
    "_macd_blue": 3.69693355,
    "_macd_orange": 6.5205344,
    "_cci20": 79.23641549,
    "_cci201": 88.99670659,
    "_ema10": 428.325379,
    "_ema20": 421.86335665,
    "_ema30": 419.57427477,
    "_ema50": 422.1144757,
    "_ema100": 434.83232453,
    "_ema200": 435.79355738,
    "_psar": 402.24054002,
    "_wr": -19.94003799,
    "_mom": 19.97,
    "_mom1": 10.72,
    "stock_diff": -4.25,
    "rsi_diff": 2.15
}
