{
    "open": 128.45,
    "low": 125.52,
    "high": 129.4,
    "close": 125.66,
    "volume": 967730,
    "change": -3.3607629,
    "_rsi": 44.75550637,
    "_rsi1": 49.60604637,
    "_stock_k": 57.87143066,
    "_stock_d": 59.26864925,
    "_stock_k1": 62.06968794,
    "_stock_d1": 58.10807925,
    "_macd_blue": -2.55590885,
    "_macd_orange": -2.02856209,
    "_cci20": -41.61557368,
    "_cci201": 6.59227181,
    "_ema10": 127.65662477,
    "_ema20": 128.83520506,
    "_ema30": 130.56077449,
    "_ema50": 134.46093351,
    "_ema100": 143.52906877,
    "_ema200": 153.04988326,
    "_psar": 117.599448,
    "_wr": -47.63349515,
    "_mom": -3.7,
    "_mom1": 0.89,
    "stock_diff": -1.4,
    "rsi_diff": -4.85
}
