{
    "open": 172.98,
    "low": 172.1432,
    "high": 175.42,
    "close": 175.31,
    "volume": 1568699,
    "change": 1.0898397,
    "_rsi": 52.47076995,
    "_rsi1": 48.77187864,
    "_stock_k": 41.12682176,
    "_stock_d": 45.63342383,
    "_stock_k1": 43.01201307,
    "_stock_d1": 54.0699615,
    "_macd_blue": -0.33485872,
    "_macd_orange": 0.1053748,
    "_cci20": 19.24093991,
    "_cci201": 9.27577988,
    "_ema10": 174.3009885,
    "_ema20": 173.83235868,
    "_ema30": 174.33873565,
    "_ema50": 176.33917341,
    "_ema100": 179.85045547,
    "_ema200": 180.96381724,
    "_psar": 170.96540387,
    "_wr": -47.88157223,
    "_mom": -0.86,
    "_mom1": -0.54,
    "stock_diff": -4.51,
    "rsi_diff": 3.7
}
