{
    "open": 79.35,
    "low": 78.96,
    "high": 79.65,
    "close": 79.62,
    "volume": 3716040,
    "change": 0.69558619,
    "_rsi": 50.76058141,
    "_rsi1": 45.14811903,
    "_stock_k": 28.26810372,
    "_stock_d": 20.92078246,
    "_stock_k1": 19.41605839,
    "_stock_d1": 14.58683912,
    "_macd_blue": 0.28012062,
    "_macd_orange": -0.02001901,
    "_cci20": -61.50647524,
    "_cci201": -75.97328412,
    "_ema10": 79.47457821,
    "_ema20": 79.73391474,
    "_ema30": 79.38896423,
    "_ema50": 78.0053101,
    "_ema100": 76.39898148,
    "_ema200": 77.6495382,
    "_psar": 77.06502615,
    "_wr": -60.74313409,
    "_mom": -1.18,
    "_mom1": -1.76,
    "stock_diff": 7.35,
    "rsi_diff": 5.61
}
