{
    "open": 33.09,
    "low": 32.35,
    "high": 33.15,
    "close": 32.4,
    "volume": 258876,
    "change": -1.60947464,
    "_rsi": 59.92651238,
    "_rsi1": 70.73600302,
    "_stock_k": 84.83067364,
    "_stock_d": 86.06822946,
    "_stock_k1": 93.04338047,
    "_stock_d1": 81.83375674,
    "_macd_blue": 0.28808614,
    "_macd_orange": 0.36001701,
    "_cci20": 141.28505502,
    "_cci201": 191.85729847,
    "_ema10": 32.2097355,
    "_ema20": 31.90069256,
    "_ema30": 31.71509086,
    "_ema50": 31.526883,
    "_ema100": 31.22453246,
    "_ema200": 30.34502948,
    "_psar": 31.6112,
    "_wr": -36.94581281,
    "_mom": 0.59,
    "_mom1": 0.95,
    "stock_diff": -1.24,
    "rsi_diff": -10.81
}
