{
    "open": 32.89,
    "low": 32.79,
    "high": 33.08,
    "close": 33.04,
    "volume": 221149,
    "change": 0.79316656,
    "_rsi": 60.69175319,
    "_rsi1": 57.4860163,
    "_stock_k": 73.16239316,
    "_stock_d": 78.00569801,
    "_stock_k1": 78.29059829,
    "_stock_d1": 82.11582069,
    "_macd_blue": 0.41881442,
    "_macd_orange": 0.42730544,
    "_cci20": 65.5643422,
    "_cci201": 58.13295615,
    "_ema10": 32.87223082,
    "_ema20": 32.54628062,
    "_ema30": 32.28628859,
    "_ema50": 31.96441641,
    "_ema100": 31.51179562,
    "_ema200": 30.57055754,
    "_psar": 32.5912804,
    "_wr": -22.56410256,
    "_mom": 0.11,
    "_mom1": 0.27,
    "stock_diff": -4.84,
    "rsi_diff": 3.21
}
