{
    "open": 78.56,
    "low": 77.95,
    "high": 78.91,
    "close": 78.76,
    "volume": 2736540,
    "change": 0.21631251,
    "_rsi": 57.45332095,
    "_rsi1": 56.7019801,
    "_stock_k": 94.09482673,
    "_stock_d": 84.78628111,
    "_stock_k1": 87.45708991,
    "_stock_d1": 73.10454408,
    "_macd_blue": -0.39943127,
    "_macd_orange": -0.06025185,
    "_cci20": 178.22188932,
    "_cci201": 170.47509008,
    "_ema10": 77.40565843,
    "_ema20": 77.28730379,
    "_ema30": 77.46362131,
    "_ema50": 77.7846737,
    "_ema100": 77.84063175,
    "_ema200": 76.36012465,
    "_psar": 75.36439344,
    "_wr": -4.1958042,
    "_mom": 1.12,
    "_mom1": 0.8,
    "stock_diff": 9.31,
    "rsi_diff": 0.75
}
