{
    "open": 80.63,
    "low": 79.8,
    "high": 81.33,
    "close": 81.12,
    "volume": 3946853,
    "change": 1.05892612,
    "_rsi": 48.88407853,
    "_rsi1": 46.63627487,
    "_stock_k": 45.28258362,
    "_stock_d": 43.36793541,
    "_stock_k1": 44.15224913,
    "_stock_d1": 40.1076509,
    "_macd_blue": -1.53306482,
    "_macd_orange": -1.34995304,
    "_cci20": -6.56445814,
    "_cci201": -19.68458535,
    "_ema10": 79.96807148,
    "_ema20": 80.97579194,
    "_ema30": 81.69432756,
    "_ema50": 81.84873931,
    "_ema100": 80.58376474,
    "_ema200": 78.8682581,
    "_psar": 82.68291144,
    "_wr": -49.68858131,
    "_mom": -0.09,
    "_mom1": 0.92,
    "stock_diff": 1.91,
    "rsi_diff": 2.25
}
