{
    "open": 177,
    "low": 173.66,
    "high": 177,
    "close": 174.84,
    "volume": 13809537,
    "change": -1.10859729,
    "_rsi": 59.93288155,
    "_rsi1": 64.69297182,
    "_stock_k": 90.0269955,
    "_stock_d": 91.55746431,
    "_stock_k1": 94.35219786,
    "_stock_d1": 90.80400897,
    "_macd_blue": 1.01427502,
    "_macd_orange": 2.02486527,
    "_cci20": 112.43958822,
    "_cci201": 139.2927032,
    "_ema10": 172.59421832,
    "_ema20": 170.57096109,
    "_ema30": 169.73399526,
    "_ema50": 168.9182612,
    "_ema100": 167.90514651,
    "_ema200": 166.25379692,
    "_psar": 168.3747903,
    "_wr": -14.80253014,
    "_mom": 5.36,
    "_mom1": 8.32,
    "stock_diff": -1.53,
    "rsi_diff": -4.76
}
