{
    "open": 118.03,
    "low": 117.165,
    "high": 122.7,
    "close": 122.69,
    "volume": 1533079,
    "change": 5.30426573,
    "_rsi": 55.68197939,
    "_rsi1": 49.01827479,
    "_stock_k": 80.79356935,
    "_stock_d": 82.46964255,
    "_stock_k1": 77.80058149,
    "_stock_d1": 86.70453982,
    "_macd_blue": -2.06584317,
    "_macd_orange": -0.16579137,
    "_cci20": 95.14279694,
    "_cci201": 56.91299759,
    "_ema10": 117.87116733,
    "_ema20": 116.82518942,
    "_ema30": 118.28147508,
    "_ema50": 122.64906406,
    "_ema100": 128.17939563,
    "_ema200": 127.8786242,
    "_psar": 107.533802,
    "_wr": -5.74653669,
    "_mom": 12.73,
    "_mom1": 4.76,
    "stock_diff": -1.68,
    "rsi_diff": 6.66
}
