{
    "open": 450.03,
    "low": 450,
    "high": 457.53,
    "close": 453.66,
    "volume": 1644692,
    "change": 0.87385765,
    "_rsi": 62.89330277,
    "_rsi1": 61.32790955,
    "_stock_k": 59.9904785,
    "_stock_d": 51.28375932,
    "_stock_k1": 49.29331196,
    "_stock_d1": 43.05535318,
    "_macd_blue": 11.53311568,
    "_macd_orange": 10.42264403,
    "_cci20": 81.21548053,
    "_cci201": 44.054208,
    "_ema10": 442.80119129,
    "_ema20": 436.01732628,
    "_ema30": 428.00845881,
    "_ema50": 413.73266133,
    "_ema100": 392.88673526,
    "_ema200": 378.85814403,
    "_psar": 462.33504084,
    "_wr": -25.31779661,
    "_mom": 14.62,
    "_mom1": 5.37,
    "stock_diff": 8.71,
    "rsi_diff": 1.57
}
