{
    "open": 79.94,
    "low": 78.27,
    "high": 80.25,
    "close": 79.25,
    "volume": 5131279,
    "change": -0.91272818,
    "_rsi": 57.25223,
    "_rsi1": 59.52859361,
    "_stock_k": 86.20828536,
    "_stock_d": 72.242764,
    "_stock_k1": 77.20147716,
    "_stock_d1": 55.37003408,
    "_macd_blue": 0.5631389,
    "_macd_orange": 0.74894938,
    "_cci20": 157.04325129,
    "_cci201": 225.05171017,
    "_ema10": 77.64098687,
    "_ema20": 77.07976569,
    "_ema30": 76.47767591,
    "_ema50": 74.91556144,
    "_ema100": 71.28507748,
    "_ema200": 65.94084243,
    "_psar": 73.3159,
    "_wr": -14.13427562,
    "_mom": 3.03,
    "_mom1": 5.44,
    "stock_diff": 13.97,
    "rsi_diff": -2.28
}
