{
    "open": 209.24,
    "low": 207.58,
    "high": 210.197,
    "close": 209.66,
    "volume": 557570,
    "change": 0.20072644,
    "_rsi": 53.20256956,
    "_rsi1": 52.68964145,
    "_stock_k": 88.19223337,
    "_stock_d": 86.35094679,
    "_stock_k1": 87.87848961,
    "_stock_d1": 83.53662317,
    "_macd_blue": -3.16403376,
    "_macd_orange": -1.16484077,
    "_cci20": 97.9167133,
    "_cci201": 111.9627398,
    "_ema10": 206.38535305,
    "_ema20": 206.18917038,
    "_ema30": 207.93091625,
    "_ema50": 211.56706628,
    "_ema100": 218.01987308,
    "_ema200": 224.25386456,
    "_psar": 200.09726399,
    "_wr": -9.8109811,
    "_mom": 14.37,
    "_mom1": 12.04,
    "stock_diff": 1.84,
    "rsi_diff": 0.51
}
