{
    "open": 37.19,
    "low": 36.15,
    "high": 37.37,
    "close": 36.34,
    "volume": 5479651,
    "change": -3.35106383,
    "_rsi": 39.70184024,
    "_rsi1": 44.07173638,
    "_stock_k": 51.54179746,
    "_stock_d": 46.84210941,
    "_stock_k1": 47.58597408,
    "_stock_d1": 43.43321879,
    "_macd_blue": -1.81010885,
    "_macd_orange": -1.53975315,
    "_cci20": -39.95207495,
    "_cci201": -16.25213384,
    "_ema10": 36.96952849,
    "_ema20": 37.97673184,
    "_ema30": 39.09119204,
    "_ema50": 40.85785578,
    "_ema100": 43.28080962,
    "_ema200": 43.98807611,
    "_psar": 34.20032711,
    "_wr": -44.22869471,
    "_mom": 0.14,
    "_mom1": 2.54,
    "stock_diff": 4.7,
    "rsi_diff": -4.37
}
