{
    "open": 219.48,
    "low": 218,
    "high": 221.7,
    "close": 220.91,
    "volume": 4105116,
    "change": -0.35633739,
    "_rsi": 70.24504812,
    "_rsi1": 71.71367856,
    "_stock_k": 96.30448769,
    "_stock_d": 94.76704867,
    "_stock_k1": 95.2724144,
    "_stock_d1": 93.69150222,
    "_macd_blue": 2.07245877,
    "_macd_orange": 5.064218,
    "_cci20": 103.72744176,
    "_cci201": 114.07064578,
    "_ema10": 213.16790083,
    "_ema20": 207.78206203,
    "_ema30": 206.09030506,
    "_ema50": 205.39570842,
    "_ema100": 205.59378031,
    "_ema200": 204.73628251,
    "_psar": 203.62401135,
    "_wr": -2.11473019,
    "_mom": 25.25,
    "_mom1": 26.85,
    "stock_diff": 1.54,
    "rsi_diff": -1.47
}
