{
    "open": 89.99,
    "low": 89.56,
    "high": 91.18,
    "close": 90.78,
    "volume": 1672759,
    "change": 1.37353434,
    "_rsi": 63.49348553,
    "_rsi1": 59.17117853,
    "_stock_k": 86.54287792,
    "_stock_d": 81.26308594,
    "_stock_k1": 77.82587863,
    "_stock_d1": 77.2937301,
    "_macd_blue": 0.5957476,
    "_macd_orange": 0.85717858,
    "_cci20": 161.15997148,
    "_cci201": 109.73838717,
    "_ema10": 88.95813673,
    "_ema20": 88.18107641,
    "_ema30": 87.76953364,
    "_ema50": 87.34265859,
    "_ema100": 86.66197094,
    "_ema200": 85.34367495,
    "_psar": 88.14984336,
    "_wr": -8.08080808,
    "_mom": 3.29,
    "_mom1": 2,
    "stock_diff": 5.28,
    "rsi_diff": 4.32
}
