{
    "open": 548.56,
    "low": 535,
    "high": 548.74,
    "close": 536.06,
    "volume": 582730,
    "change": -2.96854071,
    "_rsi": 53.76630068,
    "_rsi1": 59.66082571,
    "_stock_k": 83.93437911,
    "_stock_d": 82.32037906,
    "_stock_k1": 87.43034749,
    "_stock_d1": 76.39586682,
    "_macd_blue": 0.16239904,
    "_macd_orange": 4.12290306,
    "_cci20": 82.55884966,
    "_cci201": 122.45237804,
    "_ema10": 530.17115422,
    "_ema20": 524.81303053,
    "_ema30": 524.90526898,
    "_ema50": 533.02800327,
    "_ema100": 556.96074249,
    "_ema200": 567.53731184,
    "_psar": 489.72163648,
    "_wr": -26.02011494,
    "_mom": 6.14,
    "_mom1": 44.68,
    "stock_diff": 1.61,
    "rsi_diff": -5.89
}
