{
    "open": 384.53,
    "low": 382.4462,
    "high": 394.89,
    "close": 393.94,
    "volume": 422418,
    "change": 2.61526439,
    "_rsi": 58.86872906,
    "_rsi1": 53.11751626,
    "_stock_k": 72.61590872,
    "_stock_d": 66.7978955,
    "_stock_k1": 64.55696203,
    "_stock_d1": 67.05512022,
    "_macd_blue": -1.03888732,
    "_macd_orange": 1.23831213,
    "_cci20": 171.34901919,
    "_cci201": 65.87635878,
    "_ema10": 382.40125455,
    "_ema20": 380.12535202,
    "_ema30": 380.87364663,
    "_ema50": 384.66341977,
    "_ema100": 388.19422625,
    "_ema200": 377.79517028,
    "_psar": 364.99979481,
    "_wr": -2.73696341,
    "_mom": 23.06,
    "_mom1": 12.93,
    "stock_diff": 5.82,
    "rsi_diff": 5.75
}
