{
    "open": 222.27,
    "low": 215.94,
    "high": 222.73,
    "close": 216.72,
    "volume": 2993537,
    "change": -2.71580554,
    "_rsi": 51.26374502,
    "_rsi1": 57.25154964,
    "_stock_k": 66.01411683,
    "_stock_d": 74.32331528,
    "_stock_k1": 78.34158416,
    "_stock_d1": 77.37099272,
    "_macd_blue": 1.07698935,
    "_macd_orange": 2.17520985,
    "_cci20": 35.83038993,
    "_cci201": 76.40030101,
    "_ema10": 218.19039058,
    "_ema20": 215.84107603,
    "_ema30": 215.37604214,
    "_ema50": 217.22198859,
    "_ema100": 223.25571052,
    "_ema200": 223.63059905,
    "_psar": 211.4001665,
    "_wr": -49.93619736,
    "_mom": 0.72,
    "_mom1": 13.96,
    "stock_diff": -8.31,
    "rsi_diff": -5.99
}
