{
    "open": 248.42,
    "low": 246.8,
    "high": 249.76,
    "close": 247.64,
    "volume": 1276481,
    "change": -1.01131231,
    "_rsi": 42.17080235,
    "_rsi1": 44.11466647,
    "_stock_k": 50.73171377,
    "_stock_d": 50.03506766,
    "_stock_k1": 51.79135359,
    "_stock_d1": 48.0547915,
    "_macd_blue": -10.12363688,
    "_macd_orange": -7.74541623,
    "_cci20": -11.10818942,
    "_cci201": 2.92345156,
    "_ema10": 247.10150842,
    "_ema20": 251.42745025,
    "_ema30": 258.02840446,
    "_ema50": 270.28994944,
    "_ema100": 285.65179124,
    "_ema200": 287.21654119,
    "_psar": 237.72043247,
    "_wr": -43.68855682,
    "_mom": 5.93,
    "_mom1": 10.32,
    "stock_diff": 0.7,
    "rsi_diff": -1.94
}
