{
    "open": 61.51,
    "low": 61.31,
    "high": 62.18,
    "close": 61.79,
    "volume": 1817909,
    "change": 0.34101981,
    "_rsi": 46.00479215,
    "_rsi1": 44.74744305,
    "_stock_k": 27.64343291,
    "_stock_d": 23.69211317,
    "_stock_k1": 23.66050261,
    "_stock_d1": 21.00521574,
    "_macd_blue": -0.82485605,
    "_macd_orange": -0.81409749,
    "_cci20": -28.88315739,
    "_cci201": -31.7259942,
    "_ema10": 61.49647729,
    "_ema20": 62.11956287,
    "_ema30": 62.59864401,
    "_ema50": 63.11221964,
    "_ema100": 63.45886657,
    "_ema200": 63.53342345,
    "_psar": 59.54,
    "_wr": -67.9943101,
    "_mom": 0.78,
    "_mom1": -0.61,
    "stock_diff": 3.95,
    "rsi_diff": 1.26
}
