{
    "open": 71.84,
    "low": 70.21,
    "high": 72.21,
    "close": 71.89,
    "volume": 13151262,
    "change": -0.19436346,
    "_rsi": 50.57971398,
    "_rsi1": 51.02448114,
    "_stock_k": 73.45313735,
    "_stock_d": 66.20289763,
    "_stock_k1": 66.22222222,
    "_stock_d1": 57.21481481,
    "_macd_blue": -0.71168073,
    "_macd_orange": -0.46080963,
    "_cci20": 5.9463548,
    "_cci201": 11.87811278,
    "_ema10": 71.2208478,
    "_ema20": 71.47463129,
    "_ema30": 71.8027909,
    "_ema50": 72.08572896,
    "_ema100": 71.6132162,
    "_ema200": 69.16556369,
    "_psar": 68.01076768,
    "_wr": -28.30725462,
    "_mom": 1.86,
    "_mom1": -0.86,
    "stock_diff": 7.25,
    "rsi_diff": -0.44
}
