{
    "open": 22.42,
    "low": 22.07,
    "high": 22.635,
    "close": 22.28,
    "volume": 11619633,
    "change": -0.31319911,
    "_rsi": 60.08806077,
    "_rsi1": 60.5684282,
    "_stock_k": 65.60334528,
    "_stock_d": 68.64197531,
    "_stock_k1": 69.4265233,
    "_stock_d1": 71.85185185,
    "_macd_blue": 1.08142236,
    "_macd_orange": 1.30618434,
    "_cci20": 51.68552588,
    "_cci201": 65.46533779,
    "_ema10": 22.24656275,
    "_ema20": 21.10990758,
    "_ema30": 20.48128531,
    "_ema50": 20.0205966,
    "_ema100": 20.08053991,
    "_ema200": 20.6072434,
    "_psar": 19.22362075,
    "_wr": -38.88888889,
    "_mom": 4.77,
    "_mom1": 4.24,
    "stock_diff": -3.04,
    "rsi_diff": -0.48
}
