{
    "open": 57.39,
    "low": 57.065,
    "high": 57.98,
    "close": 57.96,
    "volume": 1725098,
    "change": 1.20481928,
    "_rsi": 67.62951233,
    "_rsi1": 65.10765559,
    "_stock_k": 82.40740741,
    "_stock_d": 82.25308642,
    "_stock_k1": 81.32716049,
    "_stock_d1": 85.22572552,
    "_macd_blue": 0.87867572,
    "_macd_orange": 1.24801017,
    "_cci20": 112.51935287,
    "_cci201": 109.49230635,
    "_ema10": 56.42572078,
    "_ema20": 55.32644178,
    "_ema30": 54.65691943,
    "_ema50": 53.75228675,
    "_ema100": 52.768544,
    "_ema200": 52.71973186,
    "_psar": 53.16457972,
    "_wr": -7.87037037,
    "_mom": 5.39,
    "_mom1": 4.1,
    "stock_diff": 0.15,
    "rsi_diff": 2.52
}
