{
    "open": 173.59,
    "low": 173.37,
    "high": 178.295,
    "close": 176.04,
    "volume": 3801954,
    "change": 1.88089589,
    "_rsi": 48.09818731,
    "_rsi1": 44.83062149,
    "_stock_k": 41.6668471,
    "_stock_d": 36.15316778,
    "_stock_k1": 35.48801804,
    "_stock_d1": 30.44942418,
    "_macd_blue": -2.29293844,
    "_macd_orange": -3.6464292,
    "_cci20": -37.61044387,
    "_cci201": -63.95362327,
    "_ema10": 173.31131462,
    "_ema20": 177.01599015,
    "_ema30": 178.12881258,
    "_ema50": 177.60236166,
    "_ema100": 174.65716161,
    "_ema200": 167.42444313,
    "_psar": 156.0998,
    "_wr": -48.43948236,
    "_mom": -2.02,
    "_mom1": -21.75,
    "stock_diff": 5.51,
    "rsi_diff": 3.27
}
