{
    "open": 115.28,
    "low": 113.05,
    "high": 115.45,
    "close": 113.7,
    "volume": 667016,
    "change": -1.37913089,
    "_rsi": 42.72831946,
    "_rsi1": 45.86125297,
    "_stock_k": 47.76931447,
    "_stock_d": 55.2049329,
    "_stock_k1": 56.18425825,
    "_stock_d1": 57.63511063,
    "_macd_blue": -0.97659337,
    "_macd_orange": -0.83405241,
    "_cci20": -97.94335184,
    "_cci201": 8.54357933,
    "_ema10": 115.8584196,
    "_ema20": 116.36492924,
    "_ema30": 117.06612561,
    "_ema50": 118.57718096,
    "_ema100": 120.69041163,
    "_ema200": 119.39462624,
    "_psar": 112.70276436,
    "_wr": -78.89009793,
    "_mom": -0.42,
    "_mom1": 0.21,
    "stock_diff": -7.44,
    "rsi_diff": -3.13
}
