{
    "open": 247.99,
    "low": 246.24,
    "high": 265.6899,
    "close": 264.53,
    "volume": 73071547,
    "change": 6.81175806,
    "_rsi": 60.58617029,
    "_rsi1": 54.69576349,
    "_stock_k": 97.3393942,
    "_stock_d": 79.3821475,
    "_stock_k1": 83.94527995,
    "_stock_d1": 59.25891509,
    "_macd_blue": -5.35228399,
    "_macd_orange": -1.07232434,
    "_cci20": 197.37319886,
    "_cci201": 103.37673434,
    "_ema10": 238.62573355,
    "_ema20": 237.36823369,
    "_ema30": 239.94296571,
    "_ema50": 246.04168231,
    "_ema100": 249.30134946,
    "_ema200": 232.71047666,
    "_psar": 211.82332706,
    "_wr": -1.95962487,
    "_mom": 35.17,
    "_mom1": 10.52,
    "stock_diff": 17.96,
    "rsi_diff": 5.89
}
