{
    "open": 493.57,
    "low": 480.13,
    "high": 496.51,
    "close": 491.52,
    "volume": 347584,
    "change": -0.62674376,
    "_rsi": 62.20743894,
    "_rsi1": 63.15274942,
    "_stock_k": 92.27894722,
    "_stock_d": 90.15320856,
    "_stock_k1": 90.24266828,
    "_stock_d1": 90.46015774,
    "_macd_blue": 5.08497051,
    "_macd_orange": 13.29479523,
    "_cci20": 130.96766051,
    "_cci201": 131.33369764,
    "_ema10": 462.36629465,
    "_ema20": 448.44105014,
    "_ema30": 443.71640002,
    "_ema50": 444.54130325,
    "_ema100": 452.78516997,
    "_ema200": 442.97872703,
    "_psar": 425.33103024,
    "_wr": -4.05955093,
    "_mom": 95.78,
    "_mom1": 85.56,
    "stock_diff": 2.13,
    "rsi_diff": -0.95
}
