{
    "open": 80.65,
    "low": 80.49,
    "high": 82.815,
    "close": 82.24,
    "volume": 7025694,
    "change": 2.30128125,
    "_rsi": 58.73284062,
    "_rsi1": 53.95576057,
    "_stock_k": 89.72272019,
    "_stock_d": 90.3158258,
    "_stock_k1": 87.8301206,
    "_stock_d1": 90.82426778,
    "_macd_blue": -0.09723375,
    "_macd_orange": 0.64761152,
    "_cci20": 117.50379922,
    "_cci201": 95.19769314,
    "_ema10": 80.27610165,
    "_ema20": 79.33709461,
    "_ema30": 79.45299331,
    "_ema50": 80.76665833,
    "_ema100": 83.49795044,
    "_ema200": 83.29556133,
    "_psar": 78.64656884,
    "_wr": -5.92783505,
    "_mom": 5.59,
    "_mom1": 4.29,
    "stock_diff": -0.59,
    "rsi_diff": 4.78
}
