{
    "open": 154.05,
    "low": 152.34,
    "high": 154.94,
    "close": 152.43,
    "volume": 1331864,
    "change": -1.81642512,
    "_rsi": 49.33902279,
    "_rsi1": 54.33748726,
    "_stock_k": 80.09660643,
    "_stock_d": 86.27474033,
    "_stock_k1": 89.87420012,
    "_stock_d1": 88.22243863,
    "_macd_blue": -1.16419486,
    "_macd_orange": -0.23999475,
    "_cci20": 57.71700813,
    "_cci201": 117.1933915,
    "_ema10": 152.7031248,
    "_ema20": 152.33582325,
    "_ema30": 153.0901545,
    "_ema50": 155.17776111,
    "_ema100": 157.82604095,
    "_ema200": 155.01830642,
    "_psar": 146.173232,
    "_wr": -34.57369401,
    "_mom": 3.31,
    "_mom1": 9.05,
    "stock_diff": -6.18,
    "rsi_diff": -5.0
}
