{
    "open": 137.06,
    "low": 135.74,
    "high": 138.48,
    "close": 135.79,
    "volume": 1132775,
    "change": -0.25708829,
    "_rsi": 40.80933242,
    "_rsi1": 41.31426144,
    "_stock_k": 40.28320312,
    "_stock_d": 36.36067708,
    "_stock_k1": 37.09309896,
    "_stock_d1": 32.22374468,
    "_macd_blue": -5.70284078,
    "_macd_orange": -4.87370211,
    "_cci20": -18.71264023,
    "_cci201": -38.2812161,
    "_ema10": 134.95350643,
    "_ema20": 138.07536954,
    "_ema30": 141.76989494,
    "_ema50": 147.86036182,
    "_ema100": 156.25470616,
    "_ema200": 165.01363544,
    "_psar": 127.2126,
    "_wr": -57.17773438,
    "_mom": -1.48,
    "_mom1": -2.3,
    "stock_diff": 3.92,
    "rsi_diff": -0.5
}
