{
    "open": 168,
    "low": 167.8021,
    "high": 173.18,
    "close": 173.14,
    "volume": 840545,
    "change": 3.78851457,
    "_rsi": 50.3683921,
    "_rsi1": 41.67825617,
    "_stock_k": 66.95336391,
    "_stock_d": 66.66805779,
    "_stock_k1": 62.5764526,
    "_stock_d1": 71.46706316,
    "_macd_blue": -4.92073041,
    "_macd_orange": -3.39625175,
    "_cci20": 70.68883116,
    "_cci201": -34.25054393,
    "_ema10": 169.05089107,
    "_ema20": 170.63064998,
    "_ema30": 173.89115865,
    "_ema50": 180.59994649,
    "_ema100": 191.26596695,
    "_ema200": 195.36079003,
    "_psar": 173.7622,
    "_wr": -4.64449541,
    "_mom": 10.76,
    "_mom1": 3.17,
    "stock_diff": 0.29,
    "rsi_diff": 8.69
}
