{
    "open": 471.17,
    "low": 459.75,
    "high": 471.98,
    "close": 461.44,
    "volume": 1718673,
    "change": -3.05678691,
    "_rsi": 45.08714483,
    "_rsi1": 48.86951366,
    "_stock_k": 67.26225424,
    "_stock_d": 70.83299527,
    "_stock_k1": 73.15292096,
    "_stock_d1": 71.07197404,
    "_macd_blue": -18.70925524,
    "_macd_orange": -13.16001501,
    "_cci20": 6.9658571,
    "_cci201": 48.12964631,
    "_ema10": 463.82803105,
    "_ema20": 470.43994613,
    "_ema30": 482.30487773,
    "_ema50": 505.16825978,
    "_ema100": 533.13596257,
    "_ema200": 526.19869614,
    "_psar": 430.89828484,
    "_wr": -36.28597495,
    "_mom": -3.3,
    "_mom1": 33.78,
    "stock_diff": -3.57,
    "rsi_diff": -3.78
}
