{
    "open": 69.84,
    "low": 69.62,
    "high": 70.66,
    "close": 70.19,
    "volume": 3022207,
    "change": 1.10919044,
    "_rsi": 61.43213139,
    "_rsi1": 59.12806771,
    "_stock_k": 87.59608665,
    "_stock_d": 90.21148154,
    "_stock_k1": 88.62448458,
    "_stock_d1": 93.41175538,
    "_macd_blue": 0.0081609,
    "_macd_orange": 0.6466018,
    "_cci20": 127.40058017,
    "_cci201": 136.93400782,
    "_ema10": 68.22105843,
    "_ema20": 67.46443168,
    "_ema30": 67.22697764,
    "_ema50": 66.75883316,
    "_ema100": 65.53983914,
    "_ema200": 63.14894737,
    "_psar": 65.94330857,
    "_wr": -10.16771488,
    "_mom": 5.91,
    "_mom1": 4.98,
    "stock_diff": -2.62,
    "rsi_diff": 2.3
}
