{
    "open": 210.92,
    "low": 209.38,
    "high": 213.11,
    "close": 209.62,
    "volume": 955507,
    "change": -0.61634743,
    "_rsi": 51.27471989,
    "_rsi1": 52.93925938,
    "_stock_k": 64.37051533,
    "_stock_d": 61.0219613,
    "_stock_k1": 63.00065232,
    "_stock_d1": 56.82104805,
    "_macd_blue": -4.13461336,
    "_macd_orange": -2.36658017,
    "_cci20": 87.86489185,
    "_cci201": 72.14361469,
    "_ema10": 206.14480897,
    "_ema20": 206.95338868,
    "_ema30": 209.46706569,
    "_ema50": 215.68066606,
    "_ema100": 232.27309328,
    "_ema200": 253.39464602,
    "_psar": 193.0588,
    "_wr": -33.65949119,
    "_mom": 7.35,
    "_mom1": 8.91,
    "stock_diff": 3.35,
    "rsi_diff": -1.66
}
