{
    "open": 51.05,
    "low": 50.96,
    "high": 51.4563,
    "close": 50.97,
    "volume": 25988810,
    "change": -0.05882353,
    "_rsi": 34.00950418,
    "_rsi1": 34.18787166,
    "_stock_k": 4.86564996,
    "_stock_d": 4.88274983,
    "_stock_k1": 3.63108206,
    "_stock_d1": 6.32934196,
    "_macd_blue": -0.29488461,
    "_macd_orange": -0.60399263,
    "_cci20": -130.8250573,
    "_cci201": -152.66704556,
    "_ema10": 51.88192598,
    "_ema20": 52.49061639,
    "_ema30": 52.72695764,
    "_ema50": 52.8579931,
    "_ema100": 53.05201935,
    "_ema200": 53.81815506,
    "_psar": 53.93588923,
    "_wr": -96.2962963,
    "_mom": -2.11,
    "_mom1": -2.25,
    "stock_diff": -0.02,
    "rsi_diff": -0.18
}
