{
    "open": 217.48,
    "low": 214.22,
    "high": 217.715,
    "close": 214.58,
    "volume": 1939517,
    "change": -1.75808076,
    "_rsi": 52.47819647,
    "_rsi1": 57.49388018,
    "_stock_k": 77.6067665,
    "_stock_d": 84.21612128,
    "_stock_k1": 84.81697171,
    "_stock_d1": 90.2127244,
    "_macd_blue": 0.43531951,
    "_macd_orange": 1.62373362,
    "_cci20": 68.23223739,
    "_cci201": 124.67531595,
    "_ema10": 214.78813658,
    "_ema20": 213.00955716,
    "_ema30": 212.41491228,
    "_ema50": 211.56489017,
    "_ema100": 208.87391609,
    "_ema200": 201.98657431,
    "_psar": 200.39626943,
    "_wr": -33.23627288,
    "_mom": 7.8,
    "_mom1": 15.01,
    "stock_diff": -6.61,
    "rsi_diff": -5.02
}
