{
    "open": 135.39,
    "low": 130.89,
    "high": 135.51,
    "close": 131.52,
    "volume": 677819,
    "change": -2.59942235,
    "_rsi": 40.12281087,
    "_rsi1": 43.27878544,
    "_stock_k": 47.86635192,
    "_stock_d": 55.79968928,
    "_stock_k1": 56.98202288,
    "_stock_d1": 64.08409499,
    "_macd_blue": -3.30985448,
    "_macd_orange": -2.88059297,
    "_cci20": -70.26666473,
    "_cci201": -36.04903663,
    "_ema10": 136.92938403,
    "_ema20": 138.60979927,
    "_ema30": 141.17422059,
    "_ema50": 146.79646035,
    "_ema100": 157.64215361,
    "_ema200": 165.77074485,
    "_psar": 128.15336276,
    "_wr": -61.93934992,
    "_mom": 0.41,
    "_mom1": 2.27,
    "stock_diff": -7.93,
    "rsi_diff": -3.16
}
