{
    "open": 431.49,
    "low": 430.43,
    "high": 438.8489,
    "close": 437.42,
    "volume": 819459,
    "change": 1.58147744,
    "_rsi": 55.02025735,
    "_rsi1": 50.00796008,
    "_stock_k": 55.35737366,
    "_stock_d": 59.19176253,
    "_stock_k1": 54.64650381,
    "_stock_d1": 64.40911637,
    "_macd_blue": 4.54776573,
    "_macd_orange": 4.03758212,
    "_cci20": 17.83836468,
    "_cci201": -4.76571852,
    "_ema10": 435.82885332,
    "_ema20": 433.05885054,
    "_ema30": 430.38358233,
    "_ema50": 427.78435912,
    "_ema100": 426.96836725,
    "_ema200": 425.35123116,
    "_psar": 427.15536796,
    "_wr": -37.14618069,
    "_mom": 6.12,
    "_mom1": 1.44,
    "stock_diff": -3.83,
    "rsi_diff": 5.01
}
