{
    "open": 76.56,
    "low": 76.291,
    "high": 77.28,
    "close": 77.12,
    "volume": 2408735,
    "change": 1.3004072,
    "_rsi": 49.86223608,
    "_rsi1": 44.57799371,
    "_stock_k": 59.04961565,
    "_stock_d": 55.62543676,
    "_stock_k1": 52.13137666,
    "_stock_d1": 53.82716049,
    "_macd_blue": -0.59468539,
    "_macd_orange": -0.52775333,
    "_cci20": 16.08822698,
    "_cci201": -45.41860281,
    "_ema10": 76.52454235,
    "_ema20": 76.88187497,
    "_ema30": 77.24832517,
    "_ema50": 77.7026291,
    "_ema100": 77.8046567,
    "_ema200": 76.29740588,
    "_psar": 74.8917326,
    "_wr": -24.10901468,
    "_mom": 1.39,
    "_mom1": -0.97,
    "stock_diff": 3.42,
    "rsi_diff": 5.28
}
