{
    "open": 53.46,
    "low": 53.135,
    "high": 53.64,
    "close": 53.22,
    "volume": 8843917,
    "change": -0.16882386,
    "_rsi": 62.06437014,
    "_rsi1": 62.81732096,
    "_stock_k": 75.82749622,
    "_stock_d": 63.77187496,
    "_stock_k1": 63.98421436,
    "_stock_d1": 52.99954515,
    "_macd_blue": 0.36245486,
    "_macd_orange": 0.47676648,
    "_cci20": 126.43206365,
    "_cci201": 154.02141298,
    "_ema10": 52.14376734,
    "_ema20": 51.76603361,
    "_ema30": 51.4362312,
    "_ema50": 50.75200696,
    "_ema100": 49.56397974,
    "_ema200": 48.38632495,
    "_psar": 49.8734,
    "_wr": -17.74580336,
    "_mom": 2.22,
    "_mom1": 2.42,
    "stock_diff": 12.06,
    "rsi_diff": -0.75
}
