{
    "open": 435.44,
    "low": 425.995,
    "high": 438.6205,
    "close": 431.62,
    "volume": 3284790,
    "change": -0.12033137,
    "_rsi": 43.05938306,
    "_rsi1": 43.19931958,
    "_stock_k": 32.70872371,
    "_stock_d": 46.67582137,
    "_stock_k1": 49.01814504,
    "_stock_d1": 59.68722151,
    "_macd_blue": -13.266488,
    "_macd_orange": -11.11606112,
    "_cci20": -54.53648363,
    "_cci201": -76.25003726,
    "_ema10": 439.23297148,
    "_ema20": 445.78591995,
    "_ema30": 455.38174175,
    "_ema50": 476.85663781,
    "_ema100": 516.51416966,
    "_ema200": 538.43251913,
    "_psar": 416.2352619,
    "_wr": -63.02311056,
    "_mom": 15.24,
    "_mom1": -6.81,
    "stock_diff": -13.97,
    "rsi_diff": -0.14
}
