{
    "open": 31,
    "low": 30.82,
    "high": 31.35,
    "close": 30.98,
    "volume": 849145,
    "change": 0.64977258,
    "_rsi": 61.28074641,
    "_rsi1": 59.66686291,
    "_stock_k": 84.21871479,
    "_stock_d": 80.76608614,
    "_stock_k1": 83.46308617,
    "_stock_d1": 74.35752338,
    "_macd_blue": 0.13784465,
    "_macd_orange": 0.25463437,
    "_cci20": 153.21184755,
    "_cci201": 125.77800686,
    "_ema10": 30.26744408,
    "_ema20": 30.03289873,
    "_ema30": 29.89594634,
    "_ema50": 29.73886676,
    "_ema100": 29.75197614,
    "_ema200": 29.54952063,
    "_psar": 28.73579712,
    "_wr": -13.21428571,
    "_mom": 0.88,
    "_mom1": 0.34,
    "stock_diff": 3.45,
    "rsi_diff": 1.61
}
