{
    "open": 32.66,
    "low": 32.65,
    "high": 33.16,
    "close": 33.14,
    "volume": 290477,
    "change": 1.5007657,
    "_rsi": 68.19101552,
    "_rsi1": 63.00998509,
    "_stock_k": 77.63850704,
    "_stock_d": 72.16215001,
    "_stock_k1": 65.72974017,
    "_stock_d1": 74.55953887,
    "_macd_blue": 0.33356988,
    "_macd_orange": 0.41003721,
    "_cci20": 167.88055353,
    "_cci201": 115.63727801,
    "_ema10": 32.46874318,
    "_ema20": 32.1229943,
    "_ema30": 31.90268037,
    "_ema50": 31.66442815,
    "_ema100": 31.31268476,
    "_ema200": 30.41568706,
    "_psar": 31.87189734,
    "_wr": -1.2195122,
    "_mom": 0.95,
    "_mom1": 0.59,
    "stock_diff": 5.48,
    "rsi_diff": 5.18
}
