{
    "open": 50.01,
    "low": 49.68,
    "high": 50.42,
    "close": 49.81,
    "volume": 11371706,
    "change": -0.10028079,
    "_rsi": 63.37887375,
    "_rsi1": 63.60604969,
    "_stock_k": 87.68869102,
    "_stock_d": 81.87633558,
    "_stock_k1": 81.18781215,
    "_stock_d1": 73.62614721,
    "_macd_blue": 1.37230273,
    "_macd_orange": 1.50403869,
    "_cci20": 119.02869806,
    "_cci201": 117.03807861,
    "_ema10": 48.17875053,
    "_ema20": 47.03114746,
    "_ema30": 46.05830201,
    "_ema50": 44.56331882,
    "_ema100": 42.20528109,
    "_ema200": 39.11897502,
    "_psar": 43.84981997,
    "_wr": -12.41796423,
    "_mom": 2.82,
    "_mom1": 3.19,
    "stock_diff": 5.81,
    "rsi_diff": -0.23
}
