{
    "open": 59.73,
    "low": 58.975,
    "high": 60.33,
    "close": 60.07,
    "volume": 8633010,
    "change": 0.99193006,
    "_rsi": 38.83228981,
    "_rsi1": 36.4073997,
    "_stock_k": 32.71419372,
    "_stock_d": 34.2494753,
    "_stock_k1": 30.79497551,
    "_stock_d1": 37.05534908,
    "_macd_blue": -1.80729736,
    "_macd_orange": -1.73760046,
    "_cci20": -102.52044334,
    "_cci201": -108.88416228,
    "_ema10": 61.19312744,
    "_ema20": 62.41461409,
    "_ema30": 63.62521421,
    "_ema50": 65.42488915,
    "_ema100": 67.34978409,
    "_ema200": 67.72058689,
    "_psar": 63.72217759,
    "_wr": -62.46180707,
    "_mom": -1.98,
    "_mom1": -1.71,
    "stock_diff": -1.54,
    "rsi_diff": 2.42
}
