{
    "open": 40.44,
    "low": 40.24,
    "high": 42.09,
    "close": 41.53,
    "volume": 5804790,
    "change": 1.83913683,
    "_rsi": 67.87601807,
    "_rsi1": 65.63643067,
    "_stock_k": 87.88993385,
    "_stock_d": 85.8925726,
    "_stock_k1": 84.63285446,
    "_stock_d1": 83.00313296,
    "_macd_blue": 1.66051633,
    "_macd_orange": 1.78568505,
    "_cci20": 124.51028902,
    "_cci201": 113.30864325,
    "_ema10": 39.89826522,
    "_ema20": 38.5367028,
    "_ema30": 37.38183999,
    "_ema50": 35.49881214,
    "_ema100": 32.11887193,
    "_ema200": 27.97834467,
    "_psar": 35.59258332,
    "_wr": -7.67649075,
    "_mom": 2.48,
    "_mom1": 0.74,
    "stock_diff": 2.0,
    "rsi_diff": 2.24
}
