{
    "open": 104.97,
    "low": 103.75,
    "high": 105.85,
    "close": 104.54,
    "volume": 6190079,
    "change": 0.16288205,
    "_rsi": 66.91158757,
    "_rsi1": 66.67840597,
    "_stock_k": 87.72333302,
    "_stock_d": 82.9261908,
    "_stock_k1": 86.33026688,
    "_stock_d1": 76.76881609,
    "_macd_blue": 2.73674786,
    "_macd_orange": 3.12613299,
    "_cci20": 153.04383749,
    "_cci201": 146.4652625,
    "_ema10": 100.78963423,
    "_ema20": 98.3790436,
    "_ema30": 96.30139226,
    "_ema50": 92.5331791,
    "_ema100": 85.17463009,
    "_ema200": 75.52264854,
    "_psar": 93.2708864,
    "_wr": -9.68218773,
    "_mom": 4.82,
    "_mom1": 8.16,
    "stock_diff": 4.8,
    "rsi_diff": 0.23
}
