{
    "open": 136.92,
    "low": 135.86,
    "high": 138.06,
    "close": 137.05,
    "volume": 2855631,
    "change": 0.00729714,
    "_rsi": 71.94712174,
    "_rsi1": 71.93552351,
    "_stock_k": 96.14794833,
    "_stock_d": 97.34962126,
    "_stock_k1": 97.53508684,
    "_stock_d1": 96.05993981,
    "_macd_blue": 1.92293212,
    "_macd_orange": 3.25712978,
    "_cci20": 188.480846,
    "_cci201": 222.87573617,
    "_ema10": 131.42153443,
    "_ema20": 128.40246444,
    "_ema30": 126.76533676,
    "_ema50": 124.81138227,
    "_ema100": 123.32031064,
    "_ema200": 122.27360268,
    "_psar": 125.26029081,
    "_wr": -6.08067429,
    "_mom": 14.63,
    "_mom1": 15.01,
    "stock_diff": -1.2,
    "rsi_diff": 0.01
}
