{
    "open": 26.23,
    "low": 26.08,
    "high": 26.4,
    "close": 26.34,
    "volume": 6044160,
    "change": 0.80367394,
    "_rsi": 56.67952031,
    "_rsi1": 54.59222651,
    "_stock_k": 83.05220884,
    "_stock_d": 84.94483682,
    "_stock_k1": 83.05220884,
    "_stock_d1": 87.26481523,
    "_macd_blue": -0.08160369,
    "_macd_orange": 0.06717141,
    "_cci20": 141.24403567,
    "_cci201": 133.93227367,
    "_ema10": 25.89029336,
    "_ema20": 25.77783557,
    "_ema30": 25.76985574,
    "_ema50": 25.69029948,
    "_ema100": 25.41901379,
    "_ema200": 25.00772064,
    "_psar": 24.9207602,
    "_wr": -10.36144578,
    "_mom": 1.07,
    "_mom1": 1.13,
    "stock_diff": -1.89,
    "rsi_diff": 2.09
}
