{
    "open": 78.03,
    "low": 76.92,
    "high": 78.11,
    "close": 77.07,
    "volume": 4620611,
    "change": -1.20497372,
    "_rsi": 32.45499354,
    "_rsi1": 34.95808843,
    "_stock_k": 14.4602395,
    "_stock_d": 20.8272361,
    "_stock_k1": 21.64122154,
    "_stock_d1": 24.49260847,
    "_macd_blue": -1.64238139,
    "_macd_orange": -1.8928106,
    "_cci20": -88.50982963,
    "_cci201": -73.93097291,
    "_ema10": 79.0144971,
    "_ema20": 80.57708181,
    "_ema30": 81.60141365,
    "_ema50": 82.50325341,
    "_ema100": 82.59105733,
    "_ema200": 82.07479424,
    "_psar": 81.45659076,
    "_wr": -95.78059072,
    "_mom": -2.67,
    "_mom1": -2.44,
    "stock_diff": -6.37,
    "rsi_diff": -2.5
}
