{
    "open": 194.7,
    "low": 194.52,
    "high": 201.99,
    "close": 200.12,
    "volume": 16608329,
    "change": 4.2128834,
    "_rsi": 40.59591527,
    "_rsi1": 34.46592819,
    "_stock_k": 26.00240998,
    "_stock_d": 16.82260261,
    "_stock_k1": 10.41082686,
    "_stock_d1": 16.89637627,
    "_macd_blue": -19.66676273,
    "_macd_orange": -16.44135268,
    "_cci20": -20.20313663,
    "_cci201": -108.76019544,
    "_ema10": 195.99719756,
    "_ema20": 206.08580881,
    "_ema30": 219.15991804,
    "_ema50": 242.16085736,
    "_ema100": 275.69229521,
    "_ema200": 295.98243737,
    "_psar": 203.03910248,
    "_wr": -47.67807748,
    "_mom": -7.99,
    "_mom1": -11.46,
    "stock_diff": 9.18,
    "rsi_diff": 6.13
}
