{
    "open": 106.28,
    "low": 105.4,
    "high": 107.21,
    "close": 107.15,
    "volume": 794793,
    "change": 1.371807,
    "_rsi": 56.14774661,
    "_rsi1": 53.67949686,
    "_stock_k": 92.602712,
    "_stock_d": 91.51062058,
    "_stock_k1": 91.67979247,
    "_stock_d1": 87.31311594,
    "_macd_blue": -0.92885814,
    "_macd_orange": 0.12307985,
    "_cci20": 64.73399022,
    "_cci201": 58.06364277,
    "_ema10": 104.4410417,
    "_ema20": 103.90657437,
    "_ema30": 104.0952789,
    "_ema50": 104.03152168,
    "_ema100": 102.16088579,
    "_ema200": 96.59737104,
    "_psar": 98.28612764,
    "_wr": -5.37340619,
    "_mom": 10.86,
    "_mom1": 9.82,
    "stock_diff": 1.09,
    "rsi_diff": 2.47
}
