{
    "open": 33.03,
    "low": 32.68,
    "high": 33.14,
    "close": 32.78,
    "volume": 215417,
    "change": -0.81694402,
    "_rsi": 57.4860163,
    "_rsi1": 62.39264666,
    "_stock_k": 78.29059829,
    "_stock_d": 82.11582069,
    "_stock_k1": 82.56410256,
    "_stock_d1": 85.1787611,
    "_macd_blue": 0.41669167,
    "_macd_orange": 0.43779804,
    "_cci20": 58.13295615,
    "_cci201": 105.72557544,
    "_ema10": 32.83494878,
    "_ema20": 32.49431015,
    "_ema30": 32.23430849,
    "_ema50": 31.92051504,
    "_ema100": 31.48092281,
    "_ema200": 30.54573902,
    "_psar": 32.49253378,
    "_wr": -35.8974359,
    "_mom": 0.27,
    "_mom1": 0.9,
    "stock_diff": -3.83,
    "rsi_diff": -4.91
}
