{
    "open": 123.2,
    "low": 120.26,
    "high": 123.244,
    "close": 120.61,
    "volume": 1964651,
    "change": -1.45436719,
    "_rsi": 35.62752972,
    "_rsi1": 39.31165498,
    "_stock_k": 30.4520655,
    "_stock_d": 29.51495983,
    "_stock_k1": 30.39058896,
    "_stock_d1": 28.76659499,
    "_macd_blue": -3.41760395,
    "_macd_orange": -3.24018869,
    "_cci20": -53.5685804,
    "_cci201": -49.57745991,
    "_ema10": 121.80564083,
    "_ema20": 124.12583598,
    "_ema30": 126.27737328,
    "_ema50": 129.21002368,
    "_ema100": 132.18269553,
    "_ema200": 133.84152759,
    "_psar": 117.4296,
    "_wr": -73.03256584,
    "_mom": -2.95,
    "_mom1": -0.8,
    "stock_diff": 0.94,
    "rsi_diff": -3.68
}
