{
    "open": 72.79,
    "low": 71.955,
    "high": 73.025,
    "close": 72.78,
    "volume": 1966567,
    "change": 0.56653309,
    "_rsi": 50.65250756,
    "_rsi1": 48.72863116,
    "_stock_k": 67.75732788,
    "_stock_d": 77.61826958,
    "_stock_k1": 76.71129974,
    "_stock_d1": 82.77331649,
    "_macd_blue": 0.2281186,
    "_macd_orange": 0.28823548,
    "_cci20": -7.34119352,
    "_cci201": 35.35804687,
    "_ema10": 73.01391486,
    "_ema20": 72.77753723,
    "_ema30": 72.58611372,
    "_ema50": 72.03376732,
    "_ema100": 70.30349814,
    "_ema200": 67.18177542,
    "_psar": 74.82,
    "_wr": -41.71779141,
    "_mom": 0.67,
    "_mom1": 0.05,
    "stock_diff": -9.86,
    "rsi_diff": 1.92
}
