{
    "open": 111.22,
    "low": 110.68,
    "high": 111.89,
    "close": 110.88,
    "volume": 457240,
    "change": 1.0572366,
    "_rsi": 53.14691215,
    "_rsi1": 49.49292814,
    "_stock_k": 73.10554557,
    "_stock_d": 62.2111342,
    "_stock_k1": 61.53970136,
    "_stock_d1": 53.1944797,
    "_macd_blue": -1.07433432,
    "_macd_orange": -0.82506693,
    "_cci20": 76.01462641,
    "_cci201": -14.92108037,
    "_ema10": 109.01825343,
    "_ema20": 109.59309677,
    "_ema30": 110.03117694,
    "_ema50": 109.95981688,
    "_ema100": 108.32685775,
    "_ema200": 104.29487414,
    "_psar": 104.8355872,
    "_wr": -13.27201051,
    "_mom": 1.89,
    "_mom1": 1.92,
    "stock_diff": 10.89,
    "rsi_diff": 3.65
}
