{
    "open": 37.91,
    "low": 37.76,
    "high": 38.6,
    "close": 38.45,
    "volume": 2516204,
    "change": 2.124834,
    "_rsi": 53.58324251,
    "_rsi1": 50.65281032,
    "_stock_k": 82.33438236,
    "_stock_d": 74.21441509,
    "_stock_k1": 73.18152782,
    "_stock_d1": 68.15917588,
    "_macd_blue": -0.51809591,
    "_macd_orange": -0.16970812,
    "_cci20": 44.61358769,
    "_cci201": 16.40117414,
    "_ema10": 37.42574405,
    "_ema20": 37.38822742,
    "_ema30": 37.63421553,
    "_ema50": 38.16704276,
    "_ema100": 39.07764477,
    "_ema200": 39.15260038,
    "_psar": 33.30287515,
    "_wr": -9.15824916,
    "_mom": 4.1,
    "_mom1": 2.08,
    "stock_diff": 8.12,
    "rsi_diff": 2.93
}
