{
    "open": 149.57,
    "low": 148.37,
    "high": 150.848,
    "close": 148.41,
    "volume": 1267510,
    "change": -1.98784837,
    "_rsi": 52.76086025,
    "_rsi1": 57.00370055,
    "_stock_k": 86.41108258,
    "_stock_d": 90.53919103,
    "_stock_k1": 91.27439959,
    "_stock_d1": 94.21271804,
    "_macd_blue": -0.20208226,
    "_macd_orange": 0.96683779,
    "_cci20": 73.03196563,
    "_cci201": 117.1898069,
    "_ema10": 147.76947195,
    "_ema20": 146.49305523,
    "_ema30": 146.31730266,
    "_ema50": 146.17375204,
    "_ema100": 144.28124142,
    "_ema200": 137.99643086,
    "_psar": 136.98026161,
    "_wr": -20.55016181,
    "_mom": 9.89,
    "_mom1": 17.5,
    "stock_diff": -4.13,
    "rsi_diff": -4.24
}
