{
    "open": 71.89,
    "low": 71.43,
    "high": 72.54,
    "close": 71.82,
    "volume": 18437042,
    "change": 0.53191489,
    "_rsi": 35.82650998,
    "_rsi1": 33.23683823,
    "_stock_k": 8.69226659,
    "_stock_d": 11.29962449,
    "_stock_k1": 11.76835021,
    "_stock_d1": 17.46865373,
    "_macd_blue": -0.52760037,
    "_macd_orange": -0.90391608,
    "_cci20": -150.9914535,
    "_cci201": -190.61669508,
    "_ema10": 73.22744274,
    "_ema20": 74.08300797,
    "_ema30": 74.4908332,
    "_ema50": 74.70279173,
    "_ema100": 74.17209371,
    "_ema200": 72.6090765,
    "_psar": 75.69605204,
    "_wr": -90.34205231,
    "_mom": -3.08,
    "_mom1": -4.47,
    "stock_diff": -2.61,
    "rsi_diff": 2.59
}
