{
    "open": 142.8,
    "low": 141.05,
    "high": 143.25,
    "close": 142.36,
    "volume": 1687810,
    "change": -0.98761997,
    "_rsi": 59.57804547,
    "_rsi1": 64.2532271,
    "_stock_k": 77.07760542,
    "_stock_d": 84.34357265,
    "_stock_k1": 84.65757062,
    "_stock_d1": 90.89078876,
    "_macd_blue": 1.06862872,
    "_macd_orange": 2.08853925,
    "_cci20": 76.91145361,
    "_cci201": 120.79743092,
    "_ema10": 141.59786162,
    "_ema20": 139.35134852,
    "_ema30": 138.8882023,
    "_ema50": 140.11193625,
    "_ema100": 142.77299459,
    "_ema200": 141.79996782,
    "_psar": 139.79115316,
    "_wr": -30.8801214,
    "_mom": 6.78,
    "_mom1": 9.48,
    "stock_diff": -7.27,
    "rsi_diff": -4.68
}
