{
    "open": 100.46,
    "low": 99.39,
    "high": 101.15,
    "close": 100.89,
    "volume": 1518878,
    "change": 0.10914864,
    "_rsi": 65.61295381,
    "_rsi1": 65.40431627,
    "_stock_k": 76.14544023,
    "_stock_d": 72.21077104,
    "_stock_k1": 71.70321457,
    "_stock_d1": 70.48726775,
    "_macd_blue": 1.50698058,
    "_macd_orange": 2.16769357,
    "_cci20": 85.7895239,
    "_cci201": 90.94768012,
    "_ema10": 98.35926327,
    "_ema20": 96.37899049,
    "_ema30": 95.35886834,
    "_ema50": 94.39125036,
    "_ema100": 93.3785155,
    "_ema200": 92.04307454,
    "_psar": 93.54568987,
    "_wr": -19.31956258,
    "_mom": 6.85,
    "_mom1": 9,
    "stock_diff": 3.93,
    "rsi_diff": 0.21
}
