{
    "open": 75.24,
    "low": 74.21,
    "high": 75.67,
    "close": 74.23,
    "volume": 2745837,
    "change": -1.94187583,
    "_rsi": 45.74526559,
    "_rsi1": 50.18154223,
    "_stock_k": 70.97130243,
    "_stock_d": 80.61619838,
    "_stock_k1": 84.82912952,
    "_stock_d1": 84.13476054,
    "_macd_blue": -0.78033535,
    "_macd_orange": -0.48104119,
    "_cci20": -9.38266457,
    "_cci201": 65.30107701,
    "_ema10": 75.0223388,
    "_ema20": 75.19574851,
    "_ema30": 75.71387835,
    "_ema50": 76.76490667,
    "_ema100": 77.59527187,
    "_ema200": 75.69371946,
    "_psar": 71.62339072,
    "_wr": -47.18543046,
    "_mom": -0.68,
    "_mom1": 3.16,
    "stock_diff": -9.64,
    "rsi_diff": -4.44
}
