{
    "open": 16.22,
    "low": 15.94,
    "high": 16.28,
    "close": 16.07,
    "volume": 12413892,
    "change": -0.61842919,
    "_rsi": 56.49597841,
    "_rsi1": 57.84768537,
    "_stock_k": 71.17794486,
    "_stock_d": 67.41854637,
    "_stock_k1": 70.80200501,
    "_stock_d1": 61.61236424,
    "_macd_blue": 0.1871417,
    "_macd_orange": 0.19524621,
    "_cci20": 70.43908061,
    "_cci201": 94.35963592,
    "_ema10": 15.79497289,
    "_ema20": 15.66591466,
    "_ema30": 15.49784194,
    "_ema50": 15.06042875,
    "_ema100": 13.91868357,
    "_ema200": 12.14703534,
    "_psar": 14.2236,
    "_wr": -28.94736842,
    "_mom": 0.11,
    "_mom1": 0.32,
    "stock_diff": 3.76,
    "rsi_diff": -1.35
}
