{
    "open": 237.29,
    "low": 234.04,
    "high": 239.38,
    "close": 234.18,
    "volume": 2533060,
    "change": -0.96841037,
    "_rsi": 57.22392089,
    "_rsi1": 62.5837999,
    "_stock_k": 68.10798271,
    "_stock_d": 73.46820691,
    "_stock_k1": 75.33976664,
    "_stock_d1": 74.23841878,
    "_macd_blue": 1.85273862,
    "_macd_orange": 2.37093435,
    "_cci20": 92.19960495,
    "_cci201": 102.74578397,
    "_ema10": 233.57619335,
    "_ema20": 231.5551923,
    "_ema30": 230.23183653,
    "_ema50": 228.13024189,
    "_ema100": 225.33519264,
    "_ema200": 225.81534759,
    "_psar": 228.80516872,
    "_wr": -43.11494979,
    "_mom": 2.72,
    "_mom1": 5.37,
    "stock_diff": -5.36,
    "rsi_diff": -5.36
}
