{
    "open": 689.17,
    "low": 670.95,
    "high": 733.78,
    "close": 727.01,
    "volume": 4446467,
    "change": 6.37354598,
    "_rsi": 52.78157324,
    "_rsi1": 49.51474414,
    "_stock_k": 81.53690397,
    "_stock_d": 79.02445659,
    "_stock_k1": 79.16501096,
    "_stock_d1": 68.58934837,
    "_macd_blue": -68.26349302,
    "_macd_orange": -35.43203461,
    "_cci20": 108.63247352,
    "_cci201": 84.25091449,
    "_ema10": 656.045813,
    "_ema20": 664.00062506,
    "_ema30": 706.68129284,
    "_ema50": 810.20979135,
    "_ema100": 1000.62784017,
    "_ema200": 1136.41056796,
    "_psar": 548.59940717,
    "_wr": -19.62737981,
    "_mom": 212.06,
    "_mom1": 122.65,
    "stock_diff": 2.51,
    "rsi_diff": 3.27
}
