{
    "open": 1548.47,
    "low": 1525,
    "high": 1567.86,
    "close": 1565.94,
    "volume": 175565,
    "change": 1.57426687,
    "_rsi": 56.86426638,
    "_rsi1": 54.3971965,
    "_stock_k": 87.38928545,
    "_stock_d": 87.20061214,
    "_stock_k1": 84.69230527,
    "_stock_d1": 89.17010731,
    "_macd_blue": 4.71853454,
    "_macd_orange": 17.8225198,
    "_cci20": 87.52788709,
    "_cci201": 75.0054506,
    "_ema10": 1532.9317314,
    "_ema20": 1512.29858888,
    "_ema30": 1508.92106449,
    "_ema50": 1524.12057611,
    "_ema100": 1575.60733182,
    "_ema200": 1590.97834518,
    "_psar": 1452.01769338,
    "_wr": -9.27014874,
    "_mom": 96.91,
    "_mom1": 121.04,
    "stock_diff": 0.19,
    "rsi_diff": 2.47
}
