{
    "open": 107.64,
    "low": 107.205,
    "high": 109.36,
    "close": 109.32,
    "volume": 952813,
    "change": 2.02519832,
    "_rsi": 59.61593207,
    "_rsi1": 56.14774661,
    "_stock_k": 93.40817317,
    "_stock_d": 92.56355922,
    "_stock_k1": 92.602712,
    "_stock_d1": 91.51062058,
    "_macd_blue": -0.63775028,
    "_macd_orange": 0.52668114,
    "_cci20": 100.04906641,
    "_cci201": 64.73399022,
    "_ema10": 105.32812502,
    "_ema20": 104.42213871,
    "_ema30": 104.43235768,
    "_ema50": 104.23891299,
    "_ema100": 102.30265042,
    "_ema200": 96.72396437,
    "_psar": 99.45599233,
    "_wr": -0.22478224,
    "_mom": 13.19,
    "_mom1": 10.86,
    "stock_diff": 0.84,
    "rsi_diff": 3.47
}
