{
    "open": 74.17,
    "low": 74.02,
    "high": 74.82,
    "close": 74.58,
    "volume": 1432984,
    "change": 1.09800732,
    "_rsi": 60.54263578,
    "_rsi1": 56.99410144,
    "_stock_k": 88.38618113,
    "_stock_d": 83.4197558,
    "_stock_k1": 83.22246859,
    "_stock_d1": 77.34824974,
    "_macd_blue": 0.18407807,
    "_macd_orange": 0.41829482,
    "_cci20": 152.76060261,
    "_cci201": 128.28317731,
    "_ema10": 73.22053948,
    "_ema20": 72.82014936,
    "_ema30": 72.58672448,
    "_ema50": 71.98834185,
    "_ema100": 70.21070958,
    "_ema200": 67.07280343,
    "_psar": 71.69084409,
    "_wr": -4.90797546,
    "_mom": 4.4,
    "_mom1": 1.84,
    "stock_diff": 4.97,
    "rsi_diff": 3.55
}
