{
    "open": 41.57,
    "low": 41.08,
    "high": 42.27,
    "close": 42.16,
    "volume": 3654069,
    "change": 1.81115673,
    "_rsi": 50.73143751,
    "_rsi1": 47.85919302,
    "_stock_k": 77.22102395,
    "_stock_d": 69.53905636,
    "_stock_k1": 67.53933221,
    "_stock_d1": 65.04582821,
    "_macd_blue": -0.63947299,
    "_macd_orange": -0.38707301,
    "_cci20": 17.69429008,
    "_cci201": 0.69981361,
    "_ema10": 41.56636983,
    "_ema20": 41.7442308,
    "_ema30": 42.06734942,
    "_ema50": 42.53360602,
    "_ema100": 42.90999576,
    "_ema200": 41.81897816,
    "_psar": 37.89332562,
    "_wr": -8.9456869,
    "_mom": 1.27,
    "_mom1": 1.13,
    "stock_diff": 7.68,
    "rsi_diff": 2.87
}
