{
    "open": 44.87,
    "low": 44.71,
    "high": 45.44,
    "close": 45.24,
    "volume": 2312982,
    "change": 1.36679364,
    "_rsi": 55.82874524,
    "_rsi1": 52.13247026,
    "_stock_k": 81.88929001,
    "_stock_d": 84.26374297,
    "_stock_k1": 82.38831995,
    "_stock_d1": 88.27690676,
    "_macd_blue": -0.54623155,
    "_macd_orange": -0.10331886,
    "_cci20": 95.55377672,
    "_cci201": 84.14034645,
    "_ema10": 44.3566045,
    "_ema20": 44.1998067,
    "_ema30": 44.48522934,
    "_ema50": 45.21009596,
    "_ema100": 46.9345129,
    "_ema200": 48.63820176,
    "_psar": 42.66158949,
    "_wr": -13.53790614,
    "_mom": 3.2,
    "_mom1": 2.46,
    "stock_diff": -2.37,
    "rsi_diff": 3.7
}
