{
    "open": 3274.1,
    "low": 3253.74,
    "high": 3327.4,
    "close": 3268.16,
    "volume": 2790463,
    "change": -0.89817999,
    "_rsi": 61.85834347,
    "_rsi1": 63.85414195,
    "_stock_k": 93.88390515,
    "_stock_d": 95.93356917,
    "_stock_k1": 96.48568239,
    "_stock_d1": 96.99920404,
    "_macd_blue": -1.9754678,
    "_macd_orange": 49.18975282,
    "_cci20": 149.98790985,
    "_cci201": 177.73404338,
    "_ema10": 3129.794582,
    "_ema20": 3067.74168412,
    "_ema30": 3059.90992391,
    "_ema50": 3088.04765148,
    "_ema100": 3172.10627095,
    "_ema200": 3228.28496824,
    "_psar": 2931.84885354,
    "_wr": -9.03117616,
    "_mom": 482.58,
    "_mom1": 577.49,
    "stock_diff": -2.05,
    "rsi_diff": -2.0
}
