{
    "open": 106.5,
    "low": 106.33,
    "high": 109.8,
    "close": 109.52,
    "volume": 3552901,
    "change": 2.93233083,
    "_rsi": 74.9297069,
    "_rsi1": 72.73212224,
    "_stock_k": 95.44746726,
    "_stock_d": 91.927163,
    "_stock_k1": 90.25643422,
    "_stock_d1": 87.85587536,
    "_macd_blue": 6.04486225,
    "_macd_orange": 7.05017743,
    "_cci20": 169.84283039,
    "_cci201": 154.20973155,
    "_ema10": 100.33473945,
    "_ema20": 94.68038092,
    "_ema30": 90.44288013,
    "_ema50": 84.48403132,
    "_ema100": 75.64763106,
    "_ema200": 66.0911465,
    "_psar": 89.8440918,
    "_wr": -1.11553785,
    "_mom": 13.47,
    "_mom1": 9.15,
    "stock_diff": 3.52,
    "rsi_diff": 2.2
}
