{
    "open": 182.13,
    "low": 181.26,
    "high": 184.36,
    "close": 184.22,
    "volume": 959083,
    "change": 1.4315604,
    "_rsi": 68.13869831,
    "_rsi1": 64.49835522,
    "_stock_k": 90.36393714,
    "_stock_d": 90.52517077,
    "_stock_k1": 88.71594355,
    "_stock_d1": 92.30066528,
    "_macd_blue": 2.82748859,
    "_macd_orange": 3.57370381,
    "_cci20": 114.30513528,
    "_cci201": 114.82595571,
    "_ema10": 180.17215871,
    "_ema20": 177.19617781,
    "_ema30": 175.09687384,
    "_ema50": 171.86016288,
    "_ema100": 166.74449185,
    "_ema200": 160.6081763,
    "_psar": 178.58497793,
    "_wr": -1.11662531,
    "_mom": 12.33,
    "_mom1": 10.25,
    "stock_diff": -0.16,
    "rsi_diff": 3.64
}
