{
    "open": 100.37,
    "low": 99.6,
    "high": 100.77,
    "close": 99.6,
    "volume": 1911632,
    "change": -1.33729569,
    "_rsi": 55.1268673,
    "_rsi1": 59.57864641,
    "_stock_k": 89.98850259,
    "_stock_d": 93.89280146,
    "_stock_k1": 96.04680306,
    "_stock_d1": 93.92258294,
    "_macd_blue": -0.58299535,
    "_macd_orange": 0.19344444,
    "_cci20": 118.38556667,
    "_cci201": 162.13368001,
    "_ema10": 98.27817947,
    "_ema20": 97.73233273,
    "_ema30": 97.99457467,
    "_ema50": 98.93015775,
    "_ema100": 100.26902975,
    "_ema200": 99.31004646,
    "_psar": 94.23359436,
    "_wr": -18.9511323,
    "_mom": 3.87,
    "_mom1": 7.77,
    "stock_diff": -3.9,
    "rsi_diff": -4.45
}
