{
    "open": 153.96,
    "low": 153.34,
    "high": 155.09,
    "close": 155.04,
    "volume": 1322065,
    "change": 0.97036796,
    "_rsi": 57.75435893,
    "_rsi1": 54.65505477,
    "_stock_k": 62.5078765,
    "_stock_d": 67.93827866,
    "_stock_k1": 66.16074365,
    "_stock_d1": 73.89893963,
    "_macd_blue": 1.5677962,
    "_macd_orange": 1.83399859,
    "_cci20": 47.61633563,
    "_cci201": 43.2719469,
    "_ema10": 154.14527927,
    "_ema20": 152.51251678,
    "_ema30": 151.77403217,
    "_ema50": 151.97613098,
    "_ema100": 152.85607429,
    "_ema200": 149.65315508,
    "_psar": 158.3396,
    "_wr": -32.13610586,
    "_mom": 3.59,
    "_mom1": 3.57,
    "stock_diff": -5.43,
    "rsi_diff": 3.1
}
