{
    "open": 142.39,
    "low": 141.875,
    "high": 143.91,
    "close": 142.83,
    "volume": 4480295,
    "change": 0.6199366,
    "_rsi": 54.25751864,
    "_rsi1": 51.91725764,
    "_stock_k": 54.5699799,
    "_stock_d": 64.50522947,
    "_stock_k1": 62.39491195,
    "_stock_d1": 73.81448242,
    "_macd_blue": 1.40245854,
    "_macd_orange": 1.44656964,
    "_cci20": 36.90907032,
    "_cci201": 32.24881076,
    "_ema10": 143.14403186,
    "_ema20": 141.95846894,
    "_ema30": 141.23838545,
    "_ema50": 140.84260308,
    "_ema100": 141.20333706,
    "_ema200": 141.3018839,
    "_psar": 147.1746,
    "_wr": -48.7431694,
    "_mom": 0.2,
    "_mom1": 2.49,
    "stock_diff": -9.94,
    "rsi_diff": 2.34
}
