{
    "open": 66.48,
    "low": 65.72,
    "high": 66.59,
    "close": 66.33,
    "volume": 513003,
    "change": 0.68306011,
    "_rsi": 47.82067493,
    "_rsi1": 46.36344886,
    "_stock_k": 74.51260105,
    "_stock_d": 77.67221782,
    "_stock_k1": 76.39781544,
    "_stock_d1": 77.96001834,
    "_macd_blue": -1.12546828,
    "_macd_orange": -0.72856133,
    "_cci20": 18.49925598,
    "_cci201": 22.4324518,
    "_ema10": 66.2123691,
    "_ema20": 66.56233812,
    "_ema30": 67.17790368,
    "_ema50": 68.03817975,
    "_ema100": 68.54669749,
    "_ema200": 66.90807387,
    "_psar": 63.89559129,
    "_wr": -30.38516405,
    "_mom": 2.44,
    "_mom1": 1.27,
    "stock_diff": -3.16,
    "rsi_diff": 1.46
}
