{
    "open": 23.42,
    "low": 23.15,
    "high": 24.07,
    "close": 23.17,
    "volume": 19993005,
    "change": -2.97319933,
    "_rsi": 58.82072768,
    "_rsi1": 66.08277353,
    "_stock_k": 55.27758163,
    "_stock_d": 61.2516162,
    "_stock_k1": 61.46474327,
    "_stock_d1": 70.28912018,
    "_macd_blue": 0.95985145,
    "_macd_orange": 0.94817192,
    "_cci20": 72.67905969,
    "_cci201": 100.40499924,
    "_ema10": 23.25863456,
    "_ema20": 22.57752213,
    "_ema30": 21.91971269,
    "_ema50": 20.78729411,
    "_ema100": 18.77680831,
    "_ema200": 16.25376783,
    "_psar": 22.38,
    "_wr": -51.04408353,
    "stock_diff": -5.97,
    "rsi_diff": -7.26
}
