{
    "open": 23.42,
    "low": 23.275,
    "high": 24.07,
    "close": 23.555,
    "change": -1.36097152,
    "_rsi": 62.5479581,
    "_rsi1": 66.08277353,
    "_stock_k": 57.86677427,
    "_stock_d": 62.11468041,
    "_stock_k1": 61.46474327,
    "_stock_d1": 70.28912018,
    "_macd_blue": 0.9659939,
    "_macd_orange": 0.97888417,
    "_cci20": 83.73906498,
    "_cci201": 100.40499924,
    "_ema10": 23.32863456,
    "_ema20": 22.6141888,
    "_ema30": 21.9445514,
    "_ema50": 20.80239215,
    "_ema100": 18.78443207,
    "_ema200": 16.25759868,
    "_psar": 22.38,
    "_wrr": -43.2765056,
    "stock_diff": -4.25,
    "rsi_diff": -3.53
}
