{
    "open": 23.42,
    "low": 23.275,
    "high": 24.07,
    "close": 23.48,
    "change": -1.67504188,
    "_rsi": 61.78527978,
    "_rsi1": 66.08277353,
    "_stock_k": 57.36238609,
    "_stock_d": 61.94655102,
    "_stock_k1": 61.46474327,
    "_stock_d1": 70.28912018,
    "_macd_blue": 0.96479732,
    "_macd_orange": 0.97290127,
    "_cci20": 82.12683724,
    "_cci201": 100.40499924,
    "_ema10": 23.3149982,
    "_ema20": 22.60704594,
    "_ema30": 21.93971269,
    "_ema50": 20.79945097,
    "_ema100": 18.78294692,
    "_ema200": 16.25685241,
    "_psar": 22.38,
    "_wrr": -44.78967013,
    "stock_diff": -4.58,
    "rsi_diff": -4.3
}
