{
    "open": 57.89,
    "low": 56.2,
    "high": 58.15,
    "close": 56.24,
    "volume": 40833881,
    "change": -3.05119807,
    "_rsi": 65.4488735,
    "_rsi1": 70.50379991,
    "_stock_k": 80.00555219,
    "_stock_d": 78.49939557,
    "_stock_k1": 79.53735818,
    "_stock_d1": 79.75608167,
    "_macd_blue": 4.44889139,
    "_macd_orange": 4.54745253,
    "_cci20": 72.67567565,
    "_cci201": 83.68254623,
    "_ema10": 54.67155588,
    "_ema20": 51.21979197,
    "_ema30": 48.37813768,
    "_ema50": 44.39886589,
    "_ema100": 39.09319176,
    "_ema200": 34.19044014,
    "_psar": 52.9,
    "_wr": -21.59383033,
    "_mom": 0.09,
    "_mom1": 10.26,
    "stock_diff": 1.51,
    "rsi_diff": -5.05
}
