{
    "open": 51.05,
    "low": 50.87,
    "high": 52.215,
    "close": 51.69,
    "volume": 12052427,
    "change": 3.15306326,
    "_rsi": 49.54073714,
    "_rsi1": 44.24495316,
    "_stock_k": 52.74717979,
    "_stock_d": 41.09633797,
    "_stock_k1": 38.68235522,
    "_stock_d1": 32.9031145,
    "_macd_blue": -1.47447186,
    "_macd_orange": -1.42380214,
    "_cci20": -4.25970185,
    "_cci201": -47.64656791,
    "_ema10": 50.13780105,
    "_ema20": 51.26595342,
    "_ema30": 51.9970738,
    "_ema50": 52.37164925,
    "_ema100": 51.53293128,
    "_ema200": 48.74971316,
    "_psar": 46.05285632,
    "_wr": -31.71856978,
    "_mom": -0.53,
    "_mom1": -0.18,
    "stock_diff": 11.65,
    "rsi_diff": 5.3
}
