{
    "open": 56.74,
    "low": 56.47,
    "high": 58.88,
    "close": 57.95,
    "volume": 48463461,
    "change": -0.30965078,
    "_rsi": 80.25384444,
    "_rsi1": 80.95613479,
    "_stock_k": 93.28693348,
    "_stock_d": 89.5476548,
    "_stock_k1": 89.22986234,
    "_stock_d1": 87.64946748,
    "_macd_blue": 3.88203258,
    "_macd_orange": 5.24513582,
    "_cci20": 122.48400622,
    "_cci201": 145.6068525,
    "_ema10": 52.93182588,
    "_ema20": 48.39334512,
    "_ema30": 45.54443663,
    "_ema50": 41.93824138,
    "_ema100": 37.36852506,
    "_ema200": 33.09880915,
    "_psar": 47.31232451,
    "_wr": -7.48469041,
    "stock_diff": 3.74,
    "rsi_diff": -0.7
}
