{
    "open": 56.74,
    "low": 56.47,
    "high": 58.88,
    "close": 57.65,
    "change": -0.82573542,
    "_rsi": 79.11005165,
    "_rsi1": 80.95613479,
    "_stock_k": 92.83331588,
    "_stock_d": 89.39644894,
    "_stock_k1": 89.22986234,
    "_stock_d1": 87.64946748,
    "_macd_blue": 3.87724625,
    "_macd_orange": 5.2212042,
    "_cci20": 121.60437956,
    "_cci201": 145.6068525,
    "_ema10": 52.87728042,
    "_ema20": 48.36477369,
    "_ema30": 45.52508179,
    "_ema50": 41.92647668,
    "_ema100": 37.36258446,
    "_ema200": 33.09582408,
    "_psar": 47.31232451,
    "_wrr": -8.84554321,
    "stock_diff": 3.44,
    "rsi_diff": -1.85
}
