{
    "open": 56.74,
    "low": 56.47,
    "high": 58.88,
    "close": 57.435,
    "change": -1.19559608,
    "_rsi": 78.31018614,
    "_rsi1": 80.95613479,
    "_stock_k": 92.50822327,
    "_stock_d": 89.28808473,
    "_stock_k1": 89.22986234,
    "_stock_d1": 87.64946748,
    "_macd_blue": 3.87381605,
    "_macd_orange": 5.2040532,
    "_cci20": 120.97305482,
    "_cci201": 145.6068525,
    "_ema10": 52.83818952,
    "_ema20": 48.3442975,
    "_ema30": 45.51121082,
    "_ema50": 41.91804531,
    "_ema100": 37.35832704,
    "_ema200": 33.09368478,
    "_psar": 47.31232451,
    "_wrr": -9.82082105,
    "stock_diff": 3.22,
    "rsi_diff": -2.65
}
