{
    "open": 103.93,
    "low": 101.09,
    "high": 104.59,
    "close": 104.49,
    "volume": 5750436,
    "change": 0.98579298,
    "_rsi": 51.89135928,
    "_rsi1": 48.62739003,
    "_stock_k": 66.50778253,
    "_stock_d": 62.66209442,
    "_stock_k1": 62.95484577,
    "_stock_d1": 60.63944878,
    "_macd_blue": -0.18434396,
    "_macd_orange": -0.10147085,
    "_cci20": 16.91873475,
    "_cci201": 58.85974936,
    "_ema10": 103.83610133,
    "_ema20": 103.91488178,
    "_ema30": 103.8882869,
    "_ema50": 103.06434304,
    "_ema100": 99.52476975,
    "_ema200": 93.16629243,
    "_psar": 106.8099,
    "_wr": -27.78356627,
    "_mom": 0.84,
    "_mom1": -0.83,
    "stock_diff": 3.85,
    "rsi_diff": 3.26
}
