{
    "open": 238.97,
    "low": 238.5,
    "high": 242.915,
    "close": 242.1,
    "volume": 1120725,
    "change": 1.50943396,
    "_rsi": 58.06613053,
    "_rsi1": 54.45007268,
    "_stock_k": 76.04905437,
    "_stock_d": 80.75174432,
    "_stock_k1": 79.16667345,
    "_stock_d1": 85.72412685,
    "_macd_blue": 2.05070608,
    "_macd_orange": 2.84188719,
    "_cci20": 72.85872948,
    "_cci201": 64.66438777,
    "_ema10": 238.92072429,
    "_ema20": 236.4387432,
    "_ema30": 234.88589246,
    "_ema50": 232.38231236,
    "_ema100": 228.03965471,
    "_ema200": 224.35321734,
    "_psar": 229.69609285,
    "_wr": -20.74468085,
    "_mom": 12.64,
    "_mom1": 7.24,
    "stock_diff": -4.7,
    "rsi_diff": 3.62
}
