{
    "open": 108,
    "low": 106.33,
    "high": 108.2,
    "close": 107.23,
    "volume": 3305217,
    "change": -0.14898966,
    "_rsi": 57.54565938,
    "_rsi1": 58.18336932,
    "_stock_k": 75.73426391,
    "_stock_d": 84.25451317,
    "_stock_k1": 84.92191637,
    "_stock_d1": 91.07412839,
    "_macd_blue": 0.46550662,
    "_macd_orange": 0.88228154,
    "_cci20": 108.37478025,
    "_cci201": 155.84895644,
    "_ema10": 106.35020705,
    "_ema20": 105.50249957,
    "_ema30": 105.05668604,
    "_ema50": 103.99606721,
    "_ema100": 100.41866847,
    "_ema200": 93.9968938,
    "_psar": 102.27253803,
    "_wr": -28.60465116,
    "_mom": 4.87,
    "_mom1": 2.83,
    "stock_diff": -8.52,
    "rsi_diff": -0.64
}
