{
    "open": 43.1,
    "low": 42.09,
    "high": 43.72,
    "close": 43.4,
    "change": 1.97368421,
    "_rsi": 61.09431232,
    "_rsi1": 59.09720272,
    "_stock_k": 73.02083333,
    "_stock_d": 72.779496,
    "_stock_k1": 76.54728001,
    "_stock_d1": 65.07202177,
    "_macd_blue": 1.21784117,
    "_macd_orange": 0.9054112,
    "_cci20": 136.75468273,
    "_cci201": 149.10249053,
    "_ema10": 41.40563915,
    "_ema20": 40.42067219,
    "_ema30": 39.61637846,
    "_ema50": 38.15351584,
    "_ema100": 35.68928455,
    "_ema200": 32.95613077,
    "_psar": 37.54668736,
    "stock_diff": 0.24,
    "rsi_diff": 2.0
}
