{
    "open": 216.84,
    "low": 211.34,
    "high": 217.25,
    "close": 211.83,
    "volume": 524565,
    "change": -2.86592076,
    "_rsi": 48.84270003,
    "_rsi1": 54.9760434,
    "_stock_k": 69.63654363,
    "_stock_d": 75.97979664,
    "_stock_k1": 82.25144958,
    "_stock_d1": 74.34837575,
    "_macd_blue": -1.81184794,
    "_macd_orange": -0.63074947,
    "_cci20": 26.18943825,
    "_cci201": 78.18174682,
    "_ema10": 212.50262325,
    "_ema20": 212.28376035,
    "_ema30": 213.46717691,
    "_ema50": 216.58291434,
    "_ema100": 220.55828812,
    "_ema200": 220.31485753,
    "_psar": 199.91610456,
    "_wr": -43.57233772,
    "_mom": 2.24,
    "_mom1": 11.25,
    "stock_diff": -6.34,
    "rsi_diff": -6.13
}
