{
    "open": 81.55,
    "low": 79.1,
    "high": 81.67,
    "close": 79.54,
    "volume": 1728186,
    "change": -3.844294,
    "_rsi": 35.80574623,
    "_rsi1": 41.23113997,
    "_stock_k": 23.95273926,
    "_stock_d": 46.29406603,
    "_stock_k1": 49.94735734,
    "_stock_d1": 63.18523198,
    "_macd_blue": -2.03056222,
    "_macd_orange": -1.95537958,
    "_cci20": -206.38480338,
    "_cci201": -99.23722612,
    "_ema10": 83.55062826,
    "_ema20": 84.8589292,
    "_ema30": 86.37298881,
    "_ema50": 89.16512736,
    "_ema100": 93.05760449,
    "_ema200": 94.52682428,
    "_psar": 87.44,
    "_wr": -94.72422062,
    "_mom": -5.43,
    "_mom1": 1.35,
    "stock_diff": -22.34,
    "rsi_diff": -5.43
}
