{
    "open": 89.24,
    "low": 87.35,
    "high": 90.14,
    "close": 87.48,
    "volume": 1840340,
    "change": -3.15509797,
    "_rsi": 49.10329357,
    "_rsi1": 55.2619621,
    "_stock_k": 85.97705561,
    "_stock_d": 91.8201805,
    "_stock_k1": 94.09212377,
    "_stock_d1": 94.49884253,
    "_macd_blue": -2.12136815,
    "_macd_orange": -0.9746332,
    "_cci20": 96.21549517,
    "_cci201": 144.11118004,
    "_ema10": 86.98764754,
    "_ema20": 87.14476879,
    "_ema30": 88.24260144,
    "_ema50": 90.00910916,
    "_ema100": 91.3581594,
    "_ema200": 89.62758231,
    "_psar": 82.95136687,
    "_wr": -26.65684831,
    "_mom": 3.9,
    "_mom1": 10.97,
    "stock_diff": -5.84,
    "rsi_diff": -6.16
}
