{
    "open": 134.89,
    "low": 133.59,
    "high": 136.58,
    "close": 136.41,
    "volume": 1346742,
    "change": 1.66194664,
    "_rsi": 51.85150934,
    "_rsi1": 48.74656218,
    "_stock_k": 73.13448173,
    "_stock_d": 81.4083388,
    "_stock_k1": 78.36581742,
    "_stock_d1": 87.51723655,
    "_macd_blue": -0.71186218,
    "_macd_orange": 0.15418798,
    "_cci20": 53.0284129,
    "_cci201": 52.13870971,
    "_ema10": 135.4978784,
    "_ema20": 134.83902385,
    "_ema30": 135.3876555,
    "_ema50": 137.70612756,
    "_ema100": 142.68567974,
    "_ema200": 143.57973693,
    "_psar": 129.11561448,
    "_wr": -28.4946277,
    "_mom": 2.08,
    "_mom1": 0.92,
    "stock_diff": -8.27,
    "rsi_diff": 3.1
}
