{
    "open": 840.197,
    "low": 793.77,
    "high": 843.802,
    "close": 795.35,
    "volume": 22272501,
    "change": -5.12346415,
    "_rsi": 40.67517691,
    "_rsi1": 45.48006318,
    "_stock_k": 65.26886097,
    "_stock_d": 63.35759814,
    "_stock_k1": 66.84346594,
    "_stock_d1": 59.62356783,
    "_macd_blue": -29.51962999,
    "_macd_orange": -27.27027882,
    "_cci20": -77.65330525,
    "_cci201": -37.67052196,
    "_ema10": 833.2098754,
    "_ema20": 851.4660593,
    "_ema30": 871.69347012,
    "_ema50": 902.28516219,
    "_ema100": 914.84115666,
    "_ema200": 857.40063047,
    "_psar": 728.33711727,
    "_wr": -49.78407415,
    "stock_diff": 1.91,
    "rsi_diff": -4.8
}
