{
    "open": 840.197,
    "low": 800.01,
    "high": 843.802,
    "close": 805.6701,
    "change": -3.89238936,
    "_rsi": 41.73462406,
    "_rsi1": 45.48006318,
    "_stock_k": 67.08054906,
    "_stock_d": 63.96149417,
    "_stock_k1": 66.84346594,
    "_stock_d1": 59.62356783,
    "_macd_blue": -29.35497882,
    "_macd_orange": -26.44702298,
    "_cci20": -67.03990332,
    "_cci201": -37.67052196,
    "_ema10": 835.08625722,
    "_ema20": 852.44892597,
    "_ema30": 872.35928302,
    "_ema50": 902.689872,
    "_ema100": 915.04551508,
    "_ema200": 857.50331803,
    "_psar": 728.33711727,
    "_wrr": -44.3490099,
    "stock_diff": 3.12,
    "rsi_diff": -3.75
}
