{
    "open": 840.197,
    "low": 806,
    "high": 843.802,
    "close": 806.5679,
    "change": -3.78529166,
    "_rsi": 41.82940636,
    "_rsi1": 45.48006318,
    "_stock_k": 67.23815737,
    "_stock_d": 64.01403028,
    "_stock_k1": 66.84346594,
    "_stock_d1": 59.62356783,
    "_macd_blue": -29.34065495,
    "_macd_orange": -26.3754036,
    "_cci20": -62.56346728,
    "_cci201": -37.67052196,
    "_ema10": 835.24949359,
    "_ema20": 852.53443073,
    "_ema30": 872.4172056,
    "_ema50": 902.72507984,
    "_ema100": 915.06329329,
    "_ema200": 857.51225137,
    "_psar": 728.33711727,
    "_wrr": -43.87618496,
    "stock_diff": 3.22,
    "rsi_diff": -3.65
}
