{
    "open": 581.6,
    "low": 569.95,
    "high": 583.08,
    "close": 571.31,
    "volume": 1195092,
    "change": -2.73256606,
    "_rsi": 54.07167499,
    "_rsi1": 62.26931338,
    "_stock_k": 85.72374908,
    "_stock_d": 93.20091385,
    "_stock_k1": 95.44116956,
    "_stock_d1": 96.18714507,
    "_macd_blue": -2.68793497,
    "_macd_orange": 3.81278148,
    "_cci20": 95.59495501,
    "_cci201": 175.66799298,
    "_ema10": 568.0414336,
    "_ema20": 561.5536062,
    "_ema30": 562.92098216,
    "_ema50": 570.77311165,
    "_ema100": 579.69263138,
    "_ema200": 565.35345766,
    "_psar": 535.87687585,
    "_wr": -31.24620597,
    "_mom": 29.61,
    "_mom1": 63.36,
    "stock_diff": -7.48,
    "rsi_diff": -8.2
}
