{
    "open": 220.51,
    "low": 218.8901,
    "high": 225.5,
    "close": 221.82,
    "volume": 40028433,
    "change": 1.02473015,
    "_rsi": 54.1254433,
    "_rsi1": 52.81082873,
    "_stock_k": 89.91117077,
    "_stock_d": 88.56210179,
    "_stock_k1": 90.21818495,
    "_stock_d1": 88.98127965,
    "_macd_blue": -9.93899969,
    "_macd_orange": -4.11164758,
    "_cci20": 140.31986485,
    "_cci201": 126.15047662,
    "_ema10": 211.81207871,
    "_ema20": 211.2694489,
    "_ema30": 218.05202971,
    "_ema50": 235.78195365,
    "_ema100": 267.8855357,
    "_ema200": 290.5672899,
    "_psar": 197.35939965,
    "_wr": -9.27419355,
    "_mom": 34.21,
    "_mom1": 24.36,
    "stock_diff": 1.35,
    "rsi_diff": 1.31
}
