{
    "open": 73.91,
    "low": 73.78,
    "high": 75.0596,
    "close": 74.78,
    "volume": 4401014,
    "change": 1.53428377,
    "_rsi": 44.99318685,
    "_rsi1": 39.49900218,
    "_stock_k": 36.26219372,
    "_stock_d": 33.99195025,
    "_stock_k1": 31.96998388,
    "_stock_d1": 30.1601856,
    "_macd_blue": -1.46291015,
    "_macd_orange": -1.31115365,
    "_cci20": -40.31681841,
    "_cci201": -99.12052782,
    "_ema10": 74.38689052,
    "_ema20": 75.27593319,
    "_ema30": 76.196191,
    "_ema50": 77.43774337,
    "_ema100": 78.51434453,
    "_ema200": 78.9356382,
    "_psar": 75.59628724,
    "_wr": -46.91358025,
    "_mom": 1.01,
    "_mom1": -0.19,
    "stock_diff": 2.27,
    "rsi_diff": 5.49
}
