{
    "open": 37.49,
    "low": 37.42,
    "high": 39.78,
    "close": 38.29,
    "volume": 13293939,
    "change": 1.86219739,
    "_rsi": 70.18465845,
    "_rsi1": 68.45643539,
    "_stock_k": 82.16922484,
    "_stock_d": 79.53081003,
    "_stock_k1": 81.28485699,
    "_stock_d1": 76.07538844,
    "_macd_blue": 1.98969372,
    "_macd_orange": 2.13254545,
    "_cci20": 118.25908379,
    "_cci201": 98.47284094,
    "_ema10": 36.10792463,
    "_ema20": 34.46470619,
    "_ema30": 33.1352275,
    "_ema50": 31.25335,
    "_ema100": 28.70593595,
    "_ema200": 26.29764311,
    "_psar": 32.6901,
    "_wr": -20.69444444,
    "_mom": 1.55,
    "_mom1": 3.78,
    "stock_diff": 2.64,
    "rsi_diff": 1.73
}
