{
    "open": 112.4,
    "low": 112.28,
    "high": 113.31,
    "close": 113.28,
    "volume": 404719,
    "change": 0.9535692,
    "_rsi": 57.83242365,
    "_rsi1": 54.5746017,
    "_stock_k": 79.06523856,
    "_stock_d": 82.58554449,
    "_stock_k1": 80.81791626,
    "_stock_d1": 88.20763813,
    "_macd_blue": -0.00447741,
    "_macd_orange": 0.53256557,
    "_cci20": 100.29392666,
    "_cci201": 89.57953613,
    "_ema10": 111.87935862,
    "_ema20": 111.21965108,
    "_ema30": 111.07410106,
    "_ema50": 110.66110078,
    "_ema100": 108.91570865,
    "_ema200": 104.87228562,
    "_psar": 110.00486715,
    "_wr": -12.3661149,
    "_mom": 4.9,
    "_mom1": 3.93,
    "stock_diff": -3.52,
    "rsi_diff": 3.26
}
