{
    "open": 114.61,
    "low": 114.25,
    "high": 115.89,
    "close": 115.67,
    "volume": 792020,
    "change": 1.18974718,
    "_rsi": 63.06615763,
    "_rsi1": 59.53108977,
    "_stock_k": 62.35786954,
    "_stock_d": 61.25884451,
    "_stock_k1": 62.05995025,
    "_stock_d1": 62.58072941,
    "_macd_blue": 1.96800241,
    "_macd_orange": 1.87856142,
    "_cci20": 94.01042239,
    "_cci201": 45.79165404,
    "_ema10": 114.14661617,
    "_ema20": 112.82003174,
    "_ema30": 111.51012793,
    "_ema50": 109.1952648,
    "_ema100": 105.18797653,
    "_ema200": 101.73488539,
    "_psar": 116,
    "_wr": -20.46678636,
    "_mom": 2.38,
    "_mom1": 2.13,
    "stock_diff": 1.1,
    "rsi_diff": 3.54
}
