{
    "open": 256.87,
    "low": 256.0336,
    "high": 258.97,
    "close": 257.85,
    "volume": 739396,
    "change": 0.37760822,
    "_rsi": 59.78667444,
    "_rsi1": 59.1514668,
    "_stock_k": 43.89944303,
    "_stock_d": 36.45090318,
    "_stock_k1": 34.05433922,
    "_stock_d1": 29.70192561,
    "_macd_blue": 6.83344561,
    "_macd_orange": 6.02968403,
    "_cci20": 41.72083565,
    "_cci201": 36.76425641,
    "_ema10": 253.61623336,
    "_ema20": 249.65670036,
    "_ema30": 245.2457581,
    "_ema50": 238.69330948,
    "_ema100": 231.22524399,
    "_ema200": 224.19376056,
    "_psar": 259.67573152,
    "_wr": -43.58523726,
    "_mom": 7.85,
    "_mom1": 2.88,
    "stock_diff": 7.45,
    "rsi_diff": 0.64
}
