{
    "open": 75.34,
    "low": 74.05,
    "high": 75.63,
    "close": 75.19,
    "volume": 1261395,
    "change": 0.19989339,
    "_rsi": 61.57311785,
    "_rsi1": 61.0914101,
    "_stock_k": 88.31664282,
    "_stock_d": 92.50415461,
    "_stock_k1": 91.90400286,
    "_stock_d1": 95.29146338,
    "_macd_blue": 0.48926736,
    "_macd_orange": 1.03094577,
    "_cci20": 114.73666465,
    "_cci201": 149.04733098,
    "_ema10": 73.94696712,
    "_ema20": 72.90351983,
    "_ema30": 72.50396859,
    "_ema50": 72.34342624,
    "_ema100": 72.50299835,
    "_ema200": 72.12774768,
    "_psar": 70.96525587,
    "_wr": -15.59370529,
    "_mom": 4.91,
    "_mom1": 3.88,
    "stock_diff": -4.19,
    "rsi_diff": 0.48
}
