{
    "open": 80.93,
    "low": 80.57,
    "high": 81.53,
    "close": 81.5161,
    "volume": 865420,
    "change": 1.14915002,
    "_rsi": 56.02204814,
    "_rsi1": 52.72010911,
    "_stock_k": 78.67180704,
    "_stock_d": 82.09730741,
    "_stock_k1": 80.15025702,
    "_stock_d1": 87.3605309,
    "_macd_blue": -0.22752911,
    "_macd_orange": 0.20563438,
    "_cci20": 85.02536791,
    "_cci201": 60.29805353,
    "_ema10": 80.38724895,
    "_ema20": 80.04628115,
    "_ema30": 80.02000995,
    "_ema50": 79.63801458,
    "_ema100": 77.68797028,
    "_ema200": 73.77779129,
    "_psar": 78.87147939,
    "_wr": -13.33214709,
    "_mom": 4.5561,
    "_mom1": 3.63,
    "stock_diff": -3.43,
    "rsi_diff": 3.3
}
