{
    "open": 107.16,
    "low": 106.89,
    "high": 108.29,
    "close": 107.69,
    "volume": 1166967,
    "change": 0.51334702,
    "_rsi": 62.42511456,
    "_rsi1": 61.64280201,
    "_stock_k": 92.05002633,
    "_stock_d": 88.7457575,
    "_stock_k1": 88.62994632,
    "_stock_d1": 85.80162503,
    "_macd_blue": 1.35928154,
    "_macd_orange": 2.09323154,
    "_cci20": 133.67850834,
    "_cci201": 132.00038391,
    "_ema10": 104.16307383,
    "_ema20": 102.26793084,
    "_ema30": 101.17994898,
    "_ema50": 99.69921768,
    "_ema100": 98.04415493,
    "_ema200": 97.01236951,
    "_psar": 99.36392143,
    "_wr": -4.10396717,
    "_mom": 4.26,
    "_mom1": 7.4,
    "stock_diff": 3.3,
    "rsi_diff": 0.78
}
