{
    "open": 49.62,
    "low": 49.06,
    "high": 49.735,
    "close": 49.39,
    "volume": 2124736,
    "change": 0.14193025,
    "_rsi": 44.74673957,
    "_rsi1": 44.43224313,
    "_stock_k": 72.02122528,
    "_stock_d": 80.5198561,
    "_stock_k1": 79.25711529,
    "_stock_d1": 87.21453474,
    "_macd_blue": -1.22271635,
    "_macd_orange": -0.78255962,
    "_cci20": 10.42290575,
    "_cci201": 24.8283848,
    "_ema10": 49.74372876,
    "_ema20": 50.06232944,
    "_ema30": 50.84338462,
    "_ema50": 52.28220155,
    "_ema100": 53.67555407,
    "_ema200": 52.75802071,
    "_psar": 47.33981968,
    "_wr": -34.29811867,
    "_mom": 0.82,
    "_mom1": 0.75,
    "stock_diff": -8.5,
    "rsi_diff": 0.31
}
