{
    "open": 111.77,
    "low": 111.07,
    "high": 112.2701,
    "close": 112.19,
    "volume": 1902556,
    "change": 0.16069994,
    "_rsi": 58.40640608,
    "_rsi1": 57.7912802,
    "_stock_k": 94.43256794,
    "_stock_d": 84.25976008,
    "_stock_k1": 86.50170406,
    "_stock_d1": 73.1583589,
    "_macd_blue": -0.41376036,
    "_macd_orange": -0.00547263,
    "_cci20": 183.92089423,
    "_cci201": 174.96063833,
    "_ema10": 110.34766891,
    "_ema20": 110.17023521,
    "_ema30": 110.30506402,
    "_ema50": 110.44646374,
    "_ema100": 109.91167445,
    "_ema200": 107.48262342,
    "_psar": 107.47813733,
    "_wr": -1.67324685,
    "_mom": 1.53,
    "_mom1": 1.25,
    "stock_diff": 10.17,
    "rsi_diff": 0.62
}
