{
    "open": 237.42,
    "low": 236.54,
    "high": 241.325,
    "close": 240.69,
    "volume": 1530214,
    "change": 2.20816171,
    "_rsi": 53.44201823,
    "_rsi1": 47.00229619,
    "_stock_k": 45.06866417,
    "_stock_d": 47.20661673,
    "_stock_k1": 43.47690387,
    "_stock_d1": 54.37180224,
    "_macd_blue": -0.97174717,
    "_macd_orange": -0.08218994,
    "_cci20": 69.80206496,
    "_cci201": -23.63707973,
    "_ema10": 238.00036989,
    "_ema20": 237.35347049,
    "_ema30": 238.40295152,
    "_ema50": 242.54243418,
    "_ema100": 251.43952529,
    "_ema200": 256.631432,
    "_psar": 247.4652,
    "_wr": -36.37640449,
    "_mom": 5.85,
    "_mom1": 2.69,
    "stock_diff": -2.14,
    "rsi_diff": 6.44
}
