{
    "open": 105.61,
    "low": 105.26,
    "high": 108.69,
    "close": 107.54,
    "volume": 744331,
    "change": 0.66460732,
    "_rsi": 66.99582256,
    "_rsi1": 65.75039444,
    "_stock_k": 73.5483871,
    "_stock_d": 69.13978495,
    "_stock_k1": 69.35483871,
    "_stock_d1": 64.87357628,
    "_macd_blue": 3.20372327,
    "_macd_orange": 3.19934518,
    "_cci20": 108.62362738,
    "_cci201": 99.53515326,
    "_ema10": 105.23450336,
    "_ema20": 102.87585127,
    "_ema30": 100.81395846,
    "_ema50": 98.17651575,
    "_ema100": 96.12791977,
    "_ema200": 96.20255525,
    "_psar": 100.48,
    "_wr": -19.89247312,
    "_mom": 4.52,
    "_mom1": 3.94,
    "stock_diff": 4.41,
    "rsi_diff": 1.25
}
