{
    "open": 192.66,
    "low": 191.545,
    "high": 195.35,
    "close": 195,
    "volume": 714998,
    "change": 1.63131287,
    "_rsi": 55.39011166,
    "_rsi1": 50.11420996,
    "_stock_k": 56.04844056,
    "_stock_d": 53.52794626,
    "_stock_k1": 49.18879056,
    "_stock_d1": 59.95214632,
    "_macd_blue": -0.14142641,
    "_macd_orange": 0.34417038,
    "_cci20": 98.68509842,
    "_cci201": -22.50679254,
    "_ema10": 192.528427,
    "_ema20": 191.89669841,
    "_ema30": 192.21344071,
    "_ema50": 194.02089919,
    "_ema100": 196.84204779,
    "_ema200": 194.97694896,
    "_psar": 188.84191437,
    "_wr": -14.04494382,
    "_mom": 6.57,
    "_mom1": 0.49,
    "stock_diff": 2.52,
    "rsi_diff": 5.28
}
