{
    "open": 68.68,
    "low": 68.61,
    "high": 69.4125,
    "close": 68.99,
    "volume": 1575987,
    "change": 0.45136867,
    "_rsi": 57.84658075,
    "_rsi1": 56.90999628,
    "_stock_k": 86.05927552,
    "_stock_d": 88.93690339,
    "_stock_k1": 87.96194658,
    "_stock_d1": 91.22006065,
    "_macd_blue": 0.20662696,
    "_macd_orange": 0.69113544,
    "_cci20": 83.07369604,
    "_cci201": 89.50649551,
    "_ema10": 67.85426115,
    "_ema20": 67.10766869,
    "_ema30": 66.85734889,
    "_ema50": 66.57343639,
    "_ema100": 65.28150762,
    "_ema200": 61.74925497,
    "_psar": 63.06451861,
    "_wr": -13.61141603,
    "_mom": 5.81,
    "_mom1": 5.14,
    "stock_diff": -2.88,
    "rsi_diff": 0.94
}
