{
    "open": 45.2,
    "low": 44.86,
    "high": 45.505,
    "close": 45.41,
    "volume": 2100486,
    "change": 0.24282561,
    "_rsi": 55.90041434,
    "_rsi1": 55.26154563,
    "_stock_k": 63.67985911,
    "_stock_d": 68.92464492,
    "_stock_k1": 68.28002814,
    "_stock_d1": 71.82627645,
    "_macd_blue": 0.77601221,
    "_macd_orange": 0.73932728,
    "_cci20": 27.06572836,
    "_cci201": 44.46564047,
    "_ema10": 45.44788689,
    "_ema20": 44.90129838,
    "_ema30": 44.44578935,
    "_ema50": 43.92053287,
    "_ema100": 43.53035937,
    "_ema200": 43.4032502,
    "_psar": 43.55758629,
    "_wr": -41.95011338,
    "_mom": -0.87,
    "_mom1": -0.82,
    "stock_diff": -5.24,
    "rsi_diff": 0.64
}
