{
    "open": 113.62,
    "low": 111.68,
    "high": 113.62,
    "close": 112.59,
    "volume": 607612,
    "change": -0.53008216,
    "_rsi": 42.18485499,
    "_rsi1": 43.32439302,
    "_stock_k": 48.40754656,
    "_stock_d": 65.17806596,
    "_stock_k1": 64.85638104,
    "_stock_d1": 76.85002491,
    "_macd_blue": -0.9689927,
    "_macd_orange": -0.74997687,
    "_cci20": -90.83272687,
    "_cci201": -21.87480318,
    "_ema10": 115.02782549,
    "_ema20": 115.37577306,
    "_ema30": 116.17220615,
    "_ema50": 118.20290102,
    "_ema100": 122.44037897,
    "_ema200": 125.35677197,
    "_psar": 110.53456736,
    "_wr": -71.07623318,
    "_mom": -0.31,
    "_mom1": -1.35,
    "stock_diff": -16.77,
    "rsi_diff": -1.14
}
