{
    "open": 145.43,
    "low": 143.62,
    "high": 147.29,
    "close": 143.85,
    "volume": 4422941,
    "change": -1.09323432,
    "_rsi": 57.92657965,
    "_rsi1": 63.14069295,
    "_stock_k": 81.45177124,
    "_stock_d": 86.18887881,
    "_stock_k1": 86.8962322,
    "_stock_d1": 90.04716476,
    "_macd_blue": 1.22843068,
    "_macd_orange": 1.8376436,
    "_cci20": 92.95325179,
    "_cci201": 106.99918646,
    "_ema10": 143.35772171,
    "_ema20": 141.61734807,
    "_ema30": 140.85931597,
    "_ema50": 140.572071,
    "_ema100": 141.0937626,
    "_ema200": 141.25074871,
    "_psar": 141.1245718,
    "_wr": -28.40627581,
    "_mom": 2.18,
    "_mom1": 2.62,
    "stock_diff": -4.74,
    "rsi_diff": -5.21
}
