{
    "open": 67.22,
    "low": 65.15,
    "high": 67.5378,
    "close": 65.37,
    "volume": 1086316,
    "change": -3.5840708,
    "_rsi": 35.1444005,
    "_rsi1": 43.5381551,
    "_stock_k": 42.75657653,
    "_stock_d": 55.77672372,
    "_stock_k1": 61.58658165,
    "_stock_d1": 61.05315107,
    "_macd_blue": -1.76755989,
    "_macd_orange": -1.45622704,
    "_cci20": -115.83157734,
    "_cci201": 42.07917483,
    "_ema10": 67.14797929,
    "_ema20": 68.01058993,
    "_ema30": 69.21456409,
    "_ema50": 71.25936754,
    "_ema100": 73.05851085,
    "_ema200": 71.79577938,
    "_psar": 68.5799,
    "_wr": -92.20430108,
    "_mom": -2.31,
    "_mom1": 1.59,
    "stock_diff": -13.02,
    "rsi_diff": -8.39
}
