{
    "open": 459.98,
    "low": 444.84,
    "high": 459.98,
    "close": 449.31,
    "volume": 748074,
    "change": -3.31389469,
    "_rsi": 55.93999045,
    "_rsi1": 61.58061061,
    "_stock_k": 86.04737232,
    "_stock_d": 91.51702849,
    "_stock_k1": 93.75359816,
    "_stock_d1": 95.13433872,
    "_macd_blue": 1.84555106,
    "_macd_orange": 8.59121136,
    "_cci20": 100.22157659,
    "_cci201": 153.71548123,
    "_ema10": 442.44715685,
    "_ema20": 432.07257779,
    "_ema30": 431.19433625,
    "_ema50": 441.40025463,
    "_ema100": 466.70539651,
    "_ema200": 471.01879656,
    "_psar": 405.18045376,
    "_wr": -24.82112016,
    "_mom": 37.07,
    "_mom1": 63.91,
    "stock_diff": -5.47,
    "rsi_diff": -5.64
}
