{
    "open": 117.34,
    "low": 112.18,
    "high": 118.33,
    "close": 112.99,
    "volume": 573956,
    "change": -4.58537409,
    "_rsi": 39.3714246,
    "_rsi1": 44.0322331,
    "_stock_k": 67.30696233,
    "_stock_d": 61.90028301,
    "_stock_k1": 66.96597198,
    "_stock_d1": 54.49625074,
    "_macd_blue": -7.97372865,
    "_macd_orange": -6.36875801,
    "_cci20": -30.94440039,
    "_cci201": -1.11168822,
    "_ema10": 115.7644557,
    "_ema20": 119.61035878,
    "_ema30": 124.59072526,
    "_ema50": 133.01165645,
    "_ema100": 146.46377926,
    "_ema200": 161.55168868,
    "_psar": 104.37568704,
    "_wr": -42.47685185,
    "_mom": -1.16,
    "_mom1": 6.28,
    "stock_diff": 5.41,
    "rsi_diff": -4.66
}
