{
    "open": 65.22,
    "low": 65.1,
    "high": 69.19,
    "close": 68.7,
    "volume": 345306,
    "change": 4.39142987,
    "_rsi": 72.39374623,
    "_rsi1": 68.43274631,
    "_stock_k": 94.32710265,
    "_stock_d": 91.84475998,
    "_stock_k1": 90.88092593,
    "_stock_d1": 86.64559367,
    "_macd_blue": 2.53064494,
    "_macd_orange": 3.22721275,
    "_cci20": 179.22552987,
    "_cci201": 156.92314671,
    "_ema10": 63.17969958,
    "_ema20": 60.5181767,
    "_ema30": 58.58836561,
    "_ema50": 55.71784654,
    "_ema100": 51.07119571,
    "_ema200": 44.90564561,
    "_psar": 55.17477792,
    "_wr": -3.12300829,
    "_mom": 10.15,
    "_mom1": 4.98,
    "stock_diff": 2.48,
    "rsi_diff": 3.96
}
