{
    "open": 26.24,
    "low": 26.08,
    "high": 26.27,
    "close": 26.13,
    "volume": 3511768,
    "change": -0.03825555,
    "_rsi": 54.59222651,
    "_rsi1": 54.70878486,
    "_stock_k": 83.05220884,
    "_stock_d": 87.26481523,
    "_stock_k1": 88.73009278,
    "_stock_d1": 90.65059531,
    "_macd_blue": -0.11879746,
    "_macd_orange": 0.02175296,
    "_cci20": 133.93227367,
    "_cci201": 171.0353082,
    "_ema10": 25.79035855,
    "_ema20": 25.71866037,
    "_ema30": 25.73053545,
    "_ema50": 25.66378109,
    "_ema100": 25.40040801,
    "_ema200": 24.9943309,
    "_psar": 24.81644702,
    "_wr": -20.48192771,
    "_mom": 1.13,
    "_mom1": 0.97,
    "stock_diff": -4.21,
    "rsi_diff": -0.12
}
