{
    "open": 191.58,
    "low": 186.4,
    "high": 191.84,
    "close": 190.46,
    "volume": 1768614,
    "change": -0.32447143,
    "_rsi": 51.95704982,
    "_rsi1": 52.45067504,
    "_stock_k": 80.18238737,
    "_stock_d": 77.46472483,
    "_stock_k1": 76.493807,
    "_stock_d1": 80.15209053,
    "_macd_blue": -2.82608517,
    "_macd_orange": -0.99508993,
    "_cci20": 80.09234102,
    "_cci201": 68.68530711,
    "_ema10": 187.23314976,
    "_ema20": 186.88024418,
    "_ema30": 188.72716187,
    "_ema50": 193.36505965,
    "_ema100": 199.88546057,
    "_ema200": 199.49290012,
    "_psar": 180.39708103,
    "_wr": -11.31073908,
    "_mom": 11.9,
    "_mom1": 10.58,
    "stock_diff": 2.72,
    "rsi_diff": -0.49
}
