{
    "open": 27.4,
    "low": 27.15,
    "high": 28.43,
    "close": 27.53,
    "volume": 895447,
    "change": 0.95342868,
    "_rsi": 62.15810277,
    "_rsi1": 60.6329733,
    "_stock_k": 54.94145199,
    "_stock_d": 54.94815243,
    "_stock_k1": 54.1037912,
    "_stock_d1": 57.16661281,
    "_macd_blue": 1.11958064,
    "_macd_orange": 0.95171472,
    "_cci20": 86.26068732,
    "_cci201": 35.96614951,
    "_ema10": 27.12617394,
    "_ema20": 26.51027844,
    "_ema30": 25.81703313,
    "_ema50": 24.78629645,
    "_ema100": 23.42632227,
    "_ema200": 22.47593275,
    "_psar": 25.54,
    "_wr": -34.75409836,
    "_mom": -0.78,
    "_mom1": -0.35,
    "stock_diff": -0.01,
    "rsi_diff": 1.53
}
