{
    "open": 26.56,
    "low": 26.53,
    "high": 27.93,
    "close": 27,
    "volume": 737482,
    "change": 3.21100917,
    "_rsi": 61.17760642,
    "_rsi1": 56.21911813,
    "_stock_k": 54.72706798,
    "_stock_d": 64.53393059,
    "_stock_k1": 60.20119605,
    "_stock_d1": 76.05926087,
    "_macd_blue": 1.32007676,
    "_macd_orange": 1.2048142,
    "_cci20": 64.09097962,
    "_cci201": 21.20491478,
    "_ema10": 26.88659992,
    "_ema20": 26.02791863,
    "_ema30": 25.25000056,
    "_ema50": 24.24134929,
    "_ema100": 23.02463353,
    "_ema200": 22.23142691,
    "_psar": 28.529,
    "_wr": -39.75,
    "_mom": 0.84,
    "_mom1": 0.17,
    "stock_diff": -9.81,
    "rsi_diff": 4.96
}
