{
    "open": 57.53,
    "low": 56.4135,
    "high": 59.6,
    "close": 58.13,
    "change": 1.09565217,
    "_rsi": 80.95613479,
    "_rsi1": 80.39866694,
    "_stock_k": 89.22986234,
    "_stock_d": 87.64946748,
    "_stock_k1": 86.12616859,
    "_stock_d1": 87.82950032,
    "_macd_blue": 5.03894888,
    "_macd_orange": 3.54125677,
    "_cci20": 145.6068525,
    "_cci201": 145.82265168,
    "_ema10": 51.81667607,
    "_ema20": 47.38738144,
    "_ema30": 44.68888053,
    "_ema50": 41.28470022,
    "_ema100": 36.95273768,
    "_ema200": 32.84904844,
    "_psar": 45.6367324,
    "stock_diff": 1.58,
    "rsi_diff": 0.56
}
