{
    "open": 16.75,
    "low": 16.74,
    "high": 17.44,
    "close": 17.01,
    "volume": 39499587,
    "change": 1.73444976,
    "_rsi": 55.96414321,
    "_rsi1": 54.1393708,
    "_stock_k": 91.45132868,
    "_stock_d": 90.19276396,
    "_stock_k1": 92.19679235,
    "_stock_d1": 89.50870144,
    "_macd_blue": -0.29312413,
    "_macd_orange": -0.00930804,
    "_cci20": 92.0433919,
    "_cci201": 57.02751021,
    "_ema10": 16.25368347,
    "_ema20": 16.11767593,
    "_ema30": 16.25252246,
    "_ema50": 16.62940161,
    "_ema100": 17.47437712,
    "_ema200": 18.32485735,
    "_psar": 14.24355474,
    "_wr": -8.600172,
    "_mom": 2.99,
    "_mom1": 2.52,
    "stock_diff": 1.26,
    "rsi_diff": 1.82
}
