{
    "open": 193.65,
    "low": 193.26,
    "high": 197.401,
    "close": 196.47,
    "volume": 1607803,
    "change": 1.66623545,
    "_rsi": 53.03930504,
    "_rsi1": 49.27558563,
    "_stock_k": 74.1448065,
    "_stock_d": 77.02837714,
    "_stock_k1": 75.91522158,
    "_stock_d1": 79.88192939,
    "_macd_blue": -3.05977391,
    "_macd_orange": -1.38333707,
    "_cci20": 87.74274125,
    "_cci201": 46.27152846,
    "_ema10": 192.72267889,
    "_ema20": 192.88892619,
    "_ema30": 194.53565617,
    "_ema50": 197.29714316,
    "_ema100": 199.20684202,
    "_ema200": 194.2611417,
    "_psar": 186.46569261,
    "_wr": -15.23417396,
    "_mom": 14.32,
    "_mom1": 8.29,
    "stock_diff": -2.88,
    "rsi_diff": 3.76
}
