{
    "open": 92.72,
    "low": 91.16,
    "high": 93.135,
    "close": 91.25,
    "volume": 5038798,
    "change": -2.56273358,
    "_rsi": 34.95722176,
    "_rsi1": 39.59550799,
    "_stock_k": 32.24097881,
    "_stock_d": 34.98529266,
    "_stock_k1": 36.86833832,
    "_stock_d1": 35.35512318,
    "_macd_blue": -2.72298423,
    "_macd_orange": -2.83887184,
    "_cci20": -68.74529283,
    "_cci201": -39.67064473,
    "_ema10": 93.54521919,
    "_ema20": 95.83679737,
    "_ema30": 97.31876293,
    "_ema50": 98.32246564,
    "_ema100": 98.21197755,
    "_ema200": 96.60811373,
    "_psar": 89.15653184,
    "_wr": -77.30800444,
    "_mom": -2.56,
    "_mom1": -0.32,
    "stock_diff": -2.74,
    "rsi_diff": -4.64
}
