{
    "open": 330.98,
    "low": 327.97,
    "high": 331.68,
    "close": 330.51,
    "volume": 507485,
    "change": 0.30652504,
    "_rsi": 53.93272714,
    "_rsi1": 53.2575165,
    "_stock_k": 88.85657432,
    "_stock_d": 88.39891024,
    "_stock_k1": 89.33619062,
    "_stock_d1": 89.69144047,
    "_macd_blue": -3.74936756,
    "_macd_orange": -0.84089823,
    "_cci20": 91.38239013,
    "_cci201": 79.68434986,
    "_ema10": 324.96567303,
    "_ema20": 323.90040552,
    "_ema30": 326.33173506,
    "_ema50": 333.80276678,
    "_ema100": 346.94287794,
    "_ema200": 349.15784821,
    "_psar": 306.80097037,
    "_wr": -5.63294046,
    "_mom": 26.04,
    "_mom1": 15.5,
    "stock_diff": 0.46,
    "rsi_diff": 0.68
}
