{
    "open": 216.36,
    "low": 216.3,
    "high": 218.97,
    "close": 218.4177,
    "volume": 2295677,
    "change": 1.93097816,
    "_rsi": 49.63701994,
    "_rsi1": 44.28196146,
    "_stock_k": 43.15362078,
    "_stock_d": 35.77118483,
    "_stock_k1": 31.42738761,
    "_stock_d1": 35.86925709,
    "_macd_blue": -3.23400998,
    "_macd_orange": -2.95839681,
    "_cci20": 16.69470131,
    "_cci201": -78.32198252,
    "_ema10": 215.18412689,
    "_ema20": 217.21917704,
    "_ema30": 219.31853241,
    "_ema50": 222.69432246,
    "_ema100": 226.34278775,
    "_ema200": 224.03380171,
    "_psar": 222.542728,
    "_wr": -33.80824891,
    "_mom": -3.4323,
    "_mom1": -3.44,
    "stock_diff": 7.38,
    "rsi_diff": 5.36
}
