{
    "open": 252,
    "low": 250.4947,
    "high": 254.15,
    "close": 253.95,
    "volume": 1226531,
    "change": 0.89392133,
    "_rsi": 67.11918922,
    "_rsi1": 64.91492206,
    "_stock_k": 89.71133943,
    "_stock_d": 89.60066548,
    "_stock_k1": 89.48846738,
    "_stock_d1": 90.81851808,
    "_macd_blue": 3.98309855,
    "_macd_orange": 4.89070796,
    "_cci20": 109.6668317,
    "_cci201": 109.80249097,
    "_ema10": 248.69294332,
    "_ema20": 244.64484245,
    "_ema30": 241.74284838,
    "_ema50": 236.48729105,
    "_ema100": 225.8714479,
    "_ema200": 217.87177513,
    "_psar": 243.9515466,
    "_wr": -0.94428706,
    "_mom": 17.47,
    "_mom1": 9.77,
    "stock_diff": 0.11,
    "rsi_diff": 2.2
}
