{
    "open": 627.08,
    "low": 620.065,
    "high": 630.405,
    "close": 628.87,
    "volume": 1449150,
    "change": 0.3895088,
    "_rsi": 60.19815999,
    "_rsi1": 59.62062216,
    "_stock_k": 89.38750963,
    "_stock_d": 86.40328456,
    "_stock_k1": 88.71036004,
    "_stock_d1": 86.16223198,
    "_macd_blue": 4.44874025,
    "_macd_orange": 8.71937699,
    "_cci20": 181.83282088,
    "_cci201": 169.83819808,
    "_ema10": 607.99849805,
    "_ema20": 599.32607388,
    "_ema30": 595.790864,
    "_ema50": 592.35929984,
    "_ema100": 579.36427272,
    "_ema200": 546.55959445,
    "_psar": 579.33072745,
    "_wr": -2.2980762,
    "_mom": 51.02,
    "_mom1": 38.7,
    "stock_diff": 2.98,
    "rsi_diff": 0.58
}
