{
    "open": 113.47,
    "low": 113.11,
    "high": 115.045,
    "close": 114.83,
    "volume": 767923,
    "change": 1.86285816,
    "_rsi": 65.08760597,
    "_rsi1": 60.60395211,
    "_stock_k": 88.02310074,
    "_stock_d": 75.48961403,
    "_stock_k1": 72.14975649,
    "_stock_d1": 68.16975463,
    "_macd_blue": 0.78570168,
    "_macd_orange": 1.24989388,
    "_cci20": 180.56282164,
    "_cci201": 111.32295458,
    "_ema10": 111.2665175,
    "_ema20": 110.09171032,
    "_ema30": 109.52888664,
    "_ema50": 108.9786252,
    "_ema100": 108.11905461,
    "_ema200": 106.80461771,
    "_psar": 109.2,
    "_wr": -2.73711012,
    "_mom": 6.08,
    "_mom1": 3.72,
    "stock_diff": 12.53,
    "rsi_diff": 4.48
}
