{
    "open": 126.03,
    "low": 125.3,
    "high": 127.51,
    "close": 127.32,
    "volume": 1297213,
    "change": 1.39364498,
    "_rsi": 51.23146841,
    "_rsi1": 47.53215367,
    "_stock_k": 76.35971174,
    "_stock_d": 72.71298069,
    "_stock_k1": 72.65088673,
    "_stock_d1": 70.05055789,
    "_macd_blue": -1.67809688,
    "_macd_orange": -1.06990964,
    "_cci20": 42.69477018,
    "_cci201": -16.91612824,
    "_ema10": 125.59808825,
    "_ema20": 126.10461328,
    "_ema30": 127.02070573,
    "_ema50": 128.49177609,
    "_ema100": 130.94088522,
    "_ema200": 133.22520438,
    "_psar": 120.07262732,
    "_wr": -8.11320755,
    "_mom": 4.99,
    "_mom1": 1.89,
    "stock_diff": 3.65,
    "rsi_diff": 3.7
}
