{
    "open": 104.98,
    "low": 104.8,
    "high": 106.67,
    "close": 106.37,
    "volume": 744815,
    "change": 1.6241521,
    "_rsi": 62.14704433,
    "_rsi1": 58.9025844,
    "_stock_k": 81.73248822,
    "_stock_d": 79.69554147,
    "_stock_k1": 78.28701446,
    "_stock_d1": 77.32869583,
    "_macd_blue": 1.58882392,
    "_macd_orange": 2.01497328,
    "_cci20": 99.25188146,
    "_cci201": 89.71588486,
    "_ema10": 104.02283185,
    "_ema20": 102.24722435,
    "_ema30": 101.29781267,
    "_ema50": 100.52591283,
    "_ema100": 99.30511566,
    "_ema200": 97.41838497,
    "_psar": 97.9116098,
    "_wr": -11.79912238,
    "_mom": 4.06,
    "_mom1": 3.08,
    "stock_diff": 2.04,
    "rsi_diff": 3.24
}
