{
    "open": 210.81,
    "low": 210.05,
    "high": 213.32,
    "close": 213.19,
    "volume": 1287050,
    "change": 1.21059628,
    "_rsi": 61.29533006,
    "_rsi1": 57.99136564,
    "_stock_k": 79.34729664,
    "_stock_d": 84.48253468,
    "_stock_k1": 82.79996167,
    "_stock_d1": 90.08727802,
    "_macd_blue": 2.15270774,
    "_macd_orange": 2.90591093,
    "_cci20": 101.33904055,
    "_cci201": 106.32421465,
    "_ema10": 210.07850123,
    "_ema20": 207.59674639,
    "_ema30": 205.92301046,
    "_ema50": 203.17011524,
    "_ema100": 197.42287387,
    "_ema200": 187.84326606,
    "_psar": 203.09210681,
    "_wr": -17.24305894,
    "_mom": 11.77,
    "_mom1": 6.7,
    "stock_diff": -5.14,
    "rsi_diff": 3.3
}
