{
    "open": 225.31,
    "low": 218.82,
    "high": 227.88,
    "close": 226.58,
    "change": -1.54688451,
    "_rsi": 44.21831709,
    "_rsi1": 45.61546387,
    "_stock_k": 35.63734496,
    "_stock_d": 26.0286304,
    "_stock_k1": 22.90624224,
    "_stock_d1": 24.55788584,
    "_macd_blue": -7.61908103,
    "_macd_orange": -6.78926283,
    "_cci20": -93.98543768,
    "_cci201": -76.6518869,
    "_ema10": 229.62379861,
    "_ema20": 235.46202246,
    "_ema30": 240.53405013,
    "_ema50": 248.22651322,
    "_ema100": 250.81564542,
    "_ema200": 232.4363415
}
