{
    "open": 130.51,
    "low": 129.64,
    "high": 131.1778,
    "close": 130.17,
    "volume": 2055972,
    "change": 0.03073849,
    "_rsi": 41.69337194,
    "_rsi1": 41.60754828,
    "_stock_k": 35.29857072,
    "_stock_d": 33.67536545,
    "_stock_k1": 36.31228596,
    "_stock_d1": 31.67260404,
    "_macd_blue": -3.40838319,
    "_macd_orange": -2.95772162,
    "_cci20": -54.94660834,
    "_cci201": -68.37639655,
    "_ema10": 130.88214275,
    "_ema20": 132.78248895,
    "_ema30": 135.04090692,
    "_ema50": 138.79118571,
    "_ema100": 142.09082529,
    "_ema200": 137.95461717,
    "_psar": 133.9886,
    "_wr": -60.1635514,
    "_mom": 0.12,
    "_mom1": -2.48,
    "stock_diff": 1.62,
    "rsi_diff": 0.09
}
