{
    "open": 424.31,
    "low": 415.725,
    "high": 427.85,
    "close": 427.37,
    "volume": 311018,
    "change": 1.77657117,
    "_rsi": 51.50276191,
    "_rsi1": 48.76247759,
    "_stock_k": 80.14386723,
    "_stock_d": 83.89105987,
    "_stock_k1": 81.27270684,
    "_stock_d1": 88.15715051,
    "_macd_blue": -13.96208572,
    "_macd_orange": -6.0966124,
    "_cci20": 79.22230522,
    "_cci201": 87.0788573,
    "_ema10": 417.69955483,
    "_ema20": 417.56140427,
    "_ema30": 426.64597602,
    "_ema50": 449.03231231,
    "_ema100": 484.88974356,
    "_ema200": 496.5978987,
    "_psar": 391.46002807,
    "_wr": -19.2578998,
    "_mom": 38.58,
    "_mom1": 20.8,
    "stock_diff": -3.75,
    "rsi_diff": 2.74
}
