{
    "open": 215.78,
    "low": 212.47,
    "high": 215.79,
    "close": 212.57,
    "volume": 1120308,
    "change": -1.2267088,
    "_rsi": 54.58101428,
    "_rsi1": 59.64258726,
    "_stock_k": 73.13035639,
    "_stock_d": 77.84218476,
    "_stock_k1": 78.45112948,
    "_stock_d1": 82.79993254,
    "_macd_blue": 0.35441153,
    "_macd_orange": 1.42431588,
    "_cci20": 101.83895904,
    "_cci201": 116.00592603,
    "_ema10": 211.83546244,
    "_ema20": 210.02758425,
    "_ema30": 210.07852577,
    "_ema50": 212.10057269,
    "_ema100": 214.61338445,
    "_ema200": 210.22931818,
    "_psar": 208.60418163,
    "_wr": -32.996633,
    "_mom": 2.87,
    "_mom1": 9.83,
    "stock_diff": -4.71,
    "rsi_diff": -5.06
}
