{
    "open": 469.77,
    "low": 466.32,
    "high": 474.42,
    "close": 471.58,
    "volume": 309152,
    "change": 0.7800312,
    "_rsi": 70.15928052,
    "_rsi1": 68.90092841,
    "_stock_k": 97.13169328,
    "_stock_d": 95.82765825,
    "_stock_k1": 96.38481971,
    "_stock_d1": 90.75413941,
    "_macd_blue": 5.14263161,
    "_macd_orange": 9.24901457,
    "_cci20": 211.0772378,
    "_cci201": 209.13733369,
    "_ema10": 449.86877755,
    "_ema20": 441.11042008,
    "_ema30": 436.76263834,
    "_ema50": 432.9361645,
    "_ema100": 431.0701002,
    "_ema200": 426.10078332,
    "_psar": 424.08879706,
    "_wr": -4.85138367,
    "_mom": 51.18,
    "_mom1": 42.86,
    "stock_diff": 1.3,
    "rsi_diff": 1.26
}
