{
    "open": 187.03,
    "low": 185.82,
    "high": 192.29,
    "close": 186.63,
    "volume": 31010457,
    "change": -0.52236022,
    "_rsi": 29.9880092,
    "_rsi1": 30.33733783,
    "_stock_k": 14.054571,
    "_stock_d": 23.03058536,
    "_stock_k1": 26.22373094,
    "_stock_d1": 24.27333729,
    "_macd_blue": -21.08456215,
    "_macd_orange": -18.96568363,
    "_cci20": -137.22546143,
    "_cci201": -141.50193672,
    "_ema10": 195.75902351,
    "_ema20": 208.25945065,
    "_ema30": 222.43460314,
    "_ema50": 245.99300708,
    "_ema100": 278.93999831,
    "_ema200": 298.00030989,
    "_psar": 205.30744056,
    "_wr": -97.03631068,
    "_mom": -24.4,
    "_mom1": -22.87,
    "stock_diff": -8.98,
    "rsi_diff": -0.35
}
