{
    "open": 113.6,
    "low": 109.84,
    "high": 114.1999,
    "close": 110.65,
    "volume": 1742497,
    "change": -3.56458079,
    "_rsi": 45.69091791,
    "_rsi1": 50.99394211,
    "_stock_k": 71.34694772,
    "_stock_d": 69.77342426,
    "_stock_k1": 73.36662308,
    "_stock_d1": 66.26401573,
    "_macd_blue": -2.24896254,
    "_macd_orange": -1.58940253,
    "_cci20": -10.08293989,
    "_cci201": 33.90772124,
    "_ema10": 112.0370745,
    "_ema20": 112.95379426,
    "_ema30": 114.11318545,
    "_ema50": 115.57895601,
    "_ema100": 117.10430492,
    "_ema200": 115.10485587,
    "_psar": 106.46849166,
    "_wr": -37.73695985,
    "_mom": 3.65,
    "_mom1": 11.46,
    "stock_diff": 1.57,
    "rsi_diff": -5.3
}
