{
    "open": 23.48,
    "low": 23.48,
    "high": 23.48,
    "close": 23.48,
    "volume": 0,
    "change": -0.08510638,
    "_rsi": 58.01970394,
    "_rsi1": 58.60097664,
    "_stock_k": 81.73041894,
    "_stock_d": 81.01816823,
    "_stock_k1": 83.09794031,
    "_stock_d1": 75.71201719,
    "_macd_blue": 0.14288713,
    "_macd_orange": 0.16199241,
    "_cci20": 78.7973043,
    "_cci201": 86.62359416,
    "_ema10": 23.37962965,
    "_ema20": 23.24948754,
    "_ema30": 23.15344097,
    "_ema50": 22.99887526,
    "_ema100": 22.6228924,
    "_ema200": null,
    "_psar": 23.0781481,
    "_wr": -23.33333333,
    "_mom": -0.11,
    "_mom1": -0.02,
    "stock_diff": 0.71,
    "rsi_diff": -0.58
}
