{
    "open": 213.31,
    "low": 212.98,
    "high": 218.09,
    "close": 217.78,
    "volume": 1309284,
    "change": 2.15300905,
    "_rsi": 66.41558694,
    "_rsi1": 61.29533006,
    "_stock_k": 83.89228761,
    "_stock_d": 82.01318197,
    "_stock_k1": 79.34729664,
    "_stock_d1": 84.48253468,
    "_macd_blue": 2.39311374,
    "_macd_orange": 3.35473774,
    "_cci20": 142.69067077,
    "_cci201": 101.33904055,
    "_ema10": 211.47877373,
    "_ema20": 208.56658007,
    "_ema30": 206.68797753,
    "_ema50": 203.74305189,
    "_ema100": 197.82598528,
    "_ema200": 188.14114401,
    "_psar": 204.72865399,
    "_wr": -1.41617177,
    "_mom": 15.87,
    "_mom1": 11.77,
    "stock_diff": 1.88,
    "rsi_diff": 5.12
}
