{
    "open": 93.6,
    "low": 93.5,
    "high": 93.67,
    "close": 93.59,
    "volume": 2125327,
    "change": -0.06406834,
    "_rsi": 63.76167078,
    "_rsi1": 65.38910863,
    "_stock_k": 72.75985663,
    "_stock_d": 78.37514934,
    "_stock_k1": 77.24014337,
    "_stock_d1": 83.46659314,
    "_macd_blue": 0.51493601,
    "_macd_orange": 0.45229334,
    "_cci20": 80.78206017,
    "_cci201": 118.82642148,
    "_ema10": 93.51726717,
    "_ema20": 93.2438267,
    "_ema30": 92.82900554,
    "_ema50": 91.48028973,
    "_ema100": 87.77197451,
    "_ema200": 83.37451778,
    "_psar": 93.87,
    "_wr": -30.10752688,
    "_mom": 0.49,
    "_mom1": 0.61,
    "stock_diff": -5.62,
    "rsi_diff": -1.63
}
