{
    "open": 342.74,
    "low": 322.2,
    "high": 342.74,
    "close": 328.97,
    "volume": 702477,
    "change": -5.15496612,
    "_rsi": 44.61590962,
    "_rsi1": 58.78634837,
    "_stock_k": 57.40015212,
    "_stock_d": 72.30700558,
    "_stock_k1": 79.09769006,
    "_stock_d1": 76.54242103,
    "_macd_blue": 4.9117044,
    "_macd_orange": 3.97133239,
    "_cci20": -126.55739302,
    "_cci201": 100.3953454,
    "_ema10": 340.95808283,
    "_ema20": 338.40277125,
    "_ema30": 335.63820687,
    "_ema50": 332.87564306,
    "_ema100": 336.55782138,
    "_ema200": 349.69048747,
    "_psar": 352.9,
    "_wr": -77.94788274,
    "_mom": -14.13,
    "_mom1": 9.89,
    "stock_diff": -14.91,
    "rsi_diff": -14.17
}
