{
    "open": 79.06,
    "low": 78.1,
    "high": 79.3898,
    "close": 78.67,
    "volume": 41461473,
    "change": -0.39250443,
    "_rsi": 47.74778253,
    "_rsi1": 48.40253835,
    "_stock_k": 12.93244436,
    "_stock_d": 16.43681257,
    "_stock_k1": 13.72944377,
    "_stock_d1": 26.06972692,
    "_macd_blue": 1.57267554,
    "_macd_orange": 0.72218546,
    "_cci20": -37.45864125,
    "_cci201": -43.97283902,
    "_ema10": 80.32955218,
    "_ema20": 80.24983298,
    "_ema30": 79.30216454,
    "_ema50": 76.9007795,
    "_ema100": 72.04716798,
    "_ema200": 66.32447239,
    "_psar": 89.00768541,
    "_wr": -84.13634874,
    "_mom": -5.42,
    "_mom1": -2.06,
    "stock_diff": -3.5,
    "rsi_diff": -0.65
}
