{
    "open": 62.25,
    "low": 61.98,
    "high": 63.3,
    "close": 63.16,
    "volume": 3185788,
    "change": 2.11802749,
    "_rsi": 60.43492837,
    "_rsi1": 56.92746019,
    "_stock_k": 86.75448225,
    "_stock_d": 88.91810879,
    "_stock_k1": 87.60979735,
    "_stock_d1": 90.22046119,
    "_macd_blue": 0.12402832,
    "_macd_orange": 0.67950256,
    "_cci20": 111.84568942,
    "_cci201": 102.94449872,
    "_ema10": 60.99169282,
    "_ema20": 60.246899,
    "_ema30": 59.97200654,
    "_ema50": 59.53715138,
    "_ema100": 58.32927056,
    "_ema200": 55.42550228,
    "_psar": 57.41074459,
    "_wr": -6.69593853,
    "_mom": 6.18,
    "_mom1": 3.57,
    "stock_diff": -2.16,
    "rsi_diff": 3.51
}
