{
    "open": 72.54,
    "low": 72.33,
    "high": 72.94,
    "close": 72.47,
    "change": 0.26286663,
    "_rsi": 37.51500712,
    "_rsi1": 36.23856425,
    "_stock_k": 17.25477193,
    "_stock_d": 19.29746097,
    "_stock_k1": 13.43825666,
    "_stock_d1": 30.41431262,
    "_macd_blue": -0.4170884,
    "_macd_orange": -0.72719174,
    "_cci20": -153.50164827,
    "_cci201": -222.61958328,
    "_ema10": 73.72748052,
    "_ema20": 74.41931457,
    "_ema30": 74.74148021,
    "_ema50": 74.86084885,
    "_ema100": 74.24000679,
    "_ema200": 72.62725567,
    "_psar": 75.97409792,
    "_wrr": -81.52866242,
    "stock_diff": -2.04,
    "rsi_diff": 1.28
}
