{
    "open": 68.16,
    "low": 67.564,
    "high": 68.7,
    "close": 68.58,
    "volume": 1329461,
    "change": 1.29985229,
    "_rsi": 52.54405722,
    "_rsi1": 50.29630659,
    "_stock_k": 82.66988339,
    "_stock_d": 81.03612604,
    "_stock_k1": 80.24874347,
    "_stock_d1": 77.70634163,
    "_macd_blue": -0.49001645,
    "_macd_orange": -0.08508065,
    "_cci20": 54.80915985,
    "_cci201": 53.02622713,
    "_ema10": 67.65830631,
    "_ema20": 67.5646404,
    "_ema30": 67.68440118,
    "_ema50": 67.52995861,
    "_ema100": 66.04863653,
    "_ema200": 62.32099892,
    "_psar": 65.02412223,
    "_wr": -17.61158022,
    "_mom": 4.06,
    "_mom1": 2.57,
    "stock_diff": 1.63,
    "rsi_diff": 2.25
}
