{
    "open": 89.51,
    "low": 88.65,
    "high": 90.515,
    "close": 89.94,
    "volume": 1265191,
    "change": 0.72796506,
    "_rsi": 60.32334176,
    "_rsi1": 57.85015825,
    "_stock_k": 66.32405572,
    "_stock_d": 69.161043,
    "_stock_k1": 65.97748398,
    "_stock_d1": 72.84451637,
    "_macd_blue": 1.30382128,
    "_macd_orange": 1.2481152,
    "_cci20": 56.91136345,
    "_cci201": 41.47768077,
    "_ema10": 89.31127937,
    "_ema20": 88.40236529,
    "_ema30": 87.58801291,
    "_ema50": 86.27204236,
    "_ema100": 83.74310475,
    "_ema200": 80.86507078,
    "_psar": 90.55844413,
    "_wr": -33.11462879,
    "_mom": 1.56,
    "_mom1": 0.54,
    "stock_diff": -2.84,
    "rsi_diff": 2.47
}
