{
    "open": 242.84,
    "low": 238.39,
    "high": 243.06,
    "close": 240.24,
    "volume": 289302,
    "change": -1.36311381,
    "_rsi": 55.78685832,
    "_rsi1": 59.88003621,
    "_stock_k": 89.09204113,
    "_stock_d": 93.09318847,
    "_stock_k1": 94.77946949,
    "_stock_d1": 94.1982274,
    "_macd_blue": -0.19138411,
    "_macd_orange": 1.35683468,
    "_cci20": 120.89076312,
    "_cci201": 179.72471418,
    "_ema10": 237.01607571,
    "_ema20": 235.33468313,
    "_ema30": 234.93207843,
    "_ema50": 234.76528895,
    "_ema100": 237.33695303,
    "_ema200": 244.27789105,
    "_psar": 224.22472009,
    "_wr": -18.47845682,
    "_mom": 9.99,
    "_mom1": 15.35,
    "stock_diff": -4.0,
    "rsi_diff": -4.09
}
