{
    "open": 139.5,
    "low": 137.64,
    "high": 139.96,
    "close": 138.32,
    "volume": 3380474,
    "change": -0.30272452,
    "_rsi": 30.01241365,
    "_rsi1": 30.34292098,
    "_stock_k": 2.15180829,
    "_stock_d": 5.77569835,
    "_stock_k1": 4.52560549,
    "_stock_d1": 12.00951876,
    "_macd_blue": -5.75896886,
    "_macd_orange": -6.30104257,
    "_cci20": -136.94635381,
    "_cci201": -140.29985102,
    "_ema10": 144.88328361,
    "_ema20": 149.68782126,
    "_ema30": 153.80654682,
    "_ema50": 160.30036921,
    "_ema100": 169.93986225,
    "_ema200": 177.46462189,
    "_psar": 148.45233764,
    "_wr": -96.35584137,
    "_mom": -8.14,
    "_mom1": -10.86,
    "stock_diff": -3.62,
    "rsi_diff": -0.33
}
