{
    "open": 30.25,
    "low": 30.16,
    "high": 30.62,
    "close": 30.54,
    "volume": 2892045,
    "change": 0.95867769,
    "_rsi": 65.33088918,
    "_rsi1": 62.00724036,
    "_stock_k": 76.45780254,
    "_stock_d": 76.47396665,
    "_stock_k1": 74.69073426,
    "_stock_d1": 78.39225698,
    "_macd_blue": 0.41537201,
    "_macd_orange": 0.43602978,
    "_cci20": 108.789525,
    "_cci201": 69.82653085,
    "_ema10": 30.12934539,
    "_ema20": 29.80273247,
    "_ema30": 29.51096788,
    "_ema50": 28.97430777,
    "_ema100": 27.92563602,
    "_ema200": 26.75007412,
    "_psar": 29.80965342,
    "_wr": -8.43373494,
    "_mom": 0.62,
    "_mom1": 0.6,
    "stock_diff": -0.02,
    "rsi_diff": 3.32
}
