{
    "open": 108.38,
    "low": 107.96,
    "high": 109.2,
    "close": 109,
    "change": -0.14657384,
    "_rsi": 45.41393609,
    "_rsi1": 45.96034835,
    "_stock_k": 55.98552729,
    "_stock_d": 55.32458117,
    "_stock_k1": 52.72680544,
    "_stock_d1": 59.38434896,
    "_macd_blue": -0.65811535,
    "_macd_orange": -0.60566268,
    "_cci20": -71.96094012,
    "_cci201": -41.30263304,
    "_ema10": 109.34441995,
    "_ema20": 109.87152326,
    "_ema30": 110.23407517,
    "_ema50": 110.46401388,
    "_ema100": 109.85821984,
    "_ema200": 107.30806713
}
