{
    "open": 140.63,
    "low": 140.39,
    "high": 141.68,
    "close": 141.28,
    "volume": 2855344,
    "change": 0.5623176,
    "_rsi": 52.18312645,
    "_rsi1": 49.40432439,
    "_stock_k": 64.49275362,
    "_stock_d": 72.25207896,
    "_stock_k1": 70.28985507,
    "_stock_d1": 81.86421586,
    "_macd_blue": -0.27499228,
    "_macd_orange": 0.08070446,
    "_cci20": 64.45180396,
    "_cci201": 46.4882153,
    "_ema10": 140.88352458,
    "_ema20": 140.64913607,
    "_ema30": 140.7042929,
    "_ema50": 140.33150971,
    "_ema100": 137.98426517,
    "_ema200": 132.60807789,
    "_psar": 139.31942147,
    "_wr": -29.71014493,
    "_mom": 3.13,
    "_mom1": 2.18,
    "stock_diff": -7.76,
    "rsi_diff": 2.78
}
