{
    "open": 36.57,
    "low": 36.345,
    "high": 37.04,
    "close": 36.68,
    "volume": 11401371,
    "change": 0.79692223,
    "_rsi": 58.77993264,
    "_rsi1": 57.11931084,
    "_stock_k": 57.61403509,
    "_stock_d": 59.79177285,
    "_stock_k1": 60.10279969,
    "_stock_d1": 60.72585305,
    "_macd_blue": 0.30371317,
    "_macd_orange": 0.48685737,
    "_cci20": 84.77296328,
    "_cci201": 85.82596174,
    "_ema10": 36.08424305,
    "_ema20": 35.62079166,
    "_ema30": 35.41525817,
    "_ema50": 35.28384853,
    "_ema100": 34.99925038,
    "_ema200": 34.05181354,
    "_psar": 37.76109583,
    "_wr": -41.05263158,
    "_mom": 1.79,
    "_mom1": 1.78,
    "stock_diff": -2.18,
    "rsi_diff": 1.66
}
