{
    "open": 212.28,
    "low": 209.27,
    "high": 213.81,
    "close": 209.9,
    "volume": 6281036,
    "change": -0.98589556,
    "_rsi": 37.77884897,
    "_rsi1": 39.8391116,
    "_stock_k": 32.73254609,
    "_stock_d": 38.13485159,
    "_stock_k1": 43.44783755,
    "_stock_d1": 36.87283752,
    "_macd_blue": -3.25666072,
    "_macd_orange": -3.69176559,
    "_cci20": -125.06968165,
    "_cci201": -95.49602943,
    "_ema10": 214.50678955,
    "_ema20": 217.38912375,
    "_ema30": 219.73242836,
    "_ema50": 223.21944495,
    "_ema100": 226.74981761,
    "_ema200": 224.18884037,
    "_psar": 223.09,
    "_wr": -81.97638285,
    "_mom": -11.27,
    "_mom1": -9.42,
    "stock_diff": -5.4,
    "rsi_diff": -2.06
}
