{
    "open": 27.34,
    "low": 26.64,
    "high": 27.34,
    "close": 26.75,
    "volume": 720969,
    "change": -2.3366192,
    "_rsi": 57.44805306,
    "_rsi1": 63.30090906,
    "_stock_k": 55.7992141,
    "_stock_d": 57.17117358,
    "_stock_k1": 61.59683314,
    "_stock_d1": 56.81379154,
    "_macd_blue": 1.20757871,
    "_macd_orange": 1.02248677,
    "_cci20": 28.29852679,
    "_cci201": 70.12171949,
    "_ema10": 26.98453144,
    "_ema20": 26.31166978,
    "_ema30": 25.59054559,
    "_ema50": 24.56836196,
    "_ema100": 23.26409483,
    "_ema200": 22.37644602,
    "_psar": 28.35322289,
    "_wr": -57.14285714,
    "_mom": -0.78,
    "_mom1": 0.27,
    "stock_diff": -1.37,
    "rsi_diff": -5.85
}
