{
    "open": 117.02,
    "low": 116.65,
    "high": 118.07,
    "close": 117.64,
    "volume": 299554,
    "change": 0.51264525,
    "_rsi": 45.65022692,
    "_rsi1": 43.62581878,
    "_stock_k": 42.16757741,
    "_stock_d": 41.89435337,
    "_stock_k1": 40.98360656,
    "_stock_d1": 40.51305404,
    "_macd_blue": -1.34564205,
    "_macd_orange": -1.08466746,
    "_cci20": -49.36537457,
    "_cci201": -36.18578818,
    "_ema10": 117.72532654,
    "_ema20": 118.33344894,
    "_ema30": 119.29103173,
    "_ema50": 121.06843654,
    "_ema100": 122.62289659,
    "_ema200": 120.15859581,
    "_psar": 121.16436623,
    "_wr": -59.56284153,
    "_mom": -1.93,
    "_mom1": -2.36,
    "stock_diff": 0.27,
    "rsi_diff": 2.02
}
