{
    "open": 88.15,
    "low": 87.09,
    "high": 89.14,
    "close": 89.01,
    "volume": 1344614,
    "change": 1.74897119,
    "_rsi": 52.18409804,
    "_rsi1": 49.10329357,
    "_stock_k": 84.09425626,
    "_stock_d": 88.05447855,
    "_stock_k1": 85.97705561,
    "_stock_d1": 91.8201805,
    "_macd_blue": -1.84260537,
    "_macd_orange": -0.72755424,
    "_cci20": 86.59769153,
    "_cci201": 96.21549517,
    "_ema10": 87.35534799,
    "_ema20": 87.32240986,
    "_ema30": 88.29211103,
    "_ema50": 89.96992841,
    "_ema100": 91.31166119,
    "_ema200": 89.62143722,
    "_psar": 84.09217551,
    "_wr": -15.39027982,
    "_mom": 6.09,
    "_mom1": 3.9,
    "stock_diff": -3.96,
    "rsi_diff": 3.08
}
