{
    "open": 101.14,
    "low": 100.85,
    "high": 101.15,
    "close": 100.86,
    "volume": 1133525,
    "change": -0.25712025,
    "_rsi": 47.62858912,
    "_rsi1": 49.71604513,
    "_stock_k": 55.38566735,
    "_stock_d": 47.78368413,
    "_stock_k1": 48.1312187,
    "_stock_d1": 42.90064536,
    "_macd_blue": 0.01319257,
    "_macd_orange": -0.10353647,
    "_cci20": -47.78691735,
    "_cci201": -42.96085409,
    "_ema10": 100.99646689,
    "_ema20": 101.18648324,
    "_ema30": 101.05955526,
    "_ema50": 100.24896738,
    "_ema100": 99.60613836,
    "_ema200": 103.42926654,
    "_psar": 99.78286787,
    "_wr": -44.26229508,
    "_mom": -0.59,
    "_mom1": -0.8,
    "stock_diff": 7.6,
    "rsi_diff": -2.09
}
