{
    "open": 48.71,
    "low": 47.98,
    "high": 48.97,
    "close": 48.64,
    "volume": 4625667,
    "change": 1.05963017,
    "_rsi": 45.83282336,
    "_rsi1": 43.85324236,
    "_stock_k": 64.590301,
    "_stock_d": 66.36026043,
    "_stock_k1": 65.81723943,
    "_stock_d1": 65.51065797,
    "_macd_blue": -0.88760184,
    "_macd_orange": -0.72028654,
    "_cci20": -25.85851178,
    "_cci201": -22.71082678,
    "_ema10": 48.93449208,
    "_ema20": 49.40482532,
    "_ema30": 49.88116122,
    "_ema50": 50.25746243,
    "_ema100": 49.79968228,
    "_ema200": 47.82270099,
    "_psar": 47.70557756,
    "_wr": -39.38356164,
    "_mom": 1.36,
    "_mom1": 0.28,
    "stock_diff": -1.77,
    "rsi_diff": 1.98
}
