{
    "open": 211.8,
    "low": 211.7162,
    "high": 214.84,
    "close": 214.37,
    "volume": 793700,
    "change": 1.48172695,
    "_rsi": 65.63644548,
    "_rsi1": 61.21087642,
    "_stock_k": 66.02924303,
    "_stock_d": 51.7665431,
    "_stock_k1": 48.06866953,
    "_stock_d1": 42.98704204,
    "_macd_blue": 1.81358391,
    "_macd_orange": 2.1679978,
    "_cci20": 191.631581,
    "_cci201": 110.51875534,
    "_ema10": 209.11767981,
    "_ema20": 207.43761525,
    "_ema30": 205.95648876,
    "_ema50": 202.92298738,
    "_ema100": 196.26091836,
    "_ema200": 186.61653013,
    "_psar": 202.68,
    "_wr": -3.77207063,
    "_mom": 9.68,
    "_mom1": 6.1,
    "stock_diff": 14.26,
    "rsi_diff": 4.43
}
