{
    "open": 217.5,
    "low": 212.32,
    "high": 219.49,
    "close": 216.37,
    "volume": 1942053,
    "change": -0.04157812,
    "_rsi": 67.70090452,
    "_rsi1": 67.86386277,
    "_stock_k": 92.97306416,
    "_stock_d": 91.93981146,
    "_stock_k1": 93.07784836,
    "_stock_d1": 90.1305382,
    "_macd_blue": 0.52982921,
    "_macd_orange": 3.70636963,
    "_cci20": 108.27592256,
    "_cci201": 113.20007585,
    "_ema10": 209.22181369,
    "_ema20": 204.81728486,
    "_ema30": 203.93995006,
    "_ema50": 204.08251691,
    "_ema100": 204.95847524,
    "_ema200": 204.40449486,
    "_psar": 197.01991604,
    "_wr": -8.03088803,
    "_mom": 23.76,
    "_mom1": 33.59,
    "stock_diff": 1.03,
    "rsi_diff": -0.16
}
