{
    "open": 101.66,
    "low": 101.13,
    "high": 102.2,
    "close": 101.71,
    "volume": 3894365,
    "change": 0.47416774,
    "_rsi": 62.88692372,
    "_rsi1": 61.82828934,
    "_stock_k": 81.66204986,
    "_stock_d": 72.22132014,
    "_stock_k1": 75.12465374,
    "_stock_d1": 59.94142157,
    "_macd_blue": 1.37979836,
    "_macd_orange": 1.55980293,
    "_cci20": 99.23391461,
    "_cci201": 104.59196658,
    "_ema10": 99.50098234,
    "_ema20": 98.3299439,
    "_ema30": 97.24731329,
    "_ema50": 95.34836245,
    "_ema100": 92.3182557,
    "_ema200": 88.49338495,
    "_psar": 94.2382,
    "_wr": -15.34626039,
    "_mom": 3.2,
    "_mom1": 2.71,
    "stock_diff": 9.44,
    "rsi_diff": 1.06
}
