{
    "open": 78.08,
    "low": 77.07,
    "high": 78.14,
    "close": 77.1,
    "volume": 1180765,
    "change": -1.21716848,
    "_rsi": 68.81634438,
    "_rsi1": 74.51081542,
    "_stock_k": 94.65544895,
    "_stock_d": 93.22300723,
    "_stock_k1": 95.32451179,
    "_stock_d1": 90.02484491,
    "_macd_blue": 1.03455323,
    "_macd_orange": 1.73697925,
    "_cci20": 132.45877914,
    "_cci201": 147.9928952,
    "_ema10": 75.0040769,
    "_ema20": 73.33183478,
    "_ema30": 72.58629965,
    "_ema50": 71.92180868,
    "_ema100": 71.63350466,
    "_ema200": 73.47691323,
    "_psar": 74.4311255,
    "_wr": -11.91709845,
    "_mom": 5.09,
    "_mom1": 6.9,
    "stock_diff": 1.43,
    "rsi_diff": -5.69
}
