{
    "open": 2620,
    "low": 2620,
    "high": 2662.85,
    "close": 2661.87,
    "volume": 541012,
    "change": 2.64768376,
    "_rsi": 50.26999241,
    "_rsi1": 45.02471326,
    "_stock_k": 41.38548024,
    "_stock_d": 40.00637635,
    "_stock_k1": 35.10248931,
    "_stock_d1": 47.25871571,
    "_macd_blue": -33.23101666,
    "_macd_orange": -30.95562195,
    "_cci20": 15.4979462,
    "_cci201": -90.01924686,
    "_ema10": 2621.22412196,
    "_ema20": 2642.74967982,
    "_ema30": 2664.73060998,
    "_ema50": 2702.29310125,
    "_ema100": 2739.0611189,
    "_ema200": 2657.62370981,
    "_psar": 2528.26,
    "_wr": -33.3574126,
    "_mom": -33.16,
    "_mom1": -90.15,
    "stock_diff": 1.38,
    "rsi_diff": 5.25
}
