{
    "open": 175,
    "low": 174.195,
    "high": 176.47,
    "close": 175.84,
    "volume": 621215,
    "change": 0.75058729,
    "_rsi": 49.56846984,
    "_rsi1": 47.80558301,
    "_stock_k": 76.33573141,
    "_stock_d": 83.78723248,
    "_stock_k1": 82.52138898,
    "_stock_d1": 90.22971394,
    "_macd_blue": -2.39403886,
    "_macd_orange": -1.08230499,
    "_cci20": 60.57468519,
    "_cci201": 73.20251727,
    "_ema10": 175.11866825,
    "_ema20": 175.16036272,
    "_ema30": 176.65105947,
    "_ema50": 179.81016789,
    "_ema100": 183.49010472,
    "_ema200": 180.89969535,
    "_psar": 168.96692667,
    "_wr": -25.58273381,
    "_mom": 5.72,
    "_mom1": 3.53,
    "stock_diff": -7.45,
    "rsi_diff": 1.76
}
