{
    "open": 74.65,
    "low": 74.34,
    "high": 75.43,
    "close": 75.42,
    "volume": 2487170,
    "change": 1.60312542,
    "_rsi": 49.62750562,
    "_rsi1": 45.74526559,
    "_stock_k": 67.49448124,
    "_stock_d": 74.43163773,
    "_stock_k1": 70.97130243,
    "_stock_d1": 80.61619838,
    "_macd_blue": -0.70677467,
    "_macd_orange": -0.41253192,
    "_cci20": 10.0902961,
    "_cci201": -9.38266457,
    "_ema10": 75.09464084,
    "_ema20": 75.21710579,
    "_ema30": 75.69491845,
    "_ema50": 76.71216523,
    "_ema100": 77.55219718,
    "_ema200": 75.69099588,
    "_psar": 71.84165509,
    "_wr": -27.48344371,
    "_mom": 1.15,
    "_mom1": -0.68,
    "stock_diff": -6.94,
    "rsi_diff": 3.88
}
