{
    "open": 55.82,
    "low": 55.63,
    "high": 56.25,
    "close": 56.05,
    "volume": 6459634,
    "change": 0.35810206,
    "_rsi": 50.10062833,
    "_rsi1": 49.25853857,
    "_stock_k": 72.40948814,
    "_stock_d": 78.82384399,
    "_stock_k1": 77.49208256,
    "_stock_d1": 84.43246054,
    "_macd_blue": -0.57267339,
    "_macd_orange": -0.23987314,
    "_cci20": 42.22543154,
    "_cci201": 58.91496039,
    "_ema10": 55.8121859,
    "_ema20": 55.82106844,
    "_ema30": 56.12283183,
    "_ema50": 56.67437971,
    "_ema100": 57.33039391,
    "_ema200": 56.79392468,
    "_psar": 54.51262741,
    "_wr": -32.39700375,
    "_mom": 3.06,
    "_mom1": 1.34,
    "stock_diff": -6.41,
    "rsi_diff": 0.84
}
