{
    "open": 316.79,
    "low": 292.2772,
    "high": 317.53,
    "close": 299.99,
    "volume": 1788723,
    "change": -6.59754655,
    "_rsi": 44.90268842,
    "_rsi1": 51.9809644,
    "_stock_k": 58.83649731,
    "_stock_d": 59.03498147,
    "_stock_k1": 61.82882275,
    "_stock_d1": 58.88941924,
    "_macd_blue": -5.84661107,
    "_macd_orange": -4.79529746,
    "_cci20": -44.86300614,
    "_cci201": 38.34393446,
    "_ema10": 309.19719184,
    "_ema20": 312.40606259,
    "_ema30": 315.54131585,
    "_ema50": 318.39500745,
    "_ema100": 313.80459384,
    "_ema200": 290.56289602,
    "_psar": 278.59540152,
    "_wr": -51.48814828,
    "_mom": -6.5,
    "_mom1": 35.49,
    "stock_diff": -0.2,
    "rsi_diff": -7.08
}
