{
    "open": 214.5,
    "low": 212.07,
    "high": 215.54,
    "close": 215.35,
    "volume": 1754497,
    "change": 0.32143855,
    "_rsi": 53.41626955,
    "_rsi1": 52.57102804,
    "_stock_k": 67.94231836,
    "_stock_d": 72.58273248,
    "_stock_k1": 72.19911259,
    "_stock_d1": 78.20761693,
    "_macd_blue": 0.82627273,
    "_macd_orange": 1.50806696,
    "_cci20": 40.63148855,
    "_cci201": 47.13109051,
    "_ema10": 214.87123193,
    "_ema20": 213.37467151,
    "_ema30": 212.73977235,
    "_ema50": 211.82994283,
    "_ema100": 209.11446246,
    "_ema200": 202.24439269,
    "_psar": 201.27434916,
    "_wr": -30.03327787,
    "_mom": 11.45,
    "_mom1": 7.48,
    "stock_diff": -4.64,
    "rsi_diff": 0.85
}
