{
    "open": 188.71,
    "low": 187.185,
    "high": 195.6276,
    "close": 195.02,
    "volume": 2533596,
    "change": 4.32224243,
    "_rsi": 55.73409463,
    "_rsi1": 49.7717844,
    "_stock_k": 88.65072202,
    "_stock_d": 87.70498308,
    "_stock_k1": 85.01052948,
    "_stock_d1": 87.63489914,
    "_macd_blue": -0.41527498,
    "_macd_orange": 0.83634042,
    "_cci20": 63.01118285,
    "_cci201": 29.02189408,
    "_ema10": 189.09638458,
    "_ema20": 188.02870205,
    "_ema30": 187.61794306,
    "_ema50": 185.92891596,
    "_ema100": 180.68627824,
    "_ema200": 171.69719246,
    "_psar": 162.15228792,
    "_wr": -2.77527076,
    "_mom": 16.11,
    "_mom1": 12.26,
    "stock_diff": 0.95,
    "rsi_diff": 5.96
}
