{
    "open": 71.69,
    "low": 69.71,
    "high": 71.9,
    "close": 69.78,
    "volume": 13095651,
    "change": -3.55217692,
    "_rsi": 44.33300901,
    "_rsi1": 52.14014108,
    "_stock_k": 62.42282527,
    "_stock_d": 66.82419846,
    "_stock_k1": 70.69374039,
    "_stock_d1": 70.50096915,
    "_macd_blue": -0.55211484,
    "_macd_orange": -0.41481776,
    "_cci20": -31.35390864,
    "_cci201": 65.83211402,
    "_ema10": 71.11944256,
    "_ema20": 71.36413735,
    "_ema30": 71.66902243,
    "_ema50": 71.97175375,
    "_ema100": 71.5825931,
    "_ema200": 69.22250031,
    "_psar": 68.87296506,
    "_wr": -53.12,
    "_mom": -0.17,
    "_mom1": 4.8,
    "stock_diff": -4.4,
    "rsi_diff": -7.81
}
