{
    "open": 56.53,
    "low": 56.44,
    "high": 57.225,
    "close": 56.74,
    "volume": 21200478,
    "change": 0.56717476,
    "_rsi": 41.78053483,
    "_rsi1": 39.97772577,
    "_stock_k": 60.4826546,
    "_stock_d": 60.95102958,
    "_stock_k1": 62.24496358,
    "_stock_d1": 60.98321467,
    "_macd_blue": -1.83357863,
    "_macd_orange": -1.45438753,
    "_cci20": 13.21169803,
    "_cci201": -21.12885541,
    "_ema10": 56.69816382,
    "_ema20": 57.59610576,
    "_ema30": 58.67045993,
    "_ema50": 60.27195868,
    "_ema100": 62.72495104,
    "_ema200": 64.62599426,
    "_psar": 55.20943283,
    "_wr": -34.16289593,
    "_mom": 2.58,
    "_mom1": 1.54,
    "stock_diff": -0.47,
    "rsi_diff": 1.8
}
