{
    "open": 81.63,
    "low": 80.79,
    "high": 82.2,
    "close": 81.84,
    "volume": 23119398,
    "change": -0.4379562,
    "_rsi": 54.33333656,
    "_rsi1": 55.1823837,
    "_stock_k": 30.50366,
    "_stock_d": 22.59328538,
    "_stock_k1": 24.34375178,
    "_stock_d1": 17.00187997,
    "_macd_blue": 1.30326351,
    "_macd_orange": 0.83734087,
    "_cci20": 18.05618059,
    "_cci201": 19.37557808,
    "_ema10": 80.88242749,
    "_ema20": 80.56931906,
    "_ema30": 79.64079124,
    "_ema50": 77.29413748,
    "_ema100": 72.43815051,
    "_ema200": 66.6352494,
    "_psar": 87.52269083,
    "_wr": -63.35627663,
    "_mom": -5.94,
    "_mom1": -4.92,
    "stock_diff": 7.91,
    "rsi_diff": -0.85
}
