{
    "open": 222.09,
    "low": 221.14,
    "high": 223.8,
    "close": 223.36,
    "volume": 1581127,
    "change": 0.51752846,
    "_rsi": 70.51185267,
    "_rsi1": 69.38209373,
    "_stock_k": 85.63154473,
    "_stock_d": 87.14226354,
    "_stock_k1": 86.80820328,
    "_stock_d1": 89.50166919,
    "_macd_blue": 4.7625936,
    "_macd_orange": 6.20828093,
    "_cci20": 77.23896209,
    "_cci201": 81.49668059,
    "_ema10": 219.27096396,
    "_ema20": 213.70006585,
    "_ema30": 210.83361932,
    "_ema50": 208.55515496,
    "_ema100": 207.23382766,
    "_ema200": 205.61871357,
    "_psar": 217.77199559,
    "_wr": -15.34303534,
    "_mom": 8.53,
    "_mom1": 10.42,
    "stock_diff": -1.51,
    "rsi_diff": 1.13
}
