{
    "open": 152.48,
    "low": 151.29,
    "high": 152.87,
    "close": 152.61,
    "volume": 696764,
    "change": 0.71273015,
    "_rsi": 67.26015296,
    "_rsi1": 65.30746986,
    "_stock_k": 70.95507433,
    "_stock_d": 75.06332125,
    "_stock_k1": 72.93577111,
    "_stock_d1": 81.06458976,
    "_macd_blue": 3.13713762,
    "_macd_orange": 3.38545979,
    "_cci20": 93.31320312,
    "_cci201": 93.302884,
    "_ema10": 150.61500479,
    "_ema20": 148.01956174,
    "_ema30": 145.83732167,
    "_ema50": 142.22488787,
    "_ema100": 136.02833514,
    "_ema200": 128.63970891,
    "_psar": 150.43765723,
    "_wr": -24.94061758,
    "_mom": 6.44,
    "_mom1": 5.7,
    "stock_diff": -4.11,
    "rsi_diff": 1.95
}
