{
    "open": 16.88,
    "low": 16.51,
    "high": 17.13,
    "close": 16.72,
    "volume": 59289,
    "change": -0.59453032,
    "_rsi": 53.71844738,
    "_rsi1": 54.33431577,
    "_stock_k": 78.03030303,
    "_stock_d": 64.14141414,
    "_stock_k1": 69.88636364,
    "_stock_d1": 48.98989899,
    "_macd_blue": -0.46705071,
    "_macd_orange": -0.21855146,
    "_cci20": 116.51262771,
    "_cci201": 101.44157546,
    "_ema10": 15.89861101,
    "_ema20": 15.93248745,
    "_ema30": 16.1993243,
    "_ema50": 16.78393093,
    "_ema100": 17.61285987,
    "_ema200": 17.70630288,
    "_psar": 14.178304,
    "_wr": -16.19318182,
    "_mom": 2.7,
    "_mom1": 2.02,
    "stock_diff": 13.89,
    "rsi_diff": -0.62
}
