{
    "open": 15.31,
    "low": 15.29,
    "high": 15.62,
    "close": 15.53,
    "volume": 1982760,
    "change": 1.63612565,
    "_rsi": 55.28522914,
    "_rsi1": 52.85587448,
    "_stock_k": 86.64596273,
    "_stock_d": 86.67720883,
    "_stock_k1": 84.76467615,
    "_stock_d1": 87.87981295,
    "_macd_blue": -0.22107242,
    "_macd_orange": 0.00018067,
    "_cci20": 68.98670969,
    "_cci201": 60.19248418,
    "_ema10": 15.09907553,
    "_ema20": 14.97298956,
    "_ema30": 15.10929616,
    "_ema50": 15.59516399,
    "_ema100": 16.62273319,
    "_ema200": 17.26096287,
    "_psar": 13.53968923,
    "_wr": -9.31677019,
    "_mom": 1.7,
    "_mom1": 1.52,
    "stock_diff": -0.03,
    "rsi_diff": 2.43
}
