{
    "open": 212.08,
    "low": 209.11,
    "high": 225.43,
    "close": 222.85,
    "volume": 10058156,
    "change": 6.70337563,
    "_rsi": 47.28561274,
    "_rsi1": 42.63172015,
    "_stock_k": 41.46418632,
    "_stock_d": 26.51927071,
    "_stock_k1": 25.42669766,
    "_stock_d1": 13.63312227,
    "_macd_blue": -23.39147998,
    "_macd_orange": -22.13227165,
    "_cci20": -12.82996828,
    "_cci201": -46.68449074,
    "_ema10": 205.07959685,
    "_ema20": 221.28648427,
    "_ema30": 235.49413513,
    "_ema50": 256.30237601,
    "_ema100": 280.5224763,
    "_ema200": 288.79459461,
    "_psar": 165.2194,
    "_wr": -46.07238236,
    "_mom": 13.2,
    "_mom1": -15.17,
    "stock_diff": 14.94,
    "rsi_diff": 4.65
}
