{
    "open": 152.2,
    "low": 150.69,
    "high": 153.01,
    "close": 150.82,
    "volume": 5531995,
    "change": -0.69791941,
    "_rsi": 46.76530975,
    "_rsi1": 48.90869251,
    "_stock_k": 64.05759778,
    "_stock_d": 60.31826293,
    "_stock_k1": 61.47051182,
    "_stock_d1": 55.48160048,
    "_macd_blue": -2.28235082,
    "_macd_orange": -1.74995114,
    "_cci20": 12.9244345,
    "_cci201": 16.89271397,
    "_ema10": 150.28748172,
    "_ema20": 151.37061213,
    "_ema30": 152.6053234,
    "_ema50": 153.82804161,
    "_ema100": 152.93432152,
    "_ema200": 148.69545246,
    "_psar": 145.02408216,
    "_wr": -36.74380836,
    "_mom": 2.05,
    "_mom1": 5.09,
    "stock_diff": 3.74,
    "rsi_diff": -2.14
}
