{
    "open": 36.39,
    "low": 35.96,
    "high": 37.27,
    "close": 37.26,
    "volume": 11286891,
    "change": 2.8713418,
    "_rsi": 51.20824938,
    "_rsi1": 47.76116564,
    "_stock_k": 83.81062206,
    "_stock_d": 79.16766963,
    "_stock_k1": 76.60524342,
    "_stock_d1": 75.740158,
    "_macd_blue": -1.18450208,
    "_macd_orange": -0.68479161,
    "_cci20": 32.39723482,
    "_cci201": 14.40079333,
    "_ema10": 36.19684284,
    "_ema20": 36.49012113,
    "_ema30": 37.07014789,
    "_ema50": 37.86688412,
    "_ema100": 38.90885289,
    "_ema200": 39.89624583,
    "_psar": 32.65432976,
    "_wr": -8.13455657,
    "_mom": 4.71,
    "_mom1": 3.46,
    "stock_diff": 4.64,
    "rsi_diff": 3.45
}
