{
    "open": 60.77,
    "low": 60.61,
    "high": 61.84,
    "close": 61.83,
    "volume": 710607,
    "change": 2.09709379,
    "_rsi": 62.66562126,
    "_rsi1": 56.10334907,
    "_stock_k": 73.20536951,
    "_stock_d": 66.37215295,
    "_stock_k1": 58.52344925,
    "_stock_d1": 66.12194283,
    "_macd_blue": 0.57337375,
    "_macd_orange": 0.65207761,
    "_cci20": 114.53946603,
    "_cci201": 54.39443357,
    "_ema10": 60.63264092,
    "_ema20": 60.08940311,
    "_ema30": 59.74814033,
    "_ema50": 59.38945925,
    "_ema100": 58.89155955,
    "_ema200": 57.97222799,
    "_psar": 59.59,
    "_wr": -0.36764706,
    "_mom": 1.6,
    "_mom1": 0.42,
    "stock_diff": 6.83,
    "rsi_diff": 6.56
}
