{
    "open": 76.57,
    "low": 75.3,
    "high": 76.71,
    "close": 75.94,
    "volume": 2125353,
    "change": -1.4150331,
    "_rsi": 51.11919975,
    "_rsi1": 54.57755807,
    "_stock_k": 85.40060798,
    "_stock_d": 85.09870003,
    "_stock_k1": 86.85072532,
    "_stock_d1": 81.4492646,
    "_macd_blue": -1.02651333,
    "_macd_orange": -0.41002574,
    "_cci20": 48.12791743,
    "_cci201": 84.87920085,
    "_ema10": 75.22675256,
    "_ema20": 75.24661776,
    "_ema30": 75.72895963,
    "_ema50": 76.42702302,
    "_ema100": 76.72934668,
    "_ema200": 75.86215411,
    "_psar": 70.13152852,
    "_wr": -18.62269641,
    "_mom": 3.45,
    "_mom1": 8.22,
    "stock_diff": 0.3,
    "rsi_diff": -3.46
}
