{
    "open": 160.55,
    "low": 160.23,
    "high": 161.98,
    "close": 161.33,
    "volume": 5129659,
    "change": 0.65510357,
    "_rsi": 76.28346746,
    "_rsi1": 74.85017964,
    "_stock_k": 90.3807707,
    "_stock_d": 89.86314749,
    "_stock_k1": 89.62029157,
    "_stock_d1": 91.46673096,
    "_macd_blue": 4.05092316,
    "_macd_orange": 4.47967113,
    "_cci20": 112.29268119,
    "_cci201": 110.43170644,
    "_ema10": 157.85715604,
    "_ema20": 154.38067419,
    "_ema30": 151.52373156,
    "_ema50": 146.71329078,
    "_ema100": 137.96068555,
    "_ema200": 127.98115759,
    "_psar": 156.95981839,
    "_wr": -4.16133163,
    "_mom": 12.27,
    "_mom1": 11.11,
    "stock_diff": 0.52,
    "rsi_diff": 1.43
}
