{
    "open": 113.76,
    "low": 113.54,
    "high": 114.55,
    "close": 113.82,
    "volume": 801090,
    "change": 0.37037037,
    "_rsi": 61.33578372,
    "_rsi1": 60.1779695,
    "_stock_k": 95.93151947,
    "_stock_d": 96.39876117,
    "_stock_k1": 98.13667646,
    "_stock_d1": 94.23042778,
    "_macd_blue": -0.43372061,
    "_macd_orange": 0.33264329,
    "_cci20": 176.13603158,
    "_cci201": 168.7936797,
    "_ema10": 111.3622309,
    "_ema20": 110.78787413,
    "_ema30": 110.77266737,
    "_ema50": 110.43668981,
    "_ema100": 108.6995967,
    "_ema200": 104.64287118,
    "_psar": 107.4041939,
    "_wr": -7.10808179,
    "_mom": 8.8,
    "_mom1": 7,
    "stock_diff": -0.47,
    "rsi_diff": 1.16
}
