{
    "open": 214.27,
    "low": 208.48,
    "high": 215.86,
    "close": 211.03,
    "volume": 3572866,
    "change": -1.37863352,
    "_rsi": 51.40744997,
    "_rsi1": 53.67433955,
    "_stock_k": 69.95405819,
    "_stock_d": 75.37591954,
    "_stock_k1": 77.28432874,
    "_stock_d1": 81.72400795,
    "_macd_blue": -1.54694917,
    "_macd_orange": 0.53359905,
    "_cci20": 62.41430956,
    "_cci201": 77.85168351,
    "_ema10": 210.24244186,
    "_ema20": 208.52525591,
    "_ema30": 209.79976259,
    "_ema50": 215.94333716,
    "_ema100": 229.95384225,
    "_ema200": 238.41350768,
    "_psar": 194.02774948,
    "_wr": -33.13935681,
    "_mom": 13.13,
    "_mom1": 13.83,
    "stock_diff": -5.42,
    "rsi_diff": -2.27
}
