{
    "open": 155.25,
    "low": 154.15,
    "high": 156.68,
    "close": 154.3,
    "volume": 6180313,
    "change": -1.5378725,
    "_rsi": 52.73258285,
    "_rsi1": 56.3333673,
    "_stock_k": 89.41083143,
    "_stock_d": 90.77040339,
    "_stock_k1": 94.75781533,
    "_stock_d1": 87.60604354,
    "_macd_blue": -1.91090302,
    "_macd_orange": -0.49025164,
    "_cci20": 96.55277127,
    "_cci201": 132.5511432,
    "_ema10": 152.09712895,
    "_ema20": 151.7308391,
    "_ema30": 152.73876233,
    "_ema50": 155.0399163,
    "_ema100": 157.33265211,
    "_ema200": 154.23778946,
    "_psar": 142.18788992,
    "_wr": -19.46795647,
    "_mom": 5.05,
    "_mom1": 13.14,
    "stock_diff": -1.36,
    "rsi_diff": -3.6
}
