{
    "open": 225.8,
    "low": 219.95,
    "high": 226.98,
    "close": 224.76,
    "volume": 704622,
    "change": 0.06232749,
    "_rsi": 48.35091413,
    "_rsi1": 48.22298375,
    "_stock_k": 64.22949395,
    "_stock_d": 64.67743633,
    "_stock_k1": 65.41251112,
    "_stock_d1": 66.94587908,
    "_macd_blue": -4.41153644,
    "_macd_orange": -2.79980993,
    "_cci20": 14.44788442,
    "_cci201": -3.66859063,
    "_ema10": 223.4412989,
    "_ema20": 224.57233636,
    "_ema30": 227.40922157,
    "_ema50": 233.21125589,
    "_ema100": 240.91621743,
    "_ema200": 239.17101403,
    "_psar": 213.46216082,
    "_wr": -28.53982301,
    "_mom": 11.15,
    "_mom1": 7.68,
    "stock_diff": -0.45,
    "rsi_diff": 0.13
}
