{
    "open": 183.05,
    "low": 180.55,
    "high": 184.1,
    "close": 181.38,
    "volume": 801448,
    "change": -0.77137699,
    "_rsi": 36.72899656,
    "_rsi1": 37.78884329,
    "_stock_k": 4.20867503,
    "_stock_d": 8.2672743,
    "_stock_k1": 9.4996935,
    "_stock_d1": 15.11960974,
    "_macd_blue": -4.42374096,
    "_macd_orange": -5.11050581,
    "_cci20": -125.49280121,
    "_cci201": -131.41020229,
    "_ema10": 187.42459432,
    "_ema20": 191.43286696,
    "_ema30": 194.70680769,
    "_ema50": 199.9530248,
    "_ema100": 207.13318759,
    "_ema200": 210.12318758,
    "_psar": 191.719728,
    "_wr": -95.72164948,
    "_mom": -4.02,
    "_mom1": -5.32,
    "stock_diff": -4.06,
    "rsi_diff": -1.06
}
