{
    "open": 574.14,
    "low": 567.06,
    "high": 575.435,
    "close": 573.69,
    "volume": 970970,
    "change": 0.41658644,
    "_rsi": 55.0173594,
    "_rsi1": 54.07167499,
    "_stock_k": 76.96805841,
    "_stock_d": 86.04432568,
    "_stock_k1": 85.72374908,
    "_stock_d1": 93.20091385,
    "_macd_blue": -1.3166147,
    "_macd_orange": 4.16866637,
    "_cci20": 74.44481569,
    "_cci201": 95.59495501,
    "_ema10": 569.06844567,
    "_ema20": 562.70945323,
    "_ema30": 563.61575751,
    "_ema50": 570.88749943,
    "_ema100": 579.57376739,
    "_ema200": 565.43640833,
    "_psar": 540.58101378,
    "_wr": -28.06390279,
    "_mom": 35.44,
    "_mom1": 29.61,
    "stock_diff": -9.08,
    "rsi_diff": 0.95
}
