{
    "open": 16.47,
    "low": 16.11,
    "high": 16.61,
    "close": 16.595,
    "volume": 34185168,
    "change": 3.33125778,
    "_rsi": 43.55753848,
    "_rsi1": 38.5275188,
    "_stock_k": 22.68856448,
    "_stock_d": 16.48587217,
    "_stock_k1": 13.23737773,
    "_stock_d1": 14.96091553,
    "_macd_blue": -0.84496715,
    "_macd_orange": -0.78822841,
    "_cci20": -53.16883608,
    "_cci201": -111.63356141,
    "_ema10": 16.43748249,
    "_ema20": 16.9833435,
    "_ema30": 17.53062725,
    "_ema50": 18.21232147,
    "_ema100": 18.26838679,
    "_ema200": 16.8722929,
    "_psar": 17.40697761,
    "_wr": -60.40145985,
    "_mom": -1.505,
    "_mom1": -0.64,
    "stock_diff": 6.2,
    "rsi_diff": 5.03
}
