{
    "open": 41.01,
    "low": 40.92,
    "high": 41.45,
    "close": 41.27,
    "volume": 816339,
    "change": 1.27607362,
    "_rsi": 53.82185625,
    "_rsi1": 48.60843009,
    "_stock_k": 68.65105183,
    "_stock_d": 56.71763175,
    "_stock_k1": 53.65701583,
    "_stock_d1": 47.98563711,
    "_macd_blue": -0.1883622,
    "_macd_orange": -0.15849878,
    "_cci20": 46.99189795,
    "_cci201": -29.55639579,
    "_ema10": 40.72662118,
    "_ema20": 40.85846552,
    "_ema30": 40.90718828,
    "_ema50": 40.7252092,
    "_ema100": 39.86701282,
    "_ema200": 38.03857224,
    "_psar": 39.58022976,
    "_wr": -13.20754717,
    "_mom": 0.27,
    "_mom1": 0.46,
    "stock_diff": 11.93,
    "rsi_diff": 5.21
}
