{
    "open": 169.13,
    "low": 169.02,
    "high": 171.46,
    "close": 171.3,
    "change": 0.96663916,
    "_rsi": 57.67332075,
    "_rsi1": 54.61065763,
    "_stock_k": 82.68199234,
    "_stock_d": 81.01532567,
    "_stock_k1": 77.7394636,
    "_stock_d1": 83.09858901,
    "_macd_blue": -0.18461202,
    "_macd_orange": 0.59036048,
    "_cci20": 107.3807267,
    "_cci201": 77.10357651,
    "_ema10": 168.72728056,
    "_ema20": 167.92723566,
    "_ema30": 167.82043122,
    "_ema50": 167.68074201,
    "_ema100": 167.21591705,
    "_ema200": 165.8344164,
    "_psar": 161.7832789,
    "_wrr": -10.45977011,
    "stock_diff": 1.67,
    "rsi_diff": 3.06
}
