{
    "open": 169.13,
    "low": 169.02,
    "high": 171.46,
    "close": 170.91,
    "change": 0.73676765,
    "_rsi": 56.98307223,
    "_rsi1": 54.61065763,
    "_stock_k": 81.9348659,
    "_stock_d": 80.76628352,
    "_stock_k1": 77.7394636,
    "_stock_d1": 83.09858901,
    "_macd_blue": -0.19083424,
    "_macd_orange": 0.55924937,
    "_cci20": 104.59671522,
    "_cci201": 77.10357651,
    "_ema10": 168.65637147,
    "_ema20": 167.8900928,
    "_ema30": 167.79526993,
    "_ema50": 167.66544789,
    "_ema100": 167.20819428,
    "_ema200": 165.8305358,
    "_psar": 161.7832789,
    "_wrr": -12.70114943,
    "stock_diff": 1.17,
    "rsi_diff": 2.37
}
