{
    "open": 169.13,
    "low": 169.02,
    "high": 171.46,
    "close": 169.35,
    "volume": 5188085,
    "change": -0.18271838,
    "_rsi": 53.87380518,
    "_rsi1": 54.61065763,
    "_stock_k": 78.94636015,
    "_stock_d": 79.77011494,
    "_stock_k1": 77.7394636,
    "_stock_d1": 83.09858901,
    "_macd_blue": -0.21572313,
    "_macd_orange": 0.43480493,
    "_cci20": 93.32565693,
    "_cci201": 77.10357651,
    "_ema10": 168.3727351,
    "_ema20": 167.74152138,
    "_ema30": 167.69462477,
    "_ema50": 167.60427142,
    "_ema100": 167.17730319,
    "_ema200": 165.81501341,
    "_psar": 161.7832789,
    "_wr": -21.66666667,
    "stock_diff": -0.82,
    "rsi_diff": -0.74
}
