{
    "open": 88.89,
    "low": 88.21,
    "high": 89.54,
    "close": 88.97,
    "volume": 764319,
    "change": 0.02248454,
    "_rsi": 48.57170865,
    "_rsi1": 48.50632413,
    "_stock_k": 66.77671594,
    "_stock_d": 63.96908057,
    "_stock_k1": 64.56697051,
    "_stock_d1": 61.85406015,
    "_macd_blue": -0.95970176,
    "_macd_orange": -0.66705083,
    "_cci20": 21.64524761,
    "_cci201": 10.40025931,
    "_ema10": 88.65500391,
    "_ema20": 89.02233792,
    "_ema30": 89.5186989,
    "_ema50": 89.92716311,
    "_ema100": 89.52040625,
    "_ema200": 88.66816973,
    "_psar": 84.92256134,
    "_wr": -29.75308642,
    "_mom": 3.41,
    "_mom1": 2.8,
    "stock_diff": 2.81,
    "rsi_diff": 0.07
}
