{
    "open": 68.74,
    "low": 67.54,
    "high": 69.04,
    "close": 67.7,
    "volume": 1498594,
    "change": -2.63195743,
    "_rsi": 50.29630659,
    "_rsi1": 55.35961418,
    "_stock_k": 80.24874347,
    "_stock_d": 77.70634163,
    "_stock_k1": 80.18975126,
    "_stock_d1": 74.98911641,
    "_macd_blue": -0.5912504,
    "_macd_orange": -0.19526392,
    "_cci20": 53.02622713,
    "_cci201": 90.48231756,
    "_ema10": 67.45348549,
    "_ema20": 67.45776045,
    "_ema30": 67.62263574,
    "_ema50": 67.48709978,
    "_ema100": 65.99749787,
    "_ema200": 62.25809439,
    "_psar": 64.46680248,
    "_wr": -28.22677925,
    "_mom": 2.57,
    "_mom1": 7.08,
    "stock_diff": 2.54,
    "rsi_diff": -5.06
}
