{
    "open": 67.98,
    "low": 67.81,
    "high": 69.26,
    "close": 69.23,
    "volume": 489252,
    "change": 2.4112426,
    "_rsi": 56.08161849,
    "_rsi1": 49.58742551,
    "_stock_k": 65.07304117,
    "_stock_d": 62.32846392,
    "_stock_k1": 61.42098274,
    "_stock_d1": 60.84034108,
    "_macd_blue": -0.42901757,
    "_macd_orange": -0.0644204,
    "_cci20": 142.76088358,
    "_cci201": 52.33797167,
    "_ema10": 67.79574494,
    "_ema20": 67.62486095,
    "_ema30": 67.91004688,
    "_ema50": 68.69006946,
    "_ema100": 69.41405597,
    "_ema200": 67.64964381,
    "_psar": 65.83391561,
    "_wr": -14.94023904,
    "_mom": 2.39,
    "_mom1": -0.23,
    "stock_diff": 2.74,
    "rsi_diff": 6.49
}
