{
    "open": 130.22,
    "low": 130.22,
    "high": 131.94,
    "close": 131.39,
    "volume": 502985,
    "change": 0.92948226,
    "_rsi": 48.11666494,
    "_rsi1": 44.72207202,
    "_stock_k": 34.31465654,
    "_stock_d": 33.79479589,
    "_stock_k1": 34.36255282,
    "_stock_d1": 33.90686251,
    "_macd_blue": -1.85121208,
    "_macd_orange": -1.53656424,
    "_cci20": 9.38045058,
    "_cci201": 0.66097828,
    "_ema10": 130.30066061,
    "_ema20": 131.31408596,
    "_ema30": 132.35724489,
    "_ema50": 133.36110966,
    "_ema100": 132.92692542,
    "_ema200": 130.57836661,
    "_psar": 127.426988,
    "_wr": -58.4045584,
    "_mom": 2.74,
    "_mom1": 0.84,
    "stock_diff": 0.52,
    "rsi_diff": 3.39
}
