{
    "open": 448,
    "low": 442.52,
    "high": 452,
    "close": 446.92,
    "volume": 587142,
    "change": 0.13892001,
    "_rsi": 58.07093701,
    "_rsi1": 57.8420849,
    "_stock_k": 40.72403245,
    "_stock_d": 32.74206912,
    "_stock_k1": 32.2467484,
    "_stock_d1": 26.60566005,
    "_macd_blue": 11.47991878,
    "_macd_orange": 9.53119818,
    "_cci20": 29.16011945,
    "_cci201": 24.23361057,
    "_ema10": 440.87331963,
    "_ema20": 434.87328118,
    "_ema30": 427.73514319,
    "_ema50": 416.39127842,
    "_ema100": 399.69707261,
    "_ema200": 381.66169573,
    "_psar": 458.35394392,
    "_wr": -58.85590181,
    "_mom": -3,
    "_mom1": -2.91,
    "stock_diff": 7.98,
    "rsi_diff": 0.23
}
