{
    "open": 35.79,
    "low": 35.79,
    "high": 36.5,
    "close": 36.12,
    "volume": 33907,
    "change": 2.12044105,
    "_rsi": 52.7892472,
    "_rsi1": 48.47023976,
    "_stock_k": 82.55592985,
    "_stock_d": 75.91827621,
    "_stock_k1": 74.37792103,
    "_stock_d1": 67.57856108,
    "_macd_blue": -0.69545157,
    "_macd_orange": -0.41787537,
    "_cci20": 72.95251204,
    "_cci201": 23.23678612,
    "_ema10": 35.21582848,
    "_ema20": 35.40742197,
    "_ema30": 35.75557209,
    "_ema50": 36.22212846,
    "_ema100": 36.43273761,
    "_ema200": 35.42125313,
    "_psar": 33.32706134,
    "_wr": -9.06921241,
    "_mom": 3.44,
    "_mom1": 2.86,
    "stock_diff": 6.64,
    "rsi_diff": 4.32
}
