{
    "open": 176.89,
    "low": 174.08,
    "high": 177.15,
    "close": 176.15,
    "volume": 673898,
    "change": 0.17629663,
    "_rsi": 49.99885316,
    "_rsi1": 49.56846984,
    "_stock_k": 72.49880096,
    "_stock_d": 77.11864045,
    "_stock_k1": 76.33573141,
    "_stock_d1": 83.78723248,
    "_macd_blue": -2.09583635,
    "_macd_orange": -0.90302633,
    "_cci20": 65.48314798,
    "_cci201": 60.57468519,
    "_ema10": 175.30618312,
    "_ema20": 175.25461389,
    "_ema30": 176.61873306,
    "_ema50": 179.6666319,
    "_ema100": 183.34475611,
    "_ema200": 180.8524347,
    "_psar": 170.098734,
    "_wr": -23.79856115,
    "_mom": 6.15,
    "_mom1": 5.72,
    "stock_diff": -4.62,
    "rsi_diff": 0.43
}
