{
    "open": 166.43,
    "low": 165,
    "high": 167.4001,
    "close": 166.3,
    "volume": 9022844,
    "change": 0.26528397,
    "_rsi": 66.05132481,
    "_rsi1": 65.63161049,
    "_stock_k": 54.99922442,
    "_stock_d": 55.75022456,
    "_stock_k1": 55.80906991,
    "_stock_d1": 56.977336,
    "_macd_blue": 7.19289901,
    "_macd_orange": 6.5501152,
    "_cci20": 64.52872338,
    "_cci201": 67.44954662,
    "_ema10": 163.33703314,
    "_ema20": 158.84565,
    "_ema30": 154.2317537,
    "_ema50": 146.73610029,
    "_ema100": 134.76236462,
    "_ema200": 122.53362536,
    "_psar": 172.1884479,
    "_wr": -43.38461538,
    "_mom": -4.52,
    "_mom1": -0.41,
    "stock_diff": -0.75,
    "rsi_diff": 0.42
}
