{
    "open": 96.26,
    "low": 95.72,
    "high": 96.43,
    "close": 95.87,
    "volume": 147303,
    "change": -0.75569358,
    "_rsi": 51.68397654,
    "_rsi1": 54.36675623,
    "_stock_k": 78.03557618,
    "_stock_d": 85.41214635,
    "_stock_k1": 87.85769528,
    "_stock_d1": 89.94338721,
    "_macd_blue": 0.15783531,
    "_macd_orange": 0.57443138,
    "_cci20": 48.36365786,
    "_cci201": 92.42874989,
    "_ema10": 96.18369879,
    "_ema20": 95.48906547,
    "_ema30": 95.43137894,
    "_ema50": 95.85418081,
    "_ema100": 95.92265045,
    "_ema200": 93.04694587,
    "_psar": 93.96884859,
    "_wr": -32.13457077,
    "_mom": 1.07,
    "_mom1": 5.55,
    "stock_diff": -7.38,
    "rsi_diff": -2.68
}
