{
    "open": 129.3,
    "low": 128.66,
    "high": 130.41,
    "close": 129.51,
    "volume": 804883,
    "change": 0.59810471,
    "_rsi": 45.14406158,
    "_rsi1": 43.87304582,
    "_stock_k": 90.93173891,
    "_stock_d": 90.64586174,
    "_stock_k1": 89.93522671,
    "_stock_d1": 87.09224139,
    "_macd_blue": -5.90753524,
    "_macd_orange": -4.01745192,
    "_cci20": 45.06270212,
    "_cci201": 34.49400469,
    "_ema10": 128.13158486,
    "_ema20": 130.08901707,
    "_ema30": 133.66374899,
    "_ema50": 139.83822468,
    "_ema100": 147.91987597,
    "_ema200": 152.01721826,
    "_psar": 119.31027867,
    "_wr": -9.36721475,
    "_mom": 8.32,
    "_mom1": 6.71,
    "stock_diff": 0.29,
    "rsi_diff": 1.27
}
