{
    "open": 230.22,
    "low": 223.4401,
    "high": 231.45,
    "close": 224.0635,
    "change": -1.11064525,
    "_rsi": 43.21079673,
    "_rsi1": 44.21831709,
    "_stock_k": 45.36389047,
    "_stock_d": 34.63582589,
    "_stock_k1": 35.63734496,
    "_stock_d1": 26.0286304,
    "_macd_blue": -6.95204487,
    "_macd_orange": -7.60317306,
    "_cci20": -73.35961172,
    "_cci201": -93.98543768,
    "_ema10": 228.61283522,
    "_ema20": 234.37644889,
    "_ema30": 239.47143399,
    "_ema50": 247.27894407,
    "_ema100": 250.28589996,
    "_ema200": 232.35302964,
    "_psar": 206.5,
    "_wrr": -56.25529265,
    "stock_diff": 10.73,
    "rsi_diff": -1.01
}
