{
    "open": 33.26,
    "low": 33.05,
    "high": 33.4,
    "close": 33.05,
    "volume": 213688,
    "change": -0.86982603,
    "_rsi": 62.39264666,
    "_rsi1": 68.19819958,
    "_stock_k": 82.56410256,
    "_stock_d": 85.1787611,
    "_stock_k1": 85.49276121,
    "_stock_d1": 86.1133288,
    "_macd_blue": 0.41141507,
    "_macd_orange": 0.47129517,
    "_cci20": 105.72557544,
    "_cci201": 136.847404,
    "_ema10": 32.84715962,
    "_ema20": 32.46423754,
    "_ema30": 32.19667459,
    "_ema50": 31.88543402,
    "_ema100": 31.45467882,
    "_ema200": 30.52328414,
    "_psar": 32.38281531,
    "_wr": -22.05128205,
    "_mom": 0.9,
    "_mom1": 1.62,
    "stock_diff": -2.61,
    "rsi_diff": -5.81
}
