{
    "open": 215,
    "low": 214.79,
    "high": 220.67,
    "close": 219.57,
    "volume": 31501785,
    "change": 2.86236297,
    "_rsi": 52.81082873,
    "_rsi1": 49.13532522,
    "_stock_k": 90.21818495,
    "_stock_d": 88.98127965,
    "_stock_k1": 85.55694966,
    "_stock_d1": 88.06718544,
    "_macd_blue": -11.39583772,
    "_macd_orange": -5.56591271,
    "_cci20": 126.15047662,
    "_cci201": 108.21402217,
    "_ema10": 209.5880962,
    "_ema20": 210.15886458,
    "_ema30": 217.79216969,
    "_ema50": 236.35182931,
    "_ema100": 268.81615258,
    "_ema200": 291.25821744,
    "_psar": 194.76933294,
    "_wr": -3.15638451,
    "_mom": 24.36,
    "_mom1": 14.96,
    "stock_diff": 1.24,
    "rsi_diff": 3.68
}
