{
    "open": 311.76,
    "low": 305.22,
    "high": 312.18,
    "close": 308.97,
    "volume": 484346,
    "change": -0.63995369,
    "_rsi": 47.6534422,
    "_rsi1": 48.63356835,
    "_stock_k": 72.36872045,
    "_stock_d": 77.39913016,
    "_stock_k1": 79.18186263,
    "_stock_d1": 80.32929495,
    "_macd_blue": -5.15845508,
    "_macd_orange": -3.37019218,
    "_cci20": -1.47787241,
    "_cci201": -10.46331934,
    "_ema10": 309.52000047,
    "_ema20": 310.801663,
    "_ema30": 314.56400678,
    "_ema50": 323.98333022,
    "_ema100": 339.78314756,
    "_ema200": 347.70443367,
    "_psar": 261.63374632,
    "_wr": -33.7386966,
    "_mom": 15.35,
    "_mom1": 7.4,
    "stock_diff": -5.03,
    "rsi_diff": -0.98
}
