{
    "open": 87.39,
    "low": 86.215,
    "high": 87.67,
    "close": 87.45,
    "volume": 7044855,
    "change": 0.37878788,
    "_rsi": 46.69493857,
    "_rsi1": 46.00050068,
    "_stock_k": 69.8055697,
    "_stock_d": 64.40134515,
    "_stock_k1": 64.85802624,
    "_stock_d1": 62.15858018,
    "_macd_blue": -2.38016715,
    "_macd_orange": -1.76198816,
    "_cci20": -8.77879185,
    "_cci201": -28.91921636,
    "_ema10": 87.0154198,
    "_ema20": 87.94416275,
    "_ema30": 89.52966904,
    "_ema50": 92.90989155,
    "_ema100": 99.02775962,
    "_ema200": 103.46560472,
    "_psar": 80.39303779,
    "_wr": -23.6347359,
    "_mom": 4.72,
    "_mom1": -0.04,
    "stock_diff": 5.4,
    "rsi_diff": 0.69
}
