{
    "open": 142.02,
    "low": 141.99,
    "high": 144.85,
    "close": 144.05,
    "volume": 7546832,
    "change": 1.39367917,
    "_rsi": 61.71467445,
    "_rsi1": 57.96976281,
    "_stock_k": 89.5728119,
    "_stock_d": 80.13401415,
    "_stock_k1": 79.68752085,
    "_stock_d1": 73.07235587,
    "_macd_blue": 0.15779984,
    "_macd_orange": 1.02738058,
    "_cci20": 145.10677469,
    "_cci201": 145.12778022,
    "_ema10": 140.64087012,
    "_ema20": 139.41462485,
    "_ema30": 139.20660442,
    "_ema50": 139.57925843,
    "_ema100": 140.67547302,
    "_ema200": 141.05449686,
    "_psar": 135.74779041,
    "_wr": -6.2305296,
    "_mom": 8.89,
    "_mom1": 5.69,
    "stock_diff": 9.44,
    "rsi_diff": 3.74
}
