{
    "open": 224.74,
    "low": 224.195,
    "high": 229.11,
    "close": 226.87,
    "volume": 6126223,
    "change": 2.19369369,
    "_rsi": 29.20110155,
    "_rsi1": 18.94550887,
    "_stock_k": 12.6410086,
    "_stock_d": 6.27523888,
    "_stock_k1": 4.9679464,
    "_stock_d1": 4.14324452,
    "_macd_blue": -6.57793742,
    "_macd_orange": -8.5422437,
    "_cci20": -102.58555899,
    "_cci201": -159.41009365,
    "_ema10": 231.00014748,
    "_ema20": 238.36690994,
    "_ema30": 242.87442072,
    "_ema50": 247.47165923,
    "_ema100": 249.35537364,
    "_ema200": 244.63144868,
    "_psar": 229.72409251,
    "_wr": -75.16542876,
    "stock_diff": 6.37,
    "rsi_diff": 10.26
}
