{
    "open": 324.85,
    "low": 314.79,
    "high": 326,
    "close": 318.91,
    "volume": 719187,
    "change": -2.04263423,
    "_rsi": 54.90334138,
    "_rsi1": 58.33278525,
    "_stock_k": 88.66252839,
    "_stock_d": 90.07748972,
    "_stock_k1": 93.14805284,
    "_stock_d1": 91.50486511,
    "_macd_blue": 0.27299323,
    "_macd_orange": 3.45434809,
    "_cci20": 99.00659787,
    "_cci201": 126.28269099,
    "_ema10": 313.42895499,
    "_ema20": 309.11805849,
    "_ema30": 308.74091396,
    "_ema50": 311.57177749,
    "_ema100": 315.46976954,
    "_ema200": 306.49569616,
    "_psar": 284.28194397,
    "_wr": -14.51678952,
    "_mom": 25.22,
    "_mom1": 24.72,
    "stock_diff": -1.41,
    "rsi_diff": -3.43
}
