{
    "open": 118.28,
    "low": 116.41,
    "high": 119.49,
    "close": 118.24,
    "volume": 1413590,
    "change": -0.45462199,
    "_rsi": 47.86664424,
    "_rsi1": 48.4830309,
    "_stock_k": 94.20463629,
    "_stock_d": 89.97998655,
    "_stock_k1": 91.16741164,
    "_stock_d1": 84.19387766,
    "_macd_blue": -5.67303335,
    "_macd_orange": -3.45419976,
    "_cci20": 46.15766652,
    "_cci201": 38.84011906,
    "_ema10": 116.21546476,
    "_ema20": 117.55930036,
    "_ema30": 121.03119422,
    "_ema50": 128.13660738,
    "_ema100": 139.11270195,
    "_ema200": 144.01897677,
    "_psar": 102.40044104,
    "_wr": -6.11510791,
    "_mom": 12.09,
    "_mom1": 13.1,
    "stock_diff": 4.22,
    "rsi_diff": -0.62
}
