{
    "open": 52.905,
    "low": 52.28,
    "high": 55.08,
    "close": 54.53,
    "volume": 49014515,
    "change": -1.90681777,
    "_rsi": 67.91189256,
    "_rsi1": 71.4964377,
    "_stock_k": 83.77561049,
    "_stock_d": 88.76052189,
    "_stock_k1": 89.2190217,
    "_stock_d1": 90.57860584,
    "_macd_blue": 4.29938983,
    "_macd_orange": 4.94753083,
    "_cci20": 65.801358,
    "_cci201": 83.01293659,
    "_ema10": 53.61783385,
    "_ema20": 49.59790836,
    "_ema30": 46.7304383,
    "_ema50": 42.94640429,
    "_ema100": 38.06203255,
    "_ema200": 33.53362098,
    "_psar": 50.0844241,
    "_wr": -22.99841234,
    "_mom": 7.74,
    "_mom1": 11.86,
    "stock_diff": -4.98,
    "rsi_diff": -3.58
}
