{
    "open": 320.35,
    "low": 320.33,
    "high": 330.18,
    "close": 328.54,
    "volume": 3750235,
    "change": 3.19763789,
    "_rsi": 45.97829423,
    "_rsi1": 34.96497952,
    "_stock_k": 66.08826603,
    "_stock_d": 50.90037076,
    "_stock_k1": 47.63989954,
    "_stock_d1": 40.28223745,
    "_macd_blue": -11.52039956,
    "_macd_orange": -9.52284254,
    "_cci20": 6.53233084,
    "_cci201": -39.93110472,
    "_ema10": 321.94498321,
    "_ema20": 327.90545699,
    "_ema30": 335.15477749,
    "_ema50": 346.3047871,
    "_ema100": 354.94609534,
    "_ema200": 346.63344369,
    "_psar": 304.59344639,
    "_wr": -8.30721003,
    "_mom": 8.29,
    "_mom1": 2.53,
    "stock_diff": 15.19,
    "rsi_diff": 11.01
}
