{
    "open": 336.4,
    "low": 334.18,
    "high": 340.07,
    "close": 339.4,
    "volume": 224693,
    "change": 1.48004186,
    "_rsi": 52.12951537,
    "_rsi1": 48.69761885,
    "_stock_k": 39.32681868,
    "_stock_d": 46.96785232,
    "_stock_k1": 44.17658617,
    "_stock_d1": 60.22480945,
    "_macd_blue": 4.23834092,
    "_macd_orange": 2.92664012,
    "_cci20": -37.17978461,
    "_cci201": -92.99197642,
    "_ema10": 339.70665049,
    "_ema20": 338.15714381,
    "_ema30": 335.8091904,
    "_ema50": 333.19081853,
    "_ema100": 336.57318963,
    "_ema200": 349.43795684,
    "_psar": 351.68428,
    "_wr": -43.97394137,
    "_mom": 3.41,
    "_mom1": -4.9,
    "stock_diff": -7.64,
    "rsi_diff": 3.43
}
