{
    "open": 18.63,
    "low": 18.62,
    "high": 19.17,
    "close": 19.09,
    "volume": 5922883,
    "change": 2.0855615,
    "_rsi": 58.94699074,
    "_rsi1": 55.35748732,
    "_stock_k": 84.62205077,
    "_stock_d": 80.01711457,
    "_stock_k1": 79.29292929,
    "_stock_d1": 80.00841751,
    "_macd_blue": 0.16136548,
    "_macd_orange": 0.23092559,
    "_cci20": 116.07941334,
    "_cci201": 62.05118763,
    "_ema10": 18.57969778,
    "_ema20": 18.37960096,
    "_ema30": 18.24684008,
    "_ema50": 18.0284837,
    "_ema100": 17.64127363,
    "_ema200": 17.10209936,
    "_psar": 17.72728122,
    "_wr": -2.95202952,
    "_mom": 1.07,
    "_mom1": 0.45,
    "stock_diff": 4.6,
    "rsi_diff": 3.59
}
