{
    "open": 208.85,
    "low": 207.17,
    "high": 214.29,
    "close": 213.34,
    "volume": 962123,
    "change": 1.88156638,
    "_rsi": 53.99882969,
    "_rsi1": 49.32554419,
    "_stock_k": 80.6863563,
    "_stock_d": 74.22696584,
    "_stock_k1": 71.63626726,
    "_stock_d1": 72.24408961,
    "_macd_blue": -4.264716,
    "_macd_orange": -2.45729828,
    "_cci20": 200.58492666,
    "_cci201": 138.47959825,
    "_ema10": 207.58773302,
    "_ema20": 208.4454587,
    "_ema30": 210.94858507,
    "_ema50": 215.31226835,
    "_ema100": 218.77741826,
    "_ema200": 213.3781792,
    "_psar": 196.34221457,
    "_wr": -5.58429344,
    "_mom": 8.46,
    "_mom1": 8.82,
    "stock_diff": 6.46,
    "rsi_diff": 4.67
}
