{
    "open": 88.28,
    "low": 87.54,
    "high": 89.05,
    "close": 89.02,
    "volume": 854613,
    "change": 1.04426788,
    "_rsi": 55.75475459,
    "_rsi1": 52.41362857,
    "_stock_k": 51.37840338,
    "_stock_d": 51.31565299,
    "_stock_k1": 46.7528171,
    "_stock_d1": 57.82472474,
    "_macd_blue": 0.21719336,
    "_macd_orange": 0.39397787,
    "_cci20": 72.45742493,
    "_cci201": 30.13566966,
    "_ema10": 88.13088607,
    "_ema20": 87.72139621,
    "_ema30": 87.60117044,
    "_ema50": 87.54466417,
    "_ema100": 86.83865218,
    "_ema200": 83.85388151,
    "_psar": 90.3529,
    "_wr": -30.56768559,
    "_mom": 2.22,
    "_mom1": 0.6,
    "stock_diff": 0.06,
    "rsi_diff": 3.34
}
