{
    "open": 54.67,
    "low": 53.68,
    "high": 54.69,
    "close": 54.5,
    "volume": 20546833,
    "change": 0.03671072,
    "_rsi": 43.81526845,
    "_rsi1": 43.694888,
    "_stock_k": 39.00561412,
    "_stock_d": 53.29636236,
    "_stock_k1": 52.34661928,
    "_stock_d1": 63.14010888,
    "_macd_blue": -0.20622892,
    "_macd_orange": -0.20598356,
    "_cci20": -152.17659447,
    "_cci201": -59.00718781,
    "_ema10": 55.32035515,
    "_ema20": 55.4390752,
    "_ema30": 55.64413129,
    "_ema50": 56.09474268,
    "_ema100": 56.46622393,
    "_ema200": 55.46044145,
    "_psar": 53.54665472,
    "_wr": -73.02631579,
    "_mom": -0.21,
    "_mom1": -1.44,
    "stock_diff": -14.29,
    "rsi_diff": 0.12
}
