{
    "open": 52.76,
    "low": 51.095,
    "high": 53.05,
    "close": 51.12,
    "volume": 27988581,
    "change": -4.25173253,
    "_rsi": 47.75053583,
    "_rsi1": 55.55443371,
    "_stock_k": 76.69318377,
    "_stock_d": 78.68368594,
    "_stock_k1": 82.2714847,
    "_stock_d1": 77.81687617,
    "_macd_blue": -1.04634638,
    "_macd_orange": -0.6189622,
    "_cci20": 47.41636064,
    "_cci201": 99.82960433,
    "_ema10": 51.15320624,
    "_ema20": 51.44458743,
    "_ema30": 51.91597831,
    "_ema50": 52.25056369,
    "_ema100": 51.54863799,
    "_ema200": 48.89335837,
    "_psar": 47.94759971,
    "_wr": -36.53618031,
    "_mom": 1.96,
    "_mom1": 6.93,
    "stock_diff": -1.99,
    "rsi_diff": -7.8
}
