{
    "open": 237.23,
    "low": 235.99,
    "high": 239.19,
    "close": 238.92,
    "volume": 5336491,
    "change": 0.61060344,
    "_rsi": 48.95134194,
    "_rsi1": 46.9840645,
    "_stock_k": 72.26110162,
    "_stock_d": 59.20924717,
    "_stock_k1": 60.52874185,
    "_stock_d1": 45.68932814,
    "_macd_blue": -6.41453408,
    "_macd_orange": -4.95323959,
    "_cci20": 10.78472777,
    "_cci201": -7.32925348,
    "_ema10": 234.03518953,
    "_ema20": 237.13796406,
    "_ema30": 240.65669232,
    "_ema50": 245.19186494,
    "_ema100": 247.96800059,
    "_ema200": 244.14789172,
    "_psar": 220.84486368,
    "_wr": -18.04417012,
    "_mom": 3.11,
    "_mom1": 0.82,
    "stock_diff": 13.05,
    "rsi_diff": 1.97
}
