{
    "open": 85.55,
    "low": 84.55,
    "high": 85.99,
    "close": 84.88,
    "volume": 1010096,
    "change": -0.7251462,
    "_rsi": 34.68982766,
    "_rsi1": 35.86264402,
    "_stock_k": 7.21017407,
    "_stock_d": 12.81655698,
    "_stock_k1": 13.33318326,
    "_stock_d1": 19.28030679,
    "_macd_blue": -1.90818901,
    "_macd_orange": -2.20673792,
    "_cci20": -122.25320992,
    "_cci201": -121.62718189,
    "_ema10": 87.53863538,
    "_ema20": 89.30716878,
    "_ema30": 90.62977603,
    "_ema50": 92.39847976,
    "_ema100": 94.26368455,
    "_ema200": 94.76152878,
    "_psar": 90.287088,
    "_wr": -92.92418773,
    "_mom": -1.59,
    "_mom1": -3.49,
    "stock_diff": -5.61,
    "rsi_diff": -1.17
}
