{
    "open": 113.44,
    "low": 112.76,
    "high": 114.62,
    "close": 114,
    "volume": 1935198,
    "change": 0.57344508,
    "_rsi": 69.09049066,
    "_rsi1": 67.89338798,
    "_stock_k": 93.69944064,
    "_stock_d": 93.65838103,
    "_stock_k1": 94.25731769,
    "_stock_d1": 90.22157526,
    "_macd_blue": 0.62159822,
    "_macd_orange": 1.62321233,
    "_cci20": 194.80486065,
    "_cci201": 224.67500188,
    "_ema10": 110.00898526,
    "_ema20": 108.34786134,
    "_ema30": 107.63544757,
    "_ema50": 106.46480314,
    "_ema100": 103.74630761,
    "_ema200": 100.39101324,
    "_psar": 106.8982096,
    "_wr": -5.03042596,
    "_mom": 9.9,
    "_mom1": 9.59,
    "stock_diff": 0.04,
    "rsi_diff": 1.2
}
