{
    "open": 467.52,
    "low": 452.82,
    "high": 469.04,
    "close": 459.35,
    "volume": 1312284,
    "change": -1.34871035,
    "_rsi": 44.68371389,
    "_rsi1": 46.37431054,
    "_stock_k": 64.87517625,
    "_stock_d": 67.40234784,
    "_stock_k1": 70.06961302,
    "_stock_d1": 70.16159608,
    "_macd_blue": -16.22192897,
    "_macd_orange": -11.58259435,
    "_cci20": -2.04425992,
    "_cci201": -0.09271865,
    "_ema10": 463.28190509,
    "_ema20": 468.96929831,
    "_ema30": 479.81752567,
    "_ema50": 501.88174999,
    "_ema100": 530.364573,
    "_ema200": 524.93685815,
    "_psar": 435.00775531,
    "_wr": -39.75284067,
    "_mom": 20.03,
    "_mom1": 13.26,
    "stock_diff": -2.53,
    "rsi_diff": -1.69
}
