{
    "open": 35.22,
    "low": 35.02,
    "high": 35.68,
    "close": 35.66,
    "volume": 3329807,
    "change": 1.68234959,
    "_rsi": 60.59618841,
    "_rsi1": 56.77412024,
    "_stock_k": 89.70814132,
    "_stock_d": 90.21930255,
    "_stock_k1": 87.06605223,
    "_stock_d1": 91.11597153,
    "_macd_blue": 0.17122961,
    "_macd_orange": 0.38891775,
    "_cci20": 135.440453,
    "_cci201": 137.61647369,
    "_ema10": 34.86594661,
    "_ema20": 34.47429537,
    "_ema30": 34.30427467,
    "_ema50": 34.02758877,
    "_ema100": 33.08646035,
    "_ema200": 31.21473256,
    "_psar": 33.42559324,
    "_wr": -4.4546851,
    "_mom": 2.41,
    "_mom1": 1.38,
    "stock_diff": -0.51,
    "rsi_diff": 3.82
}
