{
    "open": 114.39,
    "low": 112.63,
    "high": 115.03,
    "close": 114.31,
    "volume": 673016,
    "change": 0.13139453,
    "_rsi": 59.53108977,
    "_rsi1": 59.13046237,
    "_stock_k": 62.05995025,
    "_stock_d": 62.58072941,
    "_stock_k1": 59.35871373,
    "_stock_d1": 63.91948945,
    "_macd_blue": 1.99036266,
    "_macd_orange": 1.84863281,
    "_cci20": 45.79165404,
    "_cci201": 66.08178545,
    "_ema10": 113.80808643,
    "_ema20": 112.52003508,
    "_ema30": 111.2232402,
    "_ema50": 108.9309899,
    "_ema100": 104.97621848,
    "_ema200": 101.59483399,
    "_psar": 116.07545922,
    "_wr": -44.88330341,
    "_mom": 2.13,
    "_mom1": 0.76,
    "stock_diff": -0.52,
    "rsi_diff": 0.4
}
