{
    "open": 209.06,
    "low": 208.1,
    "high": 211.36,
    "close": 211.24,
    "volume": 727656,
    "change": 1.67500963,
    "_rsi": 61.21087642,
    "_rsi1": 55.26258638,
    "_stock_k": 48.06866953,
    "_stock_d": 42.98704204,
    "_stock_k1": 41.20171674,
    "_stock_d1": 39.92402304,
    "_macd_blue": 1.72498044,
    "_macd_orange": 1.76612362,
    "_cci20": 110.51875534,
    "_cci201": 57.20127523,
    "_ema10": 207.95049755,
    "_ema20": 206.70789053,
    "_ema30": 205.3762466,
    "_ema50": 202.45576238,
    "_ema100": 195.89507833,
    "_ema200": 186.33760079,
    "_psar": 214.79832377,
    "_wr": -36.62374821,
    "_mom": 6.1,
    "_mom1": 2.88,
    "stock_diff": 5.08,
    "rsi_diff": 5.95
}
