{
    "open": 573.28,
    "low": 559.3,
    "high": 576.11,
    "close": 559.99,
    "volume": 1094184,
    "change": -2.55281384,
    "_rsi": 41.44694031,
    "_rsi1": 48.25739752,
    "_stock_k": 45.98426297,
    "_stock_d": 49.08430251,
    "_stock_k1": 51.69435679,
    "_stock_d1": 50.83427336,
    "_macd_blue": -8.01732664,
    "_macd_orange": -6.58804175,
    "_cci20": -44.61188711,
    "_cci201": 3.00078605,
    "_ema10": 568.81509441,
    "_ema20": 572.83930731,
    "_ema30": 578.15695241,
    "_ema50": 590.15656979,
    "_ema100": 618.78016897,
    "_ema200": 643.85648042,
    "_psar": 550.39266078,
    "_wr": -61.81297213,
    "_mom": 2.24,
    "_mom1": 23.23,
    "stock_diff": -3.1,
    "rsi_diff": -6.81
}
