{
    "open": 116.04,
    "low": 112.09,
    "high": 116.19,
    "close": 113.76,
    "volume": 12376619,
    "change": -1.97328738,
    "_rsi": 50.38876712,
    "_rsi1": 52.80019056,
    "_stock_k": 83.19203833,
    "_stock_d": 85.98517426,
    "_stock_k1": 88.24179875,
    "_stock_d1": 88.7824057,
    "_macd_blue": -5.10120666,
    "_macd_orange": -1.75701749,
    "_cci20": 77.57589768,
    "_cci201": 95.09922522,
    "_ema10": 111.90913182,
    "_ema20": 111.0278457,
    "_ema30": 114.83509947,
    "_ema50": 126.93319171,
    "_ema100": 156.64736162,
    "_ema200": 189.29233077,
    "_psar": 97.58394627,
    "_wr": -20.71507556,
    "_mom": 17.19,
    "_mom1": 17.5,
    "stock_diff": -2.79,
    "rsi_diff": -2.41
}
