{
    "open": 77.6,
    "low": 76.76,
    "high": 78.33,
    "close": 77.21,
    "volume": 2990115,
    "change": -0.60504634,
    "_rsi": 34.31689299,
    "_rsi1": 35.67386589,
    "_stock_k": 7.42941503,
    "_stock_d": 10.58981224,
    "_stock_k1": 9.87978219,
    "_stock_d1": 15.32708108,
    "_macd_blue": -1.73256138,
    "_macd_orange": -1.89785074,
    "_cci20": -75.50598185,
    "_cci201": -78.3614628,
    "_ema10": 78.48788649,
    "_ema20": 80.00677218,
    "_ema30": 81.08142444,
    "_ema50": 82.11394518,
    "_ema100": 82.38917879,
    "_ema200": 81.98309414,
    "_psar": 80.72137042,
    "_wr": -93.2160804,
    "_mom": 0.36,
    "_mom1": -1.3,
    "stock_diff": -3.16,
    "rsi_diff": -1.36
}
