{
    "open": 108.92,
    "low": 108.4,
    "high": 109.84,
    "close": 109.75,
    "volume": 1797360,
    "change": 1.12411315,
    "_rsi": 49.35422281,
    "_rsi1": 43.95751001,
    "_stock_k": 61.12836439,
    "_stock_d": 59.62732919,
    "_stock_k1": 57.24637681,
    "_stock_d1": 57.91305016,
    "_macd_blue": -0.63294743,
    "_macd_orange": -0.60599659,
    "_cci20": -13.25228773,
    "_cci201": -56.56575877,
    "_ema10": 109.17962595,
    "_ema20": 109.62807235,
    "_ema30": 109.99531601,
    "_ema50": 110.28770208,
    "_ema100": 109.80217242,
    "_ema200": 107.35485732,
    "_psar": 106.83009647,
    "_wr": -25.46583851,
    "_mom": 1.52,
    "_mom1": -1.35,
    "stock_diff": 1.5,
    "rsi_diff": 5.4
}
