{
    "open": 99.75,
    "low": 99.5,
    "high": 100.76,
    "close": 100.72,
    "volume": 1218343,
    "change": 1.12449799,
    "_rsi": 57.93509201,
    "_rsi1": 55.1268673,
    "_stock_k": 90.86213747,
    "_stock_d": 92.2991477,
    "_stock_k1": 89.98850259,
    "_stock_d1": 93.89280146,
    "_macd_blue": -0.38781501,
    "_macd_orange": 0.39290636,
    "_cci20": 116.45754067,
    "_cci201": 118.38556667,
    "_ema10": 98.72214684,
    "_ema20": 98.01687247,
    "_ema30": 98.17040856,
    "_ema50": 99.00034765,
    "_ema100": 100.27795985,
    "_ema200": 99.32407585,
    "_psar": 94.79010681,
    "_wr": -5.60190703,
    "_mom": 5.4,
    "_mom1": 3.87,
    "stock_diff": -1.44,
    "rsi_diff": 2.81
}
