{
    "open": 179.18,
    "low": 178.17,
    "high": 182.76,
    "close": 181.26,
    "volume": 1757651,
    "change": 2.96523517,
    "_rsi": 52.92125096,
    "_rsi1": 48.09818731,
    "_stock_k": 53.2267614,
    "_stock_d": 43.46054218,
    "_stock_k1": 41.6668471,
    "_stock_d1": 36.15316778,
    "_macd_blue": -2.39782729,
    "_macd_orange": -2.81738269,
    "_cci20": -2.31309714,
    "_cci201": -37.61044387,
    "_ema10": 174.75653014,
    "_ema20": 177.42018156,
    "_ema30": 178.33082467,
    "_ema50": 177.74579846,
    "_ema100": 174.78791088,
    "_ema200": 167.56211036,
    "_psar": 156.987608,
    "_wr": -35.19411317,
    "_mom": 0.95,
    "_mom1": -2.02,
    "stock_diff": 9.77,
    "rsi_diff": 4.82
}
