{
    "open": 327.34,
    "low": 325.3875,
    "high": 329.53,
    "close": 329.5,
    "volume": 948554,
    "change": 1.03642831,
    "_rsi": 53.2575165,
    "_rsi1": 51.02695328,
    "_stock_k": 89.33619062,
    "_stock_d": 89.69144047,
    "_stock_k1": 87.00396579,
    "_stock_d1": 88.45394487,
    "_macd_blue": -4.47648489,
    "_macd_orange": -1.54219213,
    "_cci20": 79.68434986,
    "_cci201": 76.79450095,
    "_ema10": 323.73360036,
    "_ema20": 323.20465874,
    "_ema30": 326.04357886,
    "_ema50": 333.93716543,
    "_ema100": 347.27485527,
    "_ema200": 349.34526377,
    "_psar": 305.17018125,
    "_wr": -8.72493495,
    "_mom": 15.5,
    "_mom1": 2.81,
    "stock_diff": -0.36,
    "rsi_diff": 2.23
}
