{
    "open": 502.27,
    "low": 501.3348,
    "high": 507.06,
    "close": 503.23,
    "volume": 2753285,
    "change": -0.4135993,
    "_rsi": 59.51138684,
    "_rsi1": 61.15929879,
    "_stock_k": 81.68595307,
    "_stock_d": 86.59150571,
    "_stock_k1": 85.9986088,
    "_stock_d1": 89.85720721,
    "_macd_blue": 6.02001717,
    "_macd_orange": 7.78594978,
    "_cci20": 94.04206393,
    "_cci201": 121.4073189,
    "_ema10": 499.31615147,
    "_ema20": 492.59127617,
    "_ema30": 488.46426357,
    "_ema50": 482.8709142,
    "_ema100": 470.26314466,
    "_ema200": 445.88386726,
    "_psar": 497.09933514,
    "_wr": -23.55351977,
    "_mom": 17.66,
    "_mom1": 31.86,
    "stock_diff": -4.91,
    "rsi_diff": -1.65
}
