{
    "open": 167.99,
    "low": 167.65,
    "high": 172.64,
    "close": 170.21,
    "volume": 98062672,
    "change": 0.82336216,
    "_rsi": 58.74372189,
    "_rsi1": 57.22611274,
    "_stock_k": 89.11565412,
    "_stock_d": 81.13521302,
    "_stock_k1": 83.97277779,
    "_stock_d1": 71.44889746,
    "_macd_blue": -1.9548967,
    "_macd_orange": -0.39306694,
    "_cci20": 150.88907806,
    "_cci201": 127.31360627,
    "_ema10": 163.72605446,
    "_ema20": 163.33010679,
    "_ema30": 164.08137738,
    "_ema50": 164.9692413,
    "_ema100": 163.05216315,
    "_ema200": 155.09285118,
    "_psar": 151.1848,
    "_wr": -10.78083407,
    "_mom": 7.26,
    "_mom1": 11.38,
    "stock_diff": 7.98,
    "rsi_diff": 1.52
}
