{
    "open": 16.93,
    "low": 16.51,
    "high": 17.08,
    "close": 16.52,
    "volume": 486408,
    "change": -2.65173836,
    "_rsi": 50.47901937,
    "_rsi1": 57.08616574,
    "_stock_k": 81.6464599,
    "_stock_d": 67.74899208,
    "_stock_k1": 71.3433643,
    "_stock_d1": 50.24405634,
    "_macd_blue": -0.26864766,
    "_macd_orange": -0.16396868,
    "_cci20": 52.62444788,
    "_cci201": 64.05558464,
    "_ema10": 16.31192365,
    "_ema20": 16.39381669,
    "_ema30": 16.52080878,
    "_ema50": 16.72215571,
    "_ema100": 17.18492052,
    "_ema200": 17.62894484,
    "_psar": 17.13366782,
    "_wr": -35.8974359,
    "_mom": 0.64,
    "_mom1": 1.06,
    "stock_diff": 13.9,
    "rsi_diff": -6.61
}
