{
    "open": 46.06,
    "low": 45.45,
    "high": 46.215,
    "close": 45.85,
    "volume": 5306136,
    "change": 0.37215412,
    "_rsi": 48.82001357,
    "_rsi1": 48.14561142,
    "_stock_k": 73.50823045,
    "_stock_d": 78.7885998,
    "_stock_k1": 78.09898661,
    "_stock_d1": 81.379595,
    "_macd_blue": -0.21608502,
    "_macd_orange": -0.06170667,
    "_cci20": 11.37483886,
    "_cci201": 27.98791974,
    "_ema10": 46.10118952,
    "_ema20": 46.08006806,
    "_ema30": 46.15221557,
    "_ema50": 46.07810084,
    "_ema100": 45.19203931,
    "_ema200": 42.73227568,
    "_psar": 43.99547299,
    "_wr": -33.64197531,
    "_mom": 1.37,
    "_mom1": 0.94,
    "stock_diff": -5.28,
    "rsi_diff": 0.67
}
