{
    "open": 27.11,
    "low": 27,
    "high": 27.24,
    "close": 27.04,
    "volume": 18135,
    "change": 2.11480363,
    "_rsi": 64.2618777,
    "_rsi1": 60.94389466,
    "_stock_k": 75.46174142,
    "_stock_d": 65.28877162,
    "_stock_k1": 62.97273527,
    "_stock_d1": 53.95689875,
    "_macd_blue": 0.66016339,
    "_macd_orange": 0.6648928,
    "_cci20": 129.4435183,
    "_cci201": 93.36759667,
    "_ema10": 26.10246943,
    "_ema20": 25.63298583,
    "_ema30": 25.1478313,
    "_ema50": 24.20825281,
    "_ema100": 22.29263484,
    "_ema200": 19.7196046,
    "_psar": 24.054528,
    "_wr": -16.62269129,
    "_mom": 1.08,
    "_mom1": -0.41,
    "stock_diff": 10.17,
    "rsi_diff": 3.32
}
