{
    "open": 154.3,
    "low": 153.59,
    "high": 158.56,
    "close": 158.46,
    "volume": 9255875,
    "change": 3.65670177,
    "_rsi": 49.47428231,
    "_rsi1": 44.19654406,
    "_stock_k": 63.35467088,
    "_stock_d": 56.41137615,
    "_stock_k1": 53.8704999,
    "_stock_d1": 50.6506229,
    "_macd_blue": -4.857109,
    "_macd_orange": -3.7400932,
    "_cci20": -0.22087049,
    "_cci201": -30.0699266,
    "_ema10": 154.77231502,
    "_ema20": 157.0473071,
    "_ema30": 159.82084568,
    "_ema50": 163.34487623,
    "_ema100": 163.64080177,
    "_ema200": 157.00944136,
    "_psar": 143.95889707,
    "_wr": -19.4939859,
    "_mom": 3.75,
    "_mom1": -4.24,
    "stock_diff": 6.94,
    "rsi_diff": 5.28
}
