{
    "open": 100.93,
    "low": 100.75,
    "high": 101.27,
    "close": 101.08,
    "volume": 1052155,
    "change": 0.21812413,
    "_rsi": 49.55852359,
    "_rsi1": 47.62858912,
    "_stock_k": 61.25768443,
    "_stock_d": 54.92485683,
    "_stock_k1": 55.38566735,
    "_stock_d1": 47.78368413,
    "_macd_blue": -0.00810063,
    "_macd_orange": -0.09327341,
    "_cci20": -33.41576311,
    "_cci201": -47.78691735,
    "_ema10": 101.01165473,
    "_ema20": 101.17634198,
    "_ema30": 101.06087428,
    "_ema50": 100.2815569,
    "_ema100": 99.63532374,
    "_ema200": 103.40589075,
    "_psar": 99.84795315,
    "_wr": -35.24590164,
    "_mom": 0.06,
    "_mom1": -0.59,
    "stock_diff": 6.33,
    "rsi_diff": 1.93
}
