{
    "open": 27.5,
    "low": 27.21,
    "high": 28.59,
    "close": 28.34,
    "volume": 485109,
    "change": 0.10596962,
    "_rsi": 78.62750939,
    "_rsi1": 78.52565479,
    "_stock_k": 92.57122021,
    "_stock_d": 90.40172982,
    "_stock_k1": 89.14068848,
    "_stock_d1": 90.33151354,
    "_macd_blue": 1.31129805,
    "_macd_orange": 1.58289927,
    "_cci20": 119.94310678,
    "_cci201": 134.21032026,
    "_ema10": 26.94480559,
    "_ema20": 25.62034824,
    "_ema30": 24.75719145,
    "_ema50": 23.78570519,
    "_ema100": 22.70427411,
    "_ema200": 22.04200065,
    "_psar": 25.94,
    "_wr": -4.28816467,
    "stock_diff": 2.17,
    "rsi_diff": 0.1
}
