{
    "open": 27.5,
    "low": 27.21,
    "high": 28.29,
    "close": 28.24,
    "change": -0.24726245,
    "_rsi": 77.66205767,
    "_rsi1": 78.52565479,
    "_stock_k": 92.107321,
    "_stock_d": 90.24709674,
    "_stock_k1": 89.14068848,
    "_stock_d1": 90.33151354,
    "_macd_blue": 1.30970261,
    "_macd_orange": 1.57492206,
    "_cci20": 115.26403482,
    "_cci201": 134.21032026,
    "_ema10": 26.92662377,
    "_ema20": 25.61082443,
    "_ema30": 24.75073984,
    "_ema50": 23.78178362,
    "_ema100": 22.70229392,
    "_ema200": 22.04100563,
    "_psar": 25.94,
    "_wrr": -5.67986231,
    "stock_diff": 1.86,
    "rsi_diff": -0.86
}
