{
    "open": 72.54,
    "low": 71.34,
    "high": 72.94,
    "close": 71.44,
    "volume": 14104799,
    "change": -1.16214721,
    "_rsi": 33.23683823,
    "_rsi1": 36.23856425,
    "_stock_k": 11.76835021,
    "_stock_d": 17.46865373,
    "_stock_k1": 13.43825666,
    "_stock_d1": 30.41431262,
    "_macd_blue": -0.43352145,
    "_macd_orange": -0.80935698,
    "_cci20": -190.61669508,
    "_cci201": -222.61958328,
    "_ema10": 73.54020779,
    "_ema20": 74.32121933,
    "_ema30": 74.67502859,
    "_ema50": 74.82045669,
    "_ema100": 74.21961075,
    "_ema200": 72.61700692,
    "_psar": 75.97409792,
    "_wr": -97.98792757,
    "stock_diff": -5.7,
    "rsi_diff": -3.0
}
