{
    "open": 72.54,
    "low": 72.045,
    "high": 72.94,
    "close": 72.15,
    "change": -0.17985612,
    "_rsi": 35.73903805,
    "_rsi1": 36.23856425,
    "_stock_k": 14.99008686,
    "_stock_d": 18.54256595,
    "_stock_k1": 13.43825666,
    "_stock_d1": 30.41431262,
    "_macd_blue": -0.42219381,
    "_macd_orange": -0.75271881,
    "_cci20": -165.0162759,
    "_cci201": -222.61958328,
    "_ema10": 73.6692987,
    "_ema20": 74.38883838,
    "_ema30": 74.72083505,
    "_ema50": 74.84829983,
    "_ema100": 74.23367016,
    "_ema200": 72.62407159,
    "_psar": 75.97409792,
    "_wrr": -88.32271762,
    "stock_diff": -3.55,
    "rsi_diff": -0.5
}
