{
    "open": 72.54,
    "low": 72.33,
    "high": 72.94,
    "close": 72.55,
    "change": 0.37354732,
    "_rsi": 38.03729513,
    "_rsi1": 36.23856425,
    "_stock_k": 17.8209432,
    "_stock_d": 19.48618472,
    "_stock_k1": 13.43825666,
    "_stock_d1": 30.41431262,
    "_macd_blue": -0.41581204,
    "_macd_orange": -0.72080997,
    "_cci20": -151.95216342,
    "_cci201": -222.61958328,
    "_ema10": 73.74202598,
    "_ema20": 74.42693362,
    "_ema30": 74.7466415,
    "_ema50": 74.86398611,
    "_ema100": 74.24159095,
    "_ema200": 72.62805169,
    "_psar": 75.97409792,
    "_wrr": -79.83014862,
    "stock_diff": -1.67,
    "rsi_diff": 1.8
}
