{
    "open": 8.12,
    "low": 8.12,
    "high": 8.45,
    "close": 8.4,
    "volume": 477708,
    "change": 4.34782609,
    "_rsi": 60.10165477,
    "_rsi1": 53.4934417,
    "_stock_k": 61.76470588,
    "_stock_d": 55.31045752,
    "_stock_k1": 53.43137255,
    "_stock_d1": 47.38562092,
    "_macd_blue": 0.07655741,
    "_macd_orange": 0.09299285,
    "_cci20": 88.40498174,
    "_cci201": 28.80946324,
    "_ema10": 8.05307396,
    "_ema20": 7.97730379,
    "_ema30": 7.9253043,
    "_ema50": 7.90145651,
    "_ema100": 7.99497983,
    "_ema200": 8.04018345,
    "_psar": 7.35,
    "_wr": -22.79411765,
    "_mom": 0.24,
    "_mom1": -0.42,
    "stock_diff": 6.45,
    "rsi_diff": 6.61
}
