{
    "open": 25.3,
    "low": 25.14,
    "high": 25.76,
    "close": 25.58,
    "volume": 17712203,
    "change": 3.73073804,
    "_rsi": 67.5206902,
    "_rsi1": 63.64545823,
    "_stock_k": 87.24170925,
    "_stock_d": 72.50042403,
    "_stock_k1": 70.56010929,
    "_stock_d1": 55.4417122,
    "_macd_blue": 0.71811272,
    "_macd_orange": 0.84577626,
    "_cci20": 175.56341281,
    "_cci201": 140.82822251,
    "_ema10": 23.82693186,
    "_ema20": 23.17828008,
    "_ema30": 22.59972826,
    "_ema50": 21.52515192,
    "_ema100": 19.46324626,
    "_ema200": 16.80230371,
    "_psar": 21.07688,
    "_wr": -3.6437247,
    "_mom": 2.18,
    "_mom1": 0.57,
    "stock_diff": 14.74,
    "rsi_diff": 3.88
}
