{
    "open": 99.5,
    "low": 98.48,
    "high": 100.75,
    "close": 99.53,
    "change": 0.07038005,
    "_rsi": 64.24467664,
    "_rsi1": 64.11876591,
    "_stock_k": 73.27762303,
    "_stock_d": 71.6001238,
    "_stock_k1": 70.4178273,
    "_stock_d1": 73.94080507,
    "_macd_blue": 0.80457657,
    "_macd_orange": 1.83584004,
    "_cci20": 116.99175092,
    "_cci201": 130.79367098,
    "_ema10": 96.69629892,
    "_ema20": 94.81707195,
    "_ema30": 94.0937222,
    "_ema50": 93.51292799,
    "_ema100": 92.87540831,
    "_ema200": 91.74274807,
    "_psar": 90.59023804,
    "_wrr": -25.29247911,
    "stock_diff": 1.68,
    "rsi_diff": 0.13
}
