{
    "open": 99.5,
    "low": 98.48,
    "high": 100.75,
    "close": 98.91,
    "volume": 2157573,
    "change": -0.55298613,
    "_rsi": 62.39245606,
    "_rsi1": 64.11876591,
    "_stock_k": 72.12627669,
    "_stock_d": 71.21634169,
    "_stock_k1": 70.4178273,
    "_stock_d1": 73.94080507,
    "_macd_blue": 0.79468483,
    "_macd_orange": 1.78638135,
    "_cci20": 113.57795309,
    "_cci201": 130.79367098,
    "_ema10": 96.58357165,
    "_ema20": 94.75802433,
    "_ema30": 94.0537222,
    "_ema50": 93.48861426,
    "_ema100": 92.86313109,
    "_ema200": 91.73657892,
    "_psar": 90.59023804,
    "_wr": -28.74651811,
    "stock_diff": 0.91,
    "rsi_diff": -1.73
}
