{
    "open": 81.15,
    "low": 81,
    "high": 81.84,
    "close": 81.48,
    "volume": 1434888,
    "change": 0.69204152,
    "_rsi": 56.90521732,
    "_rsi1": 55.14184431,
    "_stock_k": 93.35181809,
    "_stock_d": 81.53162101,
    "_stock_k1": 83.36397826,
    "_stock_d1": 66.48939441,
    "_macd_blue": -0.70525813,
    "_macd_orange": -0.23571192,
    "_cci20": 85.97987207,
    "_cci201": 55.439777,
    "_ema10": 79.48636641,
    "_ema20": 79.51276653,
    "_ema30": 79.6789936,
    "_ema50": 79.3772928,
    "_ema100": 77.40007106,
    "_ema200": 73.47705576,
    "_psar": 76.01633502,
    "_wr": -4.71821756,
    "_mom": 5.65,
    "_mom1": 3.47,
    "stock_diff": 11.82,
    "rsi_diff": 1.76
}
