{
    "open": 117.66,
    "low": 115.37,
    "high": 118.85,
    "close": 115.87,
    "volume": 858773,
    "change": -2.25240425,
    "_rsi": 51.02207461,
    "_rsi1": 56.55891735,
    "_stock_k": 74.61352657,
    "_stock_d": 81.91001067,
    "_stock_k1": 83.647343,
    "_stock_d1": 84.98424213,
    "_macd_blue": -1.94227598,
    "_macd_orange": -0.56899962,
    "_cci20": 109.10460777,
    "_cci201": 177.64406182,
    "_ema10": 114.94722928,
    "_ema20": 114.59414597,
    "_ema30": 115.78646165,
    "_ema50": 119.28531894,
    "_ema100": 127.29469556,
    "_ema200": 133.08373294,
    "_psar": 108.5089175,
    "_wr": -33.84057971,
    "_mom": 5.15,
    "_mom1": 8.56,
    "stock_diff": -7.3,
    "rsi_diff": -5.54
}
