{
    "open": 358.7,
    "low": 351.65,
    "high": 358.7,
    "close": 351.89,
    "volume": 267409,
    "change": -0.48359729,
    "_rsi": 46.1965811,
    "_rsi1": 47.35350517,
    "_stock_k": 35.49233253,
    "_stock_d": 34.640391,
    "_stock_k1": 35.86898036,
    "_stock_d1": 34.67613835,
    "_macd_blue": -4.79953738,
    "_macd_orange": -4.33196902,
    "_cci20": -15.28037495,
    "_cci201": -37.8833902,
    "_ema10": 351.69817394,
    "_ema20": 354.74388405,
    "_ema30": 357.67584187,
    "_ema50": 362.99866261,
    "_ema100": 377.25382474,
    "_ema200": 403.89808286,
    "_psar": 341.34946091,
    "_wr": -62.10653753,
    "_mom": 9.3,
    "_mom1": 10.8,
    "stock_diff": 0.85,
    "rsi_diff": -1.16
}
