{
    "open": 2025.36,
    "low": 1990.05,
    "high": 2043.48,
    "close": 2027.29,
    "volume": 185656,
    "change": 0.67937684,
    "_rsi": 64.78261491,
    "_rsi1": 63.33992192,
    "_stock_k": 96.02794706,
    "_stock_d": 90.60546048,
    "_stock_k1": 91.73449552,
    "_stock_d1": 85.8409815,
    "_macd_blue": 4.38230285,
    "_macd_orange": 21.58894501,
    "_cci20": 171.77622148,
    "_cci201": 155.73162713,
    "_ema10": 1961.63061208,
    "_ema20": 1936.45938593,
    "_ema30": 1931.21368084,
    "_ema50": 1929.55372733,
    "_ema100": 1895.53494424,
    "_ema200": 1781.04167453,
    "_psar": 1849.51544023,
    "_wr": -7.82617103,
    "_mom": 162.7,
    "_mom1": 145.71,
    "stock_diff": 5.42,
    "rsi_diff": 1.44
}
