{
    "open": 56.23,
    "low": 55.8,
    "high": 56.56,
    "close": 56.24,
    "volume": 1671578,
    "change": 1.07836089,
    "_rsi": 45.51675451,
    "_rsi1": 42.87715767,
    "_stock_k": 76.23956799,
    "_stock_d": 79.80304549,
    "_stock_k1": 77.31958763,
    "_stock_d1": 82.73868839,
    "_macd_blue": -1.80212291,
    "_macd_orange": -1.18486444,
    "_cci20": 26.65779689,
    "_cci201": 14.86318623,
    "_ema10": 56.01275947,
    "_ema20": 56.50842238,
    "_ema30": 57.71106793,
    "_ema50": 60.27678536,
    "_ema100": 64.81823099,
    "_ema200": 69.46569656,
    "_psar": 51.79513023,
    "_wr": -23.12223859,
    "_mom": 2.82,
    "_mom1": 2.15,
    "stock_diff": -3.56,
    "rsi_diff": 2.64
}
