{
    "open": 156.96,
    "low": 155.73,
    "high": 158,
    "close": 156.41,
    "volume": 1618693,
    "change": -0.28052279,
    "_rsi": 65.317883,
    "_rsi1": 66.33491923,
    "_stock_k": 89.37393931,
    "_stock_d": 89.75655437,
    "_stock_k1": 90.84855951,
    "_stock_d1": 91.0984659,
    "_macd_blue": 4.36641235,
    "_macd_orange": 4.76256283,
    "_cci20": 101.99073208,
    "_cci201": 101.17703675,
    "_ema10": 154.08228025,
    "_ema20": 150.32530078,
    "_ema30": 147.47806925,
    "_ema50": 143.32742473,
    "_ema100": 135.13793656,
    "_ema200": 124.6705951,
    "_psar": 150.18133871,
    "_wr": -10.83785479,
    "_mom": 9.39,
    "_mom1": 8.1,
    "stock_diff": -0.38,
    "rsi_diff": -1.02
}
