{
    "open": 157.5,
    "low": 154.11,
    "high": 157.9,
    "close": 155.89,
    "volume": 2515645,
    "change": -0.85225466,
    "_rsi": 56.91400244,
    "_rsi1": 59.94575819,
    "_stock_k": 74.58067564,
    "_stock_d": 82.21290519,
    "_stock_k1": 82.04609582,
    "_stock_d1": 89.02137041,
    "_macd_blue": 1.34712298,
    "_macd_orange": 2.26560359,
    "_cci20": 76.04265052,
    "_cci201": 117.88929979,
    "_ema10": 155.41087633,
    "_ema20": 153.1606161,
    "_ema30": 152.33245531,
    "_ema50": 151.90795771,
    "_ema100": 149.60789298,
    "_ema200": 141.60674136,
    "_psar": 160.85,
    "_wr": -35.1523742,
    "_mom": 4.81,
    "_mom1": 6.75,
    "stock_diff": -7.63,
    "rsi_diff": -3.03
}
