{
    "open": 349.84,
    "low": 337.7,
    "high": 349.84,
    "close": 339.79,
    "volume": 621905,
    "change": -2.97258709,
    "_rsi": 53.50030872,
    "_rsi1": 59.55584498,
    "_stock_k": 89.56325905,
    "_stock_d": 95.05362693,
    "_stock_k1": 97.2777647,
    "_stock_d1": 95.49814006,
    "_macd_blue": -4.24889555,
    "_macd_orange": 0.48415564,
    "_cci20": 115.96331944,
    "_cci201": 173.65719619,
    "_ema10": 334.71159073,
    "_ema20": 331.80316263,
    "_ema30": 334.05119394,
    "_ema50": 341.88806449,
    "_ema100": 361.46261865,
    "_ema200": 381.34559948,
    "_psar": 314.27614202,
    "_wr": -24.39722109,
    "_mom": 15.08,
    "_mom1": 36.68,
    "stock_diff": -5.49,
    "rsi_diff": -6.06
}
