{
    "open": 91.36,
    "low": 91.2,
    "high": 92.14,
    "close": 91.97,
    "volume": 2069662,
    "change": 0.86641807,
    "_rsi": 49.46107264,
    "_rsi1": 45.80510749,
    "_stock_k": 29.51781971,
    "_stock_d": 42.85955904,
    "_stock_k1": 43.09361043,
    "_stock_d1": 56.50391436,
    "_macd_blue": 0.15572574,
    "_macd_orange": 0.04272837,
    "_cci20": -62.49072012,
    "_cci201": -135.5340918,
    "_ema10": 92.12042433,
    "_ema20": 92.1565234,
    "_ema30": 92.03433116,
    "_ema50": 91.39208697,
    "_ema100": 89.08778065,
    "_ema200": 84.9752076,
    "_psar": 94.10256,
    "_wr": -55.22012579,
    "_mom": 0.17,
    "_mom1": -0.95,
    "stock_diff": -13.34,
    "rsi_diff": 3.66
}
