{
    "open": 99.33,
    "low": 97,
    "high": 99.4,
    "close": 98.28,
    "volume": 1614856,
    "change": 0.07127584,
    "_rsi": 60.32403549,
    "_rsi1": 60.17197094,
    "_stock_k": 68.78365831,
    "_stock_d": 70.62828846,
    "_stock_k1": 70.97493036,
    "_stock_d1": 71.17301145,
    "_macd_blue": 1.16910728,
    "_macd_orange": 1.8417668,
    "_cci20": 70.57108332,
    "_cci201": 89.04887355,
    "_ema10": 97.13396119,
    "_ema20": 95.39089974,
    "_ema30": 94.57723243,
    "_ema50": 93.85440325,
    "_ema100": 93.0741778,
    "_ema200": 91.86545882,
    "_psar": 92.15928233,
    "_wr": -32.25626741,
    "_mom": 10.37,
    "_mom1": 8.96,
    "stock_diff": -1.84,
    "rsi_diff": 0.15
}
