{
    "open": 108.33,
    "low": 105.705,
    "high": 108.9,
    "close": 106.16,
    "volume": 7002664,
    "change": -2.57869138,
    "_rsi": 50.48515519,
    "_rsi1": 59.24257932,
    "_stock_k": 67.80173675,
    "_stock_d": 81.38501198,
    "_stock_k1": 84.97609542,
    "_stock_d1": 89.50629049,
    "_macd_blue": 0.68653253,
    "_macd_orange": 0.96534111,
    "_cci20": 32.52742642,
    "_cci201": 114.59010035,
    "_ema10": 107.20656287,
    "_ema20": 106.31550664,
    "_ema30": 105.91361115,
    "_ema50": 106.17566602,
    "_ema100": 109.13163557,
    "_ema200": 113.14599021,
    "_psar": 110.6,
    "_wr": -54.15162455,
    "_mom": 2.58,
    "_mom1": 4.88,
    "stock_diff": -13.58,
    "rsi_diff": -8.76
}
