{
    "open": 25.5,
    "low": 25.2851,
    "high": 25.99,
    "close": 25.53,
    "volume": 20078019,
    "change": -0.19546521,
    "_rsi": 67.10204928,
    "_rsi1": 67.5206902,
    "_stock_k": 88.71577147,
    "_stock_d": 82.17253,
    "_stock_k1": 87.24170925,
    "_stock_d1": 72.50042403,
    "_macd_blue": 0.76070871,
    "_macd_orange": 0.93109267,
    "_cci20": 157.82934591,
    "_cci201": 175.56341281,
    "_ema10": 24.13658061,
    "_ema20": 23.40225341,
    "_ema30": 22.78877805,
    "_ema50": 21.68220479,
    "_ema100": 19.58338,
    "_ema200": 16.88914646,
    "_psar": 21.3578672,
    "_wr": -8.89748549,
    "_mom": 1.65,
    "_mom1": 2.18,
    "stock_diff": 6.54,
    "rsi_diff": -0.42
}
