{
    "open": 493.7,
    "low": 490.7,
    "high": 499,
    "close": 495.73,
    "volume": 477566,
    "change": 0.91195929,
    "_rsi": 47.89293901,
    "_rsi1": 46.33901729,
    "_stock_k": 66.85677192,
    "_stock_d": 74.83655585,
    "_stock_k1": 72.08234803,
    "_stock_d1": 79.72684222,
    "_macd_blue": -10.19654898,
    "_macd_orange": -5.99775429,
    "_cci20": 16.5616045,
    "_cci201": 17.33988759,
    "_ema10": 495.40081565,
    "_ema20": 497.52847521,
    "_ema30": 503.87356718,
    "_ema50": 518.80270149,
    "_ema100": 544.57340116,
    "_ema200": 546.25143269,
    "_psar": 468.73934203,
    "_wr": -37.57128947,
    "_mom": 30.47,
    "_mom1": 3.12,
    "stock_diff": -7.98,
    "rsi_diff": 1.55
}
