{
    "open": 67.64,
    "low": 67.62,
    "high": 68.61,
    "close": 68.05,
    "volume": 2067057,
    "change": 0.60615021,
    "_rsi": 65.62500212,
    "_rsi1": 63.78878985,
    "_stock_k": 83.5656408,
    "_stock_d": 81.55081804,
    "_stock_k1": 83.43458029,
    "_stock_d1": 79.80464166,
    "_macd_blue": 0.82295009,
    "_macd_orange": 0.96058954,
    "_cci20": 138.16461956,
    "_cci201": 100.65226215,
    "_ema10": 66.89241402,
    "_ema20": 66.10362318,
    "_ema30": 65.56175475,
    "_ema50": 64.86078756,
    "_ema100": 63.86567489,
    "_ema200": 62.89193231,
    "_psar": 66.37116069,
    "_wr": -14.73684211,
    "_mom": 2,
    "_mom1": 2.42,
    "stock_diff": 2.01,
    "rsi_diff": 1.84
}
