{
    "open": 174.78,
    "low": 173.36,
    "high": 175.78,
    "close": 173.74,
    "volume": 1933960,
    "change": -1.48001134,
    "_rsi": 49.35324534,
    "_rsi1": 52.4727122,
    "_stock_k": 82.69397804,
    "_stock_d": 80.32395384,
    "_stock_k1": 81.98454822,
    "_stock_d1": 76.17931842,
    "_macd_blue": -5.60241847,
    "_macd_orange": -3.26681077,
    "_cci20": 71.44238736,
    "_cci201": 98.98048453,
    "_ema10": 170.78783321,
    "_ema20": 171.85084828,
    "_ema30": 175.46525513,
    "_ema50": 183.5426777,
    "_ema100": 196.6637782,
    "_ema200": 205.75316592,
    "_psar": 161.96662294,
    "_wr": -20.99364336,
    "_mom": 8.72,
    "_mom1": 19.62,
    "stock_diff": 2.37,
    "rsi_diff": -3.12
}
