{
    "open": 193.18,
    "low": 192.05,
    "high": 194.72,
    "close": 194.69,
    "volume": 2197836,
    "change": 1.22179474,
    "_rsi": 56.71928444,
    "_rsi1": 53.51874273,
    "_stock_k": 86.33093525,
    "_stock_d": 87.71376697,
    "_stock_k1": 84.37101482,
    "_stock_d1": 89.74787502,
    "_macd_blue": -0.98041975,
    "_macd_orange": 0.58854259,
    "_cci20": 115.78666716,
    "_cci201": 115.68342849,
    "_ema10": 191.4584751,
    "_ema20": 190.08585075,
    "_ema30": 190.74378828,
    "_ema50": 193.68093678,
    "_ema100": 200.50621868,
    "_ema200": 205.83503065,
    "_psar": 188.25038086,
    "_wr": -8.84892086,
    "_mom": 10.33,
    "_mom1": 6.94,
    "stock_diff": -1.38,
    "rsi_diff": 3.2
}
