{
    "open": 236.88,
    "low": 235.81,
    "high": 242.435,
    "close": 242.41,
    "volume": 1296707,
    "change": 3.04795103,
    "_rsi": 55.68966387,
    "_rsi1": 48.62961101,
    "_stock_k": 90.17613323,
    "_stock_d": 84.63311233,
    "_stock_k1": 83.05155472,
    "_stock_d1": 77.61069156,
    "_macd_blue": -7.56145031,
    "_macd_orange": -3.96475983,
    "_cci20": 126.64507706,
    "_cci201": 90.72225824,
    "_ema10": 232.85076908,
    "_ema20": 233.77576137,
    "_ema30": 238.43211899,
    "_ema50": 248.29159463,
    "_ema100": 262.68842531,
    "_ema200": 271.7883726,
    "_psar": 219.74338278,
    "_wr": -0.09543806,
    "_mom": 14.81,
    "_mom1": 8.24,
    "stock_diff": 5.54,
    "rsi_diff": 7.06
}
