{
    "open": 43.38,
    "low": 42.885,
    "high": 43.4325,
    "close": 43.07,
    "volume": 30324674,
    "change": -0.04641448,
    "_rsi": 49.18469753,
    "_rsi1": 49.27803856,
    "_stock_k": 81.68214654,
    "_stock_d": 85.14289828,
    "_stock_k1": 85.41357093,
    "_stock_d1": 85.88971967,
    "_macd_blue": -0.90791409,
    "_macd_orange": -0.4906084,
    "_cci20": 50.72177396,
    "_cci201": 63.28997084,
    "_ema10": 42.73288796,
    "_ema20": 42.8960324,
    "_ema30": 43.3701891,
    "_ema50": 44.05881601,
    "_ema100": 44.38244093,
    "_ema200": 42.9551903,
    "_psar": 40.58492058,
    "_wr": -24.14860681,
    "_mom": 2.4,
    "_mom1": 2.05,
    "stock_diff": -3.46,
    "rsi_diff": -0.09
}
