{
    "open": 146.83,
    "low": 145.83,
    "high": 148.27,
    "close": 148.09,
    "volume": 434707,
    "change": 1.18893065,
    "_rsi": 57.25428074,
    "_rsi1": 54.15914043,
    "_stock_k": 31.29638402,
    "_stock_d": 25.35256182,
    "_stock_k1": 22.3200269,
    "_stock_d1": 26.01480779,
    "_macd_blue": 3.10198641,
    "_macd_orange": 2.23023058,
    "_cci20": -21.15609379,
    "_cci201": -75.49536938,
    "_ema10": 147.12245621,
    "_ema20": 145.94475468,
    "_ema30": 144.04943628,
    "_ema50": 140.94685182,
    "_ema100": 138.12123456,
    "_ema200": 137.56244392,
    "_psar": 152.03109239,
    "_wr": -49.69208906,
    "_mom": -2.57,
    "_mom1": -4.1,
    "stock_diff": 5.94,
    "rsi_diff": 3.1
}
