{
    "open": 69.36,
    "low": 69.3,
    "high": 70.42,
    "close": 70.35,
    "volume": 7193599,
    "change": 1.42733564,
    "_rsi": 65.50504186,
    "_rsi1": 60.81197306,
    "_stock_k": 66.66666667,
    "_stock_d": 65.79583938,
    "_stock_k1": 60.95791001,
    "_stock_d1": 71.06162109,
    "_macd_blue": 0.73896707,
    "_macd_orange": 0.96687327,
    "_cci20": 102.26361491,
    "_cci201": 75.45394211,
    "_ema10": 69.18809042,
    "_ema20": 68.35466191,
    "_ema30": 67.83346003,
    "_ema50": 67.15503768,
    "_ema100": 66.04159132,
    "_ema200": 64.27044381,
    "_psar": 67.43289255,
    "_wr": -23.07692308,
    "stock_diff": 0.87,
    "rsi_diff": 4.69
}
