{
    "open": 69.36,
    "low": 69.3,
    "high": 70.42,
    "close": 70.27,
    "change": 1.31199539,
    "_rsi": 65.16795856,
    "_rsi1": 60.81197306,
    "_stock_k": 66.27963232,
    "_stock_d": 65.66682793,
    "_stock_k1": 60.95791001,
    "_stock_d1": 71.06162109,
    "_macd_blue": 0.73769072,
    "_macd_orange": 0.9604915,
    "_cci20": 101.21409512,
    "_cci201": 75.45394211,
    "_ema10": 69.17354497,
    "_ema20": 68.34704287,
    "_ema30": 67.82829874,
    "_ema50": 67.15190043,
    "_ema100": 66.04000716,
    "_ema200": 64.26964779,
    "_psar": 67.43289255,
    "_wrr": -24.23802612,
    "stock_diff": 0.61,
    "rsi_diff": 4.36
}
