{
    "open": 99.5,
    "low": 99.25,
    "high": 100.75,
    "close": 100.02,
    "change": 0.56304042,
    "_rsi": 65.10190228,
    "_rsi1": 64.11876591,
    "_stock_k": 74.18755803,
    "_stock_d": 71.90343547,
    "_stock_k1": 70.4178273,
    "_stock_d1": 73.94080507,
    "_macd_blue": 0.81239423,
    "_macd_orange": 1.87492836,
    "_cci20": 123.8147687,
    "_cci201": 130.79367098,
    "_ema10": 96.78538983,
    "_ema20": 94.86373862,
    "_ema30": 94.1253351,
    "_ema50": 93.53214367,
    "_ema100": 92.88511128,
    "_ema200": 91.74762369,
    "_psar": 90.59023804,
    "_wrr": -22.56267409,
    "stock_diff": 2.28,
    "rsi_diff": 0.98
}
