{
    "open": 107.8,
    "low": 107.53,
    "high": 109.36,
    "close": 109.13,
    "volume": 1686676,
    "change": 1.5446171,
    "_rsi": 68.64310841,
    "_rsi1": 63.73048843,
    "_stock_k": 87.8496307,
    "_stock_d": 83.36513617,
    "_stock_k1": 81.74670842,
    "_stock_d1": 79.47811261,
    "_macd_blue": 1.17738864,
    "_macd_orange": 1.44347584,
    "_cci20": 126.38206739,
    "_cci201": 81.56444333,
    "_ema10": 106.68270323,
    "_ema20": 105.45341601,
    "_ema30": 104.69958002,
    "_ema50": 103.90569069,
    "_ema100": 103.04355196,
    "_ema200": 101.60891398,
    "_psar": 104.9244,
    "_wr": -4.43219702,
    "_mom": 2.99,
    "_mom1": 1.28,
    "stock_diff": 4.48,
    "rsi_diff": 4.91
}
