{
    "open": 93.61,
    "low": 93.38,
    "high": 95.19,
    "close": 95.02,
    "volume": 2660838,
    "change": 2.07326243,
    "_rsi": 44.27252692,
    "_rsi1": 37.75511588,
    "_stock_k": 31.75707,
    "_stock_d": 36.22546355,
    "_stock_k1": 33.14789059,
    "_stock_d1": 38.56400701,
    "_macd_blue": -1.45165704,
    "_macd_orange": -1.53523715,
    "_cci20": -77.86723386,
    "_cci201": -125.11816525,
    "_ema10": 95.1031611,
    "_ema20": 96.26131181,
    "_ema30": 97.26585785,
    "_ema50": 98.79214705,
    "_ema100": 100.3784827,
    "_ema200": 99.30471891,
    "_psar": 98.8172,
    "_wr": -54.5201669,
    "_mom": -1.52,
    "_mom1": -4.99,
    "stock_diff": -4.47,
    "rsi_diff": 6.52
}
