{
    "open": 37.9,
    "low": 37.27,
    "high": 37.9,
    "close": 37.65,
    "volume": 4547870,
    "change": 0.3197442,
    "_rsi": 50.65281032,
    "_rsi1": 50.21502444,
    "_stock_k": 73.18152782,
    "_stock_d": 68.15917588,
    "_stock_k1": 67.1273351,
    "_stock_d1": 64.48936558,
    "_macd_blue": -0.60519286,
    "_macd_orange": -0.29450456,
    "_cci20": 16.40117414,
    "_cci201": 10.56714208,
    "_ema10": 37.19813161,
    "_ema20": 37.27646189,
    "_ema30": 37.57795453,
    "_ema50": 38.15549348,
    "_ema100": 39.09032446,
    "_ema200": 39.15966169,
    "_psar": 32.93093101,
    "_wr": -19.93265993,
    "_mom": 2.08,
    "_mom1": 1.65,
    "stock_diff": 5.02,
    "rsi_diff": 0.44
}
