{
    "open": 316.37,
    "low": 313.735,
    "high": 318.185,
    "close": 316.67,
    "volume": 385628,
    "change": 0.62919063,
    "_rsi": 52.54308689,
    "_rsi1": 51.46520185,
    "_stock_k": 66.767953,
    "_stock_d": 73.46973227,
    "_stock_k1": 69.9280867,
    "_stock_d1": 79.25792176,
    "_macd_blue": 2.21259778,
    "_macd_orange": 3.27730485,
    "_cci20": 29.96851625,
    "_cci201": 39.08174564,
    "_ema10": 316.58985036,
    "_ema20": 313.33244739,
    "_ema30": 312.38634328,
    "_ema50": 313.86190908,
    "_ema100": 314.72424847,
    "_ema200": 300.91370876,
    "_psar": 298.67486385,
    "_wr": -37.55697356,
    "_mom": 6.93,
    "_mom1": 7.82,
    "stock_diff": -6.7,
    "rsi_diff": 1.08
}
