{
    "open": 398.3,
    "low": 391.77,
    "high": 398.56,
    "close": 395.07,
    "volume": 448037,
    "change": -0.19452304,
    "_rsi": 58.95646957,
    "_rsi1": 59.42991852,
    "_stock_k": 89.6404757,
    "_stock_d": 85.9707231,
    "_stock_k1": 85.98336427,
    "_stock_d1": 85.18335271,
    "_macd_blue": 3.40164023,
    "_macd_orange": 5.96188124,
    "_cci20": 124.51937659,
    "_cci201": 132.20236563,
    "_ema10": 386.72425457,
    "_ema20": 380.92106319,
    "_ema30": 378.49244844,
    "_ema50": 377.52050427,
    "_ema100": 376.73876785,
    "_ema200": 365.57235857,
    "_psar": 378.75785745,
    "_wr": -7.25922871,
    "_mom": 26.56,
    "_mom1": 16.47,
    "stock_diff": 3.67,
    "rsi_diff": -0.47
}
