{
    "open": 74.66,
    "low": 74.62,
    "high": 76.23,
    "close": 75.92,
    "volume": 27399111,
    "change": 2.76123443,
    "_rsi": 61.35721046,
    "_rsi1": 56.57842807,
    "_stock_k": 46.94481333,
    "_stock_d": 42.55902127,
    "_stock_k1": 39.14686968,
    "_stock_d1": 42.23839484,
    "_macd_blue": 2.09522165,
    "_macd_orange": 1.81095805,
    "_cci20": 68.74961598,
    "_cci201": 33.84128599,
    "_ema10": 74.14460801,
    "_ema20": 72.97999054,
    "_ema30": 71.59247617,
    "_ema50": 69.01249656,
    "_ema100": 64.40783549,
    "_ema200": 59.05392657,
    "_psar": 78.63330653,
    "_wr": -43.96728016,
    "_mom": -0.42,
    "_mom1": -1.35,
    "stock_diff": 4.39,
    "rsi_diff": 4.78
}
