{
    "open": 75.81,
    "low": 74.71,
    "high": 76.23,
    "close": 75.57,
    "volume": 33223367,
    "change": -0.73558387,
    "_rsi": 59.86422054,
    "_rsi1": 61.79009966,
    "_stock_k": 48.92900611,
    "_stock_d": 45.24547851,
    "_stock_k1": 47.66055975,
    "_stock_d1": 42.79760341,
    "_macd_blue": 2.04247633,
    "_macd_orange": 1.81809336,
    "_cci20": 60.67378838,
    "_cci201": 71.35087612,
    "_ema10": 74.43500986,
    "_ema20": 73.24475334,
    "_ema30": 71.8617649,
    "_ema50": 69.2775659,
    "_ema100": 64.63294452,
    "_ema200": 59.22033436,
    "_psar": 78.30557426,
    "_wr": -47.54601227,
    "_mom": -1.97,
    "_mom1": -0.21,
    "stock_diff": 3.68,
    "rsi_diff": -1.93
}
