{
    "open": 41.76,
    "low": 41.03,
    "high": 42.86,
    "close": 42.78,
    "volume": 11303635,
    "change": 3.00987238,
    "_rsi": 54.7240384,
    "_rsi1": 51.77460311,
    "_stock_k": 93.6771716,
    "_stock_d": 89.29578767,
    "_stock_k1": 87.38828744,
    "_stock_d1": 85.32993362,
    "_macd_blue": -1.22110502,
    "_macd_orange": -0.38473342,
    "_cci20": 56.82181623,
    "_cci201": 44.66861677,
    "_ema10": 40.71275025,
    "_ema20": 40.61668524,
    "_ema30": 41.15441415,
    "_ema50": 42.11837504,
    "_ema100": 43.72602023,
    "_ema200": 45.47031328,
    "_psar": 35.15360219,
    "_wr": -0.64935065,
    "_mom": 7.58,
    "_mom1": 6.63,
    "stock_diff": 4.38,
    "rsi_diff": 2.95
}
