{
    "open": 280.34,
    "low": 275.82,
    "high": 285.3992,
    "close": 276.44,
    "volume": 30659591,
    "change": -1.29610455,
    "_rsi": 38.61255345,
    "_rsi1": 40.55514427,
    "_stock_k": 32.29701177,
    "_stock_d": 38.97105678,
    "_stock_k1": 44.43102928,
    "_stock_d1": 38.96949925,
    "_macd_blue": -5.24834364,
    "_macd_orange": -6.09302136,
    "_cci20": -120.20717695,
    "_cci201": -92.00016662,
    "_ema10": 284.89370397,
    "_ema20": 289.6597151,
    "_ema30": 293.59163122,
    "_ema50": 299.60946223,
    "_ema100": 304.08540244,
    "_ema200": 294.71552572,
    "_psar": 297.72097303,
    "_wr": -80.56142469,
    "_mom": -22.35,
    "_mom1": -17.24,
    "stock_diff": -6.67,
    "rsi_diff": -1.94
}
