{
    "open": 34.33,
    "low": 33.57,
    "high": 34.69,
    "close": 33.57,
    "volume": 23351,
    "change": -1.29373714,
    "_rsi": 38.3560368,
    "_rsi1": 40.00450519,
    "_stock_k": 28.26444117,
    "_stock_d": 20.8451016,
    "_stock_k1": 22.25752146,
    "_stock_d1": 13.29511884,
    "_macd_blue": -0.83262632,
    "_macd_orange": -1.11914093,
    "_cci20": -88.07765928,
    "_cci201": -96.695214,
    "_ema10": 34.46710422,
    "_ema20": 35.45801764,
    "_ema30": 36.01415082,
    "_ema50": 36.52311742,
    "_ema100": 36.60781588,
    "_ema200": 35.43323222,
    "_psar": 32.31,
    "_wr": -76.44859813,
    "stock_diff": 7.42,
    "rsi_diff": -1.65
}
