{
    "open": 34.33,
    "low": 34.11,
    "high": 34.69,
    "close": 34.15,
    "change": 0.41164363,
    "_rsi": 40.8138661,
    "_rsi1": 40.00450519,
    "_stock_k": 31.87814833,
    "_stock_d": 22.04967066,
    "_stock_k1": 22.25752146,
    "_stock_d1": 13.29511884,
    "_macd_blue": -0.82337276,
    "_macd_orange": -1.07287313,
    "_cci20": -74.38450899,
    "_cci201": -96.695214,
    "_ema10": 34.57255876,
    "_ema20": 35.51325574,
    "_ema30": 36.05157018,
    "_ema50": 36.54586252,
    "_ema100": 36.61930103,
    "_ema200": 35.43900337,
    "_psar": 32.31,
    "_wrr": -65.60747664,
    "stock_diff": 9.83,
    "rsi_diff": 0.81
}
