{
    "open": 10.97,
    "low": 10.9,
    "high": 11.21,
    "close": 11.19,
    "volume": 15720948,
    "change": 2.19178082,
    "_rsi": 45.35417475,
    "_rsi1": 41.272276,
    "_stock_k": 91.8234136,
    "_stock_d": 89.92686839,
    "_stock_k1": 89.20008601,
    "_stock_d1": 86.66854134,
    "_macd_blue": -0.86094271,
    "_macd_orange": -0.61418036,
    "_cci20": 111.35907099,
    "_cci201": 31.80129991,
    "_ema10": 10.80333892,
    "_ema20": 11.14266693,
    "_ema30": 11.62493125,
    "_ema50": 12.29096913,
    "_ema100": 13.00391522,
    "_ema200": 13.66383299,
    "_psar": 10.01676742,
    "_wr": -1.29032258,
    "_mom": 1.17,
    "_mom1": 0.83,
    "stock_diff": 1.9,
    "rsi_diff": 4.08
}
