{
    "open": 1386.31,
    "low": 1350,
    "high": 1386.31,
    "close": 1359.31,
    "volume": 147814,
    "change": -2.8779857,
    "_rsi": 45.42699367,
    "_rsi1": 50.76732115,
    "_stock_k": 75.52445927,
    "_stock_d": 79.02711008,
    "_stock_k1": 83.559597,
    "_stock_d1": 75.48379182,
    "_macd_blue": -26.48057396,
    "_macd_orange": -17.86102579,
    "_cci20": -14.02531926,
    "_cci201": 67.03823652,
    "_ema10": 1372.07448571,
    "_ema20": 1380.68135966,
    "_ema30": 1396.79460937,
    "_ema50": 1425.45812999,
    "_ema100": 1455.28032913,
    "_ema200": 1428.61675414,
    "_psar": 1311.95834969,
    "_wr": -43.90163815,
    "_mom": -28.98,
    "_mom1": 82.49,
    "stock_diff": -3.5,
    "rsi_diff": -5.34
}
