{
    "open": 55.35,
    "low": 54.69,
    "high": 56.185,
    "close": 55.66,
    "volume": 5364759,
    "change": 1.21840335,
    "_rsi": 63.05604837,
    "_rsi1": 61.51608161,
    "_stock_k": 60.94098791,
    "_stock_d": 62.86960238,
    "_stock_k1": 62.37646554,
    "_stock_d1": 64.83418054,
    "_macd_blue": 2.52195059,
    "_macd_orange": 2.68648636,
    "_cci20": 52.06326679,
    "_cci201": 55.86764342,
    "_ema10": 54.87519447,
    "_ema20": 52.73625709,
    "_ema30": 51.19891586,
    "_ema50": 49.28539338,
    "_ema100": 46.70936188,
    "_ema200": 43.76172956,
    "_psar": 62.10144,
    "_wr": -41.14149822,
    "_mom": 0.56,
    "_mom1": 5.62,
    "stock_diff": -1.93,
    "rsi_diff": 1.54
}
