{
    "open": 17.08,
    "low": 17,
    "high": 17.57,
    "close": 17.5,
    "volume": 8318856,
    "change": 1.98135198,
    "_rsi": 54.92627217,
    "_rsi1": 52.68638094,
    "_stock_k": 83.58812609,
    "_stock_d": 72.17612589,
    "_stock_k1": 72.09119497,
    "_stock_d1": 60.35115304,
    "_macd_blue": -0.72371223,
    "_macd_orange": -0.4030742,
    "_cci20": 87.80549381,
    "_cci201": 61.5097705,
    "_ema10": 16.42348114,
    "_ema20": 16.5634357,
    "_ema30": 16.97469353,
    "_ema50": 17.84266085,
    "_ema100": 19.28990567,
    "_ema200": 20.09981714,
    "_psar": 13.90296,
    "_wr": -8.43373494,
    "_mom": 2.24,
    "_mom1": 0.71,
    "stock_diff": 11.41,
    "rsi_diff": 2.24
}
