{
    "open": 119.915,
    "low": 117.2533,
    "high": 121.4,
    "close": 119.67,
    "volume": 95827747,
    "change": -0.71351531,
    "_rsi": 55.08286184,
    "_rsi1": 55.99552522,
    "_stock_k": 89.74536226,
    "_stock_d": 85.26672372,
    "_stock_k1": 86.06953971,
    "_stock_d1": 80.0597521,
    "_macd_blue": -1.74391253,
    "_macd_orange": -0.04455949,
    "_cci20": 106.2637605,
    "_cci201": 89.19662837,
    "_ema10": 114.98576745,
    "_ema20": 114.10074994,
    "_ema30": 115.07332374,
    "_ema50": 117.95444363,
    "_ema100": 120.46178338,
    "_ema200": 115.06536385,
    "_psar": 104.90398208,
    "_wr": -8.11444653,
    "_mom": 15.38,
    "_mom1": 14.07,
    "stock_diff": 4.48,
    "rsi_diff": -0.91
}
