{
    "open": 82.92,
    "low": 82.79,
    "high": 85.49,
    "close": 85.2,
    "volume": 22408067,
    "change": 2.18277764,
    "_rsi": 60.9325823,
    "_rsi1": 57.39123379,
    "_stock_k": 50.16934338,
    "_stock_d": 44.4153101,
    "_stock_k1": 42.82748826,
    "_stock_d1": 37.8600823,
    "_macd_blue": 1.21108484,
    "_macd_orange": 1.26559611,
    "_cci20": 68.65739779,
    "_cci201": 52.79809675,
    "_ema10": 82.31253917,
    "_ema20": 81.45216061,
    "_ema30": 80.42212606,
    "_ema50": 78.04473302,
    "_ema100": 73.10665805,
    "_ema200": 67.14580678,
    "_psar": 85.61291664,
    "_wr": -41.33071124,
    "_mom": 0.28,
    "_mom1": -1.98,
    "stock_diff": 5.75,
    "rsi_diff": 3.54
}
