{
    "open": 52.75,
    "low": 52.7119,
    "high": 53.64,
    "close": 53.62,
    "volume": 7640883,
    "change": 2.13333333,
    "_rsi": 62.18460112,
    "_rsi1": 56.25507331,
    "_stock_k": 79.69624301,
    "_stock_d": 77.58065488,
    "_stock_k1": 77.21822542,
    "_stock_d1": 72.343312,
    "_macd_blue": 0.42078026,
    "_macd_orange": 0.56202463,
    "_cci20": 106.25457757,
    "_cci201": 40.6467293,
    "_ema10": 52.46516657,
    "_ema20": 52.00584611,
    "_ema30": 51.641322,
    "_ema50": 50.93033783,
    "_ema100": 49.70128472,
    "_ema200": 48.47892613,
    "_psar": 50.03522936,
    "_wr": -8.15347722,
    "_mom": 3.14,
    "_mom1": 1.27,
    "stock_diff": 2.12,
    "rsi_diff": 5.93
}
