{
    "open": 68.37,
    "low": 68.02,
    "high": 68.47,
    "close": 68.16,
    "volume": 4928797,
    "change": 0.14692918,
    "_rsi": 51.1141842,
    "_rsi1": 50.53897875,
    "_stock_k": 33.31703066,
    "_stock_d": 41.39202532,
    "_stock_k1": 37.49668439,
    "_stock_d1": 50.63790463,
    "_macd_blue": 0.66519771,
    "_macd_orange": 0.49938106,
    "_cci20": 5.68534553,
    "_cci201": -7.38944983,
    "_ema10": 68.54841071,
    "_ema20": 68.24436688,
    "_ema30": 67.87658198,
    "_ema50": 67.28228193,
    "_ema100": 66.19324173,
    "_ema200": 64.41720223,
    "_psar": 71.759424,
    "_wr": -68.85245902,
    "_mom": -1.21,
    "_mom1": -0.13,
    "stock_diff": -8.07,
    "rsi_diff": 0.58
}
