{
    "open": 132.87,
    "low": 132.28,
    "high": 133.61,
    "close": 133.56,
    "volume": 796276,
    "change": 0.8,
    "_rsi": 54.85404496,
    "_rsi1": 52.12469207,
    "_stock_k": 70.3815261,
    "_stock_d": 75.22936729,
    "_stock_k1": 73.92904953,
    "_stock_d1": 81.84087131,
    "_macd_blue": -0.29553782,
    "_macd_orange": 0.36188541,
    "_cci20": 82.69009832,
    "_cci201": 79.41578073,
    "_ema10": 132.45219156,
    "_ema20": 131.77263331,
    "_ema30": 132.00658026,
    "_ema50": 133.06161281,
    "_ema100": 134.36745002,
    "_ema200": 132.95942849,
    "_psar": 131.24379079,
    "_wr": -22.69076305,
    "_mom": 7.22,
    "_mom1": 4.32,
    "stock_diff": -4.85,
    "rsi_diff": 2.73
}
