{
    "open": 56.74,
    "low": 56.17,
    "high": 57.2,
    "close": 56.45,
    "volume": 5209297,
    "change": -0.21212657,
    "_rsi": 64.52824637,
    "_rsi1": 65.10083936,
    "_stock_k": 40.30820668,
    "_stock_d": 48.56933827,
    "_stock_k1": 49.86014408,
    "_stock_d1": 54.14174205,
    "_macd_blue": 2.48349907,
    "_macd_orange": 2.37356474,
    "_cci20": 52.76364586,
    "_cci201": 48.09637835,
    "_ema10": 55.60568478,
    "_ema20": 53.86730653,
    "_ema30": 52.3589366,
    "_ema50": 50.29959058,
    "_ema100": 47.43421252,
    "_ema200": 44.2468366,
    "_psar": 60.94420464,
    "_wr": -73.27627427,
    "_mom": 1.11,
    "_mom1": 0.86,
    "stock_diff": -8.26,
    "rsi_diff": -0.57
}
