{
    "open": 33.43,
    "low": 32.93,
    "high": 33.45,
    "close": 32.99,
    "volume": 142466,
    "change": -0.692354,
    "_rsi": 64.17955211,
    "_rsi1": 68.95554506,
    "_stock_k": 86.79565885,
    "_stock_d": 83.26732385,
    "_stock_k1": 85.36780566,
    "_stock_d1": 76.24535096,
    "_macd_blue": 0.37499223,
    "_macd_orange": 0.45074011,
    "_cci20": 135.54369919,
    "_cci201": 183.1887395,
    "_ema10": 32.67527436,
    "_ema20": 32.30009284,
    "_ema30": 32.05233527,
    "_ema50": 31.77502191,
    "_ema100": 31.38291965,
    "_ema200": 30.46892808,
    "_psar": 32.125451,
    "_wr": -25.12820513,
    "_mom": 1.1,
    "_mom1": 1.08,
    "stock_diff": 3.53,
    "rsi_diff": -4.78
}
