{
    "open": 66.33,
    "low": 65.31,
    "high": 67.1,
    "close": 67.1,
    "volume": 910857,
    "change": -0.08933889,
    "_rsi": 49.80663075,
    "_rsi1": 49.97329716,
    "_stock_k": 58.34849983,
    "_stock_d": 43.66666057,
    "_stock_k1": 44.41870126,
    "_stock_d1": 32.05161328,
    "_macd_blue": -1.64990894,
    "_macd_orange": -1.38140703,
    "_cci20": -1.44626764,
    "_cci201": -2.90426473,
    "_ema10": 65.56316374,
    "_ema20": 66.52171156,
    "_ema30": 67.39205555,
    "_ema50": 68.34641103,
    "_ema100": 68.74585044,
    "_ema200": 66.92096795,
    "_psar": 62.17331226,
    "_wr": -29.46317104,
    "_mom": 0.22,
    "_mom1": -0.28,
    "stock_diff": 14.68,
    "rsi_diff": -0.17
}
