{
    "open": 47.15,
    "low": 46.52,
    "high": 47.35,
    "close": 46.52,
    "volume": 16229629,
    "change": -1.4824227,
    "_rsi": 47.59566309,
    "_rsi1": 53.07281674,
    "_stock_k": 71.135844,
    "_stock_d": 70.59268413,
    "_stock_k1": 74.73122124,
    "_stock_d1": 67.10291068,
    "_macd_blue": -0.57318931,
    "_macd_orange": -0.34369259,
    "_cci20": 60.94340609,
    "_cci201": 118.1634776,
    "_ema10": 46.45567973,
    "_ema20": 46.58518529,
    "_ema30": 46.93501453,
    "_ema50": 47.7077771,
    "_ema100": 49.45771497,
    "_ema200": 51.13210115,
    "_psar": 45.10022666,
    "_wr": -36.88925694,
    "_mom": 0.4,
    "_mom1": 1.09,
    "stock_diff": 0.54,
    "rsi_diff": -5.48
}
