{
    "open": 19.7,
    "low": 19.635,
    "high": 20.22,
    "close": 19.86,
    "volume": 19456547,
    "change": 0.55696203,
    "_rsi": 53.42610848,
    "_rsi1": 52.79824461,
    "_stock_k": 89.79188486,
    "_stock_d": 89.90583526,
    "_stock_k1": 90.17494945,
    "_stock_d1": 91.05471917,
    "_macd_blue": -0.38840215,
    "_macd_orange": -0.06390573,
    "_cci20": 90.11165284,
    "_cci201": 67.49486876,
    "_ema10": 19.32743319,
    "_ema20": 19.20367237,
    "_ema30": 19.40594348,
    "_ema50": 19.9453533,
    "_ema100": 21.24374392,
    "_ema200": 22.89576608,
    "_psar": 17.74807136,
    "_wr": -6.76691729,
    "_mom": 2.37,
    "_mom1": 1.95,
    "stock_diff": -0.11,
    "rsi_diff": 0.63
}
