{
    "open": 77.61,
    "low": 76.62,
    "high": 77.75,
    "close": 77.24,
    "volume": 1531948,
    "change": -0.23249806,
    "_rsi": 50.45378991,
    "_rsi1": 51.06949881,
    "_stock_k": 79.40523746,
    "_stock_d": 74.25703114,
    "_stock_k1": 74.75800189,
    "_stock_d1": 70.82041497,
    "_macd_blue": -1.06332145,
    "_macd_orange": -0.52801074,
    "_cci20": 39.62011055,
    "_cci201": 27.72694357,
    "_ema10": 76.58935649,
    "_ema20": 76.68403684,
    "_ema30": 77.32402534,
    "_ema50": 78.65768514,
    "_ema100": 80.56634995,
    "_ema200": 80.23735556,
    "_psar": 72.19139212,
    "_wr": -17.84287617,
    "_mom": 4.84,
    "_mom1": 3.62,
    "stock_diff": 5.15,
    "rsi_diff": -0.62
}
