{
    "open": 108.89,
    "low": 103.07,
    "high": 109.07,
    "close": 106.46,
    "change": -4.1332733,
    "_rsi": 42.47909755,
    "_rsi1": 45.66543983,
    "_stock_k": 30.98247044,
    "_stock_d": 22.63220833,
    "_stock_k1": 22.51168222,
    "_stock_d1": 18.38104562,
    "_macd_blue": -4.11408305,
    "_macd_orange": -3.56425483,
    "_cci20": -127.84613627,
    "_cci201": -83.97222165,
    "_ema10": 110.53408918,
    "_ema20": 113.72372814,
    "_ema30": 116.42723344,
    "_ema50": 120.45238715,
    "_ema100": 122.26387689,
    "_ema200": 115.30685907,
    "stock_diff": 8.35,
    "rsi_diff": -3.19
}
