{
    "open": 36.67,
    "low": 36.285,
    "high": 37.48,
    "close": 36.98,
    "volume": 12761769,
    "change": -1.75345377,
    "_rsi": 74.30791814,
    "_rsi1": 78.45967821,
    "_stock_k": 92.49139368,
    "_stock_d": 86.19563376,
    "_stock_k1": 85.68630971,
    "_stock_d1": 80.85201364,
    "_macd_blue": 1.69709618,
    "_macd_orange": 2.37310945,
    "_cci20": 137.88972058,
    "_cci201": 179.92677475,
    "_ema10": 34.36590066,
    "_ema20": 32.28614778,
    "_ema30": 31.01980583,
    "_ema50": 29.44306872,
    "_ema100": 27.44192773,
    "_ema200": 25.49292023,
    "_psar": 31.89299012,
    "_wr": -13.37073399,
    "_mom": 7.6,
    "_mom1": 8.14,
    "stock_diff": 6.3,
    "rsi_diff": -4.15
}
