{
    "open": 25.6,
    "low": 25.25,
    "high": 25.715,
    "close": 25.57,
    "volume": 15307095,
    "change": -0.77609624,
    "_rsi": 49.76599927,
    "_rsi1": 51.76356749,
    "_stock_k": 83.62071933,
    "_stock_d": 58.91767154,
    "_stock_k1": 56.56685596,
    "_stock_d1": 39.17863375,
    "_macd_blue": -0.23912096,
    "_macd_orange": -0.19757359,
    "_cci20": 11.39563534,
    "_cci201": 10.53628163,
    "_ema10": 25.36728235,
    "_ema20": 25.51674624,
    "_ema30": 25.60937722,
    "_ema50": 25.583716,
    "_ema100": 25.34015243,
    "_ema200": 24.94826123,
    "_psar": 24.506,
    "_wr": -16.15384615,
    "_mom": 0.44,
    "_mom1": 0.29,
    "stock_diff": 24.7,
    "rsi_diff": -2.0
}
