{
    "open": 89.04,
    "low": 88.84,
    "high": 90.02,
    "close": 89.55,
    "volume": 893066,
    "change": 0.47122181,
    "_rsi": 59.17117853,
    "_rsi1": 57.57864239,
    "_stock_k": 77.82587863,
    "_stock_d": 77.2937301,
    "_stock_k1": 79.42050127,
    "_stock_d1": 77.67436616,
    "_macd_blue": 0.53038986,
    "_macd_orange": 0.72032941,
    "_cci20": 109.73838717,
    "_cci201": 83.76645877,
    "_ema10": 88.55327822,
    "_ema20": 87.9075055,
    "_ema30": 87.56191527,
    "_ema50": 87.20235894,
    "_ema100": 86.57877843,
    "_ema200": 85.28903851,
    "_psar": 87.894822,
    "_wr": -12.40105541,
    "_mom": 2,
    "_mom1": 2.39,
    "stock_diff": 0.53,
    "rsi_diff": 1.59
}
