{
    "open": 38.99,
    "low": 37.69,
    "high": 39.4705,
    "close": 38.6,
    "volume": 20780678,
    "change": -0.56671819,
    "_rsi": 61.94796858,
    "_rsi1": 63.21423452,
    "_stock_k": 89.97159232,
    "_stock_d": 88.52424259,
    "_stock_k1": 90.94057637,
    "_stock_d1": 86.39370712,
    "_macd_blue": 0.13249143,
    "_macd_orange": 0.75473409,
    "_cci20": 117.80957802,
    "_cci201": 142.87276637,
    "_ema10": 37.19890116,
    "_ema20": 36.28458917,
    "_ema30": 36.19363285,
    "_ema50": 37.17745025,
    "_ema100": 41.46714355,
    "_ema200": 47.09301455,
    "_psar": 34.38627883,
    "_wr": -11.57502826,
    "_mom": 5.6,
    "_mom1": 4.7,
    "stock_diff": 1.45,
    "rsi_diff": -1.27
}
