{
    "open": 2204.82,
    "low": 2152.02,
    "high": 2208.815,
    "close": 2159.75,
    "volume": 292104,
    "change": -1.91692855,
    "_rsi": 47.51673343,
    "_rsi1": 50.06707246,
    "_stock_k": 85.25654041,
    "_stock_d": 85.52216034,
    "_stock_k1": 87.25381821,
    "_stock_d1": 84.32387722,
    "_macd_blue": -79.14631366,
    "_macd_orange": -51.55585985,
    "_cci20": 50.38271501,
    "_cci201": 46.3904848,
    "_ema10": 2142.23728922,
    "_ema20": 2168.63285057,
    "_ema30": 2209.29303055,
    "_ema50": 2261.67306755,
    "_ema100": 2305.54356445,
    "_ema200": 2294.91236929,
    "_psar": 1883.26041937,
    "_wr": -18.04092314,
    "_mom": 124.28,
    "_mom1": 302.43,
    "stock_diff": -0.27,
    "rsi_diff": -2.55
}
