{
    "open": 102.13,
    "low": 98.54,
    "high": 102.71,
    "close": 98.92,
    "volume": 1439306,
    "change": -4.00776322,
    "_rsi": 39.3554265,
    "_rsi1": 46.62339752,
    "_stock_k": 37.35442753,
    "_stock_d": 48.11630304,
    "_stock_k1": 54.14230632,
    "_stock_d1": 51.64719052,
    "_macd_blue": -2.29023523,
    "_macd_orange": -1.9115891,
    "_cci20": -89.83119764,
    "_cci201": 13.03916355,
    "_ema10": 101.90226623,
    "_ema20": 103.01799438,
    "_ema30": 104.71473102,
    "_ema50": 108.833176,
    "_ema100": 116.63660878,
    "_ema200": 121.04115399,
    "_psar": 97.62010967,
    "_wr": -90.64935065,
    "_mom": -2.97,
    "_mom1": 3.1,
    "stock_diff": -10.76,
    "rsi_diff": -7.27
}
