{
    "open": 72.76,
    "low": 72.3089,
    "high": 74.135,
    "close": 73.95,
    "volume": 38478153,
    "change": 3.4410407,
    "_rsi": 56.80224735,
    "_rsi1": 50.39918361,
    "_stock_k": 41.58538081,
    "_stock_d": 49.48166671,
    "_stock_k1": 45.98293402,
    "_stock_d1": 60.13700077,
    "_macd_blue": 2.26876401,
    "_macd_orange": 1.86888417,
    "_cci20": 29.55485207,
    "_cci201": -5.81643162,
    "_ema10": 73.72120455,
    "_ema20": 72.54320173,
    "_ema30": 71.11568323,
    "_ema50": 68.52037632,
    "_ema100": 63.97921129,
    "_ema200": 58.73370893,
    "_psar": 79.33030656,
    "_wr": -51.35135135,
    "_mom": 0.83,
    "_mom1": -1.43,
    "stock_diff": -7.9,
    "rsi_diff": 6.4
}
