{
    "open": 117.75,
    "low": 115.76,
    "high": 117.985,
    "close": 115.96,
    "volume": 1798959,
    "change": -2.28364372,
    "_rsi": 42.70078794,
    "_rsi1": 47.54603362,
    "_stock_k": 56.03198653,
    "_stock_d": 67.83655645,
    "_stock_k1": 74.0617284,
    "_stock_d1": 73.93015719,
    "_macd_blue": -1.79265823,
    "_macd_orange": -1.41628118,
    "_cci20": -52.97463566,
    "_cci201": 1.13937728,
    "_ema10": 117.93228534,
    "_ema20": 118.76613044,
    "_ema30": 119.90746966,
    "_ema50": 121.83679542,
    "_ema100": 123.93289389,
    "_ema200": 122.82488876,
    "_psar": 113.1540845,
    "_wr": -59.90740741,
    "_mom": -0.06,
    "_mom1": 3.43,
    "stock_diff": -11.8,
    "rsi_diff": -4.85
}
