{
    "open": 90.46,
    "low": 89.8405,
    "high": 91.43,
    "close": 91.41,
    "volume": 1462776,
    "change": 1.63442295,
    "_rsi": 65.28439407,
    "_rsi1": 60.32334176,
    "_stock_k": 74.71951707,
    "_stock_d": 69.00701892,
    "_stock_k1": 66.32405572,
    "_stock_d1": 69.161043,
    "_macd_blue": 1.31035558,
    "_macd_orange": 1.33649277,
    "_cci20": 114.66645538,
    "_cci201": 56.91136345,
    "_ema10": 89.69286494,
    "_ema20": 88.68880669,
    "_ema30": 87.83459272,
    "_ema50": 86.47353089,
    "_ema100": 83.89492445,
    "_ema200": 80.96999545,
    "_psar": 88.1,
    "_wr": -0.58651026,
    "_mom": 1.94,
    "_mom1": 1.56,
    "stock_diff": 5.71,
    "rsi_diff": 4.96
}
