{
    "open": 109.81,
    "low": 109.2,
    "high": 111.39,
    "close": 110.85,
    "volume": 796699,
    "change": 1.06673961,
    "_rsi": 55.89536571,
    "_rsi1": 52.62310571,
    "_stock_k": 66.29598487,
    "_stock_d": 69.29411845,
    "_stock_k1": 66.06352254,
    "_stock_d1": 72.26490127,
    "_macd_blue": 0.59812661,
    "_macd_orange": 0.78025823,
    "_cci20": 57.40152054,
    "_cci201": 53.36821309,
    "_ema10": 109.97343972,
    "_ema20": 109.26272645,
    "_ema30": 108.91731279,
    "_ema50": 108.576928,
    "_ema100": 107.88759066,
    "_ema200": 106.6635984,
    "_psar": 108.945,
    "_wr": -31.07344633,
    "_mom": 2.87,
    "_mom1": 0.29,
    "stock_diff": -3.0,
    "rsi_diff": 3.27
}
