{
    "open": 22.38,
    "low": 22.17,
    "high": 22.38,
    "close": 22.25,
    "volume": 446703,
    "change": -1.02313167,
    "_rsi": 51.78664198,
    "_rsi1": 54.06210125,
    "_stock_k": 81.37651822,
    "_stock_d": 84.21052632,
    "_stock_k1": 83.80566802,
    "_stock_d1": 85.57834633,
    "_macd_blue": -0.1223577,
    "_macd_orange": 0.00875104,
    "_cci20": 64.16960963,
    "_cci201": 92.57437515,
    "_ema10": 22.10908783,
    "_ema20": 22.04202789,
    "_ema30": 22.08329051,
    "_ema50": 22.18093812,
    "_ema100": 22.38280728,
    "_ema200": 22.29403833,
    "_psar": 21.01406539,
    "_wr": -22.26720648,
    "_mom": 0.73,
    "_mom1": 1.92,
    "stock_diff": -2.83,
    "rsi_diff": -2.28
}
