{
    "open": 203.54,
    "low": 202.7,
    "high": 207.325,
    "close": 205.97,
    "volume": 215841,
    "change": 1.16901616,
    "_rsi": 57.23403618,
    "_rsi1": 54.74726098,
    "_stock_k": 41.2958126,
    "_stock_d": 34.86210034,
    "_stock_k1": 32.89631534,
    "_stock_d1": 28.55755498,
    "_macd_blue": 2.54534309,
    "_macd_orange": 1.99476719,
    "_cci20": 1.42984536,
    "_cci201": -9.94638021,
    "_ema10": 202.4351576,
    "_ema20": 201.31566988,
    "_ema30": 199.66511964,
    "_ema50": 197.20827912,
    "_ema100": 195.48707979,
    "_ema200": 195.12263371,
    "_psar": 209.11984956,
    "_wr": -45.8040789,
    "_mom": -0.1,
    "_mom1": -7.08,
    "stock_diff": 6.43,
    "rsi_diff": 2.49
}
