{
    "open": 61.12,
    "low": 61.05,
    "high": 61.61,
    "close": 61.53,
    "volume": 12260520,
    "change": 0.90193506,
    "_rsi": 57.05688772,
    "_rsi1": 53.86503527,
    "_stock_k": 77.05892807,
    "_stock_d": 66.29297989,
    "_stock_k1": 64.30195497,
    "_stock_d1": 58.68235491,
    "_macd_blue": -0.20624982,
    "_macd_orange": -0.01597995,
    "_cci20": 55.46228493,
    "_cci201": 19.41792353,
    "_ema10": 60.51726141,
    "_ema20": 60.46942902,
    "_ema30": 60.4816928,
    "_ema50": 60.23085135,
    "_ema100": 59.16662362,
    "_ema200": 57.43355906,
    "_psar": 57.5,
    "_wr": -1.94647202,
    "_mom": 3.61,
    "_mom1": 3.1,
    "stock_diff": 10.77,
    "rsi_diff": 3.19
}
