{
    "open": 58.47,
    "low": 57.885,
    "high": 58.8,
    "close": 58.79,
    "volume": 5929047,
    "change": 1.04847026,
    "_rsi": 46.7783176,
    "_rsi1": 44.47711174,
    "_stock_k": 60.50542582,
    "_stock_d": 56.56180789,
    "_stock_k1": 55.26041366,
    "_stock_d1": 51.31172388,
    "_macd_blue": -1.02012949,
    "_macd_orange": -0.81520299,
    "_cci20": -27.9199049,
    "_cci201": -24.44631003,
    "_ema10": 58.73641351,
    "_ema20": 59.2525971,
    "_ema30": 59.82625013,
    "_ema50": 60.48569311,
    "_ema100": 60.65791774,
    "_ema200": 59.31570226,
    "_psar": 56.781098,
    "_wr": -36.43031785,
    "_mom": 1.14,
    "_mom1": -0.34,
    "stock_diff": 3.94,
    "rsi_diff": 2.3
}
