{
    "open": 1574.35,
    "low": 1537.49,
    "high": 1574.45,
    "close": 1556.37,
    "volume": 137816,
    "change": -0.61113453,
    "_rsi": 55.58726301,
    "_rsi1": 56.86426638,
    "_stock_k": 87.18279299,
    "_stock_d": 86.42146124,
    "_stock_k1": 87.38928545,
    "_stock_d1": 87.20061214,
    "_macd_blue": 7.54845438,
    "_macd_orange": 18.86813372,
    "_cci20": 82.1851737,
    "_cci201": 87.52788709,
    "_ema10": 1537.19323478,
    "_ema20": 1516.49586613,
    "_ema30": 1511.98228614,
    "_ema50": 1525.3852594,
    "_ema100": 1575.22639456,
    "_ema200": 1590.63398354,
    "_psar": 1469.22597017,
    "_wr": -12.27948807,
    "_mom": 80.96,
    "_mom1": 96.91,
    "stock_diff": 0.76,
    "rsi_diff": -1.28
}
