{
    "open": 143.4,
    "low": 140.98,
    "high": 145.03,
    "close": 141.39,
    "volume": 13851890,
    "change": -1.85339442,
    "_rsi": 35.51089762,
    "_rsi1": 38.13192332,
    "_stock_k": 19.35031238,
    "_stock_d": 28.8385425,
    "_stock_k1": 34.68393566,
    "_stock_d1": 30.74320325,
    "_macd_blue": -3.28389184,
    "_macd_orange": -3.91054709,
    "_cci20": -153.53637824,
    "_cci201": -120.60972774,
    "_ema10": 146.97386188,
    "_ema20": 150.12218899,
    "_ema30": 152.49450258,
    "_ema50": 155.69574739,
    "_ema100": 157.99824457,
    "_ema200": 154.33847236,
    "_psar": 154.47383842,
    "_wr": -97.18985607,
    "_mom": -12.68,
    "_mom1": -10.29,
    "stock_diff": -9.49,
    "rsi_diff": -2.62
}
