{
    "open": 381.12,
    "low": 375.215,
    "high": 382.44,
    "close": 375.61,
    "volume": 362117,
    "change": -2.18489583,
    "_rsi": 47.48784139,
    "_rsi1": 53.5284409,
    "_stock_k": 63.22081575,
    "_stock_d": 69.69057665,
    "_stock_k1": 73.38758288,
    "_stock_d1": 71.60940325,
    "_macd_blue": -2.03018443,
    "_macd_orange": -0.37778478,
    "_cci20": 32.53870597,
    "_cci201": 122.69149352,
    "_ema10": 378.93421976,
    "_ema20": 378.12077629,
    "_ema30": 379.70165804,
    "_ema50": 384.30048931,
    "_ema100": 388.16255708,
    "_ema200": 377.56992486,
    "_psar": 362.62378777,
    "_wr": -52.20012055,
    "_mom": 2.19,
    "_mom1": 23.23,
    "stock_diff": -6.47,
    "rsi_diff": -6.04
}
