{
    "open": 72.43,
    "low": 71.87,
    "high": 73.23,
    "close": 72.12,
    "volume": 2260986,
    "change": 0.15275656,
    "_rsi": 49.80137639,
    "_rsi1": 49.32111799,
    "_stock_k": 62.05787781,
    "_stock_d": 59.50339407,
    "_stock_k1": 63.12968917,
    "_stock_d1": 56.27009646,
    "_macd_blue": 0.03422716,
    "_macd_orange": -0.03219096,
    "_cci20": 20.88733451,
    "_cci201": 22.32632062,
    "_ema10": 72.11670647,
    "_ema20": 72.19936059,
    "_ema30": 72.12110205,
    "_ema50": 71.57840228,
    "_ema100": 69.79463979,
    "_ema200": 66.67776542,
    "_psar": 70.454964,
    "_wr": -37.29903537,
    "_mom": -0.22,
    "_mom1": -0.2,
    "stock_diff": 2.55,
    "rsi_diff": 0.48
}
