{
    "open": 56.03,
    "low": 55.38,
    "high": 56.27,
    "close": 56.09,
    "volume": 2385567,
    "change": 0.14283164,
    "_rsi": 56.69458456,
    "_rsi1": 56.19309919,
    "_stock_k": 83.97959786,
    "_stock_d": 85.75187609,
    "_stock_k1": 84.30438852,
    "_stock_d1": 89.01228175,
    "_macd_blue": -0.20079195,
    "_macd_orange": 0.17026971,
    "_cci20": 107.54718247,
    "_cci201": 118.20395668,
    "_ema10": 55.50060779,
    "_ema20": 55.14346417,
    "_ema30": 55.29534965,
    "_ema50": 55.86642419,
    "_ema100": 56.02174691,
    "_ema200": 53.80871111,
    "_psar": 54.83339022,
    "_wr": -15.43890604,
    "_mom": 1.58,
    "_mom1": 1.64,
    "stock_diff": -1.77,
    "rsi_diff": 0.5
}
