{
    "open": 159.22,
    "low": 158.85,
    "high": 160.73,
    "close": 160.28,
    "volume": 4638125,
    "change": 1.17409418,
    "_rsi": 74.85017964,
    "_rsi1": 72.07412528,
    "_stock_k": 89.62029157,
    "_stock_d": 91.46673096,
    "_stock_k1": 89.58838019,
    "_stock_d1": 94.02237715,
    "_macd_blue": 3.94373617,
    "_macd_orange": 4.406815,
    "_cci20": 110.43170644,
    "_cci201": 117.55494396,
    "_ema10": 157.08541294,
    "_ema20": 153.64916621,
    "_ema30": 150.84743718,
    "_ema50": 146.11669041,
    "_ema100": 137.48857819,
    "_ema200": 127.64599335,
    "_psar": 155.90477299,
    "_wr": -6.07287449,
    "_mom": 11.11,
    "_mom1": 9.58,
    "stock_diff": -1.85,
    "rsi_diff": 2.78
}
