{
    "open": 53.83,
    "low": 53.31,
    "high": 54.94,
    "close": 53.715,
    "volume": 21093742,
    "change": -1.49459013,
    "_rsi": 65.20502418,
    "_rsi1": 67.91189256,
    "_stock_k": 77.08667459,
    "_stock_d": 83.36043559,
    "_stock_k1": 83.77561049,
    "_stock_d1": 88.76052189,
    "_macd_blue": 4.37165857,
    "_macd_orange": 4.66073354,
    "_cci20": 59.9675198,
    "_cci201": 65.801358,
    "_ema10": 53.63550042,
    "_ema20": 49.99001233,
    "_ema30": 47.18105518,
    "_ema50": 43.36870216,
    "_ema100": 38.37199231,
    "_ema200": 33.73443072,
    "_psar": 51.22629321,
    "_wr": -27.55149813,
    "_mom": 5.345,
    "_mom1": 7.74,
    "stock_diff": -6.27,
    "rsi_diff": -2.71
}
