{
    "open": 242.65,
    "low": 242.65,
    "high": 247.41,
    "close": 246.56,
    "volume": 1782027,
    "change": 1.71197558,
    "_rsi": 59.18603489,
    "_rsi1": 55.68966387,
    "_stock_k": 93.01294919,
    "_stock_d": 88.74687905,
    "_stock_k1": 90.17613323,
    "_stock_d1": 84.63311233,
    "_macd_blue": -6.55804765,
    "_macd_orange": -2.54443702,
    "_cci20": 176.51610837,
    "_cci201": 126.64507706,
    "_ema10": 235.34335652,
    "_ema20": 234.99330791,
    "_ema30": 238.95649841,
    "_ema50": 248.22368896,
    "_ema100": 262.36905055,
    "_ema200": 271.53734402,
    "_psar": 221.55871216,
    "_wr": -2.72698107,
    "_mom": 27.18,
    "_mom1": 14.81,
    "stock_diff": 4.27,
    "rsi_diff": 3.5
}
