{
    "open": 68,
    "low": 67.95,
    "high": 68.45,
    "close": 68.045,
    "volume": 698426,
    "change": 0.15454813,
    "_rsi": 50.42682466,
    "_rsi1": 49.74360378,
    "_stock_k": 25.82622245,
    "_stock_d": 29.44928919,
    "_stock_k1": 29.20461445,
    "_stock_d1": 33.33944317,
    "_macd_blue": 0.56330661,
    "_macd_orange": 0.35485402,
    "_cci20": -4.90364598,
    "_cci201": -15.3756197,
    "_ema10": 68.36637411,
    "_ema20": 68.19915293,
    "_ema30": 67.89127517,
    "_ema50": 67.33697383,
    "_ema100": 66.26381454,
    "_ema200": 64.48800366,
    "_psar": 71.58599881,
    "_wr": -80.80912863,
    "_mom": -3.135,
    "_mom1": -3.21,
    "stock_diff": -3.62,
    "rsi_diff": 0.68
}
