{
    "open": 540.37,
    "low": 530.59,
    "high": 548,
    "close": 530.99,
    "volume": 983498,
    "change": -2.88426366,
    "_rsi": 48.08060498,
    "_rsi1": 51.71475761,
    "_stock_k": 78.41069343,
    "_stock_d": 76.78855451,
    "_stock_k1": 80.66153448,
    "_stock_d1": 71.07715981,
    "_macd_blue": -19.94701445,
    "_macd_orange": -12.36700059,
    "_cci20": 33.50476202,
    "_cci201": 56.08499468,
    "_ema10": 525.64856991,
    "_ema20": 530.83436339,
    "_ema30": 542.69344812,
    "_ema50": 564.26848272,
    "_ema100": 589.41303176,
    "_ema200": 590.03511822,
    "_psar": 478.31647594,
    "_wr": -25.18723355,
    "_mom": 13.68,
    "_mom1": 56.39,
    "stock_diff": 1.62,
    "rsi_diff": -3.63
}
