{
    "open": 166.42,
    "low": 164.25,
    "high": 167.67,
    "close": 166.74,
    "volume": 727748,
    "change": 0.31887371,
    "_rsi": 48.49029746,
    "_rsi1": 47.90529482,
    "_stock_k": 54.29666119,
    "_stock_d": 61.03276696,
    "_stock_k1": 61.21145776,
    "_stock_d1": 70.43813529,
    "_macd_blue": -2.36427263,
    "_macd_orange": -1.42711726,
    "_cci20": 11.17072221,
    "_cci201": -3.11702123,
    "_ema10": 166.50632662,
    "_ema20": 166.92130922,
    "_ema30": 168.68586864,
    "_ema50": 173.52880578,
    "_ema100": 182.38152396,
    "_ema200": 184.54091445,
    "_psar": 160.26555541,
    "_wr": -40.88669951,
    "_mom": 6.35,
    "_mom1": 2.42,
    "stock_diff": -6.74,
    "rsi_diff": 0.59
}
