{
    "open": 68.56,
    "low": 67.68,
    "high": 68.77,
    "close": 67.85,
    "volume": 593459,
    "change": -1.2085032,
    "_rsi": 50.65417346,
    "_rsi1": 54.25217025,
    "_stock_k": 60.49136786,
    "_stock_d": 58.62014746,
    "_stock_k1": 60.60867263,
    "_stock_d1": 55.94642064,
    "_macd_blue": -0.59395333,
    "_macd_orange": -0.26076912,
    "_cci20": 99.09230554,
    "_cci201": 110.5068585,
    "_ema10": 67.44969305,
    "_ema20": 67.44073041,
    "_ema30": 67.83412016,
    "_ema50": 68.7116246,
    "_ema100": 69.45449698,
    "_ema200": 67.63410014,
    "_psar": 65.48121052,
    "_wr": -42.43027888,
    "_mom": -0.53,
    "_mom1": 0.94,
    "stock_diff": 1.87,
    "rsi_diff": -3.6
}
