{
    "open": 46.88,
    "low": 46.43,
    "high": 47.02,
    "close": 46.8,
    "volume": 13374814,
    "change": 0.60189166,
    "_rsi": 49.82617562,
    "_rsi1": 47.59566309,
    "_stock_k": 73.91434579,
    "_stock_d": 73.26047035,
    "_stock_k1": 71.135844,
    "_stock_d1": 70.59268413,
    "_macd_blue": -0.51649699,
    "_macd_orange": -0.28972769,
    "_cci20": 51.4761436,
    "_cci201": 60.94340609,
    "_ema10": 46.51828342,
    "_ema20": 46.60564383,
    "_ema30": 46.92630391,
    "_ema50": 47.672178,
    "_ema100": 49.40508695,
    "_ema200": 51.08899567,
    "_psar": 45.15102212,
    "_wr": -26.34946925,
    "_mom": 1.41,
    "_mom1": 0.4,
    "stock_diff": 0.65,
    "rsi_diff": 2.23
}
