{
    "open": 432.34,
    "low": 428.12,
    "high": 436.945,
    "close": 436.45,
    "volume": 1448069,
    "change": 0.97866827,
    "_rsi": 73.09904636,
    "_rsi1": 71.83687382,
    "_stock_k": 95.80510504,
    "_stock_d": 93.18542982,
    "_stock_k1": 92.09283151,
    "_stock_d1": 92.21057969,
    "_macd_blue": 10.48675488,
    "_macd_orange": 15.97813635,
    "_cci20": 134.0947167,
    "_cci201": 145.59425592,
    "_ema10": 416.46684816,
    "_ema20": 401.83705425,
    "_ema30": 394.00337111,
    "_ema50": 385.04934657,
    "_ema100": 373.97802326,
    "_ema200": 359.38069076,
    "_psar": 405.60234122,
    "_wr": -0.66310777,
    "_mom": 46.97,
    "_mom1": 54.07,
    "stock_diff": 2.62,
    "rsi_diff": 1.26
}
