{
    "open": 27.88,
    "low": 27.2,
    "high": 27.975,
    "close": 27.22,
    "volume": 2198378,
    "change": -3.09718761,
    "_rsi": 39.8548254,
    "_rsi1": 44.91786522,
    "_stock_k": 37.78907589,
    "_stock_d": 39.64327961,
    "_stock_k1": 41.64251208,
    "_stock_d1": 40.53335725,
    "_macd_blue": -0.92127391,
    "_macd_orange": -0.79593995,
    "_cci20": -65.51782312,
    "_cci201": -10.33055818,
    "_ema10": 27.73839653,
    "_ema20": 28.25401972,
    "_ema30": 28.84850187,
    "_ema50": 29.80395529,
    "_ema100": 30.90217992,
    "_ema200": 30.93362167,
    "_psar": 26.63213668,
    "_wr": -68.9516129,
    "_mom": -1.32,
    "_mom1": 0.48,
    "stock_diff": -1.85,
    "rsi_diff": -5.06
}
