{
    "open": 59.2,
    "low": 57.975,
    "high": 59.5,
    "close": 58.18,
    "volume": 4964507,
    "change": -2.56238486,
    "_rsi": 44.47711174,
    "_rsi1": 49.4576625,
    "_stock_k": 55.26041366,
    "_stock_d": 51.31172388,
    "_stock_k1": 53.9195842,
    "_stock_d1": 48.17564277,
    "_macd_blue": -1.07136111,
    "_macd_orange": -0.87940732,
    "_cci20": -24.44631003,
    "_cci201": 38.24666995,
    "_ema10": 58.72450541,
    "_ema20": 59.30129153,
    "_ema30": 59.89771565,
    "_ema50": 60.55490508,
    "_ema100": 60.69565346,
    "_ema200": 59.3209857,
    "_psar": 56.63531042,
    "_wr": -51.34474328,
    "_mom": -0.34,
    "_mom1": 2.86,
    "stock_diff": 3.95,
    "rsi_diff": -4.98
}
