{
    "open": 182,
    "low": 179.03,
    "high": 183,
    "close": 179.08,
    "volume": 4821128,
    "change": -1.79325473,
    "_rsi": 57.14269323,
    "_rsi1": 62.5591202,
    "_stock_k": 91.69284087,
    "_stock_d": 95.81618906,
    "_stock_k1": 97.56881123,
    "_stock_d1": 98.31319201,
    "_macd_blue": 0.47679458,
    "_macd_orange": 2.02670527,
    "_cci20": 138.05343541,
    "_cci201": 192.12157178,
    "_ema10": 176.83118922,
    "_ema20": 174.43341844,
    "_ema30": 174.1029705,
    "_ema50": 175.53930057,
    "_ema100": 179.59942226,
    "_ema200": 180.9763264,
    "_psar": 172.44917405,
    "_wr": -19.01989326,
    "_mom": 6.62,
    "_mom1": 15.01,
    "stock_diff": -4.12,
    "rsi_diff": -5.42
}
