{
    "open": 56,
    "low": 55.13,
    "high": 56.8,
    "close": 56.57,
    "volume": 7005339,
    "change": 1.59841954,
    "_rsi": 65.10083936,
    "_rsi1": 62.82929601,
    "_stock_k": 49.86014408,
    "_stock_d": 54.14174205,
    "_stock_k1": 55.53966404,
    "_stock_d1": 57.83535666,
    "_macd_blue": 2.51098266,
    "_macd_orange": 2.4450286,
    "_cci20": 48.09637835,
    "_cci201": 53.75867359,
    "_ema10": 55.41805918,
    "_ema20": 53.59544405,
    "_ema30": 52.0767943,
    "_ema50": 50.04855346,
    "_ema100": 47.2520754,
    "_ema200": 44.12419174,
    "_psar": 61.2160465,
    "_wr": -58.18005808,
    "_mom": 0.86,
    "_mom1": -2.14,
    "stock_diff": -4.28,
    "rsi_diff": 2.27
}
