{
    "open": 158.02,
    "low": 156.89,
    "high": 159.065,
    "close": 157.23,
    "volume": 2477394,
    "change": -0.90754396,
    "_rsi": 59.94575819,
    "_rsi1": 63.31108993,
    "_stock_k": 82.04609582,
    "_stock_d": 89.02137041,
    "_stock_k1": 90.01194412,
    "_stock_d1": 94.08878763,
    "_macd_blue": 1.11750283,
    "_macd_orange": 2.33784157,
    "_cci20": 117.88929979,
    "_cci201": 161.35434491,
    "_ema10": 155.3044044,
    "_ema20": 152.87331254,
    "_ema30": 152.0871074,
    "_ema50": 151.74542537,
    "_ema100": 149.48098173,
    "_ema200": 141.46319102,
    "_psar": 155.2372,
    "_wr": -25.65556343,
    "_mom": 6.75,
    "_mom1": 11.68,
    "stock_diff": -6.98,
    "rsi_diff": -3.37
}
