{
    "open": 272.92,
    "low": 270.27,
    "high": 273.3,
    "close": 271.44,
    "volume": 594074,
    "change": -0.09201664,
    "_rsi": 49.41807392,
    "_rsi1": 49.76815845,
    "_stock_k": 65.80778913,
    "_stock_d": 77.55216238,
    "_stock_k1": 76.93352795,
    "_stock_d1": 86.49213002,
    "_macd_blue": -0.52517392,
    "_macd_orange": 0.35508864,
    "_cci20": 26.58216407,
    "_cci201": 51.97422055,
    "_ema10": 272.42028613,
    "_ema20": 271.57825068,
    "_ema30": 272.05683916,
    "_ema50": 274.26588832,
    "_ema100": 278.08141705,
    "_ema200": 274.74988945,
    "_psar": 264.48978838,
    "_wr": -43.44735673,
    "_mom": 5.22,
    "_mom1": 6.06,
    "stock_diff": -11.74,
    "rsi_diff": -0.35
}
