{
    "open": 181.13,
    "low": 179.11,
    "high": 184.81,
    "close": 184.71,
    "volume": 822489,
    "change": 2.14001327,
    "_rsi": 54.86055328,
    "_rsi1": 49.62606241,
    "_stock_k": 65.86214397,
    "_stock_d": 63.48126476,
    "_stock_k1": 60.85785728,
    "_stock_d1": 66.69872411,
    "_macd_blue": -1.44983911,
    "_macd_orange": -0.44513133,
    "_cci20": 101.47471842,
    "_cci201": 30.6284674,
    "_ema10": 181.01191967,
    "_ema20": 180.73063945,
    "_ema30": 181.7026806,
    "_ema50": 184.13349152,
    "_ema100": 186.57990606,
    "_ema200": 183.46678425,
    "_psar": 176.10177746,
    "_wr": -12.74247749,
    "_mom": 9.39,
    "_mom1": 5.46,
    "stock_diff": 2.38,
    "rsi_diff": 5.23
}
