{
    "open": 16.085,
    "low": 15.51,
    "high": 16.23,
    "close": 15.74,
    "volume": 65942748,
    "change": -1.87032419,
    "_rsi": 35.32639615,
    "_rsi1": 37.00386819,
    "_stock_k": 13.53167429,
    "_stock_d": 16.40292291,
    "_stock_k1": 18.11369456,
    "_stock_d1": 15.48440668,
    "_macd_blue": -0.85960112,
    "_macd_orange": -0.8786416,
    "_cci20": -136.1271387,
    "_cci201": -118.39340917,
    "_ema10": 16.47858495,
    "_ema20": 17.1257188,
    "_ema30": 17.70102591,
    "_ema50": 18.36887886,
    "_ema100": 18.34748941,
    "_ema200": 16.88327152,
    "_psar": 17.75123063,
    "_wr": -91.60583942,
    "_mom": -1.82,
    "_mom1": -1.79,
    "stock_diff": -2.87,
    "rsi_diff": -1.68
}
