{
    "open": 232.55,
    "low": 231.77,
    "high": 236.22,
    "close": 234.69,
    "volume": 770462,
    "change": 1.19001423,
    "_rsi": 58.31695428,
    "_rsi1": 55.57688871,
    "_stock_k": 85.54182028,
    "_stock_d": 84.6561586,
    "_stock_k1": 80.71278826,
    "_stock_d1": 86.40149679,
    "_macd_blue": 0.8288221,
    "_macd_orange": 2.23441723,
    "_cci20": 118.27352948,
    "_cci201": 111.52318831,
    "_ema10": 230.77267671,
    "_ema20": 228.32818088,
    "_ema30": 227.69288973,
    "_ema50": 228.0118457,
    "_ema100": 229.42104512,
    "_ema200": 229.34770024,
    "_psar": 224.42169549,
    "_wr": -10.01951854,
    "_mom": 10.17,
    "_mom1": 6.87,
    "stock_diff": 0.89,
    "rsi_diff": 2.74
}
