{
    "open": 208.05,
    "low": 205.14,
    "high": 208.66,
    "close": 206.91,
    "volume": 290021,
    "change": -0.12067967,
    "_rsi": 46.93700349,
    "_rsi1": 47.2522931,
    "_stock_k": 53.03220936,
    "_stock_d": 67.05001418,
    "_stock_k1": 65.36235531,
    "_stock_d1": 76.61338723,
    "_macd_blue": -0.6538696,
    "_macd_orange": -0.28380691,
    "_cci20": -29.69584939,
    "_cci201": 13.47680837,
    "_ema10": 208.77834711,
    "_ema20": 208.77220931,
    "_ema30": 209.17703645,
    "_ema50": 210.09398324,
    "_ema100": 212.07332765,
    "_ema200": 212.10449148,
    "_psar": 203.41045011,
    "_wr": -59.3608455,
    "_mom": -0.11,
    "_mom1": -0.53,
    "stock_diff": -14.02,
    "rsi_diff": -0.32
}
