{
    "open": 663.49,
    "low": 662.365,
    "high": 676.12,
    "close": 675.7,
    "volume": 231235,
    "change": 2.24865323,
    "_rsi": 58.71193649,
    "_rsi1": 54.91272761,
    "_stock_k": 92.33821468,
    "_stock_d": 85.67562902,
    "_stock_k1": 83.28684561,
    "_stock_d1": 80.64242704,
    "_macd_blue": 3.78814937,
    "_macd_orange": 7.58297041,
    "_cci20": 87.92259431,
    "_cci201": 72.53911559,
    "_ema10": 657.19442742,
    "_ema20": 649.93018965,
    "_ema30": 646.19151265,
    "_ema50": 641.32469461,
    "_ema100": 635.13394502,
    "_ema200": 625.02724047,
    "_psar": 605.55080126,
    "_wr": -0.47037742,
    "_mom": 42.02,
    "_mom1": 26.91,
    "stock_diff": 6.66,
    "rsi_diff": 3.8
}
