{
    "open": 126.84,
    "low": 125.28,
    "high": 126.84,
    "close": 125.38,
    "volume": 1562753,
    "change": -1.62416634,
    "_rsi": 56.48871428,
    "_rsi1": 61.70359103,
    "_stock_k": 79.86930848,
    "_stock_d": 87.02589938,
    "_stock_k1": 88.90999244,
    "_stock_d1": 92.86174647,
    "_macd_blue": 1.05811104,
    "_macd_orange": 1.74408091,
    "_cci20": 103.05869478,
    "_cci201": 148.29906227,
    "_ema10": 124.67259442,
    "_ema20": 122.97063293,
    "_ema30": 122.2988119,
    "_ema50": 122.04125645,
    "_ema100": 121.16057913,
    "_ema200": 116.54508968,
    "_psar": 122.96145201,
    "_wr": -31.07781537,
    "_mom": 3.08,
    "_mom1": 9.02,
    "stock_diff": -7.16,
    "rsi_diff": -5.21
}
