{
    "open": 152.01,
    "low": 150.54,
    "high": 152.56,
    "close": 151.53,
    "volume": 1038349,
    "change": -0.381303,
    "_rsi": 65.30746986,
    "_rsi1": 67.30940701,
    "_stock_k": 72.93577111,
    "_stock_d": 81.06458976,
    "_stock_k1": 81.29911831,
    "_stock_d1": 86.58087258,
    "_macd_blue": 3.07505708,
    "_macd_orange": 3.39644193,
    "_cci20": 93.302884,
    "_cci201": 131.81974617,
    "_ema10": 150.17167252,
    "_ema20": 147.53635771,
    "_ema30": 145.3702404,
    "_ema50": 141.80100574,
    "_ema100": 135.69335201,
    "_ema200": 128.39880146,
    "_psar": 149.42387765,
    "_wr": -33.38595107,
    "_mom": 5.7,
    "_mom1": 7.7,
    "stock_diff": -8.13,
    "rsi_diff": -2.0
}
