{
    "open": 16.35,
    "low": 16.06,
    "high": 16.36,
    "close": 16.17,
    "volume": 19488735,
    "change": 1.18898623,
    "_rsi": 57.84768537,
    "_rsi1": 55.98994131,
    "_stock_k": 70.80200501,
    "_stock_d": 61.61236424,
    "_stock_k1": 60.27568922,
    "_stock_d1": 51.16959064,
    "_macd_blue": 0.18511557,
    "_macd_orange": 0.17997764,
    "_cci20": 94.35963592,
    "_cci201": 62.88164412,
    "_ema10": 15.73385576,
    "_ema20": 15.62337937,
    "_ema30": 15.45838276,
    "_ema50": 15.01922176,
    "_ema100": 13.87522263,
    "_ema200": 12.10760856,
    "_psar": 14.18,
    "_wr": -25.18796992,
    "_mom": 0.32,
    "_mom1": -0.59,
    "stock_diff": 9.19,
    "rsi_diff": 1.86
}
