{
    "open": 116.4,
    "low": 115.37,
    "high": 117.16,
    "close": 116.37,
    "volume": 518673,
    "change": -0.77592087,
    "_rsi": 49.17440297,
    "_rsi1": 50.24726114,
    "_stock_k": 63.9506287,
    "_stock_d": 62.54098889,
    "_stock_k1": 62.0847463,
    "_stock_d1": 59.32718774,
    "_macd_blue": -1.69327669,
    "_macd_orange": -1.073281,
    "_cci20": -8.35069607,
    "_cci201": 1.14992991,
    "_ema10": 115.88269117,
    "_ema20": 116.52745418,
    "_ema30": 117.17888441,
    "_ema50": 117.74414895,
    "_ema100": 118.12874474,
    "_ema200": 116.89932022,
    "_psar": 105.69637658,
    "_wr": -28.82037534,
    "_mom": 7.73,
    "_mom1": 16.27,
    "stock_diff": 1.41,
    "rsi_diff": -1.07
}
