{
    "open": 305.1,
    "low": 302.36,
    "high": 309.19,
    "close": 303.16,
    "volume": 494455,
    "change": -1.40496943,
    "_rsi": 56.5857152,
    "_rsi1": 59.6435694,
    "_stock_k": 91.64560106,
    "_stock_d": 93.27587442,
    "_stock_k1": 95.05076109,
    "_stock_d1": 92.87417964,
    "_macd_blue": -3.40069794,
    "_macd_orange": 0.65702903,
    "_cci20": 114.17342819,
    "_cci201": 128.16028303,
    "_ema10": 294.557748,
    "_ema20": 292.14178327,
    "_ema30": 293.27924472,
    "_ema50": 295.54017586,
    "_ema100": 294.35677762,
    "_ema200": 280.78153279,
    "_psar": 277.67447852,
    "_wr": -11.81889455,
    "_mom": 28.64,
    "_mom1": 46.09,
    "stock_diff": -1.63,
    "rsi_diff": -3.06
}
