{
    "open": 141.09,
    "low": 140.8,
    "high": 143.18,
    "close": 141.92,
    "volume": 8216506,
    "change": 0.87426256,
    "_rsi": 51.96925796,
    "_rsi1": 50.06039919,
    "_stock_k": 81.19247699,
    "_stock_d": 83.20916502,
    "_stock_k1": 82.59303721,
    "_stock_d1": 86.81358758,
    "_macd_blue": -2.9682409,
    "_macd_orange": -1.44668256,
    "_cci20": 92.73658953,
    "_cci201": 54.27745061,
    "_ema10": 139.32372645,
    "_ema20": 139.59717381,
    "_ema30": 141.29225725,
    "_ema50": 144.81650439,
    "_ema100": 150.21957364,
    "_ema200": 151.60418645,
    "_psar": 132.69174517,
    "_wr": -12.06482593,
    "_mom": 13.03,
    "_mom1": 8.83,
    "stock_diff": -2.02,
    "rsi_diff": 1.91
}
