{
    "open": 61.93,
    "low": 59.7301,
    "high": 63.24,
    "close": 59.84,
    "volume": 39137724,
    "change": 0.33534541,
    "_rsi": 68.11319832,
    "_rsi1": 67.85872913,
    "_stock_k": 83.3732546,
    "_stock_d": 84.75164856,
    "_stock_k1": 83.68082992,
    "_stock_d1": 83.62908108,
    "_macd_blue": 4.60336421,
    "_macd_orange": 4.75201572,
    "_cci20": 99.83613891,
    "_cci201": 89.68726606,
    "_ema10": 57.11576577,
    "_ema20": 53.52567467,
    "_ema30": 50.50768084,
    "_ema50": 46.17817048,
    "_ema100": 40.31885749,
    "_ema200": 34.95745878,
    "_psar": 55.9684384,
    "_wr": -22.51655629,
    "_mom": 2.34,
    "_mom1": 5.04,
    "stock_diff": -1.38,
    "rsi_diff": 0.25
}
