{
    "open": 518.58,
    "low": 513.65,
    "high": 562.9999,
    "close": 553.43,
    "volume": 2596581,
    "change": 7.97580724,
    "_rsi": 35.70619039,
    "_rsi1": 30.15256035,
    "_stock_k": 13.14172777,
    "_stock_d": 16.71431278,
    "_stock_k1": 12.94581134,
    "_stock_d1": 18.65347027,
    "_macd_blue": -98.86558794,
    "_macd_orange": -94.82290645,
    "_cci20": -100.05622541,
    "_cci201": -124.78035499,
    "_ema10": 575.70731949,
    "_ema20": 641.5734397,
    "_ema30": 710.47821016,
    "_ema50": 835.52347522,
    "_ema100": 1032.77453257,
    "_ema200": 1159.06735354,
    "_psar": 580.5399,
    "_wr": -78.41962666,
    "_mom": -120.01,
    "_mom1": -181.71,
    "stock_diff": -3.57,
    "rsi_diff": 5.55
}
