{
    "open": 261.26,
    "low": 255.7501,
    "high": 266.115,
    "close": 256.34,
    "volume": 50211761,
    "change": -3.35545167,
    "_rsi": 55.79040449,
    "_rsi1": 60.37697674,
    "_stock_k": 86.12872253,
    "_stock_d": 92.1065288,
    "_stock_k1": 93.59128028,
    "_stock_d1": 95.84341936,
    "_macd_blue": -1.32267426,
    "_macd_orange": 3.72177219,
    "_cci20": 118.56398792,
    "_cci201": 173.1412141,
    "_ema10": 249.30055579,
    "_ema20": 243.91335653,
    "_ema30": 244.07444768,
    "_ema50": 247.93989312,
    "_ema100": 250.09329018,
    "_ema200": 233.60380181,
    "_psar": 227.7564123,
    "_wr": -24.34729812,
    "_mom": 26.2,
    "_mom1": 50.1,
    "stock_diff": -5.98,
    "rsi_diff": -4.59
}
