{
    "open": 56.74,
    "low": 56.47,
    "high": 58.88,
    "close": 57.4,
    "change": -1.25580595,
    "_rsi": 78.18150382,
    "_rsi1": 80.95613479,
    "_stock_k": 92.45530121,
    "_stock_d": 89.27044405,
    "_stock_k1": 89.22986234,
    "_stock_d1": 87.64946748,
    "_macd_blue": 3.87325765,
    "_macd_orange": 5.20126118,
    "_cci20": 120.87020776,
    "_cci201": 145.6068525,
    "_ema10": 52.83182588,
    "_ema20": 48.34096416,
    "_ema30": 45.50895276,
    "_ema50": 41.91667276,
    "_ema100": 37.35763397,
    "_ema200": 33.09333652,
    "_psar": 47.31232451,
    "_wrr": -9.97958721,
    "stock_diff": 3.18,
    "rsi_diff": -2.77
}
