{
    "open": 184.67,
    "low": 183.2,
    "high": 186.2,
    "close": 184.9,
    "volume": 3738019,
    "change": 0.3745725,
    "_rsi": 63.29029557,
    "_rsi1": 62.61174189,
    "_stock_k": 91.65775658,
    "_stock_d": 92.06316566,
    "_stock_k1": 92.83889954,
    "_stock_d1": 94.03351721,
    "_macd_blue": 1.29645757,
    "_macd_orange": 2.93813908,
    "_cci20": 146.90369267,
    "_cci201": 146.28980102,
    "_ema10": 179.39592005,
    "_ema20": 176.27266226,
    "_ema30": 175.40955067,
    "_ema50": 176.23307984,
    "_ema100": 179.79387487,
    "_ema200": 181.04722362,
    "_psar": 176.34465818,
    "_wr": -5.4598908,
    "_mom": 14.54,
    "_mom1": 11.46,
    "stock_diff": -0.41,
    "rsi_diff": 0.68
}
