{
    "open": 80.04,
    "low": 79.72,
    "high": 80.6694,
    "close": 80.41,
    "volume": 7604650,
    "change": 0.85287846,
    "_rsi": 65.02932961,
    "_rsi1": 61.61432611,
    "_stock_k": 83.2493754,
    "_stock_d": 77.76917106,
    "_stock_k1": 74.67443534,
    "_stock_d1": 76.46073353,
    "_macd_blue": 0.26293968,
    "_macd_orange": 0.57979212,
    "_cci20": 147.78918872,
    "_cci201": 132.6847304,
    "_ema10": 79.04399987,
    "_ema20": 78.4392211,
    "_ema30": 78.23938287,
    "_ema50": 78.18214159,
    "_ema100": 78.15928962,
    "_ema200": 77.73029251,
    "_psar": 77.87511764,
    "_wr": -5.65215497,
    "_mom": 2.52,
    "_mom1": 1.94,
    "stock_diff": 5.48,
    "rsi_diff": 3.42
}
