{
    "open": 321.19,
    "low": 318.49,
    "high": 325.875,
    "close": 325.41,
    "volume": 496082,
    "change": 1.53831752,
    "_rsi": 52.93669572,
    "_rsi1": 48.4977569,
    "_stock_k": 30.69811458,
    "_stock_d": 39.24404511,
    "_stock_k1": 35.0900536,
    "_stock_d1": 51.66310623,
    "_macd_blue": 1.55107922,
    "_macd_orange": 1.79955723,
    "_cci20": 2.90755374,
    "_cci201": -10.01638368,
    "_ema10": 324.44568675,
    "_ema20": 322.63320965,
    "_ema30": 322.40665548,
    "_ema50": 325.05070382,
    "_ema100": 330.71252136,
    "_ema200": 329.00300152,
    "_psar": 338.2993,
    "_wr": -58.22231928,
    "_mom": -3.37,
    "_mom1": -5.71,
    "stock_diff": -8.55,
    "rsi_diff": 4.44
}
