{
    "open": 212.07,
    "low": 205.64,
    "high": 212.09,
    "close": 207.16,
    "volume": 313115,
    "change": -2.54504399,
    "_rsi": 47.2522931,
    "_rsi1": 54.62561534,
    "_stock_k": 65.36235531,
    "_stock_d": 76.61338723,
    "_stock_k1": 82.75547787,
    "_stock_d1": 78.26481548,
    "_macd_blue": -0.74638527,
    "_macd_orange": -0.12284543,
    "_cci20": 13.47680837,
    "_cci201": 126.38856122,
    "_ema10": 209.19353535,
    "_ema20": 208.96823135,
    "_ema30": 209.33338379,
    "_ema50": 210.22394174,
    "_ema100": 212.1776373,
    "_ema200": 212.15669742,
    "_psar": 202.58477671,
    "_wr": -57.7881228,
    "_mom": -0.53,
    "_mom1": 6.22,
    "stock_diff": -11.25,
    "rsi_diff": -7.37
}
