{
    "open": 50.99,
    "low": 50.56,
    "high": 52.39,
    "close": 52.15,
    "volume": 2689556,
    "change": 2.35525025,
    "_rsi": 65.46686656,
    "_rsi1": 61.30909445,
    "_stock_k": 76.13545982,
    "_stock_d": 61.84780155,
    "_stock_k1": 59.31374514,
    "_stock_d1": 52.22159868,
    "_macd_blue": 1.05555899,
    "_macd_orange": 1.09539645,
    "_cci20": 91.79891988,
    "_cci201": 54.90252836,
    "_ema10": 50.26676172,
    "_ema20": 49.42247773,
    "_ema30": 48.77791016,
    "_ema50": 48.0990685,
    "_ema100": 47.27264611,
    "_ema200": 45.28686211,
    "_psar": 47.2306,
    "_wr": -4.65170369,
    "_mom": 1.06,
    "_mom1": 0.21,
    "stock_diff": 14.29,
    "rsi_diff": 4.16
}
