{
    "open": 196.25,
    "low": 189.76,
    "high": 197.87,
    "close": 192.16,
    "volume": 2012811,
    "change": -1.46651625,
    "_rsi": 53.3213715,
    "_rsi1": 55.73409463,
    "_stock_k": 87.92971867,
    "_stock_d": 87.19699006,
    "_stock_k1": 88.65072202,
    "_stock_d1": 87.70498308,
    "_macd_blue": -0.12136984,
    "_macd_orange": 1.05425071,
    "_cci20": 71.55533456,
    "_cci201": 63.01118285,
    "_ema10": 189.65340556,
    "_ema20": 188.422159,
    "_ema30": 187.91097899,
    "_ema50": 186.1732722,
    "_ema100": 180.91348065,
    "_ema200": 171.90080248,
    "_psar": 163.51619641,
    "_wr": -12.42925555,
    "_mom": 12.85,
    "_mom1": 16.11,
    "stock_diff": 0.73,
    "rsi_diff": -2.41
}
