{
    "open": 21.42,
    "low": 21.265,
    "high": 21.725,
    "close": 21.5,
    "volume": 5951323,
    "change": -0.60101711,
    "_rsi": 53.49215365,
    "_rsi1": 54.8247889,
    "_stock_k": 88.67919592,
    "_stock_d": 90.4398208,
    "_stock_k1": 91.34353383,
    "_stock_d1": 90.50017473,
    "_macd_blue": -0.39958117,
    "_macd_orange": -0.13008438,
    "_cci20": 91.46653413,
    "_cci201": 113.4334528,
    "_ema10": 21.05474998,
    "_ema20": 21.01398279,
    "_ema30": 21.22353532,
    "_ema50": 21.69863905,
    "_ema100": 22.58539776,
    "_ema200": 23.02523,
    "_psar": 19.88870232,
    "_wr": -13.23943662,
    "_mom": 1.43,
    "_mom1": 2.26,
    "stock_diff": -1.76,
    "rsi_diff": -1.33
}
