{
    "open": 80.12,
    "low": 79.74,
    "high": 82.46,
    "close": 82.085,
    "volume": 23828563,
    "change": 4.34091776,
    "_rsi": 54.97367402,
    "_rsi1": 47.74778253,
    "_stock_k": 24.09246804,
    "_stock_d": 16.91811872,
    "_stock_k1": 12.93244436,
    "_stock_d1": 16.43681257,
    "_macd_blue": 1.41790942,
    "_macd_orange": 0.79884494,
    "_cci20": 18.17466485,
    "_cci201": -37.45864125,
    "_ema10": 80.64872451,
    "_ema20": 80.42461079,
    "_ema30": 79.48170232,
    "_ema50": 77.10408227,
    "_ema100": 72.24593693,
    "_ema200": 66.48129356,
    "_psar": 88.24222429,
    "_wr": -61.75024582,
    "_mom": -5.035,
    "_mom1": -5.42,
    "stock_diff": 7.17,
    "rsi_diff": 7.23
}
