{
    "open": 49.36,
    "low": 48.87,
    "high": 50.04,
    "close": 49.98,
    "volume": 2214676,
    "change": 1.1945738,
    "_rsi": 47.44654698,
    "_rsi1": 44.74673957,
    "_stock_k": 67.65464253,
    "_stock_d": 72.97766103,
    "_stock_k1": 72.02122528,
    "_stock_d1": 80.5198561,
    "_macd_blue": -1.11914546,
    "_macd_orange": -0.70486193,
    "_cci20": 26.08978892,
    "_cci201": 10.42290575,
    "_ema10": 49.78668716,
    "_ema20": 50.05448855,
    "_ema30": 50.78768239,
    "_ema50": 52.19191914,
    "_ema100": 53.60237478,
    "_ema200": 52.73037871,
    "_psar": 47.6934341,
    "_wr": -27.42681048,
    "_mom": 2.39,
    "_mom1": 0.82,
    "stock_diff": -5.32,
    "rsi_diff": 2.7
}
