{
    "open": 37.09,
    "low": 36.79,
    "high": 37.44,
    "close": 37,
    "volume": 1231924,
    "change": -0.05402485,
    "_rsi": 62.62476622,
    "_rsi1": 62.76826577,
    "_stock_k": 85.96187216,
    "_stock_d": 88.60391451,
    "_stock_k1": 88.01004394,
    "_stock_d1": 91.65921638,
    "_macd_blue": 0.53264527,
    "_macd_orange": 0.8139263,
    "_cci20": 140.22580531,
    "_cci201": 143.29159121,
    "_ema10": 35.99705592,
    "_ema20": 35.27155847,
    "_ema30": 34.82915374,
    "_ema50": 34.18234822,
    "_ema100": 33.25494711,
    "_ema200": 32.10440878,
    "_psar": 33.0248681,
    "_wr": -12.54752852,
    "_mom": 3.27,
    "_mom1": 2.74,
    "stock_diff": -2.64,
    "rsi_diff": -0.14
}
