{
    "open": 157.67,
    "low": 156.8,
    "high": 158.39,
    "close": 157.88,
    "volume": 1114228,
    "change": -0.57934509,
    "_rsi": 43.91728951,
    "_rsi1": 45.9607051,
    "_stock_k": 35.4622871,
    "_stock_d": 54.55136453,
    "_stock_k1": 54.37956204,
    "_stock_d1": 73.64658338,
    "_macd_blue": 0.21691228,
    "_macd_orange": 0.05106595,
    "_cci20": -96.29661602,
    "_cci201": -37.69264074,
    "_ema10": 160.257849,
    "_ema20": 160.3107286,
    "_ema30": 160.1346695,
    "_ema50": 159.10336173,
    "_ema100": 155.66677189,
    "_ema200": 148.58871505,
    "_psar": 165.519,
    "_wr": -70.98540146,
    "_mom": -1.06,
    "_mom1": -0.46,
    "stock_diff": -19.09,
    "rsi_diff": -2.04
}
