{
    "open": 197.63,
    "low": 187.3,
    "high": 198.65,
    "close": 193.81,
    "volume": 2009420,
    "change": -2.0369996,
    "_rsi": 64.44033874,
    "_rsi1": 67.80600859,
    "_stock_k": 91.08840897,
    "_stock_d": 89.37619576,
    "_stock_k1": 89.6115502,
    "_stock_d1": 89.39997841,
    "_macd_blue": 8.31690189,
    "_macd_orange": 10.44066823,
    "_cci20": 126.87945591,
    "_cci201": 151.20758926,
    "_ema10": 185.03986797,
    "_ema20": 176.06508775,
    "_ema30": 170.83738222,
    "_ema50": 168.10163271,
    "_ema100": 171.03500506,
    "_ema200": 169.64413846,
    "_psar": 165.11257399,
    "_wr": -10.13188193,
    "_mom": 22.74,
    "_mom1": 19.12,
    "stock_diff": 1.71,
    "rsi_diff": -3.37
}
