{
    "open": 59.78,
    "low": 59.18,
    "high": 59.935,
    "close": 59.35,
    "volume": 5262856,
    "change": -0.45286817,
    "_rsi": 44.40463986,
    "_rsi1": 45.70762798,
    "_stock_k": 30.25362319,
    "_stock_d": 20.99436393,
    "_stock_k1": 21.61835749,
    "_stock_d1": 13.44814488,
    "_macd_blue": -0.24143073,
    "_macd_orange": -0.55732032,
    "_cci20": -63.44351692,
    "_cci201": -70.77625571,
    "_ema10": 59.59746793,
    "_ema20": 60.19941082,
    "_ema30": 60.34670511,
    "_ema50": 60.0833521,
    "_ema100": 58.94048657,
    "_ema200": 57.1993572,
    "_psar": 62.03939384,
    "_wr": -66.48550725,
    "_mom": -3.08,
    "_mom1": -2.35,
    "stock_diff": 9.26,
    "rsi_diff": -1.3
}
