{
    "open": 49.62,
    "low": 49.23,
    "high": 50.09,
    "close": 49.49,
    "volume": 1584949,
    "change": -0.38244767,
    "_rsi": 41.19614985,
    "_rsi1": 41.94756212,
    "_stock_k": 32.79367584,
    "_stock_d": 25.73201091,
    "_stock_k1": 25.58922559,
    "_stock_d1": 19.67603766,
    "_macd_blue": -1.31158079,
    "_macd_orange": -1.36905404,
    "_cci20": -48.38990426,
    "_cci201": -50.58067531,
    "_ema10": 49.56222903,
    "_ema20": 50.64911255,
    "_ema30": 51.42345917,
    "_ema50": 52.35712759,
    "_ema100": 53.90874508,
    "_ema200": 55.56030132,
    "_psar": 47.4,
    "_wr": -62.47755835,
    "_mom": -1.82,
    "_mom1": -0.76,
    "stock_diff": 7.06,
    "rsi_diff": -0.75
}
