{
    "open": 182.52,
    "low": 181.53,
    "high": 183.83,
    "close": 181.62,
    "volume": 937494,
    "change": -0.591133,
    "_rsi": 64.49835522,
    "_rsi1": 67.47184974,
    "_stock_k": 88.71594355,
    "_stock_d": 92.30066528,
    "_stock_k1": 92.49563161,
    "_stock_d1": 93.86421524,
    "_macd_blue": 2.64093479,
    "_macd_orange": 3.37431862,
    "_cci20": 114.82595571,
    "_cci201": 142.19916726,
    "_ema10": 179.27263843,
    "_ema20": 176.4568281,
    "_ema30": 174.46769273,
    "_ema50": 171.35567973,
    "_ema100": 166.39145128,
    "_ema200": 160.37087154,
    "_psar": 177.30850967,
    "_wr": -17.24565757,
    "_mom": 10.25,
    "_mom1": 14.25,
    "stock_diff": -3.58,
    "rsi_diff": -2.97
}
