{
    "open": 336.69,
    "low": 323.3,
    "high": 336.69,
    "close": 323.86,
    "volume": 380372,
    "change": -4.6909947,
    "_rsi": 49.88482967,
    "_rsi1": 62.44472697,
    "_stock_k": 76.60283891,
    "_stock_d": 88.13869089,
    "_stock_k1": 93.20281835,
    "_stock_d1": 95.00963026,
    "_macd_blue": 0.49360393,
    "_macd_orange": 2.72089296,
    "_cci20": 67.32411553,
    "_cci201": 191.57791897,
    "_ema10": 327.76689298,
    "_ema20": 324.45654638,
    "_ema30": 324.1191339,
    "_ema50": 326.64855672,
    "_ema100": 334.39797024,
    "_ema200": 333.98343509,
    "_psar": 321.34178296,
    "_wr": -52.12917977,
    "_mom": 2.78,
    "_mom1": 32.69,
    "stock_diff": -11.54,
    "rsi_diff": -12.56
}
