{
    "open": 218.42,
    "low": 215.6875,
    "high": 218.93,
    "close": 218.43,
    "volume": 5052492,
    "change": 0.51539276,
    "_rsi": 56.79550044,
    "_rsi1": 55.71013313,
    "_stock_k": 91.60081054,
    "_stock_d": 91.63420571,
    "_stock_k1": 91.64133739,
    "_stock_d1": 93.25442059,
    "_macd_blue": -1.42503042,
    "_macd_orange": 0.69020213,
    "_cci20": 89.45606925,
    "_cci201": 76.99303202,
    "_ema10": 213.97971974,
    "_ema20": 212.44623348,
    "_ema30": 212.81330733,
    "_ema50": 213.72727205,
    "_ema100": 215.6357774,
    "_ema200": 217.40864616,
    "_psar": 195.18425995,
    "_wr": -3.46504559,
    "_mom": 21.72,
    "_mom1": 19.34,
    "stock_diff": -0.03,
    "rsi_diff": 1.09
}
