{
    "open": 72,
    "low": 71.83,
    "high": 72.59,
    "close": 72.59,
    "volume": 8131580,
    "change": 1.18483412,
    "_rsi": 68.28214566,
    "_rsi1": 64.1770636,
    "_stock_k": 78.75002275,
    "_stock_d": 69.7417975,
    "_stock_k1": 66.58335608,
    "_stock_d1": 66.19541214,
    "_macd_blue": 0.80466133,
    "_macd_orange": 0.92574093,
    "_cci20": 134.75946836,
    "_cci201": 80.7778611,
    "_ema10": 71.21144016,
    "_ema20": 70.44557937,
    "_ema30": 69.94758932,
    "_ema50": 69.41768914,
    "_ema100": 68.6997637,
    "_ema200": 67.55825231,
    "_psar": 70.11,
    "_wr": 0,
    "_mom": 2.16,
    "_mom1": 1.07,
    "stock_diff": 9.01,
    "rsi_diff": 4.11
}
