{
    "open": 79.28,
    "low": 78.47,
    "high": 80.371,
    "close": 78.64,
    "volume": 1636735,
    "change": -1.61391217,
    "_rsi": 47.78560732,
    "_rsi1": 49.41486559,
    "_stock_k": 59.76012232,
    "_stock_d": 55.64141612,
    "_stock_k1": 56.45731236,
    "_stock_d1": 51.14876202,
    "_macd_blue": -3.1242162,
    "_macd_orange": -2.4266156,
    "_cci20": 6.23385033,
    "_cci201": 8.04480469,
    "_ema10": 77.48734994,
    "_ema20": 79.06149294,
    "_ema30": 80.68342785,
    "_ema50": 82.75707817,
    "_ema100": 86.31233607,
    "_ema200": 92.12368531,
    "_psar": 69.31657037,
    "_wr": -33.6030205,
    "_mom": 1.37,
    "_mom1": 8.19,
    "stock_diff": 4.12,
    "rsi_diff": -1.63
}
