{
    "open": 132,
    "low": 131.37,
    "high": 134.13,
    "close": 133.85,
    "volume": 1290442,
    "change": 1.973183,
    "_rsi": 73.0888458,
    "_rsi1": 69.88379348,
    "_stock_k": 92.07827366,
    "_stock_d": 93.00876863,
    "_stock_k1": 92.29052628,
    "_stock_d1": 95.33478668,
    "_macd_blue": 3.74325358,
    "_macd_orange": 4.45808281,
    "_cci20": 129.28980674,
    "_cci201": 110.43819117,
    "_ema10": 128.96177045,
    "_ema20": 125.32851025,
    "_ema30": 122.6983546,
    "_ema50": 118.89179431,
    "_ema100": 113.33113388,
    "_ema200": 109.45750546,
    "_psar": 128.41429776,
    "_wr": -1.52339499,
    "_mom": 9.43,
    "_mom1": 11.26,
    "stock_diff": -0.93,
    "rsi_diff": 3.21
}
