{
    "open": 238.7,
    "low": 238.23,
    "high": 241.66,
    "close": 239.69,
    "volume": 1370385,
    "change": 0.78207123,
    "_rsi": 61.87195449,
    "_rsi1": 60.20447311,
    "_stock_k": 44.05792368,
    "_stock_d": 34.53463262,
    "_stock_k1": 33.75796178,
    "_stock_d1": 26.98483261,
    "_macd_blue": 4.87694967,
    "_macd_orange": 4.34241586,
    "_cci20": 81.17250942,
    "_cci201": 42.55231969,
    "_ema10": 235.03472016,
    "_ema20": 232.17115954,
    "_ema30": 228.96880076,
    "_ema50": 223.70043606,
    "_ema100": 215.41884265,
    "_ema200": 204.78202741,
    "_psar": 245.12649767,
    "_wr": -49.9755022,
    "_mom": 2.88,
    "_mom1": 2.52,
    "stock_diff": 9.52,
    "rsi_diff": 1.67
}
