{
    "open": 16.31,
    "low": 16.1,
    "high": 16.76,
    "close": 16.72,
    "volume": 33893076,
    "change": 3.14620605,
    "_rsi": 54.1393708,
    "_rsi1": 50.81078592,
    "_stock_k": 92.19679235,
    "_stock_d": 89.50870144,
    "_stock_k1": 86.93017083,
    "_stock_d1": 87.33290335,
    "_macd_blue": -0.36407816,
    "_macd_orange": -0.09476368,
    "_cci20": 57.02751021,
    "_cci201": 42.12660972,
    "_ema10": 16.08561313,
    "_ema20": 16.02374708,
    "_ema30": 16.20028263,
    "_ema50": 16.61386699,
    "_ema100": 17.48375847,
    "_ema200": 18.338072,
    "_psar": 14.01777689,
    "_wr": -2.72733471,
    "_mom": 2.52,
    "_mom1": 1.91,
    "stock_diff": 2.69,
    "rsi_diff": 3.33
}
