{
    "open": 16.02,
    "low": 15.92,
    "high": 16.76,
    "close": 16.645,
    "volume": 10962593,
    "change": 3.57809583,
    "_rsi": 61.99504872,
    "_rsi1": 56.49597841,
    "_stock_k": 80.4690991,
    "_stock_d": 74.14968299,
    "_stock_k1": 71.17794486,
    "_stock_d1": 67.41854637,
    "_macd_blue": 0.19988389,
    "_macd_orange": 0.25085268,
    "_cci20": 120.74527911,
    "_cci201": 70.43908061,
    "_ema10": 15.94952328,
    "_ema20": 15.75916089,
    "_ema30": 15.57185213,
    "_ema50": 15.12256879,
    "_ema100": 13.97267004,
    "_ema200": 12.19179121,
    "_psar": 14.266328,
    "_wr": -4.45736434,
    "_mom": 0.515,
    "_mom1": 0.11,
    "stock_diff": 6.32,
    "rsi_diff": 5.5
}
