{
    "open": 64.11,
    "low": 63.87,
    "high": 65.51,
    "close": 64.25,
    "volume": 2033873,
    "change": 1.7418844,
    "_rsi": 41.23209345,
    "_rsi1": 37.63345402,
    "_stock_k": 23.50335796,
    "_stock_d": 21.83981882,
    "_stock_k1": 23.16064629,
    "_stock_d1": 17.62980834,
    "_macd_blue": -1.68724,
    "_macd_orange": -2.05855769,
    "_cci20": -66.1384559,
    "_cci201": -87.85632657,
    "_ema10": 64.79332091,
    "_ema20": 66.5564267,
    "_ema30": 67.6123206,
    "_ema50": 68.59749194,
    "_ema100": 68.89325972,
    "_ema200": 66.93822307,
    "_psar": 61.524,
    "_wr": -71.25256674,
    "_mom": -4.79,
    "_mom1": -6.77,
    "stock_diff": 1.66,
    "rsi_diff": 3.6
}
