{
    "open": 224.52,
    "low": 223.7801,
    "high": 226.48,
    "close": 226.46,
    "volume": 456234,
    "change": 0.86406556,
    "_rsi": 55.97339135,
    "_rsi1": 53.05547095,
    "_stock_k": 91.04258443,
    "_stock_d": 92.08152059,
    "_stock_k1": 90.2530178,
    "_stock_d1": 91.0582325,
    "_macd_blue": -1.86400237,
    "_macd_orange": 0.00022345,
    "_cci20": 104.37023558,
    "_cci201": 115.3632038,
    "_ema10": 223.39338449,
    "_ema20": 222.32509608,
    "_ema30": 223.40503693,
    "_ema50": 225.92528843,
    "_ema100": 227.84609394,
    "_ema200": 226.08120717,
    "_psar": 218.86179507,
    "_wr": -7.7092511,
    "_mom": 12.82,
    "_mom1": 9.8,
    "stock_diff": -1.04,
    "rsi_diff": 2.92
}
