{
    "open": 23.65,
    "low": 23.54,
    "high": 24.045,
    "close": 23.89,
    "volume": 6459696,
    "change": 1.22881356,
    "_rsi": 48.13285486,
    "_rsi1": 45.58723258,
    "_stock_k": 60.1532567,
    "_stock_d": 65.13409962,
    "_stock_k1": 65.77266922,
    "_stock_d1": 69.81216009,
    "_macd_blue": -0.35137207,
    "_macd_orange": -0.26083801,
    "_cci20": 23.13983643,
    "_cci201": -9.6410326,
    "_ema10": 23.81293092,
    "_ema20": 23.96523429,
    "_ema30": 24.154795,
    "_ema50": 24.30464066,
    "_ema100": 23.99476249,
    "_ema200": 22.8624687,
    "_psar": 23.14876124,
    "_wr": -31.41762452,
    "_mom": 0.97,
    "_mom1": 0.64,
    "stock_diff": -4.98,
    "rsi_diff": 2.55
}
