{
    "open": 291.85,
    "low": 260.11,
    "high": 291.85,
    "close": 266.75,
    "volume": 1226326,
    "change": -7.39454956,
    "_rsi": 43.4816045,
    "_rsi1": 47.13541119,
    "_stock_k": 85.04384628,
    "_stock_d": 91.6955445,
    "_stock_k1": 94.68374404,
    "_stock_d1": 94.75616524,
    "_macd_blue": -39.63307495,
    "_macd_orange": -23.78615821,
    "_cci20": 59.15708217,
    "_cci201": 73.29259899,
    "_ema10": 274.56652997,
    "_ema20": 282.92650489,
    "_ema30": 308.20895022,
    "_ema50": 361.44598421,
    "_ema100": 443.62433271,
    "_ema200": 482.74858036,
    "_psar": 208.48083903,
    "_wr": -29.58951276,
    "_mom": 66.61,
    "_mom1": 99.29,
    "stock_diff": -6.65,
    "rsi_diff": -3.65
}
