{
    "open": 237.24,
    "low": 231.83,
    "high": 237.74,
    "close": 235.46,
    "volume": 568874,
    "change": -0.45237391,
    "_rsi": 54.94480372,
    "_rsi1": 56.35654154,
    "_stock_k": 73.59322427,
    "_stock_d": 77.30208454,
    "_stock_k1": 78.39656573,
    "_stock_d1": 81.14630468,
    "_macd_blue": 0.84597731,
    "_macd_orange": 2.43975724,
    "_cci20": 62.14507334,
    "_cci201": 85.33821661,
    "_ema10": 234.75506477,
    "_ema20": 231.75187253,
    "_ema30": 231.80970559,
    "_ema50": 236.04910034,
    "_ema100": 245.04429699,
    "_ema200": 243.86508404,
    "_psar": 243.409048,
    "_wr": -28.99408284,
    "_mom": 11.56,
    "_mom1": 10.32,
    "stock_diff": -3.71,
    "rsi_diff": -1.41
}
