{
    "open": 67.29,
    "low": 66.75,
    "high": 67.5199,
    "close": 66.9,
    "volume": 2835066,
    "change": -0.81541883,
    "_rsi": 52.68710422,
    "_rsi1": 56.47404576,
    "_stock_k": 79.84259033,
    "_stock_d": 83.84898475,
    "_stock_k1": 87.12081379,
    "_stock_d1": 82.20817311,
    "_macd_blue": -0.47525978,
    "_macd_orange": -0.15760233,
    "_cci20": 116.49507961,
    "_cci201": 168.11646468,
    "_ema10": 66.36842708,
    "_ema20": 66.31927382,
    "_ema30": 66.57774294,
    "_ema50": 67.1094193,
    "_ema100": 67.63106912,
    "_ema200": 67.11081948,
    "_psar": 64.74495338,
    "_wr": -24.31693989,
    "_mom": 1.73,
    "_mom1": 2.55,
    "stock_diff": -4.01,
    "rsi_diff": -3.79
}
