{
    "open": 38,
    "low": 37.685,
    "high": 38.61,
    "close": 38.15,
    "volume": 5788253,
    "change": -0.13089005,
    "_rsi": 42.43814203,
    "_rsi1": 42.70090194,
    "_stock_k": 23.08583743,
    "_stock_d": 42.03038119,
    "_stock_k1": 43.5536467,
    "_stock_d1": 55.09395105,
    "_macd_blue": -0.19341391,
    "_macd_orange": -0.25064665,
    "_cci20": -150.01677571,
    "_cci201": -69.92859589,
    "_ema10": 38.97760434,
    "_ema20": 39.18603481,
    "_ema30": 39.32496864,
    "_ema50": 39.39047412,
    "_ema100": 38.95492388,
    "_ema200": 37.67950816,
    "_psar": 40.4492,
    "_wr": -83.48134991,
    "_mom": -0.84,
    "_mom1": -0.32,
    "stock_diff": -18.94,
    "rsi_diff": -0.26
}
