{
    "open": 40.79,
    "low": 40.465,
    "high": 41.24,
    "close": 40.56,
    "volume": 2540394,
    "change": -1.31386861,
    "_rsi": 47.80234068,
    "_rsi1": 51.2084772,
    "_stock_k": 46.79553427,
    "_stock_d": 45.30236357,
    "_stock_k1": 47.29458918,
    "_stock_d1": 43.24203963,
    "_macd_blue": -0.12393669,
    "_macd_orange": -0.17375205,
    "_cci20": -22.20862894,
    "_cci201": 14.99524764,
    "_ema10": 40.67697072,
    "_ema20": 40.87095916,
    "_ema30": 40.87447499,
    "_ema50": 40.61412608,
    "_ema100": 39.94622938,
    "_ema200": 38.72307637,
    "_psar": 42.02,
    "_wr": -55.60538117,
    "_mom": -0.31,
    "_mom1": -0.74,
    "stock_diff": 1.49,
    "rsi_diff": -3.41
}
