{
    "open": 25.12,
    "low": 25.12,
    "high": 25.85,
    "close": 25.85,
    "volume": 3652,
    "change": 3.94049055,
    "_rsi": 58.24931933,
    "_rsi1": 50.61300972,
    "_stock_k": 36.30762026,
    "_stock_d": 38.81995524,
    "_stock_k1": 32.66892363,
    "_stock_d1": 46.86195928,
    "_macd_blue": 0.72659862,
    "_macd_orange": 0.57347472,
    "_cci20": 29.43442749,
    "_cci201": -22.26379794,
    "_ema10": 25.54168189,
    "_ema20": 25.20132163,
    "_ema30": 24.7364584,
    "_ema50": 23.81400725,
    "_ema100": 21.94469616,
    "_ema200": 19.44431568,
    "_psar": 27.060701,
    "_wr": -48.02110818,
    "_mom": 0.55,
    "_mom1": -0.72,
    "stock_diff": -2.51,
    "rsi_diff": 7.64
}
