{
    "open": 568.98,
    "low": 547.01,
    "high": 580.5399,
    "close": 555.36,
    "change": 0.39408511,
    "_rsi": 33.00932907,
    "_rsi1": 32.72059676,
    "_stock_k": 25.88729487,
    "_stock_d": 19.05026614,
    "_stock_k1": 18.95920024,
    "_stock_d1": 11.2531365,
    "_macd_blue": -99.95260366,
    "_macd_orange": -97.55734762,
    "_cci20": -97.70428545,
    "_cci201": -102.94083998,
    "_ema10": 597.79109118,
    "_ema20": 666.4564365,
    "_ema30": 736.41533423,
    "_ema50": 861.12102581,
    "_ema100": 1053.38110165,
    "_ema200": 1171.82235014,
    "_psar": 612.07498359,
    "_wrr": -77.91723965,
    "stock_diff": 6.84,
    "rsi_diff": 0.29
}
