{
    "open": 568.98,
    "low": 550.75,
    "high": 580.5399,
    "close": 552.88,
    "change": -0.0542319,
    "_rsi": 32.70120088,
    "_rsi1": 32.72059676,
    "_stock_k": 25.47390986,
    "_stock_d": 18.91247114,
    "_stock_k1": 18.95920024,
    "_stock_d1": 11.2531365,
    "_macd_blue": -99.99217061,
    "_macd_orange": -97.75518238,
    "_cci20": -97.3617198,
    "_cci201": -102.94083998,
    "_ema10": 597.34018209,
    "_ema20": 666.22024602,
    "_ema30": 736.25533423,
    "_ema50": 861.02377091,
    "_ema100": 1053.33199274,
    "_ema200": 1171.79767352,
    "_psar": 612.07498359,
    "_wrr": -79.15739467,
    "stock_diff": 6.56,
    "rsi_diff": -0.02
}
