{
    "open": 568.98,
    "low": 542.24,
    "high": 580.5399,
    "close": 544.37,
    "volume": 2731211,
    "change": -1.59261,
    "_rsi": 32.1604237,
    "_rsi1": 32.72059676,
    "_stock_k": 24.05539921,
    "_stock_d": 18.43963426,
    "_stock_k1": 18.95920024,
    "_stock_d1": 11.2531365,
    "_macd_blue": -100.12794269,
    "_macd_orange": -98.43404277,
    "_cci20": -101.97577031,
    "_cci201": -102.94083998,
    "_ema10": 595.79290936,
    "_ema20": 665.40976983,
    "_ema30": 735.70630198,
    "_ema50": 860.69004542,
    "_ema100": 1053.16347789,
    "_ema200": 1171.7129969,
    "_psar": 612.07498359,
    "_wr": -83.41292662,
    "stock_diff": 5.62,
    "rsi_diff": -0.56
}
