{
    "open": 444.34,
    "low": 440.68,
    "high": 446.46,
    "close": 442.08,
    "volume": 65453108,
    "change": -0.54890669,
    "_rsi": 54.86986753,
    "_rsi1": 56.67108627,
    "_stock_k": 94.90903446,
    "_stock_d": 87.99968873,
    "_stock_k1": 92.52644806,
    "_stock_d1": 73.10974904,
    "_macd_blue": -4.25243446,
    "_macd_orange": -1.35747873,
    "_cci20": 141.08194604,
    "_cci201": 144.66505102,
    "_ema10": 434.11741213,
    "_ema20": 433.69329974,
    "_ema30": 435.87157415,
    "_ema50": 440.4850928,
    "_ema100": 445.03798957,
    "_ema200": 438.15630708,
    "_psar": 417.438176,
    "_wr": -13.97574984,
    "_mom": 22.65,
    "_mom1": 12.35,
    "stock_diff": 6.91,
    "rsi_diff": -1.8
}
