{
    "open": 125.68,
    "low": 122.961,
    "high": 125.8,
    "close": 123.28,
    "volume": 580989,
    "change": -1.70626694,
    "_rsi": 53.18547354,
    "_rsi1": 60.93008433,
    "_stock_k": 68.44960319,
    "_stock_d": 74.82530023,
    "_stock_k1": 77.92279049,
    "_stock_d1": 75.43175655,
    "_macd_blue": 1.48069022,
    "_macd_orange": 1.41922986,
    "_cci20": 51.98846853,
    "_cci201": 153.24621448,
    "_ema10": 123.98337563,
    "_ema20": 122.95934982,
    "_ema30": 122.02435067,
    "_ema50": 120.6683165,
    "_ema100": 118.63417371,
    "_ema200": 115.54915591,
    "_psar": 122.82000079,
    "_wr": -55.36480687,
    "_mom": -0.74,
    "_mom1": 3.37,
    "stock_diff": -6.38,
    "rsi_diff": -7.74
}
