{
    "open": 141.15,
    "low": 138.34,
    "high": 141.15,
    "close": 138.74,
    "volume": 3194852,
    "change": -1.79784824,
    "_rsi": 30.34292098,
    "_rsi1": 32.34306414,
    "_stock_k": 4.52560549,
    "_stock_d": 12.00951876,
    "_stock_k1": 10.64968126,
    "_stock_d1": 19.38810038,
    "_macd_blue": -5.62345043,
    "_macd_orange": -6.03040586,
    "_cci20": -140.29985102,
    "_cci201": -119.10278957,
    "_ema10": 146.34179107,
    "_ema20": 150.88443403,
    "_ema30": 154.87458453,
    "_ema50": 161.19752713,
    "_ema100": 170.57864734,
    "_ema200": 177.85803518,
    "_psar": 150.37849719,
    "_wr": -98.39615076,
    "_mom": -10.86,
    "_mom1": -11.38,
    "stock_diff": -7.48,
    "rsi_diff": -2.0
}
