{
    "open": 131.21,
    "low": 129.2,
    "high": 131.54,
    "close": 131.26,
    "volume": 1141727,
    "change": 0.55925841,
    "_rsi": 69.88379348,
    "_rsi1": 68.91485983,
    "_stock_k": 92.29052628,
    "_stock_d": 95.33478668,
    "_stock_k1": 94.65750594,
    "_stock_d1": 95.15249888,
    "_macd_blue": 3.56454628,
    "_macd_orange": 4.23167404,
    "_cci20": 110.43819117,
    "_cci201": 131.43406421,
    "_ema10": 127.87549721,
    "_ema20": 124.43151133,
    "_ema30": 121.9292756,
    "_ema50": 118.2812553,
    "_ema100": 112.91661134,
    "_ema200": 109.21235476,
    "_psar": 127.32037219,
    "_wr": -8.97887324,
    "_mom": 11.26,
    "_mom1": 13.07,
    "stock_diff": -3.04,
    "rsi_diff": 0.97
}
