{
    "open": 98.16,
    "low": 97.74,
    "high": 98.6,
    "close": 97.77,
    "volume": 175521,
    "change": -0.65034041,
    "_rsi": 58.91828739,
    "_rsi1": 61.53499815,
    "_stock_k": 90.3431676,
    "_stock_d": 91.48120616,
    "_stock_k1": 91.62929876,
    "_stock_d1": 92.29473622,
    "_macd_blue": -0.09078912,
    "_macd_orange": 0.62102649,
    "_cci20": 149.32930497,
    "_cci201": 179.29231021,
    "_ema10": 96.17638955,
    "_ema20": 95.32780574,
    "_ema30": 95.31844847,
    "_ema50": 95.82306717,
    "_ema100": 95.91005175,
    "_ema200": 92.98257923,
    "_psar": 92.87314641,
    "_wr": -10.09280742,
    "_mom": 6.18,
    "_mom1": 8.03,
    "stock_diff": -1.14,
    "rsi_diff": -2.62
}
