{
    "open": 61.87,
    "low": 61.51,
    "high": 62.69,
    "close": 62.34,
    "volume": 2169918,
    "change": 2.61728395,
    "_rsi": 68.10895358,
    "_rsi1": 64.57485337,
    "_stock_k": 91.10890816,
    "_stock_d": 82.57436631,
    "_stock_k1": 81.99226516,
    "_stock_d1": 73.73110765,
    "_macd_blue": 2.14276019,
    "_macd_orange": 2.26932121,
    "_cci20": 126.72128249,
    "_cci201": 103.07831224,
    "_ema10": 59.7575932,
    "_ema20": 58.05306929,
    "_ema30": 56.5437621,
    "_ema50": 53.9534945,
    "_ema100": 49.26220004,
    "_ema200": 43.39049733,
    "_psar": 55.184784,
    "_wr": -4.42477876,
    "_mom": 2.75,
    "_mom1": 1.77,
    "stock_diff": 8.53,
    "rsi_diff": 3.53
}
