{
    "open": 579.69,
    "low": 568.3,
    "high": 583.72,
    "close": 569.24,
    "volume": 342950,
    "change": -3.16742081,
    "_rsi": 49.24154518,
    "_rsi1": 53.22873911,
    "_stock_k": 76.06227962,
    "_stock_d": 71.35188601,
    "_stock_k1": 74.09479074,
    "_stock_d1": 65.23694687,
    "_macd_blue": -17.60328751,
    "_macd_orange": -10.4463257,
    "_cci20": 40.68044989,
    "_cci201": 67.86630675,
    "_ema10": 561.64658882,
    "_ema20": 565.82508621,
    "_ema30": 575.9082791,
    "_ema50": 595.46149228,
    "_ema100": 618.71455451,
    "_ema200": 604.76853538,
    "_psar": 516.83950904,
    "_wr": -25.55284949,
    "_mom": 30.3,
    "_mom1": 70.87,
    "stock_diff": 4.71,
    "rsi_diff": -3.99
}
