{
    "open": 183.35,
    "low": 182.81,
    "high": 184.83,
    "close": 184.48,
    "volume": 391802,
    "change": 0.88040685,
    "_rsi": 77.962655,
    "_rsi1": 76.40904468,
    "_stock_k": 93.80983,
    "_stock_d": 91.30158854,
    "_stock_k1": 90.61690131,
    "_stock_d1": 91.48080176,
    "_macd_blue": 4.23772839,
    "_macd_orange": 5.09070476,
    "_cci20": 170.39256804,
    "_cci201": 159.19009297,
    "_ema10": 178.12376935,
    "_ema20": 173.99115358,
    "_ema30": 170.96810006,
    "_ema50": 167.06814119,
    "_ema100": 163.02240434,
    "_ema200": 158.5581117,
    "_psar": 176.31805327,
    "_wr": -1.84794087,
    "_mom": 14.53,
    "_mom1": 13.47,
    "stock_diff": 2.51,
    "rsi_diff": 1.55
}
