{
    "open": 74.4,
    "low": 74.065,
    "high": 76.07,
    "close": 75.98,
    "volume": 370255,
    "change": 2.75899378,
    "_rsi": 64.22422063,
    "_rsi1": 57.00726298,
    "_stock_k": 59.48022964,
    "_stock_d": 52.03791965,
    "_stock_k1": 43.80441968,
    "_stock_d1": 51.94372372,
    "_macd_blue": 1.00051997,
    "_macd_orange": 1.0449662,
    "_cci20": 135.51261142,
    "_cci201": 47.01565263,
    "_ema10": 74.04028857,
    "_ema20": 73.24347436,
    "_ema30": 72.59118248,
    "_ema50": 71.70665103,
    "_ema100": 71.26931477,
    "_ema200": 72.87751189,
    "_psar": 73.04,
    "_wr": -2.41286863,
    "_mom": 2.22,
    "_mom1": -0.29,
    "stock_diff": 7.44,
    "rsi_diff": 7.22
}
