{
    "open": 214.11,
    "low": 212.42,
    "high": 218.02,
    "close": 217.58,
    "volume": 836069,
    "change": 1.60168106,
    "_rsi": 62.07375995,
    "_rsi1": 60.31749125,
    "_stock_k": 96.13230906,
    "_stock_d": 95.30157133,
    "_stock_k1": 95.74985381,
    "_stock_d1": 95.33653633,
    "_macd_blue": -3.51276839,
    "_macd_orange": 1.37711864,
    "_cci20": 180.53009073,
    "_cci201": 190.09278932,
    "_ema10": 202.90777667,
    "_ema20": 199.331478,
    "_ema30": 200.90313001,
    "_ema50": 206.7772744,
    "_ema100": 215.27758903,
    "_ema200": 209.87222833,
    "_psar": 186.98439655,
    "_wr": -0.91647573,
    "_mom": 32.82,
    "_mom1": 25.78,
    "stock_diff": 0.83,
    "rsi_diff": 1.76
}
