{
    "open": 144.53,
    "low": 143.85,
    "high": 146.15,
    "close": 145.78,
    "volume": 7508497,
    "change": 1.20097188,
    "_rsi": 64.67618279,
    "_rsi1": 61.71467445,
    "_stock_k": 91.56919915,
    "_stock_d": 86.9431773,
    "_stock_k1": 89.5728119,
    "_stock_d1": 80.13401415,
    "_macd_blue": 0.40466443,
    "_macd_orange": 1.39212279,
    "_cci20": 159.82019225,
    "_cci201": 145.10677469,
    "_ema10": 141.57525737,
    "_ema20": 140.02085105,
    "_ema30": 139.63069445,
    "_ema50": 139.82242477,
    "_ema100": 140.77655276,
    "_ema200": 141.10151679,
    "_psar": 136.65801137,
    "_wr": -2.61669024,
    "_mom": 9.79,
    "_mom1": 8.89,
    "stock_diff": 4.63,
    "rsi_diff": 2.96
}
