{
    "open": 84.95,
    "low": 84.55,
    "high": 86.79,
    "close": 85.45,
    "volume": 1258526,
    "change": 1.23208151,
    "_rsi": 48.8072824,
    "_rsi1": 46.97709027,
    "_stock_k": 51.20496302,
    "_stock_d": 65.82010097,
    "_stock_k1": 66.04628967,
    "_stock_d1": 73.23527592,
    "_macd_blue": 0.90014578,
    "_macd_orange": 0.79281444,
    "_cci20": -23.71683381,
    "_cci201": -36.05509104,
    "_ema10": 87.06925368,
    "_ema20": 86.59121942,
    "_ema30": 85.8808142,
    "_ema50": 84.14156386,
    "_ema100": 80.63514898,
    "_ema200": 76.56733598,
    "_psar": 83.13,
    "_wr": -58.48246242,
    "_mom": 1.83,
    "_mom1": 3.78,
    "stock_diff": -14.62,
    "rsi_diff": 1.83
}
