{
    "open": 76.6,
    "low": 76.535,
    "high": 78.85,
    "close": 78.75,
    "volume": 28048956,
    "change": 2.19309629,
    "_rsi": 66.76578093,
    "_rsi1": 63.18441828,
    "_stock_k": 72.80163599,
    "_stock_d": 64.5194274,
    "_stock_k1": 61.96319018,
    "_stock_d1": 56.56188411,
    "_macd_blue": 2.0195495,
    "_macd_orange": 2.10015249,
    "_cci20": 114.10523021,
    "_cci201": 92.06018756,
    "_ema10": 75.90641787,
    "_ema20": 74.38044306,
    "_ema30": 72.90266538,
    "_ema50": 70.21710707,
    "_ema100": 65.3865138,
    "_ema200": 59.7625433,
    "_psar": 70.5876,
    "_wr": -15.03067485,
    "_mom": 1.9,
    "_mom1": -0.41,
    "stock_diff": 8.28,
    "rsi_diff": 3.58
}
