{
    "open": 76.6,
    "low": 76.535,
    "high": 78.85,
    "close": 78.45,
    "volume": 20522394,
    "change": 1.80378926,
    "_rsi": 66.18179589,
    "_rsi1": 63.18441828,
    "_stock_k": 71.7791411,
    "_stock_d": 64.17859577,
    "_stock_k1": 61.96319018,
    "_stock_d1": 56.56188411,
    "_macd_blue": 2.01476318,
    "_macd_orange": 2.07622086,
    "_cci20": 111.1985384,
    "_cci201": 92.06018756,
    "_ema10": 75.85187242,
    "_ema20": 74.35187163,
    "_ema30": 72.88331054,
    "_ema50": 70.20534237,
    "_ema100": 65.38057321,
    "_ema200": 59.75955823,
    "_psar": 70.5876,
    "_wr": -18.09815951,
    "_mom": 1.6,
    "_mom1": -0.41,
    "stock_diff": 7.6,
    "rsi_diff": 3.0
}
