{
    "open": 132.57,
    "low": 131.86,
    "high": 134.5,
    "close": 134.3,
    "volume": 1206748,
    "change": 1.30497096,
    "_rsi": 77.54224836,
    "_rsi1": 76.13669158,
    "_stock_k": 96.36840364,
    "_stock_d": 94.79380143,
    "_stock_k1": 94.37285789,
    "_stock_d1": 94.54723925,
    "_macd_blue": 5.57186688,
    "_macd_orange": 6.66718517,
    "_cci20": 126.98288471,
    "_cci201": 119.43690757,
    "_ema10": 127.54561755,
    "_ema20": 121.97886427,
    "_ema30": 118.37348468,
    "_ema50": 114.80798392,
    "_ema100": 111.67242509,
    "_ema200": 105.77759515,
    "_psar": 126.73988504,
    "_wr": -0.75872534,
    "_mom": 10.98,
    "_mom1": 11.52,
    "stock_diff": 1.57,
    "rsi_diff": 1.41
}
