{
    "open": 182.89,
    "low": 178.86,
    "high": 184.05,
    "close": 178.91,
    "volume": 1024024,
    "change": -3.02455418,
    "_rsi": 51.76071108,
    "_rsi1": 58.89519151,
    "_stock_k": 77.7765976,
    "_stock_d": 81.94960243,
    "_stock_k1": 85.87332668,
    "_stock_d1": 83.7264041,
    "_macd_blue": 0.54648973,
    "_macd_orange": 1.09775907,
    "_cci20": 81.45346292,
    "_cci201": 156.28213037,
    "_ema10": 178.8842603,
    "_ema20": 177.94202982,
    "_ema30": 177.11864817,
    "_ema50": 174.61969578,
    "_ema100": 168.15233198,
    "_ema200": 159.5486248,
    "_psar": 169.57511755,
    "_wr": -39.5526182,
    "_mom": 5.7,
    "_mom1": 16.36,
    "stock_diff": -4.17,
    "rsi_diff": -7.13
}
