{
    "open": 68.23,
    "low": 67.17,
    "high": 68.36,
    "close": 67.59,
    "volume": 589313,
    "change": -1.16976166,
    "_rsi": 54.44282259,
    "_rsi1": 58.02875508,
    "_stock_k": 89.44238523,
    "_stock_d": 93.72028786,
    "_stock_k1": 94.65519675,
    "_stock_d1": 94.84060671,
    "_macd_blue": 0.17809286,
    "_macd_orange": 0.52399311,
    "_cci20": 66.46712956,
    "_cci201": 102.06989704,
    "_ema10": 67.2333682,
    "_ema20": 66.68117154,
    "_ema30": 66.4702519,
    "_ema50": 66.11882083,
    "_ema100": 64.74859585,
    "_ema200": 61.28775012,
    "_psar": 61.68408656,
    "_wr": -16.90962099,
    "_mom": 3.18,
    "_mom1": 7.3,
    "stock_diff": -4.28,
    "rsi_diff": -3.59
}
