{
    "open": 110.88,
    "low": 107.135,
    "high": 110.88,
    "close": 107.15,
    "volume": 523720,
    "change": -3.97885115,
    "_rsi": 45.57741717,
    "_rsi1": 53.29704126,
    "_stock_k": 75.00203421,
    "_stock_d": 79.91445893,
    "_stock_k1": 83.95774919,
    "_stock_d1": 80.951066,
    "_macd_blue": -1.37205035,
    "_macd_orange": -0.77042015,
    "_cci20": 1.80071016,
    "_cci201": 84.87999592,
    "_ema10": 108.86522592,
    "_ema20": 109.10955959,
    "_ema30": 109.93124277,
    "_ema50": 111.66920922,
    "_ema100": 115.35428505,
    "_ema200": 118.74739003,
    "_psar": 102.11773139,
    "_wr": -42.60168303,
    "_mom": -2.15,
    "_mom1": 7.14,
    "stock_diff": -4.91,
    "rsi_diff": -7.72
}
