{
    "open": 153.55,
    "low": 152.21,
    "high": 156.13,
    "close": 156.13,
    "volume": 441419,
    "change": 2.07243724,
    "_rsi": 61.66377681,
    "_rsi1": 56.36541391,
    "_stock_k": 78.54309371,
    "_stock_d": 77.30088197,
    "_stock_k1": 73.49227338,
    "_stock_d1": 80.19266403,
    "_macd_blue": 2.28863827,
    "_macd_orange": 2.48092455,
    "_cci20": 80.94866617,
    "_cci201": 66.82496159,
    "_ema10": 153.5270938,
    "_ema20": 151.62740065,
    "_ema30": 150.00779477,
    "_ema50": 147.3393851,
    "_ema100": 143.77339625,
    "_ema200": 140.57949891,
    "_psar": 151.14939883,
    "_wr": -9.19873559,
    "_mom": 6.38,
    "_mom1": 3.95,
    "stock_diff": 1.24,
    "rsi_diff": 5.3
}
