{
    "open": 23.64,
    "low": 23.35,
    "high": 23.75,
    "close": 23.4,
    "volume": 5353069,
    "change": -1.34907251,
    "_rsi": 60.98485622,
    "_rsi1": 65.32650578,
    "_stock_k": 86.94596236,
    "_stock_d": 90.81588284,
    "_stock_k1": 92.35559664,
    "_stock_d1": 92.93053627,
    "_macd_blue": 0.19708467,
    "_macd_orange": 0.42806456,
    "_cci20": 117.19381111,
    "_cci201": 155.82113738,
    "_ema10": 22.98196171,
    "_ema20": 22.53183127,
    "_ema30": 22.39847803,
    "_ema50": 22.47601186,
    "_ema100": 22.94914599,
    "_ema200": 23.39154409,
    "_psar": 22.83076018,
    "_wr": -19.85428051,
    "_mom": 1.44,
    "_mom1": 2.16,
    "stock_diff": -3.87,
    "rsi_diff": -4.34
}
