{
    "open": 52.75,
    "low": 52.46,
    "high": 53.39,
    "close": 53.34,
    "volume": 1156548,
    "change": 1.61935607,
    "_rsi": 69.19623912,
    "_rsi1": 66.56323957,
    "_stock_k": 95.82288063,
    "_stock_d": 86.52238535,
    "_stock_k1": 87.60881562,
    "_stock_d1": 74.35267353,
    "_macd_blue": 1.13738542,
    "_macd_orange": 1.34507846,
    "_cci20": 149.41195631,
    "_cci201": 124.14788386,
    "_ema10": 51.15626198,
    "_ema20": 50.05989673,
    "_ema30": 49.29627726,
    "_ema50": 48.47003593,
    "_ema100": 47.49405985,
    "_ema200": 45.43795269,
    "_psar": 47.55603648,
    "_wr": -0.81176738,
    "_mom": 2.81,
    "_mom1": 1.1,
    "stock_diff": 9.3,
    "rsi_diff": 2.63
}
