{
    "open": 200,
    "low": 185.53,
    "high": 200.01,
    "close": 189.08,
    "change": -4.432651,
    "_rsi": 29.17253018,
    "_rsi1": 30.94589271,
    "_stock_k": 13.38076267,
    "_stock_d": 12.12906948,
    "_stock_k1": 13.65928244,
    "_stock_d1": 8.70746795,
    "_macd_blue": -18.28733436,
    "_macd_orange": -24.99726152,
    "_cci20": -118.91011341,
    "_cci201": -127.92044089,
    "_ema10": 216.54904683,
    "_ema20": 238.26495701,
    "_ema30": 251.91517084,
    "_ema50": 270.3015144,
    "_ema100": 289.79233561,
    "_ema200": 293.75566264,
    "_psar": 231.34964902,
    "_wrr": -93.64347303,
    "stock_diff": 1.25,
    "rsi_diff": -1.77
}
