{
    "open": 115.1,
    "low": 113.98,
    "high": 116.875,
    "close": 114.31,
    "change": -0.48750762,
    "_rsi": 76.66151742,
    "_rsi1": 78.78794851,
    "_stock_k": 93.51336269,
    "_stock_d": 95.31850148,
    "_stock_k1": 95.77190285,
    "_stock_d1": 96.62836778,
    "_macd_blue": 1.9905697,
    "_macd_orange": 3.62655354,
    "_cci20": 165.36864409,
    "_cci201": 192.97998814,
    "_ema10": 108.77509052,
    "_ema20": 105.29128948,
    "_ema30": 103.63798404,
    "_ema50": 101.84439237,
    "_ema100": 98.4247362,
    "_ema200": 92.02357006,
    "_psar": 102.83704122,
    "_wrr": -11.73107706,
    "stock_diff": -1.81,
    "rsi_diff": -2.13
}
