{
    "open": 115.1,
    "low": 113.98,
    "high": 116.875,
    "close": 114.75,
    "volume": 819379,
    "change": -0.10446592,
    "_rsi": 78.32241261,
    "_rsi1": 78.78794851,
    "_stock_k": 94.18414552,
    "_stock_d": 95.54209576,
    "_stock_k1": 95.77190285,
    "_stock_d1": 96.62836778,
    "_macd_blue": 1.99758964,
    "_macd_orange": 3.66165326,
    "_cci20": 166.91779106,
    "_cci201": 192.97998814,
    "_ema10": 108.85509052,
    "_ema20": 105.33319424,
    "_ema30": 103.66637114,
    "_ema50": 101.86164728,
    "_ema100": 98.43344907,
    "_ema200": 92.02794817,
    "_psar": 102.83704122,
    "_wr": -9.71872856,
    "stock_diff": -1.36,
    "rsi_diff": -0.47
}
