{
    "open": 21.69,
    "low": 21.06,
    "high": 21.69,
    "close": 21.08,
    "volume": 4195564,
    "change": -2.90188853,
    "_rsi": 53.86607493,
    "_rsi1": 60.98167519,
    "_stock_k": 77.6483082,
    "_stock_d": 82.86324357,
    "_stock_k1": 85.82856387,
    "_stock_d1": 87.17258216,
    "_macd_blue": 0.19265494,
    "_macd_orange": 0.26330211,
    "_cci20": 108.8752383,
    "_cci201": 196.64107928,
    "_ema10": 21.02911914,
    "_ema20": 20.8119583,
    "_ema30": 20.64001172,
    "_ema50": 20.27544993,
    "_ema100": 19.48884576,
    "_ema200": 18.42889369,
    "_psar": 19.92032082,
    "_wr": -38.79310345,
    "_mom": 0.69,
    "_mom1": 1.91,
    "stock_diff": -5.21,
    "rsi_diff": -7.12
}
