{
    "open": 57.975,
    "low": 57.83,
    "high": 62.4,
    "close": 60.6,
    "volume": 44563941,
    "change": 7.75248933,
    "_rsi": 70.9702089,
    "_rsi1": 65.4488735,
    "_stock_k": 86.42088064,
    "_stock_d": 81.98793034,
    "_stock_k1": 80.00555219,
    "_stock_d1": 78.49939557,
    "_macd_blue": 4.50689145,
    "_macd_orange": 4.73889168,
    "_cci20": 99.02059785,
    "_cci201": 72.67567565,
    "_ema10": 55.74945481,
    "_ema20": 52.11314512,
    "_ema30": 49.16664493,
    "_ema50": 45.03420448,
    "_ema100": 39.51906915,
    "_ema200": 34.45322183,
    "_psar": 53.704,
    "_wr": -11.69970751,
    "_mom": 5.22,
    "_mom1": 0.09,
    "stock_diff": 4.43,
    "rsi_diff": 5.52
}
