{
    "open": 84.07,
    "low": 83.97,
    "high": 86.23,
    "close": 84.92,
    "volume": 35286118,
    "change": -0.51546392,
    "_rsi": 62.49986286,
    "_rsi1": 63.84079011,
    "_stock_k": 59.09394373,
    "_stock_d": 66.54546177,
    "_stock_k1": 64.54935622,
    "_stock_d1": 77.51911851,
    "_macd_blue": 2.27774881,
    "_macd_orange": 2.62941888,
    "_cci20": 106.09335305,
    "_cci201": 113.82250812,
    "_ema10": 83.32861433,
    "_ema20": 81.28628256,
    "_ema30": 79.54889072,
    "_ema50": 76.50226029,
    "_ema100": 71.3455867,
    "_ema200": 65.68858651,
    "_psar": 80.42608472,
    "_wr": -37.68240343,
    "stock_diff": -7.45,
    "rsi_diff": -1.34
}
