{
    "open": 130.03,
    "low": 129.05,
    "high": 130.53,
    "close": 130.13,
    "volume": 1473803,
    "change": 0.09230059,
    "_rsi": 41.60754828,
    "_rsi1": 41.36713037,
    "_stock_k": 36.31228596,
    "_stock_d": 31.67260404,
    "_stock_k1": 29.41523967,
    "_stock_d1": 28.39947524,
    "_macd_blue": -3.52104858,
    "_macd_orange": -3.09113078,
    "_cci20": -68.37639655,
    "_cci201": -52.3144119,
    "_ema10": 131.0403967,
    "_ema20": 133.05748779,
    "_ema30": 135.37683153,
    "_ema50": 139.14307084,
    "_ema100": 142.33165004,
    "_ema200": 138.03285453,
    "_psar": 134.45,
    "_wr": -63.08871851,
    "_mom": -2.48,
    "_mom1": -2.56,
    "stock_diff": 4.64,
    "rsi_diff": 0.24
}
