{
    "open": 67.875,
    "low": 66.83,
    "high": 68.32,
    "close": 67.22,
    "volume": 603264,
    "change": -0.54741826,
    "_rsi": 52.81716033,
    "_rsi1": 54.44282259,
    "_stock_k": 84.48331714,
    "_stock_d": 89.52696637,
    "_stock_k1": 89.44238523,
    "_stock_d1": 93.72028786,
    "_macd_blue": 0.24199292,
    "_macd_orange": 0.49759316,
    "_cci20": 53.61437261,
    "_cci201": 66.46712956,
    "_ema10": 67.23093762,
    "_ema20": 66.73248853,
    "_ema30": 66.51862274,
    "_ema50": 66.16200432,
    "_ema100": 64.79753455,
    "_ema200": 61.34677748,
    "_psar": 62.4486779,
    "_wr": -20.505345,
    "_mom": 2.97,
    "_mom1": 3.18,
    "stock_diff": -5.04,
    "rsi_diff": -1.63
}
