{
    "open": 33.94,
    "low": 33.85,
    "high": 34.3,
    "close": 34.27,
    "volume": 2983035,
    "change": 1.51066351,
    "_rsi": 65.08684538,
    "_rsi1": 60.84626202,
    "_stock_k": 93.02040947,
    "_stock_d": 89.48107512,
    "_stock_k1": 89.70414389,
    "_stock_d1": 87.58002658,
    "_macd_blue": 0.03300315,
    "_macd_orange": 0.27561714,
    "_cci20": 159.97026585,
    "_cci201": 123.18857536,
    "_ema10": 33.33240711,
    "_ema20": 32.98316719,
    "_ema30": 32.96487723,
    "_ema50": 33.19599809,
    "_ema100": 33.66809453,
    "_ema200": 33.69673193,
    "_psar": 33.01969405,
    "_wr": -1.11111111,
    "_mom": 1.86,
    "_mom1": 1.11,
    "stock_diff": 3.54,
    "rsi_diff": 4.24
}
