{
    "open": 95.8,
    "low": 95.0799,
    "high": 96.08,
    "close": 95.17,
    "change": -0.15736467,
    "_rsi": 42.5311728,
    "_rsi1": 42.91001694,
    "_stock_k": 49.24199101,
    "_stock_d": 39.1937532,
    "_stock_k1": 38.77270039,
    "_stock_d1": 33.12501671,
    "_macd_blue": -1.36344014,
    "_macd_orange": -1.42471604,
    "_cci20": -64.92859949,
    "_cci201": -90.72373471,
    "_ema10": 95.78766265,
    "_ema20": 96.8519336,
    "_ema30": 97.79554567,
    "_ema50": 99.23141174,
    "_ema100": 100.6595302,
    "_ema200": 99.42241498,
    "_psar": 93.0456,
    "_wrr": -52.43393602,
    "stock_diff": 10.05,
    "rsi_diff": -0.38
}
