{
    "open": 1.77,
    "low": 1.75,
    "high": 1.81,
    "close": 1.79,
    "volume": 48523,
    "change": 0.56179775,
    "_rsi": 65.60145405,
    "_rsi1": 64.7967297,
    "_stock_k": 63.68523431,
    "_stock_d": 67.06984969,
    "_stock_k1": 67.11380573,
    "_stock_d1": 69.43932185,
    "_macd_blue": 0.08164997,
    "_macd_orange": 0.07799277,
    "_cci20": 74.50254512,
    "_cci201": 38.96450494,
    "_ema10": 1.75641984,
    "_ema20": 1.69992433,
    "_ema30": 1.64963901,
    "_ema50": 1.58618256,
    "_ema100": 1.5158885,
    "_ema200": 1.4411647,
    "_psar": 1.8356158,
    "_wr": -36,
    "_mom": 0.01,
    "_mom1": -0.08,
    "stock_diff": -3.38,
    "rsi_diff": 0.8
}
