{
    "open": 89.24,
    "low": 88.66,
    "high": 90.06,
    "close": 90.06,
    "volume": 1770507,
    "change": 0.81719467,
    "_rsi": 43.63162701,
    "_rsi1": 41.66452628,
    "_stock_k": 56.31201308,
    "_stock_d": 48.8223407,
    "_stock_k1": 45.80354457,
    "_stock_d1": 44.42482944,
    "_macd_blue": -2.59788334,
    "_macd_orange": -2.09673123,
    "_cci20": -32.2015027,
    "_cci201": -27.76196154,
    "_ema10": 90.20022618,
    "_ema20": 91.50694468,
    "_ema30": 93.06875868,
    "_ema50": 95.37134873,
    "_ema100": 97.23432389,
    "_ema200": 94.25201968,
    "_psar": 86.48423309,
    "_wr": -29.07431551,
    "_mom": 2.18,
    "_mom1": 1.56,
    "stock_diff": 7.49,
    "rsi_diff": 1.97
}
