{
    "open": 438.83,
    "low": 426.26,
    "high": 438.83,
    "close": 435.45,
    "volume": 106257,
    "change": 0.08964281,
    "_rsi": 56.47916471,
    "_rsi1": 56.33718413,
    "_stock_k": 76.91607434,
    "_stock_d": 79.98762477,
    "_stock_k1": 80.63865991,
    "_stock_d1": 84.89357337,
    "_macd_blue": 4.30621486,
    "_macd_orange": 6.74334014,
    "_cci20": 81.37153939,
    "_cci201": 79.23641549,
    "_ema10": 429.62076464,
    "_ema20": 423.15732269,
    "_ema30": 420.59851511,
    "_ema50": 422.63743744,
    "_ema100": 434.84455573,
    "_ema200": 435.7901389,
    "_psar": 404.92640762,
    "_wr": -19.28900285,
    "_mom": 34.61,
    "_mom1": 19.97,
    "stock_diff": -3.07,
    "rsi_diff": 0.14
}
