{
    "open": 117.81,
    "low": 116.65,
    "high": 117.94,
    "close": 117.02,
    "volume": 624696,
    "change": -0.08538251,
    "_rsi": 51.90064132,
    "_rsi1": 52.08798206,
    "_stock_k": 71.34377968,
    "_stock_d": 74.04241849,
    "_stock_k1": 74.14529915,
    "_stock_d1": 78.88572333,
    "_macd_blue": -0.05115275,
    "_macd_orange": 0.34468822,
    "_cci20": 47.30496668,
    "_cci201": 35.54625535,
    "_ema10": 116.55579205,
    "_ema20": 116.15245204,
    "_ema30": 115.97797065,
    "_ema50": 115.37401535,
    "_ema100": 112.87444149,
    "_ema200": 105.77041847,
    "_psar": 112.38987115,
    "_wr": -27.56410256,
    "_mom": 8.21,
    "_mom1": 4.78,
    "stock_diff": -2.7,
    "rsi_diff": -0.19
}
