{
    "open": 360.24,
    "low": 348.27,
    "high": 360.24,
    "close": 348.73,
    "volume": 1163432,
    "change": -3.40691909,
    "_rsi": 48.71008475,
    "_rsi1": 53.42997822,
    "_stock_k": 80.18018018,
    "_stock_d": 86.80938103,
    "_stock_k1": 89.91706939,
    "_stock_d1": 90.19322755,
    "_macd_blue": -8.42296224,
    "_macd_orange": -3.71463868,
    "_cci20": 66.41668033,
    "_cci201": 119.10707003,
    "_ema10": 348.58766074,
    "_ema20": 348.81083691,
    "_ema30": 353.65183324,
    "_ema50": 362.91671847,
    "_ema100": 369.71028616,
    "_ema200": 357.05355686,
    "_psar": 322.12163294,
    "_wr": -31.66278862,
    "_mom": 9.17,
    "_mom1": 39.21,
    "stock_diff": -6.63,
    "rsi_diff": -4.72
}
