{
    "open": 136.03,
    "low": 133.1,
    "high": 139.95,
    "close": 139.67,
    "volume": 2398018,
    "change": 4.89673301,
    "_rsi": 66.06978982,
    "_rsi1": 60.47962261,
    "_stock_k": 94.43771744,
    "_stock_d": 95.13798905,
    "_stock_k1": 93.45759235,
    "_stock_d1": 95.62563953,
    "_macd_blue": 0.77306386,
    "_macd_orange": 3.0261367,
    "_cci20": 184.68576801,
    "_cci201": 177.2264664,
    "_ema10": 130.05788709,
    "_ema20": 126.69580441,
    "_ema30": 125.74117938,
    "_ema50": 125.16276307,
    "_ema100": 121.69478692,
    "_ema200": 111.65020069,
    "_psar": 120.57484907,
    "_wr": -0.97936341,
    "_mom": 18.76,
    "_mom1": 12.54,
    "stock_diff": -0.7,
    "rsi_diff": 5.59
}
