{
    "open": 71.69,
    "low": 71.49,
    "high": 73.62,
    "close": 73.6,
    "volume": 1148681,
    "change": 2.43562978,
    "_rsi": 61.9173883,
    "_rsi1": 57.10038173,
    "_stock_k": 93.35249761,
    "_stock_d": 89.23421182,
    "_stock_k1": 89.17169516,
    "_stock_d1": 87.73700532,
    "_macd_blue": -0.75924129,
    "_macd_orange": 0.11154257,
    "_cci20": 145.82274927,
    "_cci201": 109.38483847,
    "_ema10": 70.4806658,
    "_ema20": 69.97423836,
    "_ema30": 70.25172581,
    "_ema50": 70.76460119,
    "_ema100": 70.5358102,
    "_ema200": 67.97482348,
    "_psar": 67.55212969,
    "_wr": -0.22075055,
    "_mom": 8.54,
    "_mom1": 6.29,
    "stock_diff": 4.12,
    "rsi_diff": 4.82
}
