{
    "open": 278.91,
    "low": 272.56,
    "high": 280.53,
    "close": 274.89,
    "volume": 981969,
    "change": -0.64695677,
    "_rsi": 45.45798849,
    "_rsi1": 46.40576886,
    "_stock_k": 70.43356022,
    "_stock_d": 67.01982226,
    "_stock_k1": 69.05819147,
    "_stock_d1": 63.97931116,
    "_macd_blue": -8.98212362,
    "_macd_orange": -6.73907857,
    "_cci20": -2.52775291,
    "_cci201": -13.7343583,
    "_ema10": 274.60107621,
    "_ema20": 278.34149648,
    "_ema30": 284.02514195,
    "_ema50": 294.46847573,
    "_ema100": 308.26177007,
    "_ema200": 309.96108943,
    "_psar": 256.65486267,
    "_wr": -25.4786036,
    "_mom": 10.66,
    "_mom1": 3.32,
    "stock_diff": 3.41,
    "rsi_diff": -0.95
}
