{
    "open": 76.24,
    "low": 75.8565,
    "high": 77.01,
    "close": 76.13,
    "volume": 2971565,
    "change": 0.5680317,
    "_rsi": 44.57799371,
    "_rsi1": 42.11755108,
    "_stock_k": 52.13137666,
    "_stock_d": 53.82716049,
    "_stock_k1": 55.69531796,
    "_stock_d1": 54.40399805,
    "_macd_blue": -0.6114184,
    "_macd_orange": -0.62464473,
    "_cci20": -45.41860281,
    "_cci201": -77.80995534,
    "_ema10": 76.39221843,
    "_ema20": 76.85680918,
    "_ema30": 77.25717518,
    "_ema50": 77.72640988,
    "_ema100": 77.81848815,
    "_ema200": 76.2891386,
    "_psar": 74.75097146,
    "_wr": -44.86373166,
    "_mom": -0.97,
    "_mom1": -1.72,
    "stock_diff": -1.7,
    "rsi_diff": 2.46
}
