{
    "open": 2913.7,
    "low": 2879.56,
    "high": 2973.485,
    "close": 2936.35,
    "change": 5.41251732,
    "_rsi": 47.05110676,
    "_rsi1": 37.73417246,
    "_stock_k": 30.27893313,
    "_stock_d": 17.79577482,
    "_stock_k1": 10.19699458,
    "_stock_d1": 15.46914804,
    "_macd_blue": -70.87711592,
    "_macd_orange": -53.60468139,
    "_cci20": -50.03999664,
    "_cci201": -158.41955927,
    "_ema10": 2901.62973412,
    "_ema20": 2961.13639118,
    "_ema30": 3003.6614502,
    "_ema50": 3075.02036585,
    "_ema100": 3184.28771427,
    "_ema200": 3239.76068959,
    "stock_diff": 12.48,
    "rsi_diff": 9.32
}
