{
    "open": 14.34,
    "low": 14.18,
    "high": 15.01,
    "close": 14.95,
    "volume": 13539835,
    "change": -0.59840426,
    "_rsi": 44.85549135,
    "_rsi1": 45.70943,
    "_stock_k": 37.58122157,
    "_stock_d": 48.48386398,
    "_stock_k1": 47.68518519,
    "_stock_d1": 58.281893,
    "_macd_blue": 0.32163471,
    "_macd_orange": 0.19200588,
    "_cci20": -185.42695848,
    "_cci201": -104.15448216,
    "_ema10": 15.61698538,
    "_ema20": 15.54612006,
    "_ema30": 15.34242108,
    "_ema50": 14.84125177,
    "_ema100": 13.64753418,
    "_ema200": 11.88831991,
    "_psar": 16.7996,
    "_wr": -71.05263158,
    "_mom": -0.49,
    "_mom1": -0.66,
    "stock_diff": -10.9,
    "rsi_diff": -0.85
}
