{
    "open": 213.77,
    "low": 212.3,
    "high": 215.35,
    "close": 214.91,
    "change": -0.4493237,
    "_rsi": 42.8723236,
    "_rsi1": 43.90341126,
    "_stock_k": 38.22417113,
    "_stock_d": 32.59031443,
    "_stock_k1": 28.94650388,
    "_stock_d1": 35.14537459,
    "_macd_blue": -3.30919471,
    "_macd_orange": -3.07178558,
    "_cci20": -90.96910631,
    "_cci201": -78.48360501,
    "_ema10": 216.3173029,
    "_ema20": 218.82876337,
    "_ema30": 220.99125286,
    "_ema50": 224.24363028,
    "_ema100": 227.39527288,
    "_ema200": 224.4564915
}
