{
    "open": 340,
    "low": 335.13,
    "high": 340.83,
    "close": 335.61,
    "volume": 2196798,
    "change": -2.15737151,
    "_rsi": 45.97253779,
    "_rsi1": 51.07475289,
    "_stock_k": 73.21164865,
    "_stock_d": 82.13482771,
    "_stock_k1": 84.75397247,
    "_stock_d1": 86.83314864,
    "_macd_blue": -5.72476427,
    "_macd_orange": -3.43024721,
    "_cci20": 30.9608653,
    "_cci201": 91.35875715,
    "_ema10": 337.48075791,
    "_ema20": 338.72608826,
    "_ema30": 342.31748548,
    "_ema50": 350.14705746,
    "_ema100": 362.71059573,
    "_ema200": 362.21788345,
    "_psar": 327.66325214,
    "_wr": -39.53570796,
    "_mom": 2.02,
    "_mom1": 21.64,
    "stock_diff": -8.92,
    "rsi_diff": -5.1
}
