{
    "open": 111.03,
    "low": 111.03,
    "high": 112.85,
    "close": 112.73,
    "volume": 954141,
    "change": 1.69598557,
    "_rsi": 60.60395211,
    "_rsi1": 55.89536571,
    "_stock_k": 72.14975649,
    "_stock_d": 68.16975463,
    "_stock_k1": 66.29598487,
    "_stock_d1": 69.29411845,
    "_macd_blue": 0.66965363,
    "_macd_orange": 0.95576168,
    "_cci20": 111.32295458,
    "_cci201": 57.40152054,
    "_ema10": 110.4746325,
    "_ema20": 109.59294298,
    "_ema30": 109.16329261,
    "_ema50": 108.73979357,
    "_ema100": 107.98347996,
    "_ema200": 106.7239606,
    "_psar": 109.2,
    "_wr": -2.12014134,
    "_mom": 3.72,
    "_mom1": 2.87,
    "stock_diff": 3.98,
    "rsi_diff": 4.71
}
