{
    "open": 314.63,
    "low": 314.06,
    "high": 317.55,
    "close": 317.37,
    "volume": 587863,
    "change": 1.14733722,
    "_rsi": 67.15846444,
    "_rsi1": 64.82538893,
    "_stock_k": 84.45075344,
    "_stock_d": 86.38972068,
    "_stock_k1": 84.83657276,
    "_stock_d1": 89.8423931,
    "_macd_blue": 6.59116946,
    "_macd_orange": 8.37793294,
    "_cci20": 101.78611568,
    "_cci201": 105.14079298,
    "_ema10": 310.56304563,
    "_ema20": 303.36321256,
    "_ema30": 298.99552559,
    "_ema50": 294.84355718,
    "_ema100": 290.58858029,
    "_ema200": 279.71288032,
    "_psar": 307.7648434,
    "_wr": -11.37803014,
    "_mom": 23.77,
    "_mom1": 22.77,
    "stock_diff": -1.94,
    "rsi_diff": 2.33
}
