{
    "open": 66.25,
    "low": 65.03,
    "high": 66.6,
    "close": 65.11,
    "volume": 842254,
    "change": -1.52752571,
    "_rsi": 48.55301494,
    "_rsi1": 52.85001434,
    "_stock_k": 38.29787234,
    "_stock_d": 35.08552357,
    "_stock_k1": 36.83771381,
    "_stock_d1": 31.2334863,
    "_macd_blue": -0.69134626,
    "_macd_orange": -0.50099922,
    "_cci20": 22.4681954,
    "_cci201": 26.70040822,
    "_ema10": 64.87665417,
    "_ema20": 65.15287486,
    "_ema30": 65.57477176,
    "_ema50": 66.41964936,
    "_ema100": 67.93267928,
    "_ema200": 69.55106651,
    "_psar": 67.21627348,
    "_wr": -65.20650814,
    "_mom": 0.87,
    "_mom1": 2.07,
    "stock_diff": 3.21,
    "rsi_diff": -4.3
}
