{
    "open": 80.49,
    "low": 79.8,
    "high": 81.51,
    "close": 80.17,
    "volume": 1438191,
    "change": -1.68015698,
    "_rsi": 43.62648561,
    "_rsi1": 45.21969835,
    "_stock_k": 58.07140666,
    "_stock_d": 54.94200979,
    "_stock_k1": 54.57118967,
    "_stock_d1": 51.81770786,
    "_macd_blue": -4.906731,
    "_macd_orange": -3.89059809,
    "_cci20": -18.23594938,
    "_cci201": -11.31796054,
    "_ema10": 80.30261395,
    "_ema20": 82.74785879,
    "_ema30": 85.5829571,
    "_ema50": 90.02095897,
    "_ema100": 96.31043125,
    "_ema200": 99.4602887,
    "_psar": 68.76008409,
    "_wr": -33.72585963,
    "_mom": 4.81,
    "_mom1": 12.19,
    "stock_diff": 3.13,
    "rsi_diff": -1.59
}
