{
    "open": 81.25,
    "low": 80.22,
    "high": 81.41,
    "close": 80.39,
    "volume": 7451282,
    "change": -1.72371638,
    "_rsi": 53.95576057,
    "_rsi1": 58.77058745,
    "_stock_k": 87.8301206,
    "_stock_d": 90.82426778,
    "_stock_k1": 93.39463661,
    "_stock_d1": 91.1693457,
    "_macd_blue": -0.28344506,
    "_macd_orange": 0.46847517,
    "_cci20": 95.19769314,
    "_cci201": 136.7875671,
    "_ema10": 79.83967979,
    "_ema20": 79.03152562,
    "_ema30": 79.26078595,
    "_ema50": 80.70652193,
    "_ema100": 83.52336358,
    "_ema200": 83.30616999,
    "_psar": 78.06321959,
    "_wr": -20.18650576,
    "_mom": 4.29,
    "_mom1": 8.47,
    "stock_diff": -2.99,
    "rsi_diff": -4.81
}
