{
    "open": 255,
    "low": 254.11,
    "high": 257.25,
    "close": 254.82,
    "volume": 2520961,
    "change": 1.39264682,
    "_rsi": 67.85369033,
    "_rsi1": 65.86597107,
    "_stock_k": 96.53882212,
    "_stock_d": 90.99878589,
    "_stock_k1": 90.71056594,
    "_stock_d1": 81.03343293,
    "_macd_blue": 5.08735291,
    "_macd_orange": 6.43291032,
    "_cci20": 189.10760051,
    "_cci201": 162.85893784,
    "_ema10": 243.00516093,
    "_ema20": 237.8850875,
    "_ema30": 233.63101796,
    "_ema50": 225.66147889,
    "_ema100": 210.07500257,
    "_ema200": 189.72040044,
    "_psar": 224.4047878,
    "_wr": -6.28719276,
    "_mom": 24.42,
    "_mom1": 13.95,
    "stock_diff": 5.54,
    "rsi_diff": 1.99
}
