{
    "open": 55.77,
    "low": 55.16,
    "high": 56.39,
    "close": 55.82,
    "volume": 9908134,
    "change": 0.28745958,
    "_rsi": 63.43236963,
    "_rsi1": 63.05604837,
    "_stock_k": 57.02541804,
    "_stock_d": 60.1142905,
    "_stock_k1": 60.94098791,
    "_stock_d1": 62.86960238,
    "_macd_blue": 2.53722391,
    "_macd_orange": 2.59831718,
    "_cci20": 50.92197091,
    "_cci201": 52.06326679,
    "_ema10": 55.04697729,
    "_ema20": 53.02994689,
    "_ema30": 51.49705032,
    "_ema50": 49.54165246,
    "_ema100": 46.88977055,
    "_ema200": 43.88171235,
    "_psar": 61.7941824,
    "_wr": -44.62046205,
    "_mom": -3.12,
    "_mom1": 0.56,
    "stock_diff": -3.09,
    "rsi_diff": 0.38
}
