{
    "open": 130.43,
    "low": 128.76,
    "high": 131.88,
    "close": 131.83,
    "volume": 2227420,
    "change": 2.01191674,
    "_rsi": 44.41146178,
    "_rsi1": 39.41890902,
    "_stock_k": 50.52869661,
    "_stock_d": 46.7518972,
    "_stock_k1": 42.5226131,
    "_stock_d1": 45.07014488,
    "_macd_blue": -3.88071382,
    "_macd_orange": -3.18781378,
    "_cci20": -36.70560824,
    "_cci201": -53.36830631,
    "_ema10": 131.39707507,
    "_ema20": 133.37123879,
    "_ema30": 135.83516021,
    "_ema50": 139.91673569,
    "_ema100": 144.37496169,
    "_ema200": 143.06558844,
    "_psar": 127.45668841,
    "_wr": -31.49946063,
    "_mom": 1.54,
    "_mom1": -1.2,
    "stock_diff": 3.78,
    "rsi_diff": 4.99
}
