{
    "open": 226.78,
    "low": 223.16,
    "high": 228.44,
    "close": 226.18,
    "volume": 4342825,
    "change": -0.30413893,
    "_rsi": 28.64802758,
    "_rsi1": 29.20110155,
    "_stock_k": 20.00885982,
    "_stock_d": 12.53927161,
    "_stock_k1": 12.6410086,
    "_stock_d1": 6.27523888,
    "_macd_blue": -6.9495342,
    "_macd_orange": -8.43592132,
    "_cci20": -95.96545646,
    "_cci201": -102.58555899,
    "_ema10": 230.12375703,
    "_ema20": 237.20625185,
    "_ema30": 241.79736132,
    "_ema50": 246.6366922,
    "_ema100": 248.89645535,
    "_ema200": 244.44785218,
    "_psar": 217.675,
    "_wr": -76.48928818,
    "_mom": -18.59,
    "_mom1": -22.58,
    "stock_diff": 7.47,
    "rsi_diff": -0.55
}
