{
    "open": 116.16,
    "low": 114.828,
    "high": 116.58,
    "close": 116.33,
    "volume": 890714,
    "change": 0.27583829,
    "_rsi": 54.63955735,
    "_rsi1": 53.79748143,
    "_stock_k": 81.06466595,
    "_stock_d": 76.09860665,
    "_stock_k1": 75.59842801,
    "_stock_d1": 67.28688117,
    "_macd_blue": -0.07149202,
    "_macd_orange": 0.08750343,
    "_cci20": 50.78253495,
    "_cci201": 64.9402813,
    "_ema10": 114.97050578,
    "_ema20": 114.89756722,
    "_ema30": 114.75033254,
    "_ema50": 113.99795735,
    "_ema100": 111.48257194,
    "_ema200": 105.77950634,
    "_psar": 110.71173824,
    "_wr": -14.79099678,
    "_mom": 2.91,
    "_mom1": 2.11,
    "stock_diff": 4.97,
    "rsi_diff": 0.84
}
