{
    "open": 44.05,
    "low": 43.95,
    "high": 44.86,
    "close": 44.35,
    "volume": 11104673,
    "change": 1.30196437,
    "_rsi": 46.98938946,
    "_rsi1": 44.87873331,
    "_stock_k": 75.05105637,
    "_stock_d": 68.75125265,
    "_stock_k1": 65.68052705,
    "_stock_d1": 63.82388402,
    "_macd_blue": -1.92131837,
    "_macd_orange": -1.30402975,
    "_cci20": 36.54333611,
    "_cci201": 17.75554861,
    "_ema10": 43.7336683,
    "_ema20": 44.34376292,
    "_ema30": 45.56725258,
    "_ema50": 47.92382288,
    "_ema100": 51.19497252,
    "_ema200": 52.44945185,
    "_psar": 40.37582845,
    "_wr": -16.66666667,
    "_mom": 2.5,
    "_mom1": 1.5,
    "stock_diff": 6.3,
    "rsi_diff": 2.11
}
