{
    "open": 15.39,
    "low": 15.19,
    "high": 15.595,
    "close": 15.46,
    "volume": 14113843,
    "change": 3.75838926,
    "_rsi": 50.90519264,
    "_rsi1": 44.35967438,
    "_stock_k": 34.71177945,
    "_stock_d": 32.17341192,
    "_stock_k1": 24.22723475,
    "_stock_d1": 36.4978805,
    "_macd_blue": 0.24644326,
    "_macd_orange": 0.1069556,
    "_cci20": -30.36885491,
    "_cci201": -127.28885173,
    "_ema10": 15.4817836,
    "_ema20": 15.4822434,
    "_ema30": 15.32330503,
    "_ema50": 14.86772991,
    "_ema100": 13.70773478,
    "_ema200": 11.95352781,
    "_psar": 16.59422336,
    "_wr": -51.87969925,
    "_mom": 0.07,
    "_mom1": -0.96,
    "stock_diff": 2.54,
    "rsi_diff": 6.55
}
