{
    "open": 14.36,
    "low": 14.35,
    "high": 15.79,
    "close": 15.71,
    "volume": 104602,
    "change": 11.10325318,
    "_rsi": 48.41036118,
    "_rsi1": 38.37758023,
    "_stock_k": 31.15530303,
    "_stock_d": 41.09848485,
    "_stock_k1": 31.91287879,
    "_stock_d1": 51.71004399,
    "_macd_blue": -0.61265024,
    "_macd_orange": -0.56257333,
    "_cci20": -40.09743301,
    "_cci201": -142.10765273,
    "_ema10": 15.32366177,
    "_ema20": 15.70551984,
    "_ema30": 16.11591405,
    "_ema50": 16.81093208,
    "_ema100": 17.67738526,
    "_ema200": 17.74096855,
    "_psar": 14.04326408,
    "_wr": -44.88636364,
    "_mom": -0.13,
    "_mom1": -1.6,
    "stock_diff": -9.94,
    "rsi_diff": 10.03
}
