{
    "open": 137.85,
    "low": 133.4482,
    "high": 137.955,
    "close": 134.18,
    "volume": 1337390,
    "change": -3.66860507,
    "_rsi": 48.74656218,
    "_rsi1": 56.49911088,
    "_stock_k": 78.36581742,
    "_stock_d": 87.51723655,
    "_stock_k1": 92.72471724,
    "_stock_d1": 90.30164393,
    "_macd_blue": -0.92837472,
    "_macd_orange": 0.04634779,
    "_cci20": 52.13870971,
    "_cci201": 154.5927019,
    "_ema10": 135.29518471,
    "_ema20": 134.67365793,
    "_ema30": 135.31714898,
    "_ema50": 137.75903072,
    "_ema100": 142.81246115,
    "_ema200": 143.65179459,
    "_psar": 128.40811966,
    "_wr": -45.2619232,
    "_mom": 0.92,
    "_mom1": 9.97,
    "stock_diff": -9.15,
    "rsi_diff": -7.75
}
