{
    "open": 79.67,
    "low": 79.5,
    "high": 79.97,
    "close": 79.6,
    "volume": 4379743,
    "change": -0.02511932,
    "_rsi": 50.55799805,
    "_rsi1": 50.76058141,
    "_stock_k": 32.49054187,
    "_stock_d": 26.72490133,
    "_stock_k1": 28.26810372,
    "_stock_d1": 20.92078246,
    "_macd_blue": 0.22090799,
    "_macd_orange": -0.01594251,
    "_cci20": -36.40021044,
    "_cci201": -61.50647524,
    "_ema10": 79.49738217,
    "_ema20": 79.72116096,
    "_ema30": 79.40257944,
    "_ema50": 78.06784696,
    "_ema100": 76.46236799,
    "_ema200": 77.66894578,
    "_psar": 77.26172563,
    "_wr": -61.2012987,
    "_mom": -0.71,
    "_mom1": -1.18,
    "stock_diff": 5.77,
    "rsi_diff": -0.2
}
