{
    "open": 21.95,
    "low": 21.7,
    "high": 22.11,
    "close": 21.88,
    "volume": 2225901,
    "change": -0.50022738,
    "_rsi": 41.66816352,
    "_rsi1": 42.54806155,
    "_stock_k": 37.08317622,
    "_stock_d": 38.09745742,
    "_stock_k1": 36.88285571,
    "_stock_d1": 40.95160904,
    "_macd_blue": -0.3680849,
    "_macd_orange": -0.39958462,
    "_cci20": -73.15570634,
    "_cci201": -61.98244789,
    "_ema10": 22.21693272,
    "_ema20": 22.54647554,
    "_ema30": 22.75075821,
    "_ema50": 22.91539455,
    "_ema100": 23.16275912,
    "_ema200": 23.45052872,
    "_psar": 22.582,
    "_wr": -60.9375,
    "_mom": -0.08,
    "_mom1": -0.58,
    "stock_diff": -1.01,
    "rsi_diff": -0.88
}
