{
    "open": 37,
    "low": 36.71,
    "high": 38.085,
    "close": 37.59,
    "volume": 15181171,
    "change": 2.87356322,
    "_rsi": 68.45643539,
    "_rsi1": 65.68607007,
    "_stock_k": 81.28485699,
    "_stock_d": 76.07538844,
    "_stock_k1": 75.13834825,
    "_stock_d1": 70.56373049,
    "_macd_blue": 1.95398079,
    "_macd_orange": 2.04566041,
    "_cci20": 98.47284094,
    "_cci201": 80.04570995,
    "_ema10": 35.623019,
    "_ema20": 34.06204368,
    "_ema30": 32.77972595,
    "_ema50": 30.96613979,
    "_ema100": 28.51231849,
    "_ema200": 26.17711691,
    "_psar": 32.58,
    "_wr": -10.73298429,
    "_mom": 3.78,
    "_mom1": 1.74,
    "stock_diff": 5.21,
    "rsi_diff": 2.77
}
