{
    "open": 851.45,
    "low": 810.3601,
    "high": 854.45,
    "close": 838.3,
    "change": -2.40637042,
    "_rsi": 45.48006318,
    "_rsi1": 48.01472938,
    "_stock_k": 66.84346594,
    "_stock_d": 59.62356783,
    "_stock_k1": 57.96046752,
    "_stock_d1": 56.09533438,
    "_macd_blue": -25.26626733,
    "_macd_orange": -30.08196778,
    "_cci20": -37.67052196,
    "_cci201": -12.91918909,
    "_ema10": 841.62318105,
    "_ema20": 857.37301291,
    "_ema30": 876.95853703,
    "_ema50": 906.64986269,
    "_ema100": 917.25511942,
    "_ema200": 858.0242549
}
