{
    "open": 27.39,
    "low": 26.95,
    "high": 27.55,
    "close": 27.47,
    "volume": 192033,
    "change": -0.21794406,
    "_rsi": 61.56535075,
    "_rsi1": 62.15810277,
    "_stock_k": 61.74863388,
    "_stock_d": 56.93129236,
    "_stock_k1": 54.94145199,
    "_stock_d1": 54.94815243,
    "_macd_blue": 1.07885303,
    "_macd_orange": 0.91594256,
    "_cci20": 45.87362267,
    "_cci201": 86.26068732,
    "_ema10": 27.18868777,
    "_ema20": 26.60168049,
    "_ema30": 25.92367616,
    "_ema50": 24.89153973,
    "_ema100": 23.50639509,
    "_ema200": 22.52562496,
    "_psar": 25.5978,
    "_wr": -36.72131148,
    "_mom": -0.87,
    "_mom1": -0.78,
    "stock_diff": 4.82,
    "rsi_diff": -0.59
}
