{
    "open": 423.15,
    "low": 420.5536,
    "high": 435,
    "close": 431.52,
    "volume": 2633323,
    "change": 0.92854637,
    "_rsi": 71.63234833,
    "_rsi1": 70.50428555,
    "_stock_k": 91.6583529,
    "_stock_d": 93.58827486,
    "_stock_k1": 92.88055465,
    "_stock_d1": 93.01885576,
    "_macd_blue": 7.6840501,
    "_macd_orange": 13.58711307,
    "_cci20": 154.32320462,
    "_cci201": 172.40471836,
    "_ema10": 407.53862503,
    "_ema20": 394.61185852,
    "_ema30": 388.23850135,
    "_ema50": 380.94039585,
    "_ema100": 371.51386137,
    "_ema200": 357.8662869,
    "_psar": 392.80259243,
    "_wr": -6.43386701,
    "_mom": 62.66,
    "_mom1": 62.62,
    "stock_diff": -1.93,
    "rsi_diff": 1.13
}
