{
    "open": 23.24,
    "low": 22.33,
    "high": 23.28,
    "close": 22.35,
    "volume": 8587002,
    "change": -3.78820491,
    "_rsi": 60.5684282,
    "_rsi1": 66.8025986,
    "_stock_k": 69.4265233,
    "_stock_d": 71.85185185,
    "_stock_k1": 70.89605735,
    "_stock_d1": 74.61170848,
    "_macd_blue": 1.02523186,
    "_macd_orange": 1.38096862,
    "_cci20": 65.46533779,
    "_cci201": 88.53772885,
    "_ema10": 22.23913225,
    "_ema20": 20.98673996,
    "_ema30": 20.35723603,
    "_ema50": 19.92837605,
    "_ema100": 20.03610637,
    "_ema200": 20.59043178,
    "_psar": 18.95043828,
    "_wr": -36.88172043,
    "_mom": 4.24,
    "_mom1": 5.09,
    "stock_diff": -2.43,
    "rsi_diff": -6.23
}
