{
    "open": 107.78,
    "low": 106.87,
    "high": 109.69,
    "close": 107.02,
    "volume": 2862122,
    "change": -0.26095061,
    "_rsi": 56.90913183,
    "_rsi1": 57.93991437,
    "_stock_k": 83.48780784,
    "_stock_d": 90.59609221,
    "_stock_k1": 92.10735922,
    "_stock_d1": 91.85987362,
    "_macd_blue": 0.35540975,
    "_macd_orange": 0.80920276,
    "_cci20": 151.72496629,
    "_cci201": 164.90737504,
    "_ema10": 106.08742478,
    "_ema20": 105.28541933,
    "_ema30": 104.88293135,
    "_ema50": 103.84956015,
    "_ema100": 100.27373908,
    "_ema200": 93.86021617,
    "_psar": 101.79908301,
    "_wr": -31.04651163,
    "_mom": 2.46,
    "_mom1": 2.11,
    "stock_diff": -7.11,
    "rsi_diff": -1.03
}
