{
    "open": 71.85,
    "low": 70.88,
    "high": 72.22,
    "close": 72.03,
    "volume": 10816538,
    "change": -1.08486679,
    "_rsi": 51.02448114,
    "_rsi1": 53.48901815,
    "_stock_k": 66.22222222,
    "_stock_d": 57.21481481,
    "_stock_k1": 58.93333333,
    "_stock_d1": 49.74814815,
    "_macd_blue": -0.7743985,
    "_macd_orange": -0.56538407,
    "_cci20": 11.87811278,
    "_cci201": 29.14780399,
    "_ema10": 71.07214731,
    "_ema20": 71.43090826,
    "_ema30": 71.79677648,
    "_ema50": 72.0937179,
    "_ema100": 71.60762461,
    "_ema200": 69.13818242,
    "_psar": 67.68592306,
    "_wr": -30.93333333,
    "_mom": -0.86,
    "_mom1": -0.53,
    "stock_diff": 9.01,
    "rsi_diff": -2.46
}
