{
    "open": 419.77,
    "low": 418.42,
    "high": 426.84,
    "close": 426.17,
    "volume": 105148751,
    "change": 2.19904077,
    "_rsi": 45.28377382,
    "_rsi1": 38.11589285,
    "_stock_k": 34.26320971,
    "_stock_d": 36.62746415,
    "_stock_k1": 33.50836889,
    "_stock_d1": 37.47061135,
    "_macd_blue": -6.30565094,
    "_macd_orange": -6.49005484,
    "_cci20": -66.59714124,
    "_cci201": -120.91720682,
    "_ema10": 425.21121947,
    "_ema20": 430.04808286,
    "_ema30": 434.30113549,
    "_ema50": 440.40701201,
    "_ema100": 445.384377,
    "_ema200": 438.04633616,
    "_psar": 440.6036,
    "_wr": -49.03183459,
    "_mom": -3.81,
    "_mom1": -19.63,
    "stock_diff": -2.36,
    "rsi_diff": 7.17
}
