{
    "open": 353.9,
    "low": 353.6,
    "high": 359.01,
    "close": 358.76,
    "volume": 4533961,
    "change": 1.81343474,
    "_rsi": 76.87596942,
    "_rsi1": 73.58644488,
    "_stock_k": 91.33691602,
    "_stock_d": 88.70833469,
    "_stock_k1": 87.00794511,
    "_stock_d1": 88.07715184,
    "_macd_blue": 7.32676722,
    "_macd_orange": 9.70061193,
    "_cci20": 145.32486284,
    "_cci201": 133.13140192,
    "_ema10": 345.40074182,
    "_ema20": 337.06963837,
    "_ema30": 331.72808119,
    "_ema50": 324.23959408,
    "_ema100": 312.12735774,
    "_ema200": 296.40879725,
    "_psar": 343.40940261,
    "_wr": -0.61005368,
    "_mom": 32.16,
    "_mom1": 27.07,
    "stock_diff": 2.63,
    "rsi_diff": 3.29
}
