{
    "open": 108.13,
    "low": 105.39,
    "high": 108.19,
    "close": 106.055,
    "change": -0.38042457,
    "_rsi": 42.19930439,
    "_rsi1": 42.47909755,
    "_stock_k": 31.69588259,
    "_stock_d": 28.39667842,
    "_stock_k1": 30.98247044,
    "_stock_d1": 22.63220833,
    "_macd_blue": -3.69643098,
    "_macd_orange": -4.22513554,
    "_cci20": -113.69266314,
    "_cci201": -127.84613627,
    "_ema10": 109.71970933,
    "_ema20": 112.99337308,
    "_ema30": 115.75805709,
    "_ema50": 119.88778373,
    "_ema100": 121.94290903,
    "_ema200": 115.21480077,
    "_psar": 112.54935026,
    "_wrr": -75.64207093,
    "stock_diff": 3.3,
    "rsi_diff": -0.28
}
