{
    "open": 108.13,
    "low": 104.08,
    "high": 108.19,
    "close": 104.29,
    "volume": 87201270,
    "change": -2.03832425,
    "_rsi": 41.02179031,
    "_rsi1": 42.47909755,
    "_stock_k": 29.29745889,
    "_stock_d": 27.59720385,
    "_stock_k1": 30.98247044,
    "_stock_d1": 22.63220833,
    "_macd_blue": -3.72459052,
    "_macd_orange": -4.36593326,
    "_cci20": -127.98164073,
    "_cci201": -127.84613627,
    "_ema10": 109.39880024,
    "_ema20": 112.82527784,
    "_ema30": 115.64418612,
    "_ema50": 119.81856805,
    "_ema100": 121.90795853,
    "_ema200": 115.19723858,
    "_psar": 112.54935026,
    "_wr": -82.83734203,
    "stock_diff": 1.7,
    "rsi_diff": -1.46
}
