{
    "open": 108.13,
    "low": 104.62,
    "high": 108.19,
    "close": 106.11,
    "change": -0.32876198,
    "_rsi": 42.23708451,
    "_rsi1": 42.47909755,
    "_stock_k": 31.77062101,
    "_stock_d": 28.42159123,
    "_stock_k1": 30.98247044,
    "_stock_d1": 22.63220833,
    "_macd_blue": -3.69555348,
    "_macd_orange": -4.22074808,
    "_cci20": -117.05062388,
    "_cci201": -127.84613627,
    "_ema10": 109.72970933,
    "_ema20": 112.99861117,
    "_ema30": 115.76160548,
    "_ema50": 119.8899406,
    "_ema100": 121.94399814,
    "_ema200": 115.21534803,
    "_psar": 112.54935026,
    "_wrr": -75.41785569,
    "stock_diff": 3.35,
    "rsi_diff": -0.24
}
