{
    "open": 76.34,
    "low": 75.925,
    "high": 77.375,
    "close": 76.96,
    "change": 0.14313598,
    "_rsi": 41.62377063,
    "_rsi1": 41.25522424,
    "_stock_k": 19.00478227,
    "_stock_d": 12.33627741,
    "_stock_k1": 10.46720895,
    "_stock_d1": 8.36543135,
    "_macd_blue": -1.353374,
    "_macd_orange": -0.64809614,
    "_cci20": -91.50015413,
    "_cci201": -100.79185032,
    "_ema10": 77.91043561,
    "_ema20": 79.3354534,
    "_ema30": 79.73901949,
    "_ema50": 79.34112141,
    "_ema100": 77.09622618,
    "_ema200": 73.04844921,
    "_psar": 78.68840813,
    "stock_diff": 6.67,
    "rsi_diff": 0.37
}
