{
    "open": 287.96,
    "low": 283.7918,
    "high": 289.51,
    "close": 284.7829,
    "change": -0.28260793,
    "_rsi": 43.17374606,
    "_rsi1": 43.65648395,
    "_stock_k": 49.17285441,
    "_stock_d": 40.55010762,
    "_stock_k1": 40.18512929,
    "_stock_d1": 35.16537879,
    "_macd_blue": -4.96198264,
    "_macd_orange": -5.23234022,
    "_cci20": -60.1827169,
    "_cci201": -87.29261773,
    "_ema10": 287.62919576,
    "_ema20": 291.50011167,
    "_ema30": 295.0785604,
    "_ema50": 300.73997417,
    "_ema100": 304.73722017,
    "_ema200": 294.94609387,
    "_psar": 298.87601357,
    "_wrr": -55.37911259,
    "stock_diff": 8.62,
    "rsi_diff": -0.48
}
