{
    "open": 287.96,
    "low": 284.93,
    "high": 289.51,
    "close": 286.01,
    "change": 0.14706397,
    "_rsi": 43.98242414,
    "_rsi1": 43.65648395,
    "_stock_k": 50.40748566,
    "_stock_d": 40.96165137,
    "_stock_k1": 40.18512929,
    "_stock_d1": 35.16537879,
    "_macd_blue": -4.94240498,
    "_macd_orange": -5.1344519,
    "_cci20": -51.6043764,
    "_cci201": -87.29261773,
    "_ema10": 287.85230485,
    "_ema20": 291.61697834,
    "_ema30": 295.15772814,
    "_ema50": 300.78809574,
    "_ema100": 304.76151918,
    "_ema200": 294.95830382,
    "_psar": 298.87601357,
    "_wrr": -51.67521883,
    "stock_diff": 9.45,
    "rsi_diff": 0.33
}
