{
    "open": 287.96,
    "low": 279.43,
    "high": 289.51,
    "close": 280.07,
    "volume": 27194689,
    "change": -1.93284079,
    "_rsi": 40.55514427,
    "_rsi1": 43.65648395,
    "_stock_k": 44.43102928,
    "_stock_d": 38.96949925,
    "_stock_k1": 40.18512929,
    "_stock_d1": 35.16537879,
    "_macd_blue": -5.03717421,
    "_macd_orange": -5.60829805,
    "_cci20": -92.00016662,
    "_cci201": -87.29261773,
    "_ema10": 286.77230485,
    "_ema20": 291.05126405,
    "_ema30": 294.77450234,
    "_ema50": 300.55515456,
    "_ema100": 304.64389542,
    "_ema200": 294.89919935,
    "_psar": 298.87601357,
    "_wr": -69.60458799,
    "stock_diff": 5.46,
    "rsi_diff": -3.1
}
