{
    "open": 117.05,
    "low": 116.14,
    "high": 117.4854,
    "close": 116.57,
    "volume": 949699,
    "change": -0.21400445,
    "_rsi": 52.25741508,
    "_rsi1": 52.79285956,
    "_stock_k": 69.36334863,
    "_stock_d": 72.96008561,
    "_stock_k1": 74.90338164,
    "_stock_d1": 77.72141707,
    "_macd_blue": -1.33985239,
    "_macd_orange": -0.20099127,
    "_cci20": 85.67409137,
    "_cci201": 81.58701826,
    "_ema10": 115.52087249,
    "_ema20": 114.97411949,
    "_ema30": 115.89939047,
    "_ema50": 119.08594801,
    "_ema100": 126.87901296,
    "_ema200": 132.75919923,
    "_psar": 109.45215437,
    "_wr": -31.11285266,
    "_mom": 6.77,
    "_mom1": 5.69,
    "stock_diff": -3.6,
    "rsi_diff": -0.54
}
