{
    "open": 63.53,
    "low": 63,
    "high": 64.52,
    "close": 63.89,
    "change": -1.11437858,
    "_rsi": 39.13025889,
    "_rsi1": 40.58878166,
    "_stock_k": 18.85545222,
    "_stock_d": 11.42498685,
    "_stock_k1": 10.87332652,
    "_stock_d1": 8.6550488,
    "_macd_blue": -2.07038171,
    "_macd_orange": -1.46137789,
    "_cci20": -97.31501749,
    "_cci201": -91.27646276,
    "_ema10": 65.30607197,
    "_ema20": 67.18333567,
    "_ema30": 68.16794303,
    "_ema50": 69.00453,
    "_ema100": 69.10498341,
    "_ema200": 67.00358452,
    "_psar": 65.49946727,
    "stock_diff": 7.43,
    "rsi_diff": -1.46
}
