{
    "open": 42.23,
    "low": 41.36,
    "high": 43.2,
    "close": 43.17,
    "volume": 2612026,
    "change": 2.27434257,
    "_rsi": 44.90062345,
    "_rsi1": 42.00275961,
    "_stock_k": 41.65153047,
    "_stock_d": 38.22814711,
    "_stock_k1": 34.35002907,
    "_stock_d1": 38.03525638,
    "_macd_blue": -1.03323649,
    "_macd_orange": -1.10097619,
    "_cci20": -60.44646998,
    "_cci201": -60.97894674,
    "_ema10": 43.64416297,
    "_ema20": 44.5170965,
    "_ema30": 45.172662,
    "_ema50": 46.51320846,
    "_ema100": 51.21265999,
    "_ema200": 58.99190271,
    "_psar": 46.75027702,
    "_wr": -45.42936288,
    "_mom": -1.02,
    "_mom1": -1.62,
    "stock_diff": 3.42,
    "rsi_diff": 2.9
}
