{
    "open": 96.05,
    "low": 95.63,
    "high": 97,
    "close": 96.95,
    "volume": 905375,
    "change": 1.3061651,
    "_rsi": 60.53119778,
    "_rsi1": 57.90967579,
    "_stock_k": 80.93546477,
    "_stock_d": 82.35216933,
    "_stock_k1": 79.72172883,
    "_stock_d1": 85.80894344,
    "_macd_blue": 0.60506688,
    "_macd_orange": 1.18182067,
    "_cci20": 122.05843487,
    "_cci201": 111.810442,
    "_ema10": 94.57884519,
    "_ema20": 93.43219015,
    "_ema30": 92.89711721,
    "_ema50": 92.37954479,
    "_ema100": 91.46334338,
    "_ema200": 88.73084175,
    "_psar": 89.21894698,
    "_wr": -11.63410302,
    "_mom": 7.95,
    "_mom1": 2.79,
    "stock_diff": -1.42,
    "rsi_diff": 2.62
}
