{
    "open": 144.45,
    "low": 142.65,
    "high": 145.3,
    "close": 145.01,
    "volume": 6341006,
    "change": -0.23391813,
    "_rsi": 62.28824882,
    "_rsi1": 63.36418973,
    "_stock_k": 90.21863299,
    "_stock_d": 91.6048204,
    "_stock_k1": 93.02662908,
    "_stock_d1": 91.38954671,
    "_macd_blue": 0.87274843,
    "_macd_orange": 1.76663772,
    "_cci20": 105.84076393,
    "_cci201": 140.4995786,
    "_ema10": 142.76128799,
    "_ema20": 140.95520914,
    "_ema30": 140.32292824,
    "_ema50": 140.23412606,
    "_ema100": 140.94915338,
    "_ema200": 141.18226001,
    "_psar": 139.07706301,
    "_wr": -14.65451784,
    "_mom": 5.72,
    "_mom1": 9.19,
    "stock_diff": -1.39,
    "rsi_diff": -1.08
}
