{
    "open": 130.62,
    "low": 129.955,
    "high": 131.6,
    "close": 131.5,
    "volume": 614707,
    "change": 1.00622168,
    "_rsi": 61.65491227,
    "_rsi1": 58.7055462,
    "_stock_k": 80.6345733,
    "_stock_d": 77.56181977,
    "_stock_k1": 73.41356674,
    "_stock_d1": 79.63723511,
    "_macd_blue": 1.39802389,
    "_macd_orange": 1.78698385,
    "_cci20": 86.85570178,
    "_cci201": 70.11596126,
    "_ema10": 129.75135001,
    "_ema20": 128.11691076,
    "_ema30": 127.39877499,
    "_ema50": 127.37636474,
    "_ema100": 127.35752551,
    "_ema200": 123.36131871,
    "_psar": 127.43797351,
    "_wr": -7.22100656,
    "_mom": 4.96,
    "_mom1": 3.4,
    "stock_diff": 3.07,
    "rsi_diff": 2.95
}
