{
    "open": 121.3,
    "low": 121.16,
    "high": 125.89,
    "close": 124.15,
    "volume": 2393481,
    "change": 2.82425046,
    "_rsi": 60.30294164,
    "_rsi1": 52.62594752,
    "_stock_k": 74.97252231,
    "_stock_d": 68.59399571,
    "_stock_k1": 69.12975228,
    "_stock_d1": 64.32865504,
    "_macd_blue": 0.39489042,
    "_macd_orange": 0.73422018,
    "_cci20": 123.86283685,
    "_cci201": -5.69157669,
    "_ema10": 121.07564483,
    "_ema20": 120.35086993,
    "_ema30": 120.08243082,
    "_ema50": 120.49534512,
    "_ema100": 124.15116854,
    "_ema200": 131.0359463,
    "_psar": 114.27,
    "_wr": -14.97418244,
    "_mom": 4.81,
    "_mom1": 3.1,
    "stock_diff": 6.38,
    "rsi_diff": 7.68
}
