{
    "open": 123.26,
    "low": 123.16,
    "high": 126.21,
    "close": 126.12,
    "volume": 720552,
    "change": 2.3036989,
    "_rsi": 60.38237427,
    "_rsi1": 53.18547354,
    "_stock_k": 68.17844241,
    "_stock_d": 71.51694537,
    "_stock_k1": 68.44960319,
    "_stock_d1": 74.82530023,
    "_macd_blue": 1.4844861,
    "_macd_orange": 1.49966962,
    "_cci20": 109.31270641,
    "_cci201": 51.98846853,
    "_ema10": 124.37185279,
    "_ema20": 123.26036412,
    "_ema30": 122.28858611,
    "_ema50": 120.88210801,
    "_ema100": 118.78240789,
    "_ema200": 115.65433844,
    "_psar": 127.15,
    "_wr": -15.35022355,
    "_mom": 1.15,
    "_mom1": -0.74,
    "stock_diff": -3.34,
    "rsi_diff": 7.2
}
