{
    "open": 100.89,
    "low": 100.35,
    "high": 101.56,
    "close": 100.45,
    "volume": 7145174,
    "change": -0.43611854,
    "_rsi": 63.95158324,
    "_rsi1": 65.61295381,
    "_stock_k": 79.56662616,
    "_stock_d": 75.80509365,
    "_stock_k1": 76.14544023,
    "_stock_d1": 72.21077104,
    "_macd_blue": 1.64833387,
    "_macd_orange": 2.21374705,
    "_cci20": 81.32423046,
    "_cci201": 85.7895239,
    "_ema10": 98.73939722,
    "_ema20": 96.76670568,
    "_ema30": 95.68732845,
    "_ema50": 94.62884839,
    "_ema100": 93.5185449,
    "_ema200": 92.12672554,
    "_psar": 94.17714848,
    "_wr": -21.9927096,
    "_mom": 1.48,
    "_mom1": 6.85,
    "stock_diff": 3.76,
    "rsi_diff": -1.66
}
