{
    "open": 38.41,
    "low": 38.41,
    "high": 39.84,
    "close": 39.84,
    "volume": 13386529,
    "change": 3.39994809,
    "_rsi": 65.06340718,
    "_rsi1": 60.46475719,
    "_stock_k": 91.22980547,
    "_stock_d": 89.86038637,
    "_stock_k1": 89.17477238,
    "_stock_d1": 90.08505066,
    "_macd_blue": 0.11232094,
    "_macd_orange": 0.58934706,
    "_cci20": 198.57601006,
    "_cci201": 167.03801469,
    "_ema10": 37.50683319,
    "_ema20": 36.84074169,
    "_ema30": 36.65045445,
    "_ema50": 36.41530393,
    "_ema100": 35.38755554,
    "_ema200": 33.24464318,
    "_psar": 34.88706625,
    "_wr": 0,
    "_mom": 3.55,
    "_mom1": 2.38,
    "stock_diff": 1.37,
    "rsi_diff": 4.6
}
