{
    "open": 34.27,
    "low": 33.79,
    "high": 34.5,
    "close": 34.37,
    "volume": 21576,
    "change": 1.14773396,
    "_rsi": 43.11770297,
    "_rsi1": 40.80386501,
    "_stock_k": 31.58878505,
    "_stock_d": 29.50207715,
    "_stock_k1": 28.65300523,
    "_stock_d1": 26.39165595,
    "_macd_blue": -0.91429311,
    "_macd_orange": -1.0315077,
    "_cci20": -63.33513611,
    "_cci201": -72.07873378,
    "_ema10": 34.37698712,
    "_ema20": 35.22703938,
    "_ema30": 35.78530785,
    "_ema50": 36.34286233,
    "_ema100": 36.51249715,
    "_ema200": 35.40833666,
    "_psar": 32.452096,
    "_wr": -60,
    "_mom": -0.24,
    "_mom1": -3.27,
    "stock_diff": 2.09,
    "rsi_diff": 2.31
}
