{
    "open": 76.02,
    "low": 75.57,
    "high": 79.5,
    "close": 78.6,
    "volume": 85961,
    "change": -1.06985525,
    "_rsi": 59.85610218,
    "_rsi1": 61.38148066,
    "_stock_k": 73.9213948,
    "_stock_d": 81.66863672,
    "_stock_k1": 84.50059102,
    "_stock_d1": 86.29594245,
    "_macd_blue": 5.72360206,
    "_macd_orange": 5.72551265,
    "_cci20": 41.84121542,
    "_cci201": 85.8595385,
    "_ema10": 79.26253744,
    "_ema20": 75.03439348,
    "_ema30": 71.29150542,
    "_ema50": 65.82671917,
    "_ema100": 58.54048965,
    "_ema200": 51.05681305,
    "_psar": 87.18,
    "_wr": -38.03191489,
    "_mom": 4.08,
    "_mom1": 5.5,
    "stock_diff": -7.75,
    "rsi_diff": -1.53
}
