{
    "open": 36.92,
    "low": 36.375,
    "high": 37.09,
    "close": 37.02,
    "volume": 2370937,
    "change": 0.78954533,
    "_rsi": 62.76826577,
    "_rsi1": 61.58301279,
    "_stock_k": 88.01004394,
    "_stock_d": 91.65921638,
    "_stock_k1": 91.83982741,
    "_stock_d1": 90.27842067,
    "_macd_blue": 0.46232501,
    "_macd_orange": 0.75733846,
    "_cci20": 143.29159121,
    "_cci201": 163.71801632,
    "_ema10": 35.77417946,
    "_ema20": 35.08961725,
    "_ema30": 34.67944021,
    "_ema50": 34.06734202,
    "_ema100": 33.17928948,
    "_ema200": 32.05520686,
    "_psar": 32.8317376,
    "_wr": -12.0527307,
    "_mom": 2.74,
    "_mom1": 2.75,
    "stock_diff": -3.65,
    "rsi_diff": 1.19
}
