{
    "open": 340,
    "low": 332.33,
    "high": 343.305,
    "close": 343.05,
    "volume": 528925,
    "change": 0.95941611,
    "_rsi": 55.04196341,
    "_rsi1": 53.50030872,
    "_stock_k": 84.91349952,
    "_stock_d": 90.58484109,
    "_stock_k1": 89.56325905,
    "_stock_d1": 95.05362693,
    "_macd_blue": -3.15466569,
    "_macd_orange": 1.22225374,
    "_cci20": 85.33818806,
    "_cci201": 115.96331944,
    "_ema10": 336.22766514,
    "_ema20": 332.87429,
    "_ema30": 334.63176207,
    "_ema50": 341.93363058,
    "_ema100": 361.09801234,
    "_ema200": 380.96454873,
    "_psar": 318.02152781,
    "_wr": -17.73600327,
    "_mom": 27.01,
    "_mom1": 15.08,
    "stock_diff": -5.67,
    "rsi_diff": 1.54
}
