{
    "open": 57.35,
    "low": 57.04,
    "high": 57.63,
    "close": 57.35,
    "volume": 2193466,
    "change": 0.49062555,
    "_rsi": 64.31068945,
    "_rsi1": 62.95297528,
    "_stock_k": 82.72946767,
    "_stock_d": 87.56208303,
    "_stock_k1": 86.71725955,
    "_stock_d1": 92.13107865,
    "_macd_blue": 0.5029408,
    "_macd_orange": 0.95329163,
    "_cci20": 99.97297748,
    "_cci201": 104.33854396,
    "_ema10": 56.55656159,
    "_ema20": 55.55110745,
    "_ema30": 55.2986875,
    "_ema50": 55.61217402,
    "_ema100": 56.18612066,
    "_ema200": 55.30047759,
    "_psar": 56.7510568,
    "_wr": -20.04264392,
    "_mom": 2.88,
    "_mom1": 2.31,
    "stock_diff": -4.83,
    "rsi_diff": 1.36
}
