{
    "open": 145.4,
    "low": 144.08,
    "high": 146.16,
    "close": 144.32,
    "change": -0.42776321,
    "_rsi": 31.47814822,
    "_rsi1": 32.17831869,
    "_stock_k": 7.73621407,
    "_stock_d": 9.32369119,
    "_stock_k1": 7.47190238,
    "_stock_d1": 14.16535423,
    "_macd_blue": -2.06233826,
    "_macd_orange": -3.2144375,
    "_cci20": -193.17963558,
    "_cci201": -216.11363777,
    "_ema10": 149.99872711,
    "_ema20": 152.96170574,
    "_ema30": 154.46744116,
    "_ema50": 155.32074411,
    "_ema100": 153.47857121,
    "_ema200": 148.60675372,
    "_psar": 153.03701194,
    "_wrr": -97.75678867,
    "stock_diff": -1.59,
    "rsi_diff": -0.7
}
