{
    "open": 145.4,
    "low": 143.03,
    "high": 146.16,
    "close": 143.22,
    "volume": 7085836,
    "change": -1.18669794,
    "_rsi": 30.30810936,
    "_rsi1": 32.17831869,
    "_stock_k": 7.34328555,
    "_stock_d": 9.19271502,
    "_stock_k1": 7.47190238,
    "_stock_d1": 14.16535423,
    "_macd_blue": -2.07988812,
    "_macd_orange": -3.30218679,
    "_cci20": -204.49224624,
    "_cci201": -216.11363777,
    "_ema10": 149.79872711,
    "_ema20": 152.85694383,
    "_ema30": 154.39647342,
    "_ema50": 155.27760685,
    "_ema100": 153.45678903,
    "_ema200": 148.59580844,
    "_psar": 153.03701194,
    "_wr": -98.93557423,
    "stock_diff": -1.85,
    "rsi_diff": -1.87
}
