{
    "open": 145.4,
    "low": 144.1,
    "high": 146.16,
    "close": 144.96,
    "change": 0.01379881,
    "_rsi": 32.22694709,
    "_rsi1": 32.17831869,
    "_stock_k": 8.99556079,
    "_stock_d": 9.74347343,
    "_stock_k1": 7.47190238,
    "_stock_d1": 14.16535423,
    "_macd_blue": -2.05212744,
    "_macd_orange": -3.16338337,
    "_cci20": -189.64634948,
    "_cci201": -216.11363777,
    "_ema10": 150.11509075,
    "_ema20": 153.02265812,
    "_ema30": 154.50873148,
    "_ema50": 155.34584214,
    "_ema100": 153.49124448,
    "_ema200": 148.61312188,
    "_psar": 153.03701194,
    "_wrr": -93.97874852,
    "stock_diff": -0.75,
    "rsi_diff": 0.05
}
