{
    "open": 145.4,
    "low": 143.03,
    "high": 146.16,
    "close": 143.21,
    "volume": 5887973,
    "change": -1.19359735,
    "_rsi": 30.29787147,
    "_rsi1": 32.17831869,
    "_stock_k": 7.32461142,
    "_stock_d": 9.1864903,
    "_stock_k1": 7.47190238,
    "_stock_d1": 14.16535423,
    "_macd_blue": -2.08004766,
    "_macd_orange": -3.30298451,
    "_cci20": -204.54416964,
    "_cci201": -216.11363777,
    "_ema10": 149.79690893,
    "_ema20": 152.85599145,
    "_ema30": 154.39582825,
    "_ema50": 155.27721469,
    "_ema100": 153.45659101,
    "_ema200": 148.59570894,
    "_psar": 153.03701194,
    "_wr": -98.99159664,
    "stock_diff": -1.86,
    "rsi_diff": -1.88
}
