{
    "open": 90.4,
    "low": 89.15,
    "high": 91.32,
    "close": 89.33,
    "volume": 1815484,
    "change": -2.45686831,
    "_rsi": 41.66452628,
    "_rsi1": 46.28759905,
    "_stock_k": 45.80354457,
    "_stock_d": 44.42482944,
    "_stock_k1": 44.35146444,
    "_stock_d1": 43.67802536,
    "_macd_blue": -2.72317137,
    "_macd_orange": -2.23299449,
    "_cci20": -27.76196154,
    "_cci201": -1.19631312,
    "_ema10": 90.23138755,
    "_ema20": 91.65925464,
    "_ema30": 93.27625928,
    "_ema50": 95.58813847,
    "_ema100": 97.37925972,
    "_ema200": 94.29415053,
    "_psar": 85.9793838,
    "_wr": -50.52521008,
    "_mom": 1.56,
    "_mom1": 6.73,
    "stock_diff": 1.38,
    "rsi_diff": -4.62
}
