{
    "open": 127.95,
    "low": 126.72,
    "high": 128.9497,
    "close": 128.71,
    "volume": 1213424,
    "change": 0.75935494,
    "_rsi": 62.1541608,
    "_rsi1": 60.57928962,
    "_stock_k": 86.13902422,
    "_stock_d": 83.06824129,
    "_stock_k1": 83.19639117,
    "_stock_d1": 83.99189736,
    "_macd_blue": 1.39425706,
    "_macd_orange": 2.06923508,
    "_cci20": 127.87452678,
    "_cci201": 116.0471752,
    "_ema10": 125.86297643,
    "_ema20": 123.92820519,
    "_ema30": 123.04083331,
    "_ema50": 122.51749202,
    "_ema100": 121.43777826,
    "_ema200": 116.77641733,
    "_psar": 124.42842791,
    "_wr": -2.24024973,
    "_mom": 8.12,
    "_mom1": 5.55,
    "stock_diff": 3.07,
    "rsi_diff": 1.57
}
