{
    "open": 1009.73,
    "low": 988.8,
    "high": 1024.49,
    "close": 1013.92,
    "volume": 22973141,
    "change": 1.48231926,
    "_rsi": 66.08034288,
    "_rsi1": 64.81611362,
    "_stock_k": 91.45912463,
    "_stock_d": 92.41289572,
    "_stock_k1": 90.72478696,
    "_stock_d1": 92.27215714,
    "_macd_blue": -3.26418379,
    "_macd_orange": 22.90087335,
    "_cci20": 195.63651909,
    "_cci201": 237.93421067,
    "_ema10": 924.05681591,
    "_ema20": 893.72109467,
    "_ema30": 891.56749206,
    "_ema50": 904.64567293,
    "_ema100": 913.35458986,
    "_ema200": 861.38294747,
    "_psar": 806.82181816,
    "_wr": -9.40771447,
    "_mom": 175.62,
    "_mom1": 140.14,
    "stock_diff": -0.95,
    "rsi_diff": 1.26
}
