{
    "open": 41.53,
    "low": 40.76,
    "high": 41.53,
    "close": 40.77,
    "volume": 1607044,
    "change": -2.61554998,
    "_rsi": 46.7749365,
    "_rsi1": 59.47632263,
    "_stock_k": 78.15565341,
    "_stock_d": 89.48710778,
    "_stock_k1": 93.46156805,
    "_stock_d1": 94.83837768,
    "_macd_blue": -0.04101393,
    "_macd_orange": 0.05389024,
    "_cci20": 30.23553507,
    "_cci201": 164.33073786,
    "_ema10": 41.16730188,
    "_ema20": 41.09191666,
    "_ema30": 41.06397167,
    "_ema50": 40.85963635,
    "_ema100": 40.01969974,
    "_ema200": 38.20610904,
    "_psar": 40.37619594,
    "_wr": -50.55350554,
    "_mom": 0.22,
    "_mom1": 2.205,
    "stock_diff": -11.33,
    "rsi_diff": -12.7
}
