{
    "open": 68.79,
    "low": 68.6,
    "high": 69.74,
    "close": 68.68,
    "volume": 1832759,
    "change": -0.76578529,
    "_rsi": 56.90999628,
    "_rsi1": 58.99078414,
    "_stock_k": 87.96194658,
    "_stock_d": 91.22006065,
    "_stock_k1": 92.78948807,
    "_stock_d1": 90.8941035,
    "_macd_blue": 0.08549984,
    "_macd_orange": 0.60731276,
    "_cci20": 89.50649551,
    "_cci201": 104.66868765,
    "_ema10": 67.60187474,
    "_ema20": 66.90952855,
    "_ema30": 66.71026951,
    "_ema50": 66.47480114,
    "_ema100": 65.20658859,
    "_ema200": 61.67648366,
    "_psar": 62.60714746,
    "_wr": -17.01427003,
    "_mom": 5.14,
    "_mom1": 8.08,
    "stock_diff": -3.26,
    "rsi_diff": -2.08
}
