{
    "open": 21.09,
    "low": 20.82,
    "high": 21.96,
    "close": 21.65,
    "volume": 24921737,
    "change": -2.38954013,
    "_rsi": 46.67729578,
    "_rsi1": 50.48909952,
    "_stock_k": 32.07572548,
    "_stock_d": 44.80872479,
    "_stock_k1": 47.07286728,
    "_stock_d1": 54.60506406,
    "_macd_blue": 0.87012359,
    "_macd_orange": 0.63704721,
    "_cci20": -76.06649347,
    "_cci201": -20.65113518,
    "_ema10": 22.80569752,
    "_ema20": 22.45493308,
    "_ema30": 21.9180212,
    "_ema50": 20.87359983,
    "_ema100": 18.89975867,
    "_ema200": 16.36584243,
    "_psar": 25.6208,
    "_wr": -81.7108847,
    "_mom": -1.24,
    "_mom1": -0.38,
    "stock_diff": -12.73,
    "rsi_diff": -3.81
}
