{
    "open": 83,
    "low": 82.34,
    "high": 84.09,
    "close": 83.97,
    "volume": 2548189,
    "change": 2.0291616,
    "_rsi": 63.55986668,
    "_rsi1": 57.16361612,
    "_stock_k": 73.03303303,
    "_stock_d": 62.84284284,
    "_stock_k1": 59.15915916,
    "_stock_d1": 56.72672673,
    "_macd_blue": 0.6566192,
    "_macd_orange": 0.75964361,
    "_cci20": 155.2800491,
    "_cci201": 64.0309475,
    "_ema10": 82.09518973,
    "_ema20": 81.49315993,
    "_ema30": 81.0203277,
    "_ema50": 80.24266493,
    "_ema100": 78.92050986,
    "_ema200": 77.81562169,
    "_psar": 78.6638,
    "_wr": -2.88288288,
    "_mom": 1.71,
    "_mom1": 0.09,
    "stock_diff": 10.19,
    "rsi_diff": 6.4
}
