{
    "open": 57.8,
    "low": 56.71,
    "high": 58.13,
    "close": 56.76,
    "volume": 2480304,
    "change": -1.71428571,
    "_rsi": 63.1365804,
    "_rsi1": 70.29427808,
    "_stock_k": 83.02469136,
    "_stock_d": 89.79301482,
    "_stock_k1": 91.32532471,
    "_stock_d1": 92.2476813,
    "_macd_blue": 0.69216145,
    "_macd_orange": 1.10798065,
    "_cci20": 136.60575902,
    "_cci201": 207.70374173,
    "_ema10": 55.82138537,
    "_ema20": 54.81545935,
    "_ema30": 54.23319807,
    "_ema50": 53.42995329,
    "_ema100": 52.57060886,
    "_ema200": 52.6208052,
    "_psar": 52.46567645,
    "_wr": -26.38888889,
    "_mom": 3.57,
    "_mom1": 5.32,
    "stock_diff": -6.77,
    "rsi_diff": -7.16
}
