{
    "open": 46.99,
    "low": 46.09,
    "high": 47.22,
    "close": 46.12,
    "volume": 2842398,
    "change": -2.57710182,
    "_rsi": 52.79981886,
    "_rsi1": 58.80469802,
    "_stock_k": 79.7349524,
    "_stock_d": 87.20024646,
    "_stock_k1": 88.54283982,
    "_stock_d1": 92.42741023,
    "_macd_blue": 0.10772853,
    "_macd_orange": 0.48000958,
    "_cci20": 65.40349897,
    "_cci201": 114.92680659,
    "_ema10": 46.1617529,
    "_ema20": 45.61876972,
    "_ema30": 45.47273733,
    "_ema50": 45.4898462,
    "_ema100": 46.15258568,
    "_ema200": 46.94855941,
    "_psar": 43.39225436,
    "_wr": -31.18556701,
    "_mom": 3.63,
    "_mom1": 6.56,
    "stock_diff": -7.47,
    "rsi_diff": -6.0
}
