{
    "open": 227,
    "low": 219.8301,
    "high": 227.95,
    "close": 220.92,
    "volume": 3728128,
    "change": -3.30459141,
    "_rsi": 42.22864423,
    "_rsi1": 50.7146053,
    "_stock_k": 34.09405256,
    "_stock_d": 59.11894373,
    "_stock_k1": 63.11807682,
    "_stock_d1": 79.25378864,
    "_macd_blue": -0.46387297,
    "_macd_orange": -0.05236373,
    "_cci20": -37.88412457,
    "_cci201": 46.18640315,
    "_ema10": 227.42885771,
    "_ema20": 227.02887972,
    "_ema30": 227.72164639,
    "_ema50": 229.79758848,
    "_ema100": 229.84684155,
    "_ema200": 220.20746899,
    "_psar": 238.37,
    "_wr": -90.50829876,
    "_mom": -4.96,
    "_mom1": 5.21,
    "stock_diff": -25.02,
    "rsi_diff": -8.49
}
