{
    "open": 462.58,
    "low": 459.67,
    "high": 464.29,
    "close": 462.02,
    "volume": 258976,
    "change": -0.39667141,
    "_rsi": 58.44989271,
    "_rsi1": 59.93791732,
    "_stock_k": 84.46423893,
    "_stock_d": 89.69231217,
    "_stock_k1": 90.1580648,
    "_stock_d1": 93.2634127,
    "_macd_blue": 1.72828631,
    "_macd_orange": 4.37583321,
    "_cci20": 117.4559223,
    "_cci201": 140.16540778,
    "_ema10": 456.21619895,
    "_ema20": 451.54537422,
    "_ema30": 450.21004639,
    "_ema50": 451.35900248,
    "_ema100": 456.23147707,
    "_ema200": 455.37930441,
    "_psar": 435.56471025,
    "_wr": -17.71024365,
    "_mom": 18.73,
    "_mom1": 25.33,
    "stock_diff": -5.23,
    "rsi_diff": -1.49
}
