{
    "open": 122.88,
    "low": 120.69,
    "high": 124.19,
    "close": 124.04,
    "volume": 1260330,
    "change": 1.10033418,
    "_rsi": 57.00406206,
    "_rsi1": 55.68197939,
    "_stock_k": 85.34781708,
    "_stock_d": 81.31398931,
    "_stock_k1": 80.79356935,
    "_stock_d1": 82.46964255,
    "_macd_blue": -1.57683103,
    "_macd_orange": 0.37921756,
    "_cci20": 118.72669775,
    "_cci201": 95.14279694,
    "_ema10": 118.99277327,
    "_ema20": 117.51231423,
    "_ema30": 118.65299282,
    "_ema50": 122.70361057,
    "_ema100": 128.0974274,
    "_ema200": 127.84042893,
    "_psar": 108.18484992,
    "_wr": -0.75490689,
    "_mom": 17.16,
    "_mom1": 12.73,
    "stock_diff": 4.03,
    "rsi_diff": 1.32
}
