{
    "open": 125.71,
    "low": 125.13,
    "high": 127.5113,
    "close": 126.96,
    "volume": 1052574,
    "change": 0.99435208,
    "_rsi": 59.22882043,
    "_rsi1": 55.75739893,
    "_stock_k": 65.53332855,
    "_stock_d": 72.18656572,
    "_stock_k1": 69.06757513,
    "_stock_d1": 78.57288261,
    "_macd_blue": 2.01609881,
    "_macd_orange": 1.86246591,
    "_cci20": 39.6816059,
    "_cci201": 35.78339541,
    "_ema10": 126.44243006,
    "_ema20": 125.10842437,
    "_ema30": 123.89450562,
    "_ema50": 122.14901691,
    "_ema100": 119.76465111,
    "_ema200": 117.12656054,
    "_psar": 128.43148992,
    "_wr": -38,
    "_mom": 1.93,
    "_mom1": -0.46,
    "stock_diff": -6.65,
    "rsi_diff": 3.47
}
