{
    "open": 51.105,
    "low": 50.92,
    "high": 51.99,
    "close": 51.93,
    "volume": 11502755,
    "change": 0.93294461,
    "_rsi": 68.59051029,
    "_rsi1": 67.48142434,
    "_stock_k": 93.81029756,
    "_stock_d": 90.53566859,
    "_stock_k1": 90.1080172,
    "_stock_d1": 86.32817346,
    "_macd_blue": 1.51108094,
    "_macd_orange": 1.82531441,
    "_cci20": 162.06307348,
    "_cci201": 160.38234793,
    "_ema10": 49.34742804,
    "_ema20": 47.87846765,
    "_ema30": 46.76253069,
    "_ema50": 45.11168338,
    "_ema100": 42.5772885,
    "_ema200": 39.36792381,
    "_psar": 44.87930431,
    "_wr": -0.66770532,
    "_mom": 5,
    "_mom1": 3.74,
    "stock_diff": 3.27,
    "rsi_diff": 1.11
}
