{
    "open": 158.92,
    "low": 155.19,
    "high": 159.92,
    "close": 157.29,
    "volume": 1068503,
    "change": -1.8164794,
    "_rsi": 55.92038516,
    "_rsi1": 59.17119707,
    "_stock_k": 89.26080321,
    "_stock_d": 89.27461267,
    "_stock_k1": 93.55448022,
    "_stock_d1": 84.40022629,
    "_macd_blue": 0.14523265,
    "_macd_orange": 1.6880232,
    "_cci20": 107.50153885,
    "_cci201": 144.86025011,
    "_ema10": 153.80241109,
    "_ema20": 151.66067344,
    "_ema30": 151.59267507,
    "_ema50": 153.71005116,
    "_ema100": 157.26907428,
    "_ema200": 154.26252748,
    "_psar": 140.19835904,
    "_wr": -16.70358883,
    "_mom": 6.4,
    "_mom1": 14.4,
    "stock_diff": -0.01,
    "rsi_diff": -3.25
}
