{
    "open": 324.91,
    "low": 316.705,
    "high": 324.99,
    "close": 320.48,
    "volume": 566877,
    "change": -0.69717721,
    "_rsi": 48.4977569,
    "_rsi1": 50.51698355,
    "_stock_k": 35.0900536,
    "_stock_d": 51.66310623,
    "_stock_k1": 51.94396714,
    "_stock_d1": 64.01763247,
    "_macd_blue": 1.48895971,
    "_macd_orange": 1.80835012,
    "_cci20": -10.01638368,
    "_cci201": 23.36629361,
    "_ema10": 324.23139491,
    "_ema20": 322.34091593,
    "_ema30": 322.19952827,
    "_ema50": 325.03603867,
    "_ema100": 330.819643,
    "_ema200": 329.03911208,
    "_psar": 338.74,
    "_wr": -79.75540511,
    "_mom": -5.71,
    "_mom1": -2.17,
    "stock_diff": -16.57,
    "rsi_diff": -2.02
}
