{
    "open": 69.79,
    "low": 65.73,
    "high": 69.98,
    "close": 67.37,
    "volume": 703559,
    "change": -2.93905777,
    "_rsi": 47.69241886,
    "_rsi1": 51.19491145,
    "_stock_k": 77.70188831,
    "_stock_d": 76.91482586,
    "_stock_k1": 80.15286038,
    "_stock_d1": 75.52750702,
    "_macd_blue": -2.31872592,
    "_macd_orange": -1.30649012,
    "_cci20": 23.35537126,
    "_cci201": 40.24571765,
    "_ema10": 67.25683564,
    "_ema20": 67.59017503,
    "_ema30": 69.22636859,
    "_ema50": 73.89925331,
    "_ema100": 83.6737296,
    "_ema200": 90.73921748,
    "_psar": 59.77570568,
    "_wr": -29.36922459,
    "_mom": 5.99,
    "_mom1": 5.37,
    "stock_diff": 0.79,
    "rsi_diff": -3.5
}
