{
    "open": 27.5,
    "low": 27.21,
    "high": 27.91,
    "close": 27.57,
    "change": -2.61391734,
    "_rsi": 70.26567146,
    "_rsi1": 78.52565479,
    "_stock_k": 88.26337378,
    "_stock_d": 88.96578101,
    "_stock_k1": 89.14068848,
    "_stock_d1": 90.33151354,
    "_macd_blue": 1.29901315,
    "_macd_orange": 1.52147477,
    "_cci20": 102.79782773,
    "_cci201": 134.21032026,
    "_ema10": 26.80480559,
    "_ema20": 25.5470149,
    "_ema30": 24.70751403,
    "_ema50": 23.75550911,
    "_ema100": 22.68902659,
    "_ema200": 22.03433896,
    "_psar": 25.94,
    "_wrr": -17.21170396,
    "stock_diff": -0.7,
    "rsi_diff": -8.26
}
