{
    "open": 42.68,
    "low": 42.62,
    "high": 43.95,
    "close": 43.18,
    "volume": 12758028,
    "change": 0.93501636,
    "_rsi": 55.6585983,
    "_rsi1": 54.7240384,
    "_stock_k": 94.61285027,
    "_stock_d": 91.89276977,
    "_stock_k1": 93.6771716,
    "_stock_d1": 89.29578767,
    "_macd_blue": -1.00610866,
    "_macd_orange": -0.14612322,
    "_cci20": 81.75809932,
    "_cci201": 56.82181623,
    "_ema10": 41.16134111,
    "_ema20": 40.86081046,
    "_ema30": 41.28509711,
    "_ema50": 42.16000739,
    "_ema100": 43.71520795,
    "_ema200": 45.4475241,
    "_psar": 36.07836993,
    "_wr": -5.74198359,
    "_mom": 8.31,
    "_mom1": 7.58,
    "stock_diff": 2.72,
    "rsi_diff": 0.93
}
