{
    "open": 112.29,
    "low": 112.29,
    "high": 114.78,
    "close": 114.38,
    "volume": 549690,
    "change": 2.33515255,
    "_rsi": 56.43900128,
    "_rsi1": 50.22990454,
    "_stock_k": 54.73251029,
    "_stock_d": 43.22601469,
    "_stock_k1": 37.15807311,
    "_stock_d1": 43.62236888,
    "_macd_blue": -0.1395135,
    "_macd_orange": 0.02334427,
    "_cci20": 148.04609081,
    "_cci201": -25.33058419,
    "_ema10": 111.94921936,
    "_ema20": 111.89066897,
    "_ema30": 111.85735976,
    "_ema50": 111.62645478,
    "_ema100": 111.80819165,
    "_ema200": 112.1030407,
    "_psar": 109.1,
    "_wr": -10.7480029,
    "_mom": 4.41,
    "_mom1": 0.35,
    "stock_diff": 11.51,
    "rsi_diff": 6.21
}
