{
    "open": 220.83,
    "low": 217.96,
    "high": 221.96,
    "close": 219.17,
    "volume": 3397312,
    "change": -0.79214195,
    "_rsi": 40.53555484,
    "_rsi1": 42.22864423,
    "_stock_k": 21.35720665,
    "_stock_d": 39.52311201,
    "_stock_k1": 34.09405256,
    "_stock_d1": 59.11894373,
    "_macd_blue": -0.51042325,
    "_macd_orange": -0.69662439,
    "_cci20": -108.20971415,
    "_cci201": -37.88412457,
    "_ema10": 225.92724722,
    "_ema20": 226.28041498,
    "_ema30": 227.16992727,
    "_ema50": 229.3808203,
    "_ema100": 229.63541895,
    "_ema200": 220.19714591,
    "_psar": 237.999202,
    "_wr": -94.07153356,
    "_mom": -5,
    "_mom1": -4.96,
    "stock_diff": -18.17,
    "rsi_diff": -1.69
}
