{
    "open": 67.9,
    "low": 67.7,
    "high": 68.18,
    "close": 67.92,
    "volume": 2050168,
    "change": 0.38427431,
    "_rsi": 49.95035053,
    "_rsi1": 47.80738299,
    "_stock_k": 8.45864662,
    "_stock_d": 8.96212407,
    "_stock_k1": 7.09064327,
    "_stock_d1": 12.30365827,
    "_macd_blue": 0.33667452,
    "_macd_orange": 0.12757587,
    "_cci20": -40.39266739,
    "_cci201": -55.29064487,
    "_ema10": 68.0350978,
    "_ema20": 68.05411026,
    "_ema30": 67.85994916,
    "_ema50": 67.39892904,
    "_ema100": 66.37845295,
    "_ema200": 64.61607745,
    "_psar": 71.25947938,
    "_wr": -86.46616541,
    "_mom": -2.43,
    "_mom1": -1.7,
    "stock_diff": -0.5,
    "rsi_diff": 2.14
}
