{
    "open": 174.66,
    "low": 174.32,
    "high": 177.16,
    "close": 175.54,
    "volume": 3319782,
    "change": 0.40036605,
    "_rsi": 61.0355706,
    "_rsi1": 59.93288155,
    "_stock_k": 90.60679402,
    "_stock_d": 91.66199579,
    "_stock_k1": 90.0269955,
    "_stock_d1": 91.55746431,
    "_macd_blue": 1.24249668,
    "_macd_orange": 2.15538333,
    "_cci20": 109.83491287,
    "_cci201": 112.43958822,
    "_ema10": 173.12981499,
    "_ema20": 171.04420289,
    "_ema30": 170.10857621,
    "_ema50": 169.17793723,
    "_ema100": 168.05633173,
    "_ema200": 166.34619695,
    "_psar": 169.75482385,
    "_wr": -12.34756098,
    "_mom": 3.33,
    "_mom1": 5.36,
    "stock_diff": -1.06,
    "rsi_diff": 1.1
}
