{
    "open": 16.98,
    "low": 16.85,
    "high": 17.25,
    "close": 16.95,
    "volume": 4420587,
    "change": -1.05078809,
    "_rsi": 50.54390848,
    "_rsi1": 52.03851555,
    "_stock_k": 84.70963895,
    "_stock_d": 86.74678546,
    "_stock_k1": 88.35000687,
    "_stock_d1": 86.37294784,
    "_macd_blue": -0.48913574,
    "_macd_orange": -0.19698159,
    "_cci20": 46.44050613,
    "_cci201": 72.64570672,
    "_ema10": 16.70908922,
    "_ema20": 16.69246145,
    "_ema30": 16.99067774,
    "_ema50": 17.75464253,
    "_ema100": 19.16036387,
    "_ema200": 20.01015648,
    "_psar": 14.60181918,
    "_wr": -19.35483871,
    "_mom": 1.69,
    "_mom1": 2.94,
    "stock_diff": -2.04,
    "rsi_diff": -1.49
}
