{
    "open": 96.13,
    "low": 95.741,
    "high": 96.82,
    "close": 96.65,
    "volume": 928568,
    "change": 0.53047639,
    "_rsi": 46.61884144,
    "_rsi1": 44.69527443,
    "_stock_k": 13.66294524,
    "_stock_d": 13.88344195,
    "_stock_k1": 13.84901648,
    "_stock_d1": 14.76001383,
    "_macd_blue": -0.20391841,
    "_macd_orange": -0.43410069,
    "_cci20": -54.13428721,
    "_cci201": -46.33224435,
    "_ema10": 97.00683644,
    "_ema20": 97.47846526,
    "_ema30": 97.55647564,
    "_ema50": 96.9017773,
    "_ema100": 94.37219823,
    "_ema200": 91.6960086,
    "_psar": 103.70589728,
    "_wr": -85.32695375,
    "_mom": -1.29,
    "_mom1": -2.17,
    "stock_diff": -0.22,
    "rsi_diff": 1.92
}
