{
    "open": 315.52,
    "low": 306.4,
    "high": 315.52,
    "close": 306.43,
    "volume": 465676,
    "change": -3.45316488,
    "_rsi": 46.29886555,
    "_rsi1": 51.56422969,
    "_stock_k": 80.64680739,
    "_stock_d": 78.92016561,
    "_stock_k1": 81.15921483,
    "_stock_d1": 76.23676237,
    "_macd_blue": -6.11037072,
    "_macd_orange": -4.01218148,
    "_cci20": 1.21568855,
    "_cci201": 53.87900318,
    "_ema10": 309.34938342,
    "_ema20": 310.99809802,
    "_ema30": 315.22495899,
    "_ema50": 325.1526955,
    "_ema100": 341.00049671,
    "_ema200": 348.46692772,
    "_psar": 259.2358,
    "_wr": -21.62162162,
    "_mom": -5.9,
    "_mom1": 18.44,
    "stock_diff": 1.73,
    "rsi_diff": -5.27
}
