{
    "open": 49.89,
    "low": 49.7801,
    "high": 50.43,
    "close": 50.26,
    "volume": 974034,
    "change": 0.6609253,
    "_rsi": 56.62063685,
    "_rsi1": 54.39948133,
    "_stock_k": 35.31386371,
    "_stock_d": 31.75595212,
    "_stock_k1": 31.88989594,
    "_stock_d1": 30.48024765,
    "_macd_blue": 0.45372795,
    "_macd_orange": 0.37054746,
    "_cci20": 17.97050222,
    "_cci201": 16.8777201,
    "_ema10": 49.85667187,
    "_ema20": 49.62782532,
    "_ema30": 49.34068533,
    "_ema50": 48.7640538,
    "_ema100": 47.63117981,
    "_ema200": 46.86827384,
    "_psar": 51.89826026,
    "_wr": -58.91238671,
    "_mom": -0.22,
    "_mom1": 0.02,
    "stock_diff": 3.56,
    "rsi_diff": 2.22
}
