{
    "open": 420.89,
    "low": 415.79,
    "high": 424.55,
    "close": 417,
    "volume": 95232813,
    "change": -0.73083058,
    "_rsi": 38.11589285,
    "_rsi1": 39.73405443,
    "_stock_k": 33.50836889,
    "_stock_d": 37.47061135,
    "_stock_k1": 42.11081384,
    "_stock_d1": 35.76421754,
    "_macd_blue": -6.25954997,
    "_macd_orange": -7.00626617,
    "_cci20": -120.91720682,
    "_cci201": -96.45974904,
    "_ema10": 424.99815713,
    "_ema20": 430.45630211,
    "_ema30": 434.86190345,
    "_ema50": 440.98811454,
    "_ema100": 445.77254623,
    "_ema200": 438.16569632,
    "_psar": 441.11,
    "_wr": -79.12701017,
    "_mom": -19.63,
    "_mom1": -17.68,
    "stock_diff": -3.96,
    "rsi_diff": -1.62
}
