{
    "open": 79.15,
    "low": 79.03,
    "high": 79.84,
    "close": 79.07,
    "volume": 5308118,
    "change": -0.29003783,
    "_rsi": 45.14811903,
    "_rsi1": 47.23896159,
    "_stock_k": 19.41605839,
    "_stock_d": 14.58683912,
    "_stock_k1": 15.07818527,
    "_stock_d1": 11.15880031,
    "_macd_blue": 0.35515553,
    "_macd_orange": -0.02696729,
    "_cci20": -75.97328412,
    "_cci201": -94.57251347,
    "_ema10": 79.44226226,
    "_ema20": 79.74590577,
    "_ema30": 79.37303073,
    "_ema50": 77.93940439,
    "_ema100": 76.3339104,
    "_ema200": 77.62973457,
    "_psar": 76.8643124,
    "_wr": -80.58394161,
    "_mom": -1.76,
    "_mom1": -1.73,
    "stock_diff": 4.83,
    "rsi_diff": -2.09
}
