{
    "open": 157.74,
    "low": 156.71,
    "high": 158.36,
    "close": 158.28,
    "volume": 418640,
    "change": 0.66781149,
    "_rsi": 51.86492875,
    "_rsi1": 49.87656169,
    "_stock_k": 79.8019802,
    "_stock_d": 82.75854205,
    "_stock_k1": 82.24422442,
    "_stock_d1": 86.66099119,
    "_macd_blue": -1.85330484,
    "_macd_orange": -0.6476126,
    "_cci20": 67.32566994,
    "_cci201": 60.24908608,
    "_ema10": 156.83036217,
    "_ema20": 156.5946666,
    "_ema30": 157.77804824,
    "_ema50": 160.49723044,
    "_ema100": 163.52359384,
    "_ema200": 160.58285556,
    "_psar": 152.36595056,
    "_wr": -16.89768977,
    "_mom": 7.65,
    "_mom1": 5.25,
    "stock_diff": -2.96,
    "rsi_diff": 1.99
}
