{
    "open": 175.23,
    "low": 174.09,
    "high": 175.54,
    "close": 174.34,
    "volume": 5254347,
    "change": -0.37714286,
    "_rsi": 57.7498997,
    "_rsi1": 59.41053407,
    "_stock_k": 80.86150675,
    "_stock_d": 85.74992707,
    "_stock_k1": 85.04469183,
    "_stock_d1": 88.80508999,
    "_macd_blue": 1.58202575,
    "_macd_orange": 2.15304357,
    "_cci20": 78.77824458,
    "_cci201": 92.99444178,
    "_ema10": 173.66335474,
    "_ema20": 171.72155946,
    "_ema30": 170.6931607,
    "_ema50": 169.61023175,
    "_ema100": 168.32105384,
    "_ema200": 166.51381641,
    "_psar": 172.18075956,
    "_wr": -27.35208535,
    "_mom": 4.98,
    "_mom1": 6.28,
    "stock_diff": -4.89,
    "rsi_diff": -1.66
}
