{
    "open": 75.16,
    "low": 74.67,
    "high": 76,
    "close": 75.2742,
    "volume": 2491754,
    "change": 1.175,
    "_rsi": 47.98061772,
    "_rsi1": 45.50088555,
    "_stock_k": 36.17118858,
    "_stock_d": 53.35328727,
    "_stock_k1": 52.55338904,
    "_stock_d1": 63.58404393,
    "_macd_blue": 0.58236326,
    "_macd_orange": 0.22985126,
    "_cci20": -89.70707014,
    "_cci201": -173.25056876,
    "_ema10": 76.21169207,
    "_ema20": 76.28613873,
    "_ema30": 75.81266459,
    "_ema50": 74.27256877,
    "_ema100": 70.67612374,
    "_ema200": 65.42486348,
    "_psar": 79.7949,
    "_wr": -68.92376018,
    "_mom": -1.7158,
    "_mom1": -0.61,
    "stock_diff": -17.18,
    "rsi_diff": 2.48
}
