{
    "open": 67.19,
    "low": 67.19,
    "high": 68.46,
    "close": 67.81,
    "volume": 623678,
    "change": 2.24668275,
    "_rsi": 52.16535586,
    "_rsi1": 47.45122181,
    "_stock_k": 82.10623698,
    "_stock_d": 76.59064535,
    "_stock_k1": 75.3760026,
    "_stock_d1": 68.67139963,
    "_macd_blue": -1.33111228,
    "_macd_orange": -0.83152409,
    "_cci20": 74.09175918,
    "_cci201": 14.11156227,
    "_ema10": 66.25427977,
    "_ema20": 66.66119421,
    "_ema30": 67.32992323,
    "_ema50": 68.19883613,
    "_ema100": 68.64625662,
    "_ema200": 66.92427445,
    "_psar": 63.06726759,
    "_wr": -9.2724679,
    "_mom": 5.79,
    "_mom1": 4.68,
    "stock_diff": 5.52,
    "rsi_diff": 4.71
}
