{
    "open": 39.75,
    "low": 38.93,
    "high": 39.8,
    "close": 39.2,
    "volume": 4427123,
    "change": -1.33400453,
    "_rsi": 48.82030244,
    "_rsi1": 50.17355164,
    "_stock_k": 81.77675918,
    "_stock_d": 70.96025386,
    "_stock_k1": 71.21886533,
    "_stock_d1": 62.8664138,
    "_macd_blue": -1.47253469,
    "_macd_orange": -1.05780643,
    "_cci20": 22.39258595,
    "_cci201": 11.7408421,
    "_ema10": 38.45884718,
    "_ema20": 39.10925924,
    "_ema30": 39.80447197,
    "_ema50": 40.38591116,
    "_ema100": 40.91180339,
    "_ema200": 43.02895966,
    "_psar": 32.66723494,
    "_wr": -7.02386945,
    "_mom": 2.78,
    "_mom1": 1.13,
    "stock_diff": 10.82,
    "rsi_diff": -1.35
}
