{
    "open": 504,
    "low": 490.76,
    "high": 505.38,
    "close": 491.25,
    "volume": 574797,
    "change": -3.63112053,
    "_rsi": 46.33901729,
    "_rsi1": 52.32577918,
    "_stock_k": 72.08234803,
    "_stock_d": 79.72684222,
    "_stock_k1": 85.5705476,
    "_stock_d1": 81.06095129,
    "_macd_blue": -11.24624765,
    "_macd_orange": -6.54002847,
    "_cci20": 17.33988759,
    "_cci201": 66.14684001,
    "_ema10": 495.32766357,
    "_ema20": 497.71778839,
    "_ema30": 504.4351925,
    "_ema50": 519.74444441,
    "_ema100": 545.56013654,
    "_ema200": 546.75918578,
    "_psar": 465.29249152,
    "_wr": -43.80303241,
    "_mom": 3.12,
    "_mom1": 43.76,
    "stock_diff": -7.64,
    "rsi_diff": -5.99
}
