{
    "open": 342.25,
    "low": 340.7,
    "high": 349.45,
    "close": 349.35,
    "volume": 2482832,
    "change": 2.09538839,
    "_rsi": 51.48910323,
    "_rsi1": 46.89317441,
    "_stock_k": 85.70985099,
    "_stock_d": 84.85819783,
    "_stock_k1": 83.80242387,
    "_stock_d1": 82.13490818,
    "_macd_blue": -6.35444561,
    "_macd_orange": -3.49878504,
    "_cci20": 40.78273127,
    "_cci201": 18.03476605,
    "_ema10": 343.50923383,
    "_ema20": 344.83430823,
    "_ema30": 347.92199903,
    "_ema50": 351.54057391,
    "_ema100": 353.91781148,
    "_ema200": 353.94129159,
    "_psar": 325.42591103,
    "_wr": -9.46812914,
    "_mom": 24.76,
    "_mom1": 14.05,
    "stock_diff": 0.85,
    "rsi_diff": 4.6
}
