{
    "open": 218.69,
    "low": 211.5901,
    "high": 222.62,
    "close": 213.3,
    "volume": 38138012,
    "change": -3.4841629,
    "_rsi": 39.18213492,
    "_rsi1": 42.04457132,
    "_stock_k": 33.12034054,
    "_stock_d": 37.19273233,
    "_stock_k1": 42.82051148,
    "_stock_d1": 33.78803289,
    "_macd_blue": -7.31101152,
    "_macd_orange": -8.5513727,
    "_cci20": -127.95421358,
    "_cci201": -86.06239137,
    "_ema10": 225.37295609,
    "_ema20": 232.10519299,
    "_ema30": 237.59806052,
    "_ema50": 245.83101047,
    "_ema100": 249.49404379,
    "_ema200": 232.13326798,
    "_psar": 206.999,
    "_wr": -83.06351183,
    "_mom": -30.55,
    "_mom1": -20.57,
    "stock_diff": -4.07,
    "rsi_diff": -2.86
}
