{
    "open": 86.83,
    "low": 85.56,
    "high": 87.15,
    "close": 87.12,
    "volume": 6162391,
    "change": 1.04384134,
    "_rsi": 46.00050068,
    "_rsi1": 44.15816601,
    "_stock_k": 64.85802624,
    "_stock_d": 62.15858018,
    "_stock_k1": 58.5404395,
    "_stock_d1": 61.38971821,
    "_macd_blue": -2.5347119,
    "_macd_orange": -1.9387179,
    "_cci20": -28.91921636,
    "_cci201": -30.70457062,
    "_ema10": 86.91884642,
    "_ema20": 87.99617988,
    "_ema30": 89.6730945,
    "_ema50": 93.13274427,
    "_ema100": 99.26165375,
    "_ema200": 103.62656557,
    "_psar": 80.19514061,
    "_wr": -26.58907789,
    "_mom": -0.04,
    "_mom1": -1.38,
    "stock_diff": 2.7,
    "rsi_diff": 1.84
}
