{
    "open": 225.44,
    "low": 223.065,
    "high": 226.2,
    "close": 223.7295,
    "volume": 2351290,
    "change": -0.64415135,
    "_rsi": 55.05064346,
    "_rsi1": 57.0272721,
    "_stock_k": 93.34950994,
    "_stock_d": 85.14633869,
    "_stock_k1": 89.89238291,
    "_stock_d1": 69.3970899,
    "_macd_blue": -2.26551787,
    "_macd_orange": -0.73129741,
    "_cci20": 141.37135499,
    "_cci201": 148.47164253,
    "_ema10": 219.24671511,
    "_ema20": 219.02932807,
    "_ema30": 220.20557401,
    "_ema50": 222.86694643,
    "_ema100": 226.21967536,
    "_ema200": 224.0396888,
    "_psar": 210.173136,
    "_wr": -14.59243946,
    "_mom": 12.4895,
    "_mom1": 7.22,
    "stock_diff": 8.2,
    "rsi_diff": -1.98
}
