{
    "open": 17.12,
    "low": 16.945,
    "high": 17.37,
    "close": 17.27,
    "volume": 3281581,
    "change": 1.8879056,
    "_rsi": 53.12163448,
    "_rsi1": 50.54390848,
    "_stock_k": 84.78081059,
    "_stock_d": 85.9468188,
    "_stock_k1": 84.70963895,
    "_stock_d1": 86.74678546,
    "_macd_blue": -0.41800833,
    "_macd_orange": -0.13349868,
    "_cci20": 55.04471684,
    "_cci201": 46.44050613,
    "_ema10": 16.811073,
    "_ema20": 16.74746512,
    "_ema30": 17.00869853,
    "_ema50": 17.73563694,
    "_ema100": 19.12293093,
    "_ema200": 19.98289125,
    "_psar": 14.85207365,
    "_wr": -11.41439206,
    "_mom": 1.98,
    "_mom1": 1.69,
    "stock_diff": -1.17,
    "rsi_diff": 2.58
}
