{
    "open": 181.17,
    "low": 177.18,
    "high": 181.45,
    "close": 177.34,
    "volume": 551780,
    "change": -2.58720132,
    "_rsi": 44.19113427,
    "_rsi1": 51.07741999,
    "_stock_k": 63.72379304,
    "_stock_d": 72.23825095,
    "_stock_k1": 75.51452202,
    "_stock_d1": 76.14925947,
    "_macd_blue": -1.90638619,
    "_macd_orange": -1.02716356,
    "_cci20": 8.97528024,
    "_cci201": 101.22332584,
    "_ema10": 180.04570716,
    "_ema20": 180.25615512,
    "_ema30": 181.54047093,
    "_ema50": 184.24342833,
    "_ema100": 186.73440279,
    "_ema200": 183.48056389,
    "_psar": 174.68455575,
    "_wr": -54.93364108,
    "_mom": 0.57,
    "_mom1": 11.1,
    "stock_diff": -8.51,
    "rsi_diff": -6.89
}
