{
    "open": 95.55,
    "low": 95.4,
    "high": 97.03,
    "close": 97.02,
    "volume": 93501,
    "change": 1.28405888,
    "_rsi": 58.70892782,
    "_rsi1": 55.22529699,
    "_stock_k": 80.6181366,
    "_stock_d": 70.95213636,
    "_stock_k1": 67.44982868,
    "_stock_d1": 61.78609747,
    "_macd_blue": -0.80051566,
    "_macd_orange": -0.21130299,
    "_cci20": 170.32621896,
    "_cci201": 135.53063801,
    "_ema10": 94.33223584,
    "_ema20": 94.18720443,
    "_ema30": 94.61028492,
    "_ema50": 95.51005052,
    "_ema100": 95.76755469,
    "_ema200": 92.79340448,
    "_psar": 90.80494784,
    "_wr": -0.14265335,
    "_mom": 3.31,
    "_mom1": 1.75,
    "stock_diff": 9.67,
    "rsi_diff": 3.48
}
