{
    "open": 137.3,
    "low": 133.7,
    "high": 137.66,
    "close": 135.71,
    "volume": 1403630,
    "change": -0.51315886,
    "_rsi": 50.81095109,
    "_rsi1": 51.85150934,
    "_stock_k": 64.16184826,
    "_stock_d": 71.88738247,
    "_stock_k1": 73.13448173,
    "_stock_d1": 81.4083388,
    "_macd_blue": -0.53327362,
    "_macd_orange": 0.18108058,
    "_cci20": 51.85284226,
    "_cci201": 53.0284129,
    "_ema10": 135.53644596,
    "_ema20": 134.92197396,
    "_ema30": 135.40845192,
    "_ema50": 137.62784805,
    "_ema100": 142.54754746,
    "_ema200": 143.50143109,
    "_psar": 129.78065962,
    "_wr": -33.75790431,
    "_mom": 5.4,
    "_mom1": 2.08,
    "stock_diff": -7.73,
    "rsi_diff": -1.04
}
