{
    "open": 292.505,
    "low": 277.63,
    "high": 292.505,
    "close": 278.71,
    "volume": 406876,
    "change": -5.64357776,
    "_rsi": 45.45059239,
    "_rsi1": 54.37775709,
    "_stock_k": 80.79720885,
    "_stock_d": 83.94627915,
    "_stock_k1": 89.54091906,
    "_stock_d1": 79.2678714,
    "_macd_blue": -11.64215141,
    "_macd_orange": -7.24086167,
    "_cci20": 36.31490171,
    "_cci201": 94.92657484,
    "_ema10": 279.47147762,
    "_ema20": 282.50990846,
    "_ema30": 289.49348969,
    "_ema50": 303.92734562,
    "_ema100": 329.37142031,
    "_ema200": 340.41999375,
    "_psar": 260.6199859,
    "_wr": -40.65815111,
    "_mom": 10.22,
    "_mom1": 38.72,
    "stock_diff": -3.15,
    "rsi_diff": -8.93
}
