{
    "open": 307.79,
    "low": 302.79,
    "high": 311.27,
    "close": 310.96,
    "volume": 481332,
    "change": 1.47831479,
    "_rsi": 48.63356835,
    "_rsi1": 46.29886555,
    "_stock_k": 79.18186263,
    "_stock_d": 80.32929495,
    "_stock_k1": 80.64680739,
    "_stock_d1": 78.92016561,
    "_macd_blue": -5.60552081,
    "_macd_orange": -3.58612116,
    "_cci20": -10.46331934,
    "_cci201": 1.21568855,
    "_ema10": 309.64222279,
    "_ema20": 310.99446964,
    "_ema30": 314.94980035,
    "_ema50": 324.59611921,
    "_ema100": 340.40563538,
    "_ema200": 348.09372446,
    "_psar": 260.446884,
    "_wr": -27.53352042,
    "_mom": 7.4,
    "_mom1": -5.9,
    "stock_diff": -1.15,
    "rsi_diff": 2.33
}
