{
    "open": 71.07,
    "low": 70.595,
    "high": 72.2,
    "close": 71.85,
    "volume": 2637143,
    "change": 1.49738664,
    "_rsi": 57.10038173,
    "_rsi1": 53.81460289,
    "_stock_k": 89.17169516,
    "_stock_d": 87.73700532,
    "_stock_k1": 85.17844268,
    "_stock_d1": 87.15648456,
    "_macd_blue": -0.97693726,
    "_macd_orange": -0.22268397,
    "_cci20": 109.38483847,
    "_cci201": 101.58407802,
    "_ema10": 69.78748042,
    "_ema20": 69.59257924,
    "_ema30": 70.02081035,
    "_ema50": 70.64887063,
    "_ema100": 70.47390737,
    "_ema200": 67.91828904,
    "_psar": 66.91832919,
    "_wr": -4.45859873,
    "_mom": 6.29,
    "_mom1": 4.62,
    "stock_diff": 1.43,
    "rsi_diff": 3.29
}
