{
    "open": 76.25,
    "low": 75.54,
    "high": 76.45,
    "close": 76.3,
    "volume": 1998126,
    "change": 0.47405847,
    "_rsi": 52.19659585,
    "_rsi1": 51.11919975,
    "_stock_k": 84.98962365,
    "_stock_d": 85.74698565,
    "_stock_k1": 85.40060798,
    "_stock_d1": 85.09870003,
    "_macd_blue": -0.87835691,
    "_macd_orange": -0.28573121,
    "_cci20": 47.90104245,
    "_cci201": 48.12791743,
    "_ema10": 75.42188846,
    "_ema20": 75.34693988,
    "_ema30": 75.76580095,
    "_ema50": 76.42204173,
    "_ema100": 76.72084476,
    "_ema200": 75.86651078,
    "_psar": 70.90437567,
    "_wr": -15.13094083,
    "_mom": 4.22,
    "_mom1": 3.45,
    "stock_diff": -0.76,
    "rsi_diff": 1.08
}
