{
    "open": 33.83,
    "low": 33.8,
    "high": 34.72,
    "close": 33.98,
    "volume": 33357,
    "change": 1.22132857,
    "_rsi": 40.80386501,
    "_rsi1": 38.3560368,
    "_stock_k": 28.65300523,
    "_stock_d": 26.39165595,
    "_stock_k1": 28.26444117,
    "_stock_d1": 20.8451016,
    "_macd_blue": -0.88498947,
    "_macd_orange": -1.09444206,
    "_cci20": -72.07873378,
    "_cci201": -88.07765928,
    "_ema10": 34.37853982,
    "_ema20": 35.31725406,
    "_ema30": 35.88291528,
    "_ema50": 36.42338733,
    "_ema100": 36.55577992,
    "_ema200": 35.4187722,
    "_psar": 32.3576,
    "_wr": -68.78504673,
    "_mom": -3.27,
    "_mom1": -3.84,
    "stock_diff": 2.26,
    "rsi_diff": 2.45
}
