{
    "open": 65.52,
    "low": 65.33,
    "high": 66.12,
    "close": 65.98,
    "volume": 1256889,
    "change": 0.97949189,
    "_rsi": 69.76596628,
    "_rsi1": 67.70601357,
    "_stock_k": 88.02702736,
    "_stock_d": 89.6224971,
    "_stock_k1": 88.22835183,
    "_stock_d1": 92.23181556,
    "_macd_blue": 1.42252901,
    "_macd_orange": 1.70819631,
    "_cci20": 115.46668467,
    "_cci201": 108.47521652,
    "_ema10": 64.42798252,
    "_ema20": 63.03779721,
    "_ema30": 62.01271898,
    "_ema50": 60.43521078,
    "_ema100": 57.81426245,
    "_ema200": 54.76447143,
    "_psar": 63.22875478,
    "_wr": -6.36816278,
    "_mom": 3.046635,
    "_mom1": 3.466636,
    "stock_diff": -1.6,
    "rsi_diff": 2.06
}
