{
    "open": 118.4,
    "low": 117.73,
    "high": 118.94,
    "close": 117.76,
    "volume": 1451485,
    "change": -3.7436652,
    "_rsi": 52.49265,
    "_rsi1": 67.70189024,
    "_stock_k": 83.8650064,
    "_stock_d": 92.23723051,
    "_stock_k1": 95.91817875,
    "_stock_d1": 96.87509721,
    "_macd_blue": 0.91860213,
    "_macd_orange": 1.46200841,
    "_cci20": 53.20566607,
    "_cci201": 163.91153013,
    "_ema10": 118.71023618,
    "_ema20": 117.37051205,
    "_ema30": 116.60989426,
    "_ema50": 115.36366753,
    "_ema100": 112.49130507,
    "_ema200": 106.63123064,
    "_psar": 115.43430328,
    "_wr": -38.62760216,
    "_mom": 2.86,
    "_mom1": 11.39,
    "stock_diff": -8.37,
    "rsi_diff": -15.21
}
