{
    "open": 37.82,
    "low": 37.62,
    "high": 39.85,
    "close": 39.43,
    "volume": 9280797,
    "change": 7.00135685,
    "_rsi": 63.37713329,
    "_rsi1": 54.78546481,
    "_stock_k": 63.20207707,
    "_stock_d": 64.24213954,
    "_stock_k1": 59.95397117,
    "_stock_d1": 69.6636694,
    "_macd_blue": 1.53998214,
    "_macd_orange": 1.48678846,
    "_cci20": 72.52682927,
    "_cci201": 19.91269888,
    "_ema10": 37.84482606,
    "_ema20": 36.76771949,
    "_ema30": 35.77178029,
    "_ema50": 34.10732139,
    "_ema100": 31.03646608,
    "_ema200": 27.19796315,
    "_psar": 40.946362,
    "_wr": -22.43346008,
    "_mom": 1.15,
    "_mom1": -1.02,
    "stock_diff": -1.04,
    "rsi_diff": 8.59
}
