{
    "open": 55.86,
    "low": 55.37,
    "high": 56.75,
    "close": 55.83,
    "volume": 2235486,
    "change": -0.6406834,
    "_rsi": 64.65355621,
    "_rsi1": 66.09834838,
    "_stock_k": 63.96873167,
    "_stock_d": 65.36493591,
    "_stock_k1": 65.29135371,
    "_stock_d1": 66.2745367,
    "_macd_blue": 2.49421835,
    "_macd_orange": 2.84324557,
    "_cci20": 62.88512277,
    "_cci201": 66.0299447,
    "_ema10": 54.85352052,
    "_ema20": 52.50849468,
    "_ema30": 50.94544843,
    "_ema50": 49.05814653,
    "_ema100": 46.54517457,
    "_ema200": 43.65050716,
    "_psar": 62.4215,
    "_wr": -38.38498721,
    "_mom": 6.46,
    "_mom1": 7.84,
    "stock_diff": -1.4,
    "rsi_diff": -1.44
}
