{
    "open": 309.702,
    "low": 309.702,
    "high": 318.13,
    "close": 318.04,
    "volume": 2115873,
    "change": 3.49495607,
    "_rsi": 61.2399704,
    "_rsi1": 55.56678647,
    "_stock_k": 94.58735361,
    "_stock_d": 94.95720618,
    "_stock_k1": 93.263278,
    "_stock_d1": 95.88803427,
    "_macd_blue": -0.78318154,
    "_macd_orange": 3.32354091,
    "_cci20": 130.26027045,
    "_cci201": 107.52445702,
    "_ema10": 305.35621481,
    "_ema20": 300.61366985,
    "_ema30": 300.78788962,
    "_ema50": 304.29329032,
    "_ema100": 309.17668099,
    "_ema200": 305.00949133,
    "_psar": 286.02129814,
    "_wr": -0.17779534,
    "_mom": 34.56,
    "_mom1": 14.53,
    "stock_diff": -0.37,
    "rsi_diff": 5.67
}
