{
    "open": 92.55,
    "low": 91.85,
    "high": 93.1,
    "close": 92.13,
    "volume": 6486841,
    "change": -0.27062135,
    "_rsi": 49.73160707,
    "_rsi1": 50.23796797,
    "_stock_k": 84.54404946,
    "_stock_d": 87.4720403,
    "_stock_k1": 85.7805255,
    "_stock_d1": 90.280296,
    "_macd_blue": -1.97354656,
    "_macd_orange": -0.84812951,
    "_cci20": 67.01429429,
    "_cci201": 79.06697818,
    "_ema10": 91.48162438,
    "_ema20": 91.53395563,
    "_ema30": 92.58319584,
    "_ema50": 94.42409467,
    "_ema100": 96.28798048,
    "_ema200": 94.14027022,
    "_psar": 87.19039548,
    "_wr": -21.48377125,
    "_mom": 6.27,
    "_mom1": 4.98,
    "stock_diff": -2.93,
    "rsi_diff": -0.51
}
