{
    "open": 261.66,
    "low": 259.07,
    "high": 283.1999,
    "close": 281.5,
    "volume": 87735371,
    "change": 9.81508933,
    "_rsi": 64.09435765,
    "_rsi1": 55.79040449,
    "_stock_k": 87.53283822,
    "_stock_d": 89.08428034,
    "_stock_k1": 86.12872253,
    "_stock_d1": 92.1065288,
    "_macd_blue": 0.17521976,
    "_macd_orange": 6.16679583,
    "_cci20": 169.16053514,
    "_cci201": 118.56398792,
    "_ema10": 255.15500019,
    "_ema20": 247.49303686,
    "_ema30": 246.48899944,
    "_ema50": 249.25597574,
    "_ema100": 250.71520522,
    "_ema200": 234.08038089,
    "_psar": 233.11124282,
    "_wr": -2.21630015,
    "_mom": 54.92,
    "_mom1": 26.2,
    "stock_diff": -1.55,
    "rsi_diff": 8.3
}
