{
    "open": 473.8,
    "low": 473.66,
    "high": 480.96,
    "close": 480.76,
    "volume": 857288,
    "change": 1.48396766,
    "_rsi": 59.36245822,
    "_rsi1": 56.03689474,
    "_stock_k": 60.04406958,
    "_stock_d": 54.75846555,
    "_stock_k1": 51.00264672,
    "_stock_d1": 59.1306683,
    "_macd_blue": 5.46570549,
    "_macd_orange": 5.85145093,
    "_cci20": 120.09841362,
    "_cci201": 55.11115119,
    "_ema10": 471.75879621,
    "_ema20": 467.24075067,
    "_ema30": 463.579132,
    "_ema50": 457.50008272,
    "_ema100": 443.54622803,
    "_ema200": 419.01436347,
    "_psar": 484.85638068,
    "_wr": -14.8321502,
    "_mom": 15.5,
    "_mom1": 0.53,
    "stock_diff": 5.29,
    "rsi_diff": 3.33
}
