{
    "open": 72.97,
    "low": 72.85,
    "high": 73.705,
    "close": 73.7,
    "volume": 795782,
    "change": 1.26408354,
    "_rsi": 54.75511877,
    "_rsi1": 50.65250756,
    "_stock_k": 61.75869121,
    "_stock_d": 68.74243961,
    "_stock_k1": 67.75732788,
    "_stock_d1": 77.61826958,
    "_macd_blue": 0.2477544,
    "_macd_orange": 0.32629758,
    "_cci20": 62.21588659,
    "_cci201": -7.34119352,
    "_ema10": 73.13865761,
    "_ema20": 72.86539083,
    "_ema30": 72.65797735,
    "_ema50": 72.09910977,
    "_ema100": 70.3707556,
    "_ema200": 67.24663337,
    "_psar": 74.7627,
    "_wr": -22.90388548,
    "_mom": 1.69,
    "_mom1": 0.67,
    "stock_diff": -6.98,
    "rsi_diff": 4.1
}
