{
    "open": 180.18,
    "low": 180.06,
    "high": 187.71,
    "close": 186.97,
    "volume": 6398516,
    "change": 3.5213997,
    "_rsi": 57.60042569,
    "_rsi1": 52.37010973,
    "_stock_k": 64.67055739,
    "_stock_d": 53.00479668,
    "_stock_k1": 52.67698554,
    "_stock_d1": 43.27728356,
    "_macd_blue": -2.27061275,
    "_macd_orange": -1.72027309,
    "_cci20": 33.21731965,
    "_cci201": -7.70166567,
    "_ema10": 176.88046681,
    "_ema20": 178.27367901,
    "_ema30": 178.84896085,
    "_ema50": 178.08304127,
    "_ema100": 175.01652396,
    "_ema200": 167.74882038,
    "_psar": 158.53395152,
    "_wr": -20.70540472,
    "_mom": 7.08,
    "_mom1": 0.3,
    "stock_diff": 11.67,
    "rsi_diff": 5.23
}
