{
    "open": 91.31,
    "low": 90.035,
    "high": 91.61,
    "close": 91.51,
    "volume": 2205732,
    "change": 0.35091567,
    "_rsi": 58.88394833,
    "_rsi1": 57.97362716,
    "_stock_k": 70.7139135,
    "_stock_d": 77.16295874,
    "_stock_k1": 77.70540212,
    "_stock_d1": 84.74715083,
    "_macd_blue": 0.97575015,
    "_macd_orange": 1.25561852,
    "_cci20": 85.39523484,
    "_cci201": 106.17659099,
    "_ema10": 90.65297764,
    "_ema20": 89.57934239,
    "_ema30": 88.88665718,
    "_ema50": 87.80598566,
    "_ema100": 85.3681154,
    "_ema200": 81.8278878,
    "_psar": 88.46902917,
    "_wr": -25.50807712,
    "_mom": 3.47,
    "_mom1": 3.53,
    "stock_diff": -6.45,
    "rsi_diff": 0.91
}
