{
    "open": 49.49,
    "low": 49.075,
    "high": 49.6,
    "close": 49.19,
    "volume": 1350254,
    "change": -0.60618307,
    "_rsi": 39.97842389,
    "_rsi1": 41.19614985,
    "_stock_k": 36.16012853,
    "_stock_d": 31.51434332,
    "_stock_k1": 32.79367584,
    "_stock_d1": 25.73201091,
    "_macd_blue": -1.31225579,
    "_macd_orange": -1.31495578,
    "_cci20": -52.74319888,
    "_cci201": -48.38990426,
    "_ema10": 49.49455102,
    "_ema20": 50.51014945,
    "_ema30": 51.27936503,
    "_ema50": 52.2329265,
    "_ema100": 53.81530459,
    "_ema200": 55.49691524,
    "_psar": 47.4538,
    "_wr": -66.54205607,
    "_mom": -1.49,
    "_mom1": -1.82,
    "stock_diff": 4.65,
    "rsi_diff": -1.22
}
