{
    "open": 77.42,
    "low": 77.19,
    "high": 79,
    "close": 78.95,
    "volume": 3718510,
    "change": 0.92036303,
    "_rsi": 68.00162676,
    "_rsi1": 66.68495556,
    "_stock_k": 79.29925293,
    "_stock_d": 73.48709749,
    "_stock_k1": 71.79842728,
    "_stock_d1": 66.80081918,
    "_macd_blue": 2.83178316,
    "_macd_orange": 2.91255373,
    "_cci20": 96.57050774,
    "_cci201": 115.51316171,
    "_ema10": 76.39879235,
    "_ema20": 74.24526886,
    "_ema30": 72.31226543,
    "_ema50": 69.34266671,
    "_ema100": 65.37489975,
    "_ema200": 62.86803856,
    "_psar": 71.436192,
    "_wr": -18.29268293,
    "_mom": 2.06,
    "_mom1": 0.95,
    "stock_diff": 5.81,
    "rsi_diff": 1.32
}
