{
    "open": 133.93,
    "low": 132.41,
    "high": 134.54,
    "close": 132.55,
    "volume": 866409,
    "change": -1.53766157,
    "_rsi": 52.26308546,
    "_rsi1": 58.20380242,
    "_stock_k": 81.37752623,
    "_stock_d": 87.91316635,
    "_stock_k1": 90.21603818,
    "_stock_d1": 91.42573617,
    "_macd_blue": -0.63827233,
    "_macd_orange": 0.21967494,
    "_cci20": 101.41131558,
    "_cci201": 174.45217975,
    "_ema10": 132.14068121,
    "_ema20": 131.48811992,
    "_ema30": 131.85803047,
    "_ema50": 133.06336315,
    "_ema100": 134.42181794,
    "_ema200": 132.95794931,
    "_psar": 129.63258896,
    "_wr": -32.8313253,
    "_mom": 2.04,
    "_mom1": 5.79,
    "stock_diff": -6.54,
    "rsi_diff": -5.94
}
