{
    "open": 140,
    "low": 135.1477,
    "high": 140.01,
    "close": 138.4,
    "volume": 1612926,
    "change": -0.90928617,
    "_rsi": 64.16587018,
    "_rsi1": 66.06978982,
    "_stock_k": 93.01786869,
    "_stock_d": 93.63772616,
    "_stock_k1": 94.43771744,
    "_stock_d1": 95.13798905,
    "_macd_blue": 1.32860202,
    "_macd_orange": 3.55075465,
    "_cci20": 151.52708698,
    "_cci201": 184.68576801,
    "_ema10": 131.57463489,
    "_ema20": 127.81048971,
    "_ema30": 126.55787749,
    "_ema50": 125.6818704,
    "_ema100": 122.02558321,
    "_ema200": 111.91636784,
    "_psar": 123.67487322,
    "_wr": -5.61954625,
    "_mom": 18.49,
    "_mom1": 18.76,
    "stock_diff": -0.62,
    "rsi_diff": -1.9
}
