{
    "open": 111.64,
    "low": 110.03,
    "high": 112.25,
    "close": 111.9,
    "volume": 1423107,
    "change": 1.12968821,
    "_rsi": 47.48826831,
    "_rsi1": 45.69091791,
    "_stock_k": 71.72874306,
    "_stock_d": 72.14743795,
    "_stock_k1": 71.34694772,
    "_stock_d1": 69.77342426,
    "_macd_blue": -2.09662855,
    "_macd_orange": -1.48729263,
    "_cci20": -9.01577972,
    "_cci201": -10.08293989,
    "_ema10": 112.01215186,
    "_ema20": 112.8534329,
    "_ema30": 113.97039929,
    "_ema50": 115.43468323,
    "_ema100": 117.00124938,
    "_ema200": 115.07296676,
    "_psar": 107.73947266,
    "_wr": -30.37795832,
    "_mom": 7.1,
    "_mom1": 3.65,
    "stock_diff": -0.42,
    "rsi_diff": 1.8
}
