{
    "open": 217.03,
    "low": 216.155,
    "high": 218.71,
    "close": 217.04,
    "volume": 2240047,
    "change": 0.14765596,
    "_rsi": 51.55236887,
    "_rsi1": 51.26374502,
    "_stock_k": 58.33452656,
    "_stock_d": 67.56340918,
    "_stock_k1": 66.01411683,
    "_stock_d1": 74.32331528,
    "_macd_blue": 1.25613287,
    "_macd_orange": 1.97270693,
    "_cci20": 16.1269147,
    "_cci201": 35.83038993,
    "_ema10": 217.98122865,
    "_ema20": 215.95525926,
    "_ema30": 215.48339426,
    "_ema50": 217.21485178,
    "_ema100": 223.13262715,
    "_ema200": 223.56502095,
    "_psar": 212.46755651,
    "_wr": -48.57507444,
    "_mom": 2.26,
    "_mom1": 0.72,
    "stock_diff": -9.23,
    "rsi_diff": 0.29
}
