{
    "open": 4777.97,
    "low": 4690.4,
    "high": 4803.185,
    "close": 4739.65,
    "volume": 23960,
    "change": -1.11658881,
    "_rsi": 42.44524013,
    "_rsi1": 44.43244134,
    "_stock_k": 54.48019308,
    "_stock_d": 63.52390403,
    "_stock_k1": 62.76502991,
    "_stock_d1": 70.29989395,
    "_macd_blue": -81.82021409,
    "_macd_orange": -64.11924949,
    "_cci20": -80.26259205,
    "_cci201": -11.01445214,
    "_ema10": 4833.48575067,
    "_ema20": 4868.16042524,
    "_ema30": 4925.42907032,
    "_ema50": 5028.07098812,
    "_ema100": 5124.58316261,
    "_ema200": 5060.13284992,
    "_psar": 4987.77244827,
    "_wr": -58.43246398,
    "_mom": -36.91,
    "_mom1": -20.99,
    "stock_diff": -9.04,
    "rsi_diff": -1.99
}
