{
    "open": 16.23,
    "low": 16.16,
    "high": 16.58,
    "close": 16.58,
    "volume": 58500186,
    "change": 0,
    "_rsi": 43.42775188,
    "_rsi1": 43.42775188,
    "_stock_k": 32.72506083,
    "_stock_d": 22.82284043,
    "_stock_k1": 22.50608273,
    "_stock_d1": 16.42504492,
    "_macd_blue": -0.82160666,
    "_macd_orange": -0.72720743,
    "_cci20": -47.34991033,
    "_cci201": -54.58911304,
    "_ema10": 16.46116336,
    "_ema20": 16.94363732,
    "_ema30": 17.46839115,
    "_ema50": 18.1477437,
    "_ema100": 18.23466224,
    "_ema200": 16.86923674,
    "_psar": 17.2552194,
    "_wr": -60.94890511,
    "_mom": -1.02,
    "_mom1": -1.52,
    "stock_diff": 9.9,
    "rsi_diff": 0.0
}
