{
    "open": 28.06,
    "low": 27.84,
    "high": 28.395,
    "close": 28.29,
    "volume": 3626408,
    "change": 0.81967213,
    "_rsi": 52.50948206,
    "_rsi1": 51.33325901,
    "_stock_k": 51.78389399,
    "_stock_d": 45.75829652,
    "_stock_k1": 45.66768603,
    "_stock_d1": 41.79408767,
    "_macd_blue": -0.03865278,
    "_macd_orange": -0.06689942,
    "_cci20": 6.54048937,
    "_cci201": -19.03264138,
    "_ema10": 27.7637164,
    "_ema20": 27.85618589,
    "_ema30": 27.82529,
    "_ema50": 27.57396421,
    "_ema100": 26.9626208,
    "_ema200": 26.00950914,
    "_psar": 29.73505688,
    "_wr": -40.87665647,
    "_mom": 0.67,
    "_mom1": 0.14,
    "stock_diff": 6.03,
    "rsi_diff": 1.18
}
