{
    "open": 37.17,
    "low": 37.11,
    "high": 37.74,
    "close": 37.57,
    "volume": 507841,
    "change": 1.04895105,
    "_rsi": 50.53627804,
    "_rsi1": 47.75766498,
    "_stock_k": 49.19450411,
    "_stock_d": 48.13860092,
    "_stock_k1": 46.61664747,
    "_stock_d1": 46.10735794,
    "_macd_blue": -0.06805863,
    "_macd_orange": -0.08190011,
    "_cci20": -18.31801707,
    "_cci201": -22.27575541,
    "_ema10": 37.39990999,
    "_ema20": 37.49700251,
    "_ema30": 37.47993653,
    "_ema50": 37.27372159,
    "_ema100": 36.80677979,
    "_ema200": 35.99152727,
    "_psar": 35.7523048,
    "_wr": -46.45247657,
    "_mom": 0.96,
    "_mom1": -0.25,
    "stock_diff": 1.06,
    "rsi_diff": 2.78
}
