{
    "open": 98.72,
    "low": 98.5,
    "high": 100.05,
    "close": 99.45,
    "volume": 552179,
    "change": 1.19047619,
    "_rsi": 62.87540507,
    "_rsi1": 60.32403549,
    "_stock_k": 69.00981643,
    "_stock_d": 69.58946837,
    "_stock_k1": 68.78365831,
    "_stock_d1": 70.62828846,
    "_macd_blue": 1.32058295,
    "_macd_orange": 1.92648563,
    "_cci20": 79.60823965,
    "_cci201": 70.57108332,
    "_ema10": 97.55505915,
    "_ema20": 95.77748071,
    "_ema30": 94.89160454,
    "_ema50": 94.07383841,
    "_ema100": 93.20043171,
    "_ema200": 91.94092689,
    "_psar": 92.87392539,
    "_wr": -28.06804374,
    "_mom": 7.67,
    "_mom1": 10.37,
    "stock_diff": -0.58,
    "rsi_diff": 2.55
}
