{
    "open": 151.63,
    "low": 151.51,
    "high": 153.92,
    "close": 152.83,
    "volume": 5047702,
    "change": 1.15832671,
    "_rsi": 51.40543413,
    "_rsi1": 47.37451267,
    "_stock_k": 74.43597715,
    "_stock_d": 68.64186606,
    "_stock_k1": 67.43202325,
    "_stock_d1": 64.32004429,
    "_macd_blue": -1.96434687,
    "_macd_orange": -1.26510682,
    "_cci20": 54.45551263,
    "_cci201": 1.55432847,
    "_ema10": 150.86765305,
    "_ema20": 151.48456004,
    "_ema30": 152.52775961,
    "_ema50": 153.68536252,
    "_ema100": 152.89626362,
    "_ema200": 148.76008299,
    "_psar": 146.02257507,
    "_wr": -10.00918274,
    "_mom": 9.61,
    "_mom1": 6.14,
    "stock_diff": 5.79,
    "rsi_diff": 4.03
}
