{
    "open": 140.3,
    "low": 139.11,
    "high": 140.71,
    "close": 140.69,
    "volume": 10014518,
    "change": 0.65102304,
    "_rsi": 50.06039919,
    "_rsi1": 48.65863981,
    "_stock_k": 82.59303721,
    "_stock_d": 86.81358758,
    "_stock_k1": 85.84198085,
    "_stock_d1": 87.75819786,
    "_macd_blue": -3.34863049,
    "_macd_orange": -1.84775133,
    "_cci20": 54.27745061,
    "_cci201": 50.67071811,
    "_ema10": 138.74677677,
    "_ema20": 139.35266579,
    "_ema30": 141.24896465,
    "_ema50": 144.93472905,
    "_ema100": 150.38724179,
    "_ema200": 151.70151495,
    "_psar": 131.71450562,
    "_wr": -19.44777911,
    "_mom": 8.83,
    "_mom1": 6.34,
    "stock_diff": -4.22,
    "rsi_diff": 1.4
}
