{
    "open": 59.46,
    "low": 59.23,
    "high": 60.135,
    "close": 60.09,
    "volume": 15586228,
    "change": 1.05953582,
    "_rsi": 48.6481273,
    "_rsi1": 44.92641388,
    "_stock_k": 40.27777778,
    "_stock_d": 30.93800322,
    "_stock_k1": 30.9178744,
    "_stock_d1": 21.215781,
    "_macd_blue": -0.28844838,
    "_macd_orange": -0.48353891,
    "_cci20": -42.77547007,
    "_cci201": -70.03915775,
    "_ema10": 59.70338285,
    "_ema20": 60.1984692,
    "_ema30": 60.33678241,
    "_ema50": 60.08775736,
    "_ema100": 58.9653843,
    "_ema200": 57.22920346,
    "_psar": 61.85781809,
    "_wr": -53.07971014,
    "_mom": -2.38,
    "_mom1": -2.97,
    "stock_diff": 9.34,
    "rsi_diff": 3.72
}
