{
    "open": 100.9,
    "low": 100.76,
    "high": 101.24,
    "close": 101.12,
    "volume": 1519815,
    "change": 0.21803766,
    "_rsi": 49.71604513,
    "_rsi1": 47.92270493,
    "_stock_k": 48.1312187,
    "_stock_d": 42.90064536,
    "_stock_k1": 39.83416633,
    "_stock_d1": 42.37118167,
    "_macd_blue": 0.04237482,
    "_macd_orange": -0.09272988,
    "_cci20": -42.96085409,
    "_cci201": -75.39207169,
    "_ema10": 101.02679286,
    "_ema20": 101.22084989,
    "_ema30": 101.0733177,
    "_ema50": 100.22402728,
    "_ema100": 99.58080782,
    "_ema200": 103.45508831,
    "_psar": 99.71507069,
    "_wr": -36.71875,
    "_mom": -0.8,
    "_mom1": -0.59,
    "stock_diff": 5.23,
    "rsi_diff": 1.79
}
