{
    "open": 2857,
    "low": 2840,
    "high": 2959.7,
    "close": 2947.33,
    "volume": 3682514,
    "change": 3.88677011,
    "_rsi": 48.62070009,
    "_rsi1": 42.30616026,
    "_stock_k": 54.32722628,
    "_stock_d": 51.02913549,
    "_stock_k1": 52.43850993,
    "_stock_d1": 43.01303777,
    "_macd_blue": -58.49981645,
    "_macd_orange": -58.98165774,
    "_cci20": -39.26092598,
    "_cci201": -77.8407504,
    "_ema10": 2901.4118679,
    "_ema20": 2945.18164638,
    "_ema30": 2984.71167228,
    "_ema50": 3055.09103242,
    "_ema100": 3167.64669974,
    "_ema200": 3229.67238067,
    "_psar": 2702.26582912,
    "_wr": -33.92887079,
    "_mom": -75.51,
    "_mom1": -234.2,
    "stock_diff": 3.3,
    "rsi_diff": 6.31
}
