{
    "open": 10.93,
    "low": 10.89,
    "high": 11.45,
    "close": 11.4,
    "volume": 10679651,
    "change": 4.68319559,
    "_rsi": 61.14151453,
    "_rsi1": 50.75508213,
    "_stock_k": 72.90723982,
    "_stock_d": 67.62640954,
    "_stock_k1": 64.00560224,
    "_stock_d1": 67.36694678,
    "_macd_blue": -0.08369032,
    "_macd_orange": 0.02278321,
    "_cci20": 173.66331476,
    "_cci201": 62.01763653,
    "_ema10": 10.94764996,
    "_ema20": 10.86179332,
    "_ema30": 10.92928985,
    "_ema50": 11.18386156,
    "_ema100": 11.68058037,
    "_ema200": 12.05693915,
    "_psar": 10.51446472,
    "_wr": -4.80769231,
    "_mom": 0.72,
    "_mom1": 0.3,
    "stock_diff": 5.28,
    "rsi_diff": 10.39
}
