{
    "open": 82.17,
    "low": 81.57,
    "high": 83.925,
    "close": 83.72,
    "volume": 1628757,
    "change": 2.73653209,
    "_rsi": 48.89398787,
    "_rsi1": 45.61471092,
    "_stock_k": 83.46987342,
    "_stock_d": 70.22897076,
    "_stock_k1": 69.1456322,
    "_stock_d1": 60.59607617,
    "_macd_blue": -4.31182928,
    "_macd_orange": -3.03228634,
    "_cci20": 24.82024183,
    "_cci201": -5.31730973,
    "_ema10": 81.10059281,
    "_ema20": 82.73205674,
    "_ema30": 85.21574081,
    "_ema50": 89.45243464,
    "_ema100": 95.77345326,
    "_ema200": 99.12663926,
    "_psar": 69.9564615,
    "_wr": -1.74621653,
    "_mom": 11.2,
    "_mom1": 7.23,
    "stock_diff": 13.24,
    "rsi_diff": 3.28
}
