{
    "open": 131.3,
    "low": 130.41,
    "high": 133.14,
    "close": 130.94,
    "volume": 2729888,
    "change": -0.8030303,
    "_rsi": 46.36165276,
    "_rsi1": 47.62910894,
    "_stock_k": 66.5763519,
    "_stock_d": 60.76357342,
    "_stock_k1": 60.105214,
    "_stock_d1": 55.86039289,
    "_macd_blue": -3.19811911,
    "_macd_orange": -2.55344814,
    "_cci20": -8.75328395,
    "_cci201": 2.51095806,
    "_ema10": 130.6955587,
    "_ema20": 132.33575376,
    "_ema30": 134.13808795,
    "_ema50": 136.81094459,
    "_ema100": 140.20202698,
    "_ema200": 139.9950842,
    "_psar": 120.51552006,
    "_wr": -20.44302108,
    "_mom": 2.38,
    "_mom1": 9.29,
    "stock_diff": 5.81,
    "rsi_diff": -1.27
}
