{
    "open": 404.73,
    "low": 398.5543,
    "high": 408.885,
    "close": 408.45,
    "volume": 191707,
    "change": 1.31716029,
    "_rsi": 58.29261881,
    "_rsi1": 56.08416797,
    "_stock_k": 82.72405007,
    "_stock_d": 86.40744433,
    "_stock_k1": 85.05040434,
    "_stock_d1": 90.28310263,
    "_macd_blue": 1.75916822,
    "_macd_orange": 5.91701018,
    "_cci20": 88.5408494,
    "_cci201": 97.75291994,
    "_ema10": 400.19262545,
    "_ema20": 393.47343193,
    "_ema30": 392.1151472,
    "_ema50": 394.73823644,
    "_ema100": 401.04746525,
    "_ema200": 391.74588864,
    "_psar": 373.80474329,
    "_wr": -17.1153207,
    "_mom": 36.98,
    "_mom1": 30.74,
    "stock_diff": -3.68,
    "rsi_diff": 2.21
}
