{
    "open": 165.94,
    "low": 164.56,
    "high": 168.035,
    "close": 166.82,
    "volume": 704125,
    "change": 1.34872418,
    "_rsi": 41.67825617,
    "_rsi1": 38.14569778,
    "_stock_k": 62.5764526,
    "_stock_d": 71.46706316,
    "_stock_k1": 70.47435686,
    "_stock_d1": 76.2505193,
    "_macd_blue": -5.30185008,
    "_macd_orange": -4.07792336,
    "_cci20": -34.25054393,
    "_cci201": -42.49886208,
    "_ema10": 168.1422002,
    "_ema20": 170.36650787,
    "_ema30": 173.94296269,
    "_ema50": 180.9044341,
    "_ema100": 191.6321481,
    "_ema200": 195.58411455,
    "_psar": 173.95,
    "_wr": -40.88302752,
    "_mom": 3.17,
    "_mom1": -1.2,
    "stock_diff": -8.89,
    "rsi_diff": 3.53
}
