{
    "open": 213.35,
    "low": 210.44,
    "high": 213.7399,
    "close": 210.64,
    "volume": 1856918,
    "change": -1.40423142,
    "_rsi": 57.99136564,
    "_rsi1": 63.9554828,
    "_stock_k": 82.79996167,
    "_stock_d": 90.08727802,
    "_stock_k1": 91.30034573,
    "_stock_d1": 95.15769507,
    "_macd_blue": 1.96440694,
    "_macd_orange": 2.75812236,
    "_cci20": 106.32421465,
    "_cci201": 178.84106241,
    "_ema10": 209.38705705,
    "_ema20": 207.00798285,
    "_ema30": 205.42183877,
    "_ema50": 202.76114035,
    "_ema100": 197.10434607,
    "_ema200": 187.58852502,
    "_psar": 201.2323941,
    "_wr": -29.66390648,
    "_mom": 6.7,
    "_mom1": 15.99,
    "stock_diff": -7.29,
    "rsi_diff": -5.96
}
