{
    "open": 34.71,
    "low": 32.58,
    "high": 34.97,
    "close": 33.645,
    "volume": 10768965,
    "change": -3.51304847,
    "_rsi": 57.33239192,
    "_rsi1": 62.85650334,
    "_stock_k": 69.65871903,
    "_stock_d": 81.42004432,
    "_stock_k1": 82.11002026,
    "_stock_d1": 86.76257455,
    "_macd_blue": 1.8673216,
    "_macd_orange": 2.08235031,
    "_cci20": 43.32714453,
    "_cci201": 83.8921332,
    "_ema10": 34.3098178,
    "_ema20": 32.63820714,
    "_ema30": 31.42154704,
    "_ema50": 29.81232525,
    "_ema100": 27.70893871,
    "_ema200": 25.66641132,
    "_psar": 38.41,
    "_wr": -44.55352969,
    "_mom": 3.255,
    "_mom1": 6.53,
    "stock_diff": -11.76,
    "rsi_diff": -5.52
}
