{
    "open": 91.17,
    "low": 90.65,
    "high": 91.905,
    "close": 91.19,
    "volume": 2768209,
    "change": 0.2528584,
    "_rsi": 57.97362716,
    "_rsi1": 57.34330346,
    "_stock_k": 77.70540212,
    "_stock_d": 84.74715083,
    "_stock_k1": 83.06956059,
    "_stock_d1": 90.3975722,
    "_macd_blue": 0.90578306,
    "_macd_orange": 1.24237916,
    "_cci20": 106.17659099,
    "_cci201": 137.51315959,
    "_ema10": 90.46252823,
    "_ema20": 89.37611528,
    "_ema30": 88.70573699,
    "_ema50": 87.6548014,
    "_ema100": 85.24403693,
    "_ema200": 81.73058014,
    "_psar": 87.78735133,
    "_wr": -29.67691506,
    "_mom": 3.53,
    "_mom1": 3,
    "stock_diff": -7.04,
    "rsi_diff": 0.63
}
