{
    "open": 190.5,
    "low": 190.06,
    "high": 194.35,
    "close": 191.33,
    "volume": 3006160,
    "change": 1.18462108,
    "_rsi": 60.31578015,
    "_rsi1": 58.57684012,
    "_stock_k": 91.69177216,
    "_stock_d": 85.4825358,
    "_stock_k1": 87.39588999,
    "_stock_d1": 76.47546421,
    "_macd_blue": -0.94300731,
    "_macd_orange": 1.15511036,
    "_cci20": 96.40796783,
    "_cci201": 75.42125779,
    "_ema10": 183.00839993,
    "_ema20": 181.41948864,
    "_ema30": 180.94251372,
    "_ema50": 179.47470914,
    "_ema100": 175.91149393,
    "_ema200": 168.41773904,
    "_psar": 167.19548404,
    "_wr": -7.81775822,
    "_mom": 31.28,
    "_mom1": 29.96,
    "stock_diff": 6.21,
    "rsi_diff": 1.74
}
