{
    "open": 21.24,
    "low": 21.01,
    "high": 21.35,
    "close": 21.17,
    "volume": 3698333,
    "change": 0.42694497,
    "_rsi": 54.6796398,
    "_rsi1": 53.86607493,
    "_stock_k": 71.55172414,
    "_stock_d": 78.3428654,
    "_stock_k1": 77.6483082,
    "_stock_d1": 82.86324357,
    "_macd_blue": 0.20602881,
    "_macd_orange": 0.25952425,
    "_cci20": 82.30163608,
    "_cci201": 108.8752383,
    "_ema10": 21.05473384,
    "_ema20": 20.84605751,
    "_ema30": 20.67420452,
    "_ema50": 20.31053032,
    "_ema100": 19.52213595,
    "_ema200": 18.45616838,
    "_psar": 20.08509515,
    "_wr": -34.9137931,
    "_mom": 0.7,
    "_mom1": 0.69,
    "stock_diff": -6.79,
    "rsi_diff": 0.81
}
