{
    "open": 260.78,
    "low": 255.96,
    "high": 261.72,
    "close": 260.08,
    "volume": 1560523,
    "change": -0.19953952,
    "_rsi": 52.99715633,
    "_rsi1": 53.72201279,
    "_stock_k": 24.20127264,
    "_stock_d": 25.88843371,
    "_stock_k1": 23.10715221,
    "_stock_d1": 31.25940649,
    "_macd_blue": 4.19677228,
    "_macd_orange": 3.11929508,
    "_cci20": -46.61597161,
    "_cci201": -3.7824118,
    "_ema10": 261.44998514,
    "_ema20": 259.61416775,
    "_ema30": 257.27922639,
    "_ema50": 254.04068316,
    "_ema100": 249.30523443,
    "_ema200": 237.60436756,
    "_psar": 272.26,
    "_wr": -74.72392638,
    "_mom": -6.92,
    "_mom1": -6.5,
    "stock_diff": -1.69,
    "rsi_diff": -0.72
}
