{
    "open": 222.68,
    "low": 220.61,
    "high": 225.45,
    "close": 225.12,
    "volume": 2006640,
    "change": 1.64807875,
    "_rsi": 51.63767266,
    "_rsi1": 48.81836419,
    "_stock_k": 83.45126433,
    "_stock_d": 80.35031905,
    "_stock_k1": 80.20404805,
    "_stock_d1": 78.84738449,
    "_macd_blue": -3.67793256,
    "_macd_orange": -1.56836892,
    "_cci20": 86.21123603,
    "_cci201": 83.31406574,
    "_ema10": 221.65513345,
    "_ema20": 221.60143547,
    "_ema30": 223.86307523,
    "_ema50": 228.64683392,
    "_ema100": 236.87405617,
    "_ema200": 245.27684102,
    "_psar": 205.08003877,
    "_wr": -14.13526411,
    "_mom": 5.84,
    "_mom1": 4.75,
    "stock_diff": 3.1,
    "rsi_diff": 2.82
}
