{
    "open": 110.5,
    "low": 109.89,
    "high": 111.32,
    "close": 110.09,
    "volume": 429224,
    "change": -0.58696045,
    "_rsi": 58.46148466,
    "_rsi1": 60.76671059,
    "_stock_k": 66.17097602,
    "_stock_d": 73.44584023,
    "_stock_k1": 74.29782151,
    "_stock_d1": 79.49804333,
    "_macd_blue": 3.29373949,
    "_macd_orange": 3.15162414,
    "_cci20": 32.23977964,
    "_cci201": 41.25532199,
    "_ema10": 111.16336097,
    "_ema20": 108.79980779,
    "_ema30": 106.89333136,
    "_ema50": 104.43526241,
    "_ema100": 100.26589546,
    "_ema200": 93.4113072,
    "_psar": 116.48528,
    "_wr": -39.23099162,
    "_mom": -1.99,
    "_mom1": -0.01,
    "stock_diff": -7.27,
    "rsi_diff": -2.31
}
