{
    "open": 136.75,
    "low": 136.7,
    "high": 138.82,
    "close": 138.75,
    "volume": 1653283,
    "change": 1.2404232,
    "_rsi": 73.92032015,
    "_rsi1": 71.94712174,
    "_stock_k": 96.92382621,
    "_stock_d": 96.8689538,
    "_stock_k1": 96.14794833,
    "_stock_d1": 97.34962126,
    "_macd_blue": 2.2716078,
    "_macd_orange": 3.66631049,
    "_cci20": 165.1764609,
    "_cci201": 188.480846,
    "_ema10": 132.75398271,
    "_ema20": 129.38794402,
    "_ema30": 127.53854084,
    "_ema50": 125.35799473,
    "_ema100": 123.62584905,
    "_ema200": 122.43754693,
    "_psar": 127.05225009,
    "_wr": -0.40299367,
    "_mom": 15.84,
    "_mom1": 14.63,
    "stock_diff": 0.05,
    "rsi_diff": 1.97
}
