{
    "open": 77.375,
    "low": 76.86,
    "high": 78,
    "close": 77.68,
    "volume": 7617417,
    "change": 0.79148826,
    "_rsi": 35.67386589,
    "_rsi1": 32.45499354,
    "_stock_k": 9.87978219,
    "_stock_d": 15.32708108,
    "_stock_k1": 14.4602395,
    "_stock_d1": 20.8272361,
    "_macd_blue": -1.69123905,
    "_macd_orange": -1.88666965,
    "_cci20": -78.3614628,
    "_cci201": -88.50982963,
    "_ema10": 78.77186126,
    "_ema20": 80.30116925,
    "_ema30": 81.34841922,
    "_ema50": 82.31410621,
    "_ema100": 82.49380867,
    "_ema200": 82.03106494,
    "_psar": 81.07366349,
    "_wr": -88.7150838,
    "_mom": -1.3,
    "_mom1": -2.67,
    "stock_diff": -5.45,
    "rsi_diff": 3.22
}
