{
    "open": 55.87,
    "low": 55.38,
    "high": 56.23,
    "close": 56.01,
    "volume": 1809164,
    "change": -0.12482168,
    "_rsi": 56.19309919,
    "_rsi1": 56.72683704,
    "_stock_k": 84.30438852,
    "_stock_d": 89.01228175,
    "_stock_k1": 88.9716419,
    "_stock_d1": 91.30024649,
    "_macd_blue": -0.29355737,
    "_macd_orange": 0.11065022,
    "_cci20": 118.20395668,
    "_cci201": 151.62422708,
    "_ema10": 55.36963174,
    "_ema20": 55.04382882,
    "_ema30": 55.24054617,
    "_ema50": 55.85729864,
    "_ema100": 56.02036806,
    "_ema200": 53.78578358,
    "_psar": 54.5490584,
    "_wr": -17.95954376,
    "_mom": 1.64,
    "_mom1": 2.43,
    "stock_diff": -4.71,
    "rsi_diff": -0.53
}
