{
    "open": 23.56,
    "low": 23.375,
    "high": 24.25,
    "close": 24.24,
    "volume": 6925098,
    "change": 3.58974359,
    "_rsi": 67.15563764,
    "_rsi1": 60.98485622,
    "_stock_k": 90.52598022,
    "_stock_d": 89.94251307,
    "_stock_k1": 86.94596236,
    "_stock_d1": 90.81588284,
    "_macd_blue": 0.2590274,
    "_macd_orange": 0.50679829,
    "_cci20": 135.09999005,
    "_cci201": 117.19381111,
    "_ema10": 23.21069594,
    "_ema20": 22.69451401,
    "_ema30": 22.5172859,
    "_ema50": 22.54518787,
    "_ema100": 22.97470746,
    "_ema200": 23.39998644,
    "_psar": 23.05360814,
    "_wr": -0.37105751,
    "_mom": 1.89,
    "_mom1": 1.44,
    "stock_diff": 0.58,
    "rsi_diff": 6.17
}
