{
    "open": 57.62,
    "low": 56.79,
    "high": 57.72,
    "close": 57.07,
    "volume": 3257964,
    "change": -1.17748918,
    "_rsi": 62.95297528,
    "_rsi1": 68.86051508,
    "_stock_k": 86.71725955,
    "_stock_d": 92.13107865,
    "_stock_k1": 93.23952188,
    "_stock_d1": 95.05872557,
    "_macd_blue": 0.3903531,
    "_macd_orange": 0.92145672,
    "_cci20": 104.33854396,
    "_cci201": 125.92192363,
    "_ema10": 56.38024194,
    "_ema20": 55.36175034,
    "_ema30": 55.15721768,
    "_ema50": 55.54124235,
    "_ema100": 56.16260794,
    "_ema200": 55.27987938,
    "_psar": 56.366321,
    "_wr": -22.02166065,
    "_mom": 2.31,
    "_mom1": 3.59,
    "stock_diff": -5.41,
    "rsi_diff": -5.91
}
