{
    "open": 131,
    "low": 128.52,
    "high": 134.38,
    "close": 132.4,
    "volume": 2180622,
    "change": 1.11501451,
    "_rsi": 48.39848212,
    "_rsi1": 46.36165276,
    "_stock_k": 76.4722158,
    "_stock_d": 67.71792723,
    "_stock_k1": 66.5763519,
    "_stock_d1": 60.76357342,
    "_macd_blue": -3.00745969,
    "_macd_orange": -2.24482201,
    "_cci20": -0.6187697,
    "_cci201": -8.75328395,
    "_ema10": 131.00545712,
    "_ema20": 132.34187245,
    "_ema30": 134.02595325,
    "_ema50": 136.63796637,
    "_ema100": 140.0475314,
    "_ema200": 139.91951122,
    "_psar": 121.65587846,
    "_wr": -12.6501201,
    "_mom": 2.03,
    "_mom1": 2.38,
    "stock_diff": 8.75,
    "rsi_diff": 2.04
}
