{
    "open": 35.65,
    "low": 35.1,
    "high": 36,
    "close": 35.1,
    "volume": 17024,
    "change": -1.2935883,
    "_rsi": 47.03192609,
    "_rsi1": 49.53628119,
    "_stock_k": 72.1166145,
    "_stock_d": 66.82479223,
    "_stock_k1": 70.82097774,
    "_stock_d1": 58.05575912,
    "_macd_blue": -0.76915331,
    "_macd_orange": -0.56609879,
    "_cci20": 17.71074638,
    "_cci201": 7.99634797,
    "_ema10": 34.96581057,
    "_ema20": 35.30669947,
    "_ema30": 35.71301978,
    "_ema50": 36.21570873,
    "_ema100": 36.433709,
    "_ema200": 35.41154398,
    "_psar": 33.0946319,
    "_wr": -29.89949749,
    "_mom": 2.59,
    "_mom1": 1.16,
    "stock_diff": 5.29,
    "rsi_diff": -2.5
}
