{
    "open": 71.62,
    "low": 71.51,
    "high": 72.65,
    "close": 72.11,
    "change": -0.29037611,
    "_rsi": 49.72268718,
    "_rsi1": 50.5248586,
    "_stock_k": 53.32261522,
    "_stock_d": 54.35869954,
    "_stock_k1": 52.35798499,
    "_stock_d1": 62.55805645,
    "_macd_blue": -0.02146086,
    "_macd_orange": 0.07169103,
    "_cci20": -16.1301119,
    "_cci201": -29.43625905,
    "_ema10": 72.13952448,
    "_ema20": 72.22852637,
    "_ema30": 72.1288455,
    "_ema50": 71.53777773,
    "_ema100": 69.70195903,
    "_ema200": 66.56892959
}
