{
    "open": 56.61,
    "low": 56.2,
    "high": 56.635,
    "close": 56.42,
    "volume": 16765648,
    "change": 0.1242236,
    "_rsi": 39.97772577,
    "_rsi1": 39.59780097,
    "_stock_k": 62.24496358,
    "_stock_d": 60.98321467,
    "_stock_k1": 60.12547055,
    "_stock_d1": 58.35904818,
    "_macd_blue": -1.9283764,
    "_macd_orange": -1.56397932,
    "_cci20": -21.12885541,
    "_cci201": -18.17259352,
    "_ema10": 56.68886689,
    "_ema20": 57.68622215,
    "_ema30": 58.8035951,
    "_ema50": 60.41612026,
    "_ema100": 62.84585915,
    "_ema200": 64.70525048,
    "_psar": 54.94503568,
    "_wr": -41.40271493,
    "_mom": 1.54,
    "_mom1": 0.4,
    "stock_diff": 1.26,
    "rsi_diff": 0.38
}
