{
    "open": 159.95,
    "low": 158.99,
    "high": 160.95,
    "close": 159.865,
    "volume": 3654315,
    "change": 0.41771357,
    "_rsi": 78.97009227,
    "_rsi1": 78.20627096,
    "_stock_k": 96.8645662,
    "_stock_d": 96.70415945,
    "_stock_k1": 97.0227579,
    "_stock_d1": 95.49077183,
    "_macd_blue": 3.51214852,
    "_macd_orange": 4.25676613,
    "_cci20": 180.60308431,
    "_cci201": 200.13112838,
    "_ema10": 154.9789077,
    "_ema20": 151.55427019,
    "_ema30": 148.90199543,
    "_ema50": 144.39344004,
    "_ema100": 136.11931301,
    "_ema200": 126.67188559,
    "_psar": 151.48534538,
    "_wr": -7.43660041,
    "_mom": 10.415,
    "_mom1": 8.64,
    "stock_diff": 0.16,
    "rsi_diff": 0.76
}
