{
    "open": 52.02,
    "low": 51.74,
    "high": 52.89,
    "close": 52.49,
    "volume": 1707543,
    "change": 0.65196548,
    "_rsi": 66.56323957,
    "_rsi1": 65.46686656,
    "_stock_k": 87.60881562,
    "_stock_d": 74.35267353,
    "_stock_k1": 76.13545982,
    "_stock_d1": 61.84780155,
    "_macd_blue": 1.08546216,
    "_macd_orange": 1.20507486,
    "_cci20": 124.14788386,
    "_cci201": 91.79891988,
    "_ema10": 50.67098686,
    "_ema20": 49.71462271,
    "_ema30": 49.01739983,
    "_ema50": 48.27126189,
    "_ema100": 47.37596005,
    "_ema200": 45.35853513,
    "_psar": 47.333788,
    "_wr": -7.06788706,
    "_mom": 1.1,
    "_mom1": 1.06,
    "stock_diff": 13.26,
    "rsi_diff": 1.1
}
