{
    "open": 57.12,
    "low": 56,
    "high": 57.5,
    "close": 56.35,
    "volume": 23070124,
    "change": -2,
    "_rsi": 39.59780097,
    "_rsi1": 43.83006155,
    "_stock_k": 60.12547055,
    "_stock_d": 58.35904818,
    "_stock_k1": 60.57920989,
    "_stock_d1": 54.2794517,
    "_macd_blue": -2.01947567,
    "_macd_orange": -1.64852768,
    "_cci20": -18.17259352,
    "_cci201": 10.95097262,
    "_ema10": 56.74861508,
    "_ema20": 57.8195087,
    "_ema30": 58.96798097,
    "_ema50": 60.57922721,
    "_ema100": 62.97567448,
    "_ema200": 64.78851933,
    "_psar": 54.65764748,
    "_wr": -42.98642534,
    "_mom": 0.4,
    "_mom1": 2.63,
    "stock_diff": 1.77,
    "rsi_diff": -4.23
}
