{
    "open": 32.86,
    "low": 32.74,
    "high": 33.045,
    "close": 32.93,
    "volume": 5431825,
    "change": 0.67257719,
    "_rsi": 63.44817406,
    "_rsi1": 61.91994252,
    "_stock_k": 55.25227461,
    "_stock_d": 49.4347946,
    "_stock_k1": 51.69561621,
    "_stock_d1": 43.17617866,
    "_macd_blue": 0.52171625,
    "_macd_orange": 0.51079801,
    "_cci20": 76.9469102,
    "_cci201": 60.13711569,
    "_ema10": 32.1787367,
    "_ema20": 31.83049264,
    "_ema30": 31.44365173,
    "_ema50": 30.72273966,
    "_ema100": 29.46214249,
    "_ema200": 27.86013602,
    "_psar": 30.36,
    "_wr": -36.22828784,
    "_mom": 0.44,
    "_mom1": 0.21,
    "stock_diff": 5.82,
    "rsi_diff": 1.53
}
