{
    "open": 52.41,
    "low": 52.3,
    "high": 54.2,
    "close": 53.39,
    "volume": 28612646,
    "change": 4.39968713,
    "_rsi": 55.55443371,
    "_rsi1": 47.68525477,
    "_stock_k": 82.2714847,
    "_stock_d": 77.81687617,
    "_stock_k1": 77.08638934,
    "_stock_d1": 71.74162695,
    "_macd_blue": -1.15319243,
    "_macd_orange": -0.66733609,
    "_cci20": 99.82960433,
    "_cci201": 11.27291543,
    "_ema10": 51.1605854,
    "_ema20": 51.47875452,
    "_ema30": 51.97087336,
    "_ema50": 52.29670914,
    "_ema100": 51.55729735,
    "_ema200": 48.87098006,
    "_psar": 47.40391273,
    "_wr": -9.60854093,
    "_mom": 6.93,
    "_mom1": 5.33,
    "stock_diff": 4.45,
    "rsi_diff": 7.87
}
