{
    "open": 84.78,
    "low": 82.41,
    "high": 85.5,
    "close": 82.46,
    "volume": 5499665,
    "change": -5.83533173,
    "_rsi": 45.37764701,
    "_rsi1": 61.26012606,
    "_stock_k": 58.50527281,
    "_stock_d": 77.16906157,
    "_stock_k1": 84.14020271,
    "_stock_d1": 89.21169989,
    "_macd_blue": 1.17891302,
    "_macd_orange": 1.09706701,
    "_cci20": -36.3370984,
    "_cci201": 126.0566912,
    "_ema10": 85.46326425,
    "_ema20": 84.68787605,
    "_ema30": 83.93231424,
    "_ema50": 82.5303883,
    "_ema100": 79.35666929,
    "_ema200": 75.0825118,
    "_psar": 88.61,
    "_wr": -84.59422283,
    "_mom": -0.39,
    "_mom1": 6,
    "stock_diff": -18.66,
    "rsi_diff": -15.88
}
