{
    "open": 73.29,
    "low": 73.27,
    "high": 74.05,
    "close": 73.83,
    "volume": 443966,
    "change": 0.57212914,
    "_rsi": 76.74423401,
    "_rsi1": 75.13055259,
    "_stock_k": 91.53281816,
    "_stock_d": 88.61709801,
    "_stock_k1": 87.72259712,
    "_stock_d1": 87.99487542,
    "_macd_blue": 1.15458497,
    "_macd_orange": 1.45753865,
    "_cci20": 103.5692396,
    "_cci201": 106.41124469,
    "_ema10": 72.4432442,
    "_ema20": 71.20901676,
    "_ema30": 70.401661,
    "_ema50": 69.33018941,
    "_ema100": 67.71147779,
    "_ema200": 65.56676703,
    "_psar": 70.27535784,
    "_wr": -3.57723577,
    "_mom": 3.6,
    "_mom1": 4.11,
    "stock_diff": 2.92,
    "rsi_diff": 1.61,
    "_ao": 3.55658824,
    "_ao1": 3.66594118,
    "_ao2": 3.68614706
}
