{
    "open": 79.4,
    "low": 77.18,
    "high": 79.5635,
    "close": 77.57,
    "volume": 2108534,
    "change": -2.47674126,
    "_rsi": 32.91614034,
    "_rsi1": 35.80574623,
    "_stock_k": 13.04881243,
    "_stock_d": 28.98296968,
    "_stock_k1": 23.95273926,
    "_stock_d1": 46.29406603,
    "_macd_blue": -2.08597522,
    "_macd_orange": -2.30762724,
    "_cci20": -235.64908124,
    "_cci201": -206.38480338,
    "_ema10": 82.46324131,
    "_ema20": 84.16474547,
    "_ema30": 85.80505405,
    "_ema50": 88.71041649,
    "_ema100": 92.75091925,
    "_ema200": 94.35809966,
    "_psar": 87.2732,
    "_wr": -96.19883041,
    "_mom": -6.72,
    "_mom1": -5.43,
    "stock_diff": -15.93,
    "rsi_diff": -2.89
}
