{
    "open": 26.4,
    "low": 26.0945,
    "high": 26.9683,
    "close": 26.25,
    "volume": 5673199,
    "change": -0.37950664,
    "_rsi": 52.66230142,
    "_rsi1": 53.09831192,
    "_stock_k": 70.56858385,
    "_stock_d": 73.80555138,
    "_stock_k1": 73.97397397,
    "_stock_d1": 79.74144621,
    "_macd_blue": 0.16618657,
    "_macd_orange": 0.34217432,
    "_cci20": 59.25218442,
    "_cci201": 46.58347486,
    "_ema10": 26.09757039,
    "_ema20": 25.7375157,
    "_ema30": 25.63315161,
    "_ema50": 25.67222624,
    "_ema100": 25.46200322,
    "_ema200": 23.65325302,
    "_psar": 24.05902551,
    "_wr": -27.63358779,
    "_mom": 2.61,
    "_mom1": 1.59,
    "stock_diff": -3.24,
    "rsi_diff": -0.44
}
