{
    "open": 231.14,
    "low": 229.69,
    "high": 232.41,
    "close": 232.37,
    "volume": 216719,
    "change": 1.00408589,
    "_rsi": 51.70602464,
    "_rsi1": 49.47725731,
    "_stock_k": 54.53359073,
    "_stock_d": 56.95035254,
    "_stock_k1": 55.6720113,
    "_stock_d1": 57.70661296,
    "_macd_blue": -0.2922409,
    "_macd_orange": 0.15121781,
    "_cci20": -6.86492126,
    "_cci201": -2.98520762,
    "_ema10": 230.99349896,
    "_ema20": 230.72216851,
    "_ema30": 230.71082591,
    "_ema50": 230.58965993,
    "_ema100": 228.63683549,
    "_ema200": 221.31152981,
    "_psar": 218.85187392,
    "_wr": -45.2900479,
    "_mom": 10.37,
    "_mom1": 1.41,
    "stock_diff": -2.42,
    "rsi_diff": 2.23
}
