{
    "open": 218.05,
    "low": 216.33,
    "high": 219.93,
    "close": 218.61,
    "volume": 2463991,
    "change": 0.72336896,
    "_rsi": 53.02233011,
    "_rsi1": 51.55236887,
    "_stock_k": 53.19722104,
    "_stock_d": 59.18195481,
    "_stock_k1": 58.33452656,
    "_stock_d1": 67.56340918,
    "_macd_blue": 1.38826869,
    "_macd_orange": 1.91681197,
    "_cci20": 17.93945182,
    "_cci201": 16.1269147,
    "_ema10": 218.09555072,
    "_ema20": 216.20809172,
    "_ema30": 215.68511076,
    "_ema50": 217.26956347,
    "_ema100": 223.04307017,
    "_ema200": 223.51571726,
    "_psar": 213.47090312,
    "_wr": -41.89706508,
    "_mom": 11.64,
    "_mom1": 2.26,
    "stock_diff": -5.98,
    "rsi_diff": 1.47
}
