{
    "open": 119.8,
    "low": 116.18,
    "high": 120.8,
    "close": 116.51,
    "volume": 1289620,
    "change": -3.7107438,
    "_rsi": 49.01827479,
    "_rsi1": 54.55202342,
    "_stock_k": 77.80058149,
    "_stock_d": 86.70453982,
    "_stock_k1": 88.81477681,
    "_stock_d1": 91.19231401,
    "_macd_blue": -2.54085612,
    "_macd_orange": -0.72155488,
    "_cci20": 56.91299759,
    "_cci201": 120.62801422,
    "_ema10": 116.80031563,
    "_ema20": 116.20784093,
    "_ema30": 117.97743888,
    "_ema50": 122.6473932,
    "_ema100": 128.29029251,
    "_ema200": 127.93077117,
    "_psar": 106.85562708,
    "_wr": -37.45510518,
    "_mom": 4.76,
    "_mom1": 13.45,
    "stock_diff": -8.9,
    "rsi_diff": -5.53
}
