{
    "open": 36.05,
    "low": 36.05,
    "high": 38.41,
    "close": 37.64,
    "volume": 15390565,
    "change": 2.44964616,
    "_rsi": 78.45967821,
    "_rsi1": 76.81973244,
    "_stock_k": 85.68630971,
    "_stock_d": 80.85201364,
    "_stock_k1": 80.4091979,
    "_stock_d1": 81.4121293,
    "_macd_blue": 1.52809287,
    "_macd_orange": 2.24331474,
    "_cci20": 179.92677475,
    "_cci201": 178.29738317,
    "_ema10": 33.7849897,
    "_ema20": 31.79205807,
    "_ema30": 30.60875795,
    "_ema50": 29.13543887,
    "_ema100": 27.24923941,
    "_ema200": 25.37747219,
    "_psar": 31.00430695,
    "_wr": -7.19962599,
    "stock_diff": 4.83,
    "rsi_diff": 1.64
}
