{
    "open": 169.7,
    "low": 164.51,
    "high": 169.725,
    "close": 164.6,
    "volume": 734399,
    "change": -3.65817969,
    "_rsi": 38.14569778,
    "_rsi1": 45.32218758,
    "_stock_k": 70.47435686,
    "_stock_d": 76.2505193,
    "_stock_k1": 81.35038002,
    "_stock_d1": 75.53139034,
    "_macd_blue": -5.60783175,
    "_macd_orange": -4.24517805,
    "_cci20": -42.49886208,
    "_cci201": 41.50839729,
    "_ema10": 168.43602247,
    "_ema20": 170.73982449,
    "_ema30": 174.4342015,
    "_ema50": 181.47930896,
    "_ema100": 192.13340361,
    "_ema200": 195.87320113,
    "_psar": 163.69018051,
    "_wr": -53.61238532,
    "_mom": -1.2,
    "_mom1": 11.93,
    "stock_diff": -5.78,
    "rsi_diff": -7.18
}
