{
    "open": 145.4,
    "low": 144.1,
    "high": 146.16,
    "close": 144.7,
    "change": -0.16558576,
    "_rsi": 31.90362154,
    "_rsi1": 32.17831869,
    "_stock_k": 8.48395119,
    "_stock_d": 9.57293689,
    "_stock_k1": 7.47190238,
    "_stock_d1": 14.16535423,
    "_macd_blue": -2.05627558,
    "_macd_orange": -3.18412411,
    "_cci20": -191.04170075,
    "_cci201": -216.11363777,
    "_ema10": 150.06781802,
    "_ema20": 152.99789621,
    "_ema30": 154.49195729,
    "_ema50": 155.33564607,
    "_ema100": 153.48609596,
    "_ema200": 148.61053481,
    "_psar": 153.03701194,
    "_wrr": -95.51357733,
    "stock_diff": -1.09,
    "rsi_diff": -0.27
}
