{
    "open": 97.54,
    "low": 96.01,
    "high": 97.74,
    "close": 96.54,
    "volume": 55001,
    "change": -1.02522042,
    "_rsi": 56.14369615,
    "_rsi1": 60.12153296,
    "_stock_k": 91.63989693,
    "_stock_d": 88.34726377,
    "_stock_k1": 92.78375779,
    "_stock_d1": 80.28390769,
    "_macd_blue": -0.45896612,
    "_macd_orange": 0.21050996,
    "_cci20": 147.60024568,
    "_cci201": 194.21605385,
    "_ema10": 95.21083556,
    "_ema20": 94.70018322,
    "_ema30": 94.9116021,
    "_ema50": 95.62692476,
    "_ema100": 95.81725355,
    "_ema200": 92.87744389,
    "_psar": 91.72737489,
    "_wr": -18.7032419,
    "_mom": 3.97,
    "_mom1": 3.3,
    "stock_diff": 3.29,
    "rsi_diff": -3.98
}
