{
    "open": 48.77,
    "low": 48.64,
    "high": 50,
    "close": 49.78,
    "volume": 3414635,
    "change": 1.94552529,
    "_rsi": 47.21379924,
    "_rsi1": 44.2155773,
    "_stock_k": 62.96670784,
    "_stock_d": 56.14269599,
    "_stock_k1": 51.44142141,
    "_stock_d1": 51.27192108,
    "_macd_blue": -1.88548502,
    "_macd_orange": -1.35817772,
    "_cci20": 0.98563542,
    "_cci201": -19.54321163,
    "_ema10": 49.15649745,
    "_ema20": 49.85527993,
    "_ema30": 51.08917878,
    "_ema50": 53.7506195,
    "_ema100": 57.89475127,
    "_ema200": 58.01770872,
    "_psar": 45.670276,
    "_wr": -18.6440678,
    "_mom": 1.7,
    "_mom1": 1.14,
    "stock_diff": 6.82,
    "rsi_diff": 3.0
}
