{
    "open": 71.68,
    "low": 71.68,
    "high": 72.83,
    "close": 72.71,
    "volume": 2009797,
    "change": 1.49357901,
    "_rsi": 61.11855806,
    "_rsi1": 57.79071365,
    "_stock_k": 86.32825883,
    "_stock_d": 83.9484813,
    "_stock_k1": 82.46284501,
    "_stock_d1": 85.3852477,
    "_macd_blue": 0.01570364,
    "_macd_orange": 0.58295874,
    "_cci20": 138.74460132,
    "_cci201": 111.7813534,
    "_ema10": 70.73779102,
    "_ema20": 70.02238027,
    "_ema30": 69.8911681,
    "_ema50": 69.90238237,
    "_ema100": 69.68208339,
    "_ema200": 67.59262436,
    "_psar": 67.9663342,
    "_wr": -1.52477764,
    "_mom": 5.76,
    "_mom1": 4.78,
    "stock_diff": 2.38,
    "rsi_diff": 3.33
}
