{
    "open": 38.05,
    "low": 37.47,
    "high": 38.61,
    "close": 38.6,
    "volume": 4203586,
    "change": 1.39217231,
    "_rsi": 46.03258621,
    "_rsi1": 41.99289347,
    "_stock_k": 22.49637042,
    "_stock_d": 19.59898048,
    "_stock_k1": 13.21473359,
    "_stock_d1": 26.61807257,
    "_macd_blue": -0.23473678,
    "_macd_orange": -0.3079819,
    "_cci20": -131.64694682,
    "_cci201": -182.99519487,
    "_ema10": 38.77393348,
    "_ema20": 39.0340557,
    "_ema30": 39.20245434,
    "_ema50": 39.30972255,
    "_ema100": 38.93071943,
    "_ema200": 37.69251411,
    "_psar": 40.23248672,
    "_wr": -62.70627063,
    "_mom": -1.02,
    "_mom1": -2.03,
    "stock_diff": 2.9,
    "rsi_diff": 4.04
}
