{
    "open": 173.88,
    "low": 172.75,
    "high": 175.28,
    "close": 174.72,
    "volume": 80262191,
    "change": 0.37341299,
    "_rsi": 63.33907943,
    "_rsi1": 62.70132145,
    "_stock_k": 95.56799909,
    "_stock_d": 93.31926157,
    "_stock_k1": 95.2741315,
    "_stock_d1": 89.45418781,
    "_macd_blue": -0.9275436,
    "_macd_orange": 1.22662885,
    "_cci20": 165.38398973,
    "_cci201": 170.12986705,
    "_ema10": 167.2637224,
    "_ema20": 165.3402915,
    "_ema30": 165.37059144,
    "_ema50": 165.69452071,
    "_ema100": 163.49706412,
    "_ema200": 155.47509466,
    "_psar": 154.20554304,
    "_wr": -2.22398729,
    "_mom": 19.99,
    "_mom1": 15.55,
    "stock_diff": 2.25,
    "rsi_diff": 0.64
}
