{
    "open": 43.34,
    "low": 41.27,
    "high": 43.34,
    "close": 41.52,
    "volume": 3249237,
    "change": -3.82209868,
    "_rsi": 41.09955925,
    "_rsi1": 44.90062345,
    "_stock_k": 41.23438533,
    "_stock_d": 39.07864829,
    "_stock_k1": 41.65153047,
    "_stock_d1": 38.22814711,
    "_macd_blue": -1.06726571,
    "_macd_orange": -1.20338262,
    "_cci20": -71.19104695,
    "_cci201": -60.44646998,
    "_ema10": 43.25795152,
    "_ema20": 44.23165874,
    "_ema30": 44.93700639,
    "_ema50": 46.31739636,
    "_ema100": 51.02072613,
    "_ema200": 58.81805294,
    "_psar": 46.44946594,
    "_wr": -62.94498382,
    "_mom": -1.15,
    "_mom1": -1.02,
    "stock_diff": 2.16,
    "rsi_diff": -3.8
}
