{
    "open": 128.33,
    "low": 127.8,
    "high": 129.37,
    "close": 129.25,
    "volume": 2967842,
    "change": 0.74045207,
    "_rsi": 56.3849597,
    "_rsi1": 53.4675691,
    "_stock_k": 87.66832034,
    "_stock_d": 86.66015103,
    "_stock_k1": 83.09849265,
    "_stock_d1": 87.68665574,
    "_macd_blue": -0.65604223,
    "_macd_orange": 0.05863923,
    "_cci20": 110.49630782,
    "_cci201": 111.32184471,
    "_ema10": 127.68414789,
    "_ema20": 127.2616747,
    "_ema30": 127.5579395,
    "_ema50": 128.06990598,
    "_ema100": 128.5584337,
    "_ema200": 128.64332753,
    "_psar": 125.89100417,
    "_wr": -6.94542877,
    "_mom": 4.9,
    "_mom1": 2.08,
    "stock_diff": 1.01,
    "rsi_diff": 2.92
}
