{
    "open": 300.51,
    "low": 297.7201,
    "high": 303.23,
    "close": 299.49,
    "volume": 25714698,
    "change": -1.50299283,
    "_rsi": 53.65626962,
    "_rsi1": 57.29395619,
    "_stock_k": 89.86277723,
    "_stock_d": 89.19570619,
    "_stock_k1": 92.39382519,
    "_stock_d1": 86.08519397,
    "_macd_blue": -2.43468035,
    "_macd_orange": 0.12003732,
    "_cci20": 91.83224468,
    "_cci201": 126.39001548,
    "_ema10": 295.27978768,
    "_ema20": 293.83399491,
    "_ema30": 295.11837544,
    "_ema50": 299.08613452,
    "_ema100": 303.19883024,
    "_ema200": 294.88446228,
    "_psar": 274.82829691,
    "_wr": -15.74285714,
    "_mom": 10.99,
    "_mom1": 28.21,
    "stock_diff": 0.67,
    "rsi_diff": -3.64
}
