{
    "open": 16.46,
    "low": 15.85,
    "high": 16.46,
    "close": 15.87,
    "volume": 68143,
    "change": -2.93577982,
    "_rsi": 47.92172597,
    "_rsi1": 51.24995426,
    "_stock_k": 68.56060606,
    "_stock_d": 74.68434343,
    "_stock_k1": 75.75757576,
    "_stock_d1": 79.95580808,
    "_macd_blue": -0.2451436,
    "_macd_orange": -0.08086162,
    "_cci20": 31.00361466,
    "_cci201": 65.24656565,
    "_ema10": 16.08997147,
    "_ema20": 16.04589401,
    "_ema30": 16.21976705,
    "_ema50": 16.71162553,
    "_ema100": 17.51201365,
    "_ema200": 17.6513316,
    "_psar": 14.41987069,
    "_wr": -40.34090909,
    "_mom": 0.08,
    "_mom1": -0.78,
    "stock_diff": -6.12,
    "rsi_diff": -3.33
}
