{
    "open": 33.39,
    "low": 33.08,
    "high": 33.605,
    "close": 33.33,
    "volume": 2949666,
    "change": -0.41828503,
    "_rsi": 56.73173844,
    "_rsi1": 58.5932636,
    "_stock_k": 85.718672,
    "_stock_d": 86.90760518,
    "_stock_k1": 87.31726386,
    "_stock_d1": 88.61109345,
    "_macd_blue": -0.08236528,
    "_macd_orange": 0.13262047,
    "_cci20": 100.26959371,
    "_cci201": 121.25946108,
    "_ema10": 32.98273161,
    "_ema20": 32.75168069,
    "_ema30": 32.81382523,
    "_ema50": 33.12735154,
    "_ema100": 33.6538325,
    "_ema200": 33.69027668,
    "_psar": 32.6842945,
    "_wr": -18.00947867,
    "_mom": 1.1,
    "_mom1": 1.34,
    "stock_diff": -1.19,
    "rsi_diff": -1.86
}
