{
    "open": 25.27,
    "low": 25.24,
    "high": 26.215,
    "close": 26.04,
    "volume": 22524419,
    "change": 1.99764982,
    "_rsi": 69.19975167,
    "_rsi1": 67.10204928,
    "_stock_k": 94.73834853,
    "_stock_d": 90.23194309,
    "_stock_k1": 88.71577147,
    "_stock_d1": 82.17253,
    "_macd_blue": 0.81416877,
    "_macd_orange": 1.02800903,
    "_cci20": 150.33943666,
    "_cci201": 157.82934591,
    "_ema10": 24.48265687,
    "_ema20": 23.65346737,
    "_ema30": 22.99853431,
    "_ema50": 21.85309872,
    "_ema100": 19.71123386,
    "_ema200": 16.98019973,
    "_psar": 21.72843782,
    "_wr": -3.24374421,
    "_mom": 2.87,
    "_mom1": 1.65,
    "stock_diff": 4.51,
    "rsi_diff": 2.1
}
