{
    "open": 187.76,
    "low": 186.93,
    "high": 191.7,
    "close": 188.95,
    "volume": 6233736,
    "change": -0.05289606,
    "_rsi": 48.3701995,
    "_rsi1": 48.45241679,
    "_stock_k": 79.19896641,
    "_stock_d": 74.71468509,
    "_stock_k1": 76.88022103,
    "_stock_d1": 70.86384253,
    "_macd_blue": -4.66837091,
    "_macd_orange": -3.04691542,
    "_cci20": 33.58354432,
    "_cci201": 10.97318949,
    "_ema10": 187.42118463,
    "_ema20": 188.88284542,
    "_ema30": 191.50816148,
    "_ema50": 195.76966179,
    "_ema100": 202.55218128,
    "_ema200": 209.55424308,
    "_psar": 175.42076971,
    "_wr": -17.17054264,
    "_mom": 12.72,
    "_mom1": 10.66,
    "stock_diff": 4.48,
    "rsi_diff": -0.08
}
