{
    "open": 79.49,
    "low": 77.9,
    "high": 80.22,
    "close": 78.23,
    "volume": 7088003,
    "change": -0.86174122,
    "_rsi": 66.68495556,
    "_rsi1": 69.18145135,
    "_stock_k": 71.79842728,
    "_stock_d": 66.80081918,
    "_stock_k1": 69.36361225,
    "_stock_d1": 61.65845715,
    "_macd_blue": 2.81159052,
    "_macd_orange": 2.84120973,
    "_cci20": 115.51316171,
    "_cci201": 107.89881441,
    "_ema10": 75.83185732,
    "_ema20": 73.750034,
    "_ema30": 71.85449063,
    "_ema50": 68.95053065,
    "_ema100": 65.1006553,
    "_ema200": 62.70641081,
    "_psar": 71.0702,
    "_wr": -25.6097561,
    "_mom": 0.95,
    "_mom1": 2.94,
    "stock_diff": 5.0,
    "rsi_diff": -2.5
}
