{
    "open": 3222.415,
    "low": 3191.06,
    "high": 3261.68,
    "close": 3218,
    "volume": 2511806,
    "change": -0.21736367,
    "_rsi": 60.56666122,
    "_rsi1": 60.99694573,
    "_stock_k": 96.76301884,
    "_stock_d": 93.34120986,
    "_stock_k1": 97.08080977,
    "_stock_d1": 83.22979392,
    "_macd_blue": -27.87525834,
    "_macd_orange": 16.74512771,
    "_cci20": 170.52359797,
    "_cci201": 168.94951538,
    "_ema10": 3052.73284921,
    "_ema20": 3019.0830915,
    "_ema30": 3027.38930318,
    "_ema50": 3071.37163924,
    "_ema100": 3167.35346934,
    "_ema200": 3227.0640325,
    "_psar": 2814.45015532,
    "_wr": -7.40050489,
    "_mom": 468.94,
    "_mom1": 312.19,
    "stock_diff": 3.42,
    "rsi_diff": -0.43
}
