{
    "open": 26.46,
    "low": 26,
    "high": 26.46,
    "close": 26,
    "volume": 3078,
    "change": -2.4756189,
    "_rsi": 45.60458798,
    "_rsi1": 58.15697629,
    "_stock_k": 76.57154558,
    "_stock_d": 88.64398759,
    "_stock_k1": 94.2050547,
    "_stock_d1": 94.23855762,
    "_macd_blue": -0.05712363,
    "_macd_orange": -0.00603273,
    "_cci20": 12.33048433,
    "_cci201": 151.10674954,
    "_ema10": 26.25618924,
    "_ema20": 26.24217124,
    "_ema30": 26.24723196,
    "_ema50": 26.13872574,
    "_ema100": 25.58979354,
    "_ema200": 24.35809247,
    "_psar": 25.61559535,
    "_wr": -54.60992908,
    "_mom": 0.05,
    "_mom1": 1.16,
    "stock_diff": -12.07,
    "rsi_diff": -12.55
}
