{
    "open": 210.21,
    "low": 206.33,
    "high": 210.9,
    "close": 207.65,
    "volume": 1718683,
    "change": -1.65758939,
    "_rsi": 65.99270391,
    "_rsi1": 71.86893482,
    "_stock_k": 90.9338761,
    "_stock_d": 95.27508213,
    "_stock_k1": 96.36026423,
    "_stock_d1": 98.05299374,
    "_macd_blue": 0.84944012,
    "_macd_orange": 4.25822514,
    "_cci20": 136.64952948,
    "_cci201": 188.97760362,
    "_ema10": 200.79080438,
    "_ema20": 195.78036841,
    "_ema30": 194.91456903,
    "_ema50": 196.6857989,
    "_ema100": 200.29263199,
    "_ema200": 199.07094798,
    "_psar": 193.09842156,
    "_wr": -17.7511055,
    "_mom": 20.38,
    "_mom1": 26.12,
    "stock_diff": -4.34,
    "rsi_diff": -5.88
}
