{
    "open": 47.28,
    "low": 46.31,
    "high": 47.6,
    "close": 46.74,
    "volume": 7986702,
    "change": -1.45477546,
    "_rsi": 42.80944245,
    "_rsi1": 47.71312865,
    "_stock_k": 43.87705057,
    "_stock_d": 54.75985118,
    "_stock_k1": 57.08100795,
    "_stock_d1": 61.56998703,
    "_macd_blue": -0.36674955,
    "_macd_orange": -0.27190654,
    "_cci20": -13.07325047,
    "_cci201": 42.69859103,
    "_ema10": 47.32575167,
    "_ema20": 47.44333554,
    "_ema30": 47.72801638,
    "_ema50": 48.23885355,
    "_ema100": 48.76419016,
    "_ema200": 48.85164721,
    "_psar": 48.6175,
    "_wr": -76.36986301,
    "_mom": -1.38,
    "_mom1": -0.04,
    "stock_diff": -10.88,
    "rsi_diff": -4.9
}
