{
    "open": 71.42,
    "low": 70.65,
    "high": 71.74,
    "close": 70.81,
    "volume": 18519033,
    "change": -0.85410249,
    "_rsi": 58.89348775,
    "_rsi1": 63.57098945,
    "_stock_k": 78.36346595,
    "_stock_d": 80.68031877,
    "_stock_k1": 83.14147849,
    "_stock_d1": 80.91241339,
    "_macd_blue": 0.68886557,
    "_macd_orange": 0.88700885,
    "_cci20": 67.24241952,
    "_cci201": 85.77195461,
    "_ema10": 70.55132059,
    "_ema20": 69.75977746,
    "_ema30": 69.34449268,
    "_ema50": 68.96823031,
    "_ema100": 68.41264976,
    "_ema200": 67.36021351,
    "_psar": 72.280504,
    "_wr": -28.18428184,
    "_mom": -0.08,
    "_mom1": 2.06,
    "stock_diff": -2.32,
    "rsi_diff": -4.68
}
