{
    "open": 112.63,
    "low": 111.19,
    "high": 112.78,
    "close": 112.3,
    "volume": 521392,
    "change": -0.25757172,
    "_rsi": 41.6151122,
    "_rsi1": 42.18485499,
    "_stock_k": 30.08221226,
    "_stock_d": 47.78204662,
    "_stock_k1": 48.40754656,
    "_stock_d1": 65.17806596,
    "_macd_blue": -0.95819809,
    "_macd_orange": -0.91501964,
    "_cci20": -102.65701865,
    "_cci201": -90.83272687,
    "_ema10": 114.53185722,
    "_ema20": 115.08284229,
    "_ema30": 115.9223864,
    "_ema50": 117.9714147,
    "_ema100": 122.23957939,
    "_ema200": 125.22685384,
    "_psar": 110.70247601,
    "_wr": -74.32735426,
    "_mom": 0.99,
    "_mom1": -0.31,
    "stock_diff": -17.7,
    "rsi_diff": -0.57
}
