{
    "open": 160.25,
    "low": 148.41,
    "high": 160.25,
    "close": 148.55,
    "volume": 7244031,
    "change": -10.74325542,
    "_rsi": 39.70188155,
    "_rsi1": 47.89016739,
    "_stock_k": 48.62062197,
    "_stock_d": 57.20480491,
    "_stock_k1": 66.10856537,
    "_stock_d1": 55.98739126,
    "_macd_blue": -7.11560663,
    "_macd_orange": -6.22520141,
    "_cci20": -94.115228,
    "_cci201": -14.09053431,
    "_ema10": 161.19057577,
    "_ema20": 165.20637545,
    "_ema30": 170.01069375,
    "_ema50": 179.4571786,
    "_ema100": 197.24435912,
    "_ema200": 213.28406082,
    "_psar": 146.4615568,
    "_wr": -84.03527444,
    "_mom": -21.75,
    "_mom1": 6.88,
    "stock_diff": -8.58,
    "rsi_diff": -8.19
}
