{
    "open": 505.25,
    "low": 500.36,
    "high": 507.59,
    "close": 506.35,
    "volume": 202857,
    "change": 1.01947171,
    "_rsi": 60.08438736,
    "_rsi1": 57.31486307,
    "_stock_k": 88.17803768,
    "_stock_d": 88.66380241,
    "_stock_k1": 85.97850997,
    "_stock_d1": 89.46188585,
    "_macd_blue": 3.82477627,
    "_macd_orange": 5.96081113,
    "_cci20": 100.58837558,
    "_cci201": 96.33825691,
    "_ema10": 499.23054937,
    "_ema20": 493.50648579,
    "_ema30": 491.1014553,
    "_ema50": 489.22399817,
    "_ema100": 482.54449702,
    "_ema200": 464.94249473,
    "_psar": 477.61361023,
    "_wr": -7.11916305,
    "_mom": 34.09,
    "_mom1": 16.49,
    "stock_diff": -0.49,
    "rsi_diff": 2.77
}
