{
    "open": 15.87,
    "low": 15.87,
    "high": 16.38,
    "close": 16.17,
    "change": 1.31578947,
    "_rsi": 58.54647522,
    "_rsi1": 56.44321859,
    "_stock_k": 60.80246914,
    "_stock_d": 66.97530864,
    "_stock_k1": 66.97530864,
    "_stock_d1": 75.3628442,
    "_macd_blue": 0.37419542,
    "_macd_orange": 0.37317582,
    "_cci20": 109.95544071,
    "_cci201": 81.64636743,
    "_ema10": 15.9336336,
    "_ema20": 15.67256006,
    "_ema30": 15.39478833,
    "_ema50": 14.83008835,
    "_ema100": 13.59335163,
    "_ema200": 11.82596284,
    "_psar": 15.25684567,
    "_wrr": -31.01851852,
    "stock_diff": -6.17,
    "rsi_diff": 2.1
}
