{
    "open": 77.42,
    "low": 77.16,
    "high": 78.18,
    "close": 77.36,
    "change": 0.51975052,
    "_rsi": 43.02358363,
    "_rsi1": 41.62377063,
    "_stock_k": 28.55691886,
    "_stock_d": 19.34297003,
    "_stock_k1": 19.00478227,
    "_stock_d1": 12.33627741,
    "_macd_blue": -0.78419068,
    "_macd_orange": -1.32856885,
    "_cci20": -65.63231095,
    "_cci201": -91.50015413,
    "_ema10": 77.81035641,
    "_ema20": 79.14731498,
    "_ema30": 79.58553436,
    "_ema50": 79.26343038,
    "_ema100": 77.10144942,
    "_ema200": 73.09135021,
    "_psar": 74.21,
    "_wrr": -67.05020921,
    "stock_diff": 9.21,
    "rsi_diff": 1.4
}
