{
    "open": 77.42,
    "low": 76.905,
    "high": 78.18,
    "close": 76.96,
    "volume": 1525914,
    "change": 0,
    "_rsi": 41.62377063,
    "_rsi1": 41.62377063,
    "_stock_k": 27.16221872,
    "_stock_d": 18.87806998,
    "_stock_k1": 19.00478227,
    "_stock_d1": 12.33627741,
    "_macd_blue": -0.79057245,
    "_macd_orange": -1.36047769,
    "_cci20": -70.17212187,
    "_cci201": -91.50015413,
    "_ema10": 77.73762913,
    "_ema20": 79.10921974,
    "_ema30": 79.55972791,
    "_ema50": 79.2477441,
    "_ema100": 77.09352863,
    "_ema200": 73.08737011,
    "_psar": 74.21,
    "_wr": -71.23430962,
    "stock_diff": 8.28,
    "rsi_diff": 0.0
}
