{
    "open": 164.248,
    "low": 162.63,
    "high": 165.275,
    "close": 163.48,
    "volume": 4533800,
    "change": -0.52330534,
    "_rsi": 50.92385876,
    "_rsi1": 52.8428711,
    "_stock_k": 76.84691546,
    "_stock_d": 72.80189557,
    "_stock_k1": 75.09520183,
    "_stock_d1": 66.22477204,
    "_macd_blue": -2.30967636,
    "_macd_orange": -1.37732431,
    "_cci20": 58.01130412,
    "_cci201": 50.90101444,
    "_ema10": 161.62277568,
    "_ema20": 162.22080666,
    "_ema30": 163.41841228,
    "_ema50": 164.92887382,
    "_ema100": 164.74400811,
    "_ema200": 160.55438141,
    "_psar": 156.09270531,
    "_wr": -23.00076161,
    "_mom": 6.08,
    "_mom1": 6.47,
    "stock_diff": 4.05,
    "rsi_diff": -1.92
}
