{
    "open": 72.46,
    "low": 71.4,
    "high": 72.46,
    "close": 71.92,
    "volume": 1485109,
    "change": -0.27731559,
    "_rsi": 48.89412711,
    "_rsi1": 49.80137639,
    "_stock_k": 61.03965702,
    "_stock_d": 62.07574134,
    "_stock_k1": 62.05787781,
    "_stock_d1": 59.50339407,
    "_macd_blue": 0.01789101,
    "_macd_orange": -0.04745356,
    "_cci20": -21.52057262,
    "_cci201": 20.88733451,
    "_ema10": 72.08094166,
    "_ema20": 72.17275482,
    "_ema30": 72.10812772,
    "_ema50": 71.59179827,
    "_ema100": 69.83672613,
    "_ema200": 66.72992696,
    "_psar": 70.69406616,
    "_wr": -40.51446945,
    "_mom": 0.64,
    "_mom1": -0.22,
    "stock_diff": -1.04,
    "rsi_diff": -0.91
}
