{
    "open": 107.95,
    "low": 107.1,
    "high": 109.62,
    "close": 108.53,
    "volume": 564113,
    "change": 0.92058769,
    "_rsi": 68.70467324,
    "_rsi1": 66.99582256,
    "_stock_k": 80.38102653,
    "_stock_d": 74.42808411,
    "_stock_k1": 73.5483871,
    "_stock_d1": 69.13978495,
    "_macd_blue": 3.2153568,
    "_macd_orange": 3.26189091,
    "_cci20": 140.32769536,
    "_cci201": 108.62362738,
    "_ema10": 105.83368457,
    "_ema20": 103.41434162,
    "_ema30": 101.31176759,
    "_ema50": 98.58253474,
    "_ema100": 96.37350552,
    "_ema200": 96.32521639,
    "_psar": 100.6442,
    "_wr": -11.43756558,
    "_mom": 6.56,
    "_mom1": 4.52,
    "stock_diff": 5.95,
    "rsi_diff": 1.71
}
