{
    "open": 330.52,
    "low": 330.3141,
    "high": 337.5,
    "close": 334.45,
    "volume": 256715,
    "change": 1.66580539,
    "_rsi": 48.69761885,
    "_rsi1": 44.61590962,
    "_stock_k": 44.17658617,
    "_stock_d": 60.22480945,
    "_stock_k1": 57.40015212,
    "_stock_d1": 72.30700558,
    "_macd_blue": 4.56626612,
    "_macd_orange": 3.18451301,
    "_cci20": -92.99197642,
    "_cci201": -126.55739302,
    "_ema10": 339.77479504,
    "_ema20": 338.02631684,
    "_ema30": 335.56154836,
    "_ema50": 332.93738255,
    "_ema100": 336.51608234,
    "_ema200": 349.53884082,
    "_psar": 352.286,
    "_wr": -60.09771987,
    "_mom": -4.9,
    "_mom1": -14.13,
    "stock_diff": -16.05,
    "rsi_diff": 4.08
}
