{
    "open": 180.33,
    "low": 174.17,
    "high": 180.59,
    "close": 176.8,
    "volume": 517728,
    "change": -1.41630423,
    "_rsi": 49.9839293,
    "_rsi1": 52.47378438,
    "_stock_k": 68.83079158,
    "_stock_d": 77.71932607,
    "_stock_k1": 80.07262164,
    "_stock_d1": 86.58601171,
    "_macd_blue": -0.55363156,
    "_macd_orange": 0.32177261,
    "_cci20": 30.91582833,
    "_cci201": 42.07041742,
    "_ema10": 177.39475563,
    "_ema20": 176.69111678,
    "_ema30": 176.92594982,
    "_ema50": 177.77605223,
    "_ema100": 177.92532756,
    "_ema200": 171.92885952,
    "_psar": 170.71435236,
    "_wr": -34.64052288,
    "_mom": 10.91,
    "_mom1": 7,
    "stock_diff": -8.89,
    "rsi_diff": -2.49
}
