{
    "open": 97.2,
    "low": 94.88,
    "high": 97.38,
    "close": 96.3,
    "volume": 1664856,
    "change": -0.42394789,
    "_rsi": 45.19241907,
    "_rsi1": 45.87748665,
    "_stock_k": 22.53218098,
    "_stock_d": 24.81586011,
    "_stock_k1": 24.70645338,
    "_stock_d1": 28.88833999,
    "_macd_blue": -0.1586183,
    "_macd_orange": -0.49184675,
    "_cci20": -81.5383236,
    "_cci201": -70.07197078,
    "_ema10": 98.07258587,
    "_ema20": 98.55903236,
    "_ema30": 98.84938664,
    "_ema50": 99.87373365,
    "_ema100": 103.06914575,
    "_ema200": 106.33048295,
    "_psar": 106.62571355,
    "_wr": -75.61740494,
    "_mom": 1.71,
    "_mom1": -1.95,
    "stock_diff": -2.28,
    "rsi_diff": -0.69
}
