{
    "open": 527.77,
    "low": 523.54,
    "high": 535.31,
    "close": 525.95,
    "volume": 1946308,
    "change": -0.27871526,
    "_rsi": 53.90508802,
    "_rsi1": 54.9658838,
    "_stock_k": 73.36971059,
    "_stock_d": 73.25201947,
    "_stock_k1": 74.27914192,
    "_stock_d1": 72.08224112,
    "_macd_blue": 2.89112051,
    "_macd_orange": 3.98338633,
    "_cci20": 67.461032,
    "_cci201": 102.89508735,
    "_ema10": 525.43524647,
    "_ema20": 521.68766585,
    "_ema30": 520.12741356,
    "_ema50": 518.89075013,
    "_ema100": 509.14345204,
    "_ema200": 479.20521174,
    "_psar": 510.20313742,
    "_wr": -31.0383566,
    "_mom": 6.7,
    "_mom1": 9.93,
    "stock_diff": 0.12,
    "rsi_diff": -1.06
}
