{
    "open": 73.61,
    "low": 73.29,
    "high": 73.89,
    "close": 73.555,
    "volume": 7187748,
    "change": 0.17023015,
    "_rsi": 46.15334696,
    "_rsi1": 45.47634232,
    "_stock_k": 32.09255533,
    "_stock_d": 19.56408886,
    "_stock_k1": 17.90744467,
    "_stock_d1": 12.78935383,
    "_macd_blue": -0.62576288,
    "_macd_orange": -0.76907978,
    "_cci20": -39.10007399,
    "_cci201": -71.97128607,
    "_ema10": 73.31713109,
    "_ema20": 73.97645324,
    "_ema30": 74.36643155,
    "_ema50": 74.60982427,
    "_ema100": 74.14547009,
    "_ema200": 72.62657579,
    "_psar": 75.18900759,
    "_wr": -55.43259557,
    "_mom": -1.695,
    "_mom1": -1.03,
    "stock_diff": 12.53,
    "rsi_diff": 0.68
}
