{
    "open": 117.94,
    "low": 117.1,
    "high": 118.7,
    "close": 117.95,
    "volume": 1293709,
    "change": 0.48560232,
    "_rsi": 64.27649368,
    "_rsi1": 63.26247663,
    "_stock_k": 90.49778733,
    "_stock_d": 87.64295501,
    "_stock_k1": 88.16485659,
    "_stock_d1": 86.68894458,
    "_macd_blue": 1.21283396,
    "_macd_orange": 2.10154421,
    "_cci20": 128.69518585,
    "_cci201": 125.41013935,
    "_ema10": 115.19831837,
    "_ema20": 113.13453011,
    "_ema30": 112.30208503,
    "_ema50": 111.82804831,
    "_ema100": 111.60022292,
    "_ema200": 110.97394286,
    "_psar": 114.46962863,
    "_wr": -6.03378922,
    "_mom": 9.51,
    "_mom1": 7.85,
    "stock_diff": 2.85,
    "rsi_diff": 1.01
}
