{
    "open": 686.84,
    "low": 680.01,
    "high": 689.37,
    "close": 688.25,
    "volume": 670496,
    "change": 0.18195051,
    "_rsi": 56.32723745,
    "_rsi1": 55.8126967,
    "_stock_k": 71.00911458,
    "_stock_d": 75.32443115,
    "_stock_k1": 72.79715042,
    "_stock_d1": 82.46341223,
    "_macd_blue": 6.8411992,
    "_macd_orange": 8.04430339,
    "_cci20": 61.80700955,
    "_cci201": 69.75345058,
    "_ema10": 685.58305843,
    "_ema20": 678.766995,
    "_ema30": 674.61824527,
    "_ema50": 669.90055404,
    "_ema100": 657.95226828,
    "_ema200": 626.54962964,
    "_psar": 672.09404146,
    "_wr": -26.3671875,
    "_mom": 13.55,
    "_mom1": 31.83,
    "stock_diff": -4.32,
    "rsi_diff": 0.51
}
