{
    "open": 51.71,
    "low": 50.905,
    "high": 51.815,
    "close": 51.33,
    "volume": 19677765,
    "change": 0.41079812,
    "_rsi": 48.47167158,
    "_rsi1": 47.75053583,
    "_stock_k": 73.27006722,
    "_stock_d": 77.41157856,
    "_stock_k1": 76.69318377,
    "_stock_d1": 78.68368594,
    "_macd_blue": -0.94852842,
    "_macd_orange": -0.55725659,
    "_cci20": 32.31147036,
    "_cci201": 47.41636064,
    "_ema10": 51.18535056,
    "_ema20": 51.43367434,
    "_ema30": 51.87817325,
    "_ema50": 52.21446315,
    "_ema100": 51.54430853,
    "_ema200": 48.91760356,
    "_psar": 48.44779174,
    "_wr": -34.04507711,
    "_mom": 2.32,
    "_mom1": 1.96,
    "stock_diff": -4.14,
    "rsi_diff": 0.72
}
