{
    "open": 50.36,
    "low": 49.295,
    "high": 50.6,
    "close": 49.32,
    "volume": 2444003,
    "change": -2.85601733,
    "_rsi": 44.43224313,
    "_rsi1": 49.8948342,
    "_stock_k": 79.25711529,
    "_stock_d": 87.21453474,
    "_stock_k1": 90.28122773,
    "_stock_d1": 90.59166202,
    "_macd_blue": -1.33275553,
    "_macd_orange": -0.81027471,
    "_cci20": 24.8283848,
    "_cci201": 69.53025169,
    "_ema10": 49.82233515,
    "_ema20": 50.13310097,
    "_ema30": 50.94361804,
    "_ema50": 52.40025059,
    "_ema100": 53.76213092,
    "_ema200": 52.79187016,
    "_psar": 46.95545617,
    "_wr": -35.31114327,
    "_mom": 0.75,
    "_mom1": 4.83,
    "stock_diff": -7.96,
    "rsi_diff": -5.46
}
