{
    "open": 213.59,
    "low": 211.58,
    "high": 215.21,
    "close": 215.11,
    "volume": 569580,
    "change": 1.54841146,
    "_rsi": 51.87697692,
    "_rsi1": 48.84270003,
    "_stock_k": 69.90524678,
    "_stock_d": 73.93108,
    "_stock_k1": 69.63654363,
    "_stock_d1": 75.97979664,
    "_macd_blue": -1.52097476,
    "_macd_orange": -0.35748203,
    "_cci20": 29.25479366,
    "_cci201": 26.18943825,
    "_ema10": 212.97669175,
    "_ema20": 212.55292603,
    "_ema30": 213.5731655,
    "_ema50": 216.52515299,
    "_ema100": 220.45040122,
    "_ema200": 220.2630679,
    "_psar": 200.35978247,
    "_wr": -29.65634281,
    "_mom": 6.83,
    "_mom1": 2.24,
    "stock_diff": -4.03,
    "rsi_diff": 3.03
}
