{
    "open": 77.42,
    "low": 77.35,
    "high": 78.18,
    "close": 77.45,
    "change": 0.63669439,
    "_rsi": 43.32933948,
    "_rsi1": 41.62377063,
    "_stock_k": 28.87072639,
    "_stock_d": 19.44757254,
    "_stock_k1": 19.00478227,
    "_stock_d1": 12.33627741,
    "_macd_blue": -0.78275478,
    "_macd_orange": -1.32138937,
    "_cci20": -63.68110015,
    "_cci201": -91.50015413,
    "_ema10": 77.82672004,
    "_ema20": 79.15588641,
    "_ema30": 79.59134081,
    "_ema50": 79.26695979,
    "_ema100": 77.1032316,
    "_ema200": 73.09224574,
    "_psar": 74.21,
    "_wrr": -66.10878661,
    "stock_diff": 9.42,
    "rsi_diff": 1.71
}
