{
    "open": 560.09,
    "low": 544.59,
    "high": 564.05,
    "close": 558.26,
    "volume": 1748938,
    "change": -0.18951584,
    "_rsi": 40.6834004,
    "_rsi1": 41.16122728,
    "_stock_k": 36.52121407,
    "_stock_d": 42.47881592,
    "_stock_k1": 44.93097072,
    "_stock_d1": 47.53653016,
    "_macd_blue": -7.66613813,
    "_macd_orange": -7.15371895,
    "_cci20": -99.76776318,
    "_cci201": -55.42573156,
    "_ema10": 565.48349295,
    "_ema20": 570.28587288,
    "_ema30": 575.73639644,
    "_ema50": 587.74386931,
    "_ema100": 616.42763612,
    "_ema200": 642.17198488,
    "_psar": 583.72,
    "_wr": -65.06516739,
    "_mom": -1.03,
    "_mom1": -2.81,
    "stock_diff": -5.96,
    "rsi_diff": -0.48
}
