{
    "open": 255.3,
    "low": 249.82,
    "high": 255.87,
    "close": 251.26,
    "volume": 2857271,
    "change": -1.39706459,
    "_rsi": 63.78501714,
    "_rsi1": 67.85369033,
    "_stock_k": 91.60647088,
    "_stock_d": 92.95195298,
    "_stock_k1": 96.53882212,
    "_stock_d1": 90.99878589,
    "_macd_blue": 5.41293615,
    "_macd_orange": 6.71526911,
    "_cci20": 142.52120614,
    "_cci201": 189.10760051,
    "_ema10": 244.50604076,
    "_ema20": 239.15888869,
    "_ema30": 234.76837164,
    "_ema50": 226.66534246,
    "_ema100": 210.89054708,
    "_ema200": 190.33273476,
    "_psar": 227.68930902,
    "_wr": -15.49805951,
    "_mom": 13.51,
    "_mom1": 24.42,
    "stock_diff": -1.35,
    "rsi_diff": -4.07
}
