{
    "open": 209.14,
    "low": 206.33,
    "high": 209.62,
    "close": 208.24,
    "volume": 1307511,
    "change": 0.28413195,
    "_rsi": 66.49009668,
    "_rsi1": 65.99270391,
    "_stock_k": 86.50610672,
    "_stock_d": 91.26674901,
    "_stock_k1": 90.9338761,
    "_stock_d1": 95.27508213,
    "_macd_blue": 1.6117344,
    "_macd_orange": 4.66091152,
    "_cci20": 114.32781818,
    "_cci201": 136.64952948,
    "_ema10": 202.14520359,
    "_ema20": 196.96699999,
    "_ema30": 195.77427425,
    "_ema50": 197.13890482,
    "_ema100": 200.45000561,
    "_ema200": 199.16218233,
    "_psar": 196.32587411,
    "_wr": -16.0344278,
    "_mom": 23.4,
    "_mom1": 20.38,
    "stock_diff": -4.76,
    "rsi_diff": 0.5
}
