{
    "open": 146.61,
    "low": 144.42,
    "high": 147.05,
    "close": 146.64,
    "change": -1.74874372,
    "_rsi": 40.83638398,
    "_rsi1": 43.75124959,
    "_stock_k": 32.48137947,
    "_stock_d": 27.18842201,
    "_stock_k1": 25.06429464,
    "_stock_d1": 29.33527808,
    "_macd_blue": -3.37914059,
    "_macd_orange": -3.01389608,
    "_cci20": -121.05221387,
    "_cci201": -87.61662025,
    "_ema10": 149.1379912,
    "_ema20": 151.77624749,
    "_ema30": 153.89483589,
    "_ema50": 156.77841689,
    "_ema100": 158.62212355,
    "_ema200": 154.57321688
}
