{
    "open": 36.72,
    "low": 36.45,
    "high": 36.94,
    "close": 36.92,
    "volume": 8588793,
    "change": 0.65430752,
    "_rsi": 60.15517375,
    "_rsi1": 58.77993264,
    "_stock_k": 67.06707946,
    "_stock_d": 61.59463808,
    "_stock_k1": 57.61403509,
    "_stock_d1": 59.79177285,
    "_macd_blue": 0.34839356,
    "_macd_orange": 0.52711511,
    "_cci20": 81.14931075,
    "_cci201": 84.77296328,
    "_ema10": 36.23619886,
    "_ema20": 35.74452579,
    "_ema30": 35.51233829,
    "_ema50": 35.34801133,
    "_ema100": 35.03728503,
    "_ema200": 34.08035271,
    "_psar": 37.68347392,
    "_wr": -10.58823529,
    "_mom": 2.23,
    "_mom1": 1.79,
    "stock_diff": 5.47,
    "rsi_diff": 1.38
}
