{
    "open": 428.12,
    "low": 419.53,
    "high": 428.77,
    "close": 420.07,
    "volume": 95556981,
    "change": -1.27150512,
    "_rsi": 39.73405443,
    "_rsi1": 42.70040144,
    "_stock_k": 42.11081384,
    "_stock_d": 35.76421754,
    "_stock_k1": 36.79265132,
    "_stock_d1": 32.39739111,
    "_macd_blue": -6.07287092,
    "_macd_orange": -6.62955749,
    "_cci20": -96.45974904,
    "_cci201": -92.97934129,
    "_ema10": 426.77552538,
    "_ema20": 431.87275497,
    "_ema30": 436.09375887,
    "_ema50": 441.96722126,
    "_ema100": 446.35380979,
    "_ema200": 438.37841689,
    "_psar": 416.1596,
    "_wr": -69.05152609,
    "stock_diff": 6.35,
    "rsi_diff": -2.97
}
