{
    "open": 428.12,
    "low": 423.47,
    "high": 428.77,
    "close": 424.51,
    "change": -0.22797781,
    "_rsi": 42.13638622,
    "_rsi1": 42.70040144,
    "_stock_k": 46.96805046,
    "_stock_d": 37.38329642,
    "_stock_k1": 36.79265132,
    "_stock_d1": 32.39739111,
    "_macd_blue": -6.00203331,
    "_macd_orange": -6.27536945,
    "_cci20": -71.39713561,
    "_cci201": -92.97934129,
    "_ema10": 427.58279811,
    "_ema20": 432.29561211,
    "_ema30": 436.38021048,
    "_ema50": 442.14133891,
    "_ema100": 446.44173059,
    "_ema200": 438.42259599,
    "_psar": 416.1596,
    "_wrr": -54.47981621,
    "stock_diff": 9.58,
    "rsi_diff": -0.56
}
