{
    "open": 428.12,
    "low": 424.85,
    "high": 428.77,
    "close": 425.51,
    "change": 0.00705086,
    "_rsi": 42.72411272,
    "_rsi1": 42.70040144,
    "_stock_k": 48.06202268,
    "_stock_d": 37.74795382,
    "_stock_k1": 36.79265132,
    "_stock_d1": 32.39739111,
    "_macd_blue": -5.9860789,
    "_macd_orange": -6.19559737,
    "_cci20": -64.08217093,
    "_cci201": -92.97934129,
    "_ema10": 427.76461629,
    "_ema20": 432.3908502,
    "_ema30": 436.44472661,
    "_ema50": 442.18055459,
    "_ema100": 446.46153257,
    "_ema200": 438.43254624,
    "_psar": 416.1596,
    "_wrr": -51.19789957,
    "stock_diff": 10.31,
    "rsi_diff": 0.02
}
