{
    "open": 428.12,
    "low": 419.53,
    "high": 428.77,
    "close": 420.17,
    "volume": 87442505,
    "change": -1.24800226,
    "_rsi": 39.78514182,
    "_rsi1": 42.70040144,
    "_stock_k": 42.22021106,
    "_stock_d": 35.80068328,
    "_stock_k1": 36.79265132,
    "_stock_d1": 32.39739111,
    "_macd_blue": -6.07127548,
    "_macd_orange": -6.62158028,
    "_cci20": -96.16687031,
    "_cci201": -92.97934129,
    "_ema10": 426.7937072,
    "_ema20": 431.88227877,
    "_ema30": 436.10021048,
    "_ema50": 441.97114283,
    "_ema100": 446.35578999,
    "_ema200": 438.37941191,
    "_psar": 416.1596,
    "_wr": -68.72333443,
    "stock_diff": 6.42,
    "rsi_diff": -2.92
}
