{
    "open": 35.52,
    "low": 35.02,
    "high": 35.66,
    "close": 35.07,
    "volume": 3224350,
    "change": -1.70964126,
    "_rsi": 56.77412024,
    "_rsi1": 62.60393813,
    "_stock_k": 87.06605223,
    "_stock_d": 91.11597153,
    "_stock_k1": 93.88371409,
    "_stock_d1": 92.02488222,
    "_macd_blue": 0.11680758,
    "_macd_orange": 0.32748587,
    "_cci20": 137.61647369,
    "_cci201": 195.92817612,
    "_ema10": 34.6894903,
    "_ema20": 34.34948436,
    "_ema30": 34.21077638,
    "_ema50": 33.96095974,
    "_ema100": 33.03446965,
    "_ema200": 31.17005651,
    "_psar": 33.16121471,
    "_wr": -22.58064516,
    "_mom": 1.38,
    "_mom1": 2.8,
    "stock_diff": -4.05,
    "rsi_diff": -5.83
}
