{
    "open": 37.6,
    "low": 37.18,
    "high": 37.84,
    "close": 37.18,
    "volume": 593030,
    "change": -1.53601695,
    "_rsi": 47.75766498,
    "_rsi1": 51.77401776,
    "_stock_k": 46.61664747,
    "_stock_d": 46.10735794,
    "_stock_k1": 48.60465116,
    "_stock_d1": 44.625323,
    "_macd_blue": -0.06459825,
    "_macd_orange": -0.10384199,
    "_cci20": -22.27575541,
    "_cci201": 20.64963449,
    "_ema10": 37.36211221,
    "_ema20": 37.48931857,
    "_ema30": 37.47372526,
    "_ema50": 37.2616286,
    "_ema100": 36.7913612,
    "_ema200": 35.97566322,
    "_psar": 35.69276,
    "_wr": -56.89424364,
    "_mom": -0.25,
    "_mom1": -0.44,
    "stock_diff": 0.51,
    "rsi_diff": -4.02
}
