{
    "open": 221.71,
    "low": 219.2,
    "high": 222.32,
    "close": 221.47,
    "volume": 1286011,
    "change": 0.25803531,
    "_rsi": 59.49767928,
    "_rsi1": 59.00476565,
    "_stock_k": 66.38318671,
    "_stock_d": 71.81818182,
    "_stock_k1": 70.86999022,
    "_stock_d1": 79.28051809,
    "_macd_blue": 3.71579596,
    "_macd_orange": 5.13289982,
    "_cci20": 70.87935674,
    "_cci201": 78.98867014,
    "_ema10": 219.57405282,
    "_ema20": 214.79047888,
    "_ema30": 212.698188,
    "_ema50": 212.24735767,
    "_ema100": 214.18585743,
    "_ema200": 214.54593396,
    "_psar": 231.96776,
    "_wr": -33.13782991,
    "_mom": 15.92,
    "_mom1": 14.82,
    "stock_diff": -5.43,
    "rsi_diff": 0.49
}
