{
    "open": 75.1,
    "low": 73.175,
    "high": 75.32,
    "close": 74.4,
    "volume": 7803199,
    "change": -2.94808244,
    "_rsi": 45.50088555,
    "_rsi1": 51.38053083,
    "_stock_k": 52.55338904,
    "_stock_d": 63.58404393,
    "_stock_k1": 71.33528419,
    "_stock_d1": 64.56067778,
    "_macd_blue": 0.67049126,
    "_macd_orange": 0.35054468,
    "_cci20": -173.25056876,
    "_cci201": 2.75596087,
    "_ema10": 76.42002364,
    "_ema20": 76.39265859,
    "_ema30": 75.84980008,
    "_ema50": 74.23168587,
    "_ema100": 70.58323331,
    "_ema200": 65.32587517,
    "_psar": 79.93,
    "_wr": -77.01949861,
    "_mom": -0.61,
    "_mom1": -1.21,
    "stock_diff": -11.03,
    "rsi_diff": -5.88
}
