{
    "open": 16.31,
    "low": 16.17,
    "high": 16.46,
    "close": 16.21,
    "volume": 31335473,
    "change": -2.11352657,
    "_rsi": 50.81078592,
    "_rsi1": 53.27486814,
    "_stock_k": 86.93017083,
    "_stock_d": 87.33290335,
    "_stock_k1": 89.39914112,
    "_stock_d1": 86.3246706,
    "_macd_blue": -0.43140677,
    "_macd_orange": -0.17293051,
    "_cci20": 42.12660972,
    "_cci201": 50.13206522,
    "_ema10": 15.94463827,
    "_ema20": 15.9504573,
    "_ema30": 16.16444005,
    "_ema50": 16.60953503,
    "_ema100": 17.49918794,
    "_ema200": 18.35433403,
    "_psar": 13.77236619,
    "_wr": -14.31850724,
    "_mom": 1.91,
    "_mom1": 3.05,
    "stock_diff": -0.4,
    "rsi_diff": -2.46
}
