{
    "open": 35.43,
    "low": 35.3,
    "high": 36.375,
    "close": 35.97,
    "volume": 3654028,
    "change": 2.3911187,
    "_rsi": 52.5831707,
    "_rsi1": 48.6013417,
    "_stock_k": 78.65094957,
    "_stock_d": 80.42272408,
    "_stock_k1": 77.99607073,
    "_stock_d1": 82.01714323,
    "_macd_blue": -0.20308422,
    "_macd_orange": 0.01431717,
    "_cci20": 40.57549908,
    "_cci201": 21.49360426,
    "_ema10": 35.51555645,
    "_ema20": 35.39603995,
    "_ema30": 35.48116741,
    "_ema50": 35.67955297,
    "_ema100": 35.79885257,
    "_ema200": 34.67549015,
    "_psar": 33.07466452,
    "_wr": -18.66404715,
    "_mom": 2.51,
    "_mom1": 1.35,
    "stock_diff": -1.77,
    "rsi_diff": 3.98
}
