{
    "open": 103.18,
    "low": 103.18,
    "high": 107.19,
    "close": 106.22,
    "volume": 3193573,
    "change": 4.55753519,
    "_rsi": 67.75916963,
    "_rsi1": 61.19803576,
    "_stock_k": 92.38869011,
    "_stock_d": 81.14580361,
    "_stock_k1": 80.14640411,
    "_stock_d1": 67.11311497,
    "_macd_blue": 1.48742471,
    "_macd_orange": 2.06306665,
    "_cci20": 177.88328459,
    "_cci201": 107.23812107,
    "_ema10": 99.82689229,
    "_ema20": 98.1574937,
    "_ema30": 96.77133528,
    "_ema50": 94.10659783,
    "_ema100": 89.31850914,
    "_ema200": 83.26845712,
    "_psar": 90.359944,
    "_wr": -5.57791834,
    "_mom": 9.52,
    "_mom1": 4.97,
    "stock_diff": 11.24,
    "rsi_diff": 6.56
}
