{
    "open": 24,
    "low": 23.88,
    "high": 24.89,
    "close": 24.79,
    "volume": 22687,
    "change": -1.74395561,
    "_rsi": 49.91866507,
    "_rsi1": 53.78022858,
    "_stock_k": 47.48332183,
    "_stock_d": 58.14163024,
    "_stock_k1": 60.43363239,
    "_stock_d1": 65.64718963,
    "_macd_blue": 0.81017768,
    "_macd_orange": 0.68801389,
    "_cci20": -41.86595807,
    "_cci201": 25.78889468,
    "_ema10": 25.60720382,
    "_ema20": 25.16072809,
    "_ema30": 24.64515638,
    "_ema50": 23.68441185,
    "_ema100": 21.80511025,
    "_ema200": 19.32476043,
    "_psar": 27.47970688,
    "_wr": -69.56521739,
    "_mom": -0.58,
    "_mom1": 0.16,
    "stock_diff": -10.66,
    "rsi_diff": -3.86
}
