{
    "open": 323.31,
    "low": 315.38,
    "high": 325,
    "close": 318.88,
    "volume": 204078,
    "change": -0.80567394,
    "_rsi": 56.64443787,
    "_rsi1": 58.06494434,
    "_stock_k": 89.29979145,
    "_stock_d": 84.51819706,
    "_stock_k1": 87.18622568,
    "_stock_d1": 78.32294555,
    "_macd_blue": -0.16678967,
    "_macd_orange": 2.56750214,
    "_cci20": 127.20817364,
    "_cci201": 113.69298978,
    "_ema10": 309.48973754,
    "_ema20": 306.24139041,
    "_ema30": 305.86983408,
    "_ema50": 308.01434304,
    "_ema100": 314.69519616,
    "_ema200": 317.29392263,
    "_psar": 281.79782909,
    "_wr": -12.07100592,
    "_mom": 32.09,
    "_mom1": 15.85,
    "stock_diff": 4.78,
    "rsi_diff": -1.42
}
