{
    "open": 49.67,
    "low": 48.43,
    "high": 50,
    "close": 48.47,
    "volume": 23699870,
    "change": -1.10181596,
    "_rsi": 38.3900375,
    "_rsi1": 39.64827624,
    "_stock_k": 28.16750941,
    "_stock_d": 20.28513981,
    "_stock_k1": 21.2262432,
    "_stock_d1": 12.12698291,
    "_macd_blue": -1.34779064,
    "_macd_orange": -1.93065608,
    "_cci20": -79.90823385,
    "_cci201": -90.29348603,
    "_ema10": 49.69181509,
    "_ema20": 51.49390795,
    "_ema30": 52.30777586,
    "_ema50": 52.60038559,
    "_ema100": 51.59275208,
    "_ema200": 48.69459828,
    "_psar": 50.64319122,
    "_wr": -73.91304348,
    "stock_diff": 7.88,
    "rsi_diff": -1.26
}
