{
    "open": 49.67,
    "low": 48.885,
    "high": 50,
    "close": 49.07,
    "change": 0.122424,
    "_rsi": 39.86726055,
    "_rsi1": 39.64827624,
    "_stock_k": 30.09987656,
    "_stock_d": 20.92926219,
    "_stock_k1": 21.2262432,
    "_stock_d1": 12.12698291,
    "_macd_blue": -1.33821799,
    "_macd_orange": -1.88279283,
    "_cci20": -73.59278186,
    "_cci201": -90.29348603,
    "_ema10": 49.80090599,
    "_ema20": 51.55105081,
    "_ema30": 52.34648554,
    "_ema50": 52.623915,
    "_ema100": 51.60463327,
    "_ema200": 48.70056843,
    "_psar": 50.64319122,
    "_wrr": -68.11594203,
    "stock_diff": 9.17,
    "rsi_diff": 0.22
}
