{
    "open": 49.67,
    "low": 48.81,
    "high": 50,
    "close": 48.94,
    "change": -0.14282799,
    "_rsi": 39.48053808,
    "_rsi1": 39.64827624,
    "_stock_k": 29.68119701,
    "_stock_d": 20.78970234,
    "_stock_k1": 21.2262432,
    "_stock_d1": 12.12698291,
    "_macd_blue": -1.34029206,
    "_macd_orange": -1.8931632,
    "_cci20": -74.82521112,
    "_cci201": -90.29348603,
    "_ema10": 49.77726963,
    "_ema20": 51.53866986,
    "_ema30": 52.33809844,
    "_ema50": 52.61881696,
    "_ema100": 51.60205901,
    "_ema200": 48.6992749,
    "_psar": 50.64319122,
    "_wrr": -69.37198068,
    "stock_diff": 8.89,
    "rsi_diff": -0.17
}
