{
    "open": 26.51,
    "low": 25.94,
    "high": 26.88,
    "close": 26.3,
    "volume": 224085,
    "change": -2.98782737,
    "_rsi": 57.35278528,
    "_rsi1": 64.92791306,
    "_stock_k": 61.3477972,
    "_stock_d": 76.44146126,
    "_stock_k1": 78.67352773,
    "_stock_d1": 86.84926893,
    "_macd_blue": 1.35112602,
    "_macd_orange": 1.28586905,
    "_cci20": 29.51902227,
    "_cci201": 60.034437,
    "_ema10": 26.88685445,
    "_ema20": 25.9389276,
    "_ema30": 25.1383432,
    "_ema50": 24.1342415,
    "_ema100": 22.94709537,
    "_ema200": 22.18489458,
    "_psar": 28.59,
    "_wr": -56.26535627,
    "_mom": 0.31,
    "_mom1": 0.73,
    "stock_diff": -15.09,
    "rsi_diff": -7.58
}
