{
    "open": 349.85,
    "low": 333.375,
    "high": 351.06,
    "close": 341.26,
    "volume": 331481,
    "change": -2.17572022,
    "_rsi": 53.12696288,
    "_rsi1": 56.39624226,
    "_stock_k": 75.4201247,
    "_stock_d": 80.61305618,
    "_stock_k1": 82.01825013,
    "_stock_d1": 86.05367701,
    "_macd_blue": -0.03078291,
    "_macd_orange": 4.2152476,
    "_cci20": 56.02216275,
    "_cci201": 73.91987437,
    "_ema10": 339.57941475,
    "_ema20": 333.9401689,
    "_ema30": 334.15291586,
    "_ema50": 342.96791728,
    "_ema100": 369.68226433,
    "_ema200": 388.76854206,
    "_psar": 303.56152327,
    "_wr": -28.96073331,
    "_mom": 38.04,
    "_mom1": 39.18,
    "stock_diff": -5.19,
    "rsi_diff": -3.27
}
