{
    "open": 325.14,
    "low": 320.475,
    "high": 325.33,
    "close": 325.11,
    "volume": 261818,
    "change": 0.38596925,
    "_rsi": 50.72187859,
    "_rsi1": 49.88482967,
    "_stock_k": 64.24692769,
    "_stock_d": 78.01752832,
    "_stock_k1": 76.60283891,
    "_stock_d1": 88.13869089,
    "_macd_blue": 0.87257368,
    "_macd_orange": 2.38845267,
    "_cci20": 18.83445091,
    "_cci201": 67.32411553,
    "_ema10": 327.28382153,
    "_ema20": 324.51878006,
    "_ema30": 324.18306075,
    "_ema50": 326.58822116,
    "_ema100": 334.21405004,
    "_ema200": 333.89514221,
    "_psar": 342.1,
    "_wr": -48.55673049,
    "_mom": 5.52,
    "_mom1": 2.78,
    "stock_diff": -13.77,
    "rsi_diff": 0.84
}
