{
    "open": 95.1,
    "low": 93.085,
    "high": 95.955,
    "close": 93.37,
    "volume": 1197512,
    "change": -2.76996772,
    "_rsi": 50.76593449,
    "_rsi1": 56.25584285,
    "_stock_k": 81.01606822,
    "_stock_d": 84.8490068,
    "_stock_k1": 87.18014152,
    "_stock_d1": 88.10918308,
    "_macd_blue": -0.51481377,
    "_macd_orange": 0.14274272,
    "_cci20": 61.19902596,
    "_cci201": 111.76552522,
    "_ema10": 93.3142866,
    "_ema20": 92.92993165,
    "_ema30": 92.99232271,
    "_ema50": 92.63970502,
    "_ema100": 90.08171541,
    "_ema200": 84.09500438,
    "_psar": 87.96955635,
    "_wr": -29.47443182,
    "_mom": 5.14,
    "_mom1": 11.54,
    "stock_diff": -3.83,
    "rsi_diff": -5.49
}
