{
    "open": 37.29,
    "low": 37.24,
    "high": 38.24,
    "close": 37.91,
    "volume": 11124904,
    "change": 1.74449812,
    "_rsi": 53.28314684,
    "_rsi1": 51.20824938,
    "_stock_k": 89.04074951,
    "_stock_d": 83.15220499,
    "_stock_k1": 83.81062206,
    "_stock_d1": 79.16766963,
    "_macd_blue": -1.04656294,
    "_macd_orange": -0.4948064,
    "_cci20": 69.90225402,
    "_cci201": 32.39723482,
    "_ema10": 36.50832596,
    "_ema20": 36.62534769,
    "_ema30": 37.12433189,
    "_ema50": 37.86857494,
    "_ema100": 38.88907362,
    "_ema200": 39.87648219,
    "_psar": 33.07598338,
    "_wr": -3.8869258,
    "_mom": 5.84,
    "_mom1": 4.71,
    "stock_diff": 5.89,
    "rsi_diff": 2.07
}
