{
    "open": 192.01,
    "low": 189,
    "high": 192.34,
    "close": 189.57,
    "volume": 3445875,
    "change": -0.86806463,
    "_rsi": 44.93354307,
    "_rsi1": 46.88576546,
    "_stock_k": 70.3052729,
    "_stock_d": 80.70064314,
    "_stock_k1": 81.01840727,
    "_stock_d1": 85.37742102,
    "_macd_blue": -2.0411618,
    "_macd_orange": -1.24852872,
    "_cci20": -26.29235221,
    "_cci201": 28.66537024,
    "_ema10": 191.95435967,
    "_ema20": 192.32285283,
    "_ema30": 193.85623921,
    "_ema50": 197.64726235,
    "_ema100": 202.31882873,
    "_ema200": 199.13114476,
    "_psar": 183.01499928,
    "_wr": -48.13444342,
    "_mom": 0.35,
    "_mom1": 1.65,
    "stock_diff": -10.4,
    "rsi_diff": -1.95
}
