{
    "open": 337.74,
    "low": 335.0275,
    "high": 340.36,
    "close": 340.11,
    "volume": 217679,
    "change": 0.77333333,
    "_rsi": 62.55595108,
    "_rsi1": 61.24379264,
    "_stock_k": 76.42947903,
    "_stock_d": 75.47884606,
    "_stock_k1": 75.06000282,
    "_stock_d1": 78.39314867,
    "_macd_blue": 7.41205586,
    "_macd_orange": 8.65467823,
    "_cci20": 96.70990764,
    "_cci201": 94.07744442,
    "_ema10": 332.85972398,
    "_ema20": 325.83400897,
    "_ema30": 320.79106982,
    "_ema50": 314.24203174,
    "_ema100": 304.07148437,
    "_ema200": 286.91079713,
    "_psar": 329.10714086,
    "_wr": -15.90427785,
    "_mom": 27,
    "_mom1": 21.28,
    "stock_diff": 0.95,
    "rsi_diff": 1.31
}
