{
    "open": 318.11,
    "low": 317.29,
    "high": 322.96,
    "close": 322.94,
    "volume": 887640,
    "change": 1.75504931,
    "_rsi": 70.42685795,
    "_rsi1": 67.15846444,
    "_stock_k": 89.77954765,
    "_stock_d": 86.35562462,
    "_stock_k1": 84.45075344,
    "_stock_d1": 86.38972068,
    "_macd_blue": 7.04916749,
    "_macd_orange": 8.88115961,
    "_cci20": 114.27462456,
    "_cci201": 101.78611568,
    "_ema10": 312.81340097,
    "_ema20": 305.22766851,
    "_ema30": 300.54033039,
    "_ema50": 295.94537847,
    "_ema100": 291.22920246,
    "_ema200": 280.14300091,
    "_psar": 310.43157159,
    "_wr": -0.04331817,
    "_mom": 27.61,
    "_mom1": 23.77,
    "stock_diff": 3.42,
    "rsi_diff": 3.27
}
