{
    "open": 74.2,
    "low": 73.95,
    "high": 74.4453,
    "close": 74.42,
    "volume": 9458792,
    "change": 0.70365359,
    "_rsi": 51.14537493,
    "_rsi1": 48.01931778,
    "_stock_k": 62.45973128,
    "_stock_d": 59.05562655,
    "_stock_k1": 56.89360041,
    "_stock_d1": 56.43379347,
    "_macd_blue": -0.47483946,
    "_macd_orange": -0.29169615,
    "_cci20": 21.94405783,
    "_cci201": 17.79559682,
    "_ema10": 73.92687432,
    "_ema20": 74.06485029,
    "_ema30": 74.30060704,
    "_ema50": 74.51435648,
    "_ema100": 74.14701717,
    "_ema200": 72.71573025,
    "_psar": 71.72968496,
    "_wr": -30.78651685,
    "_mom": 2.14,
    "_mom1": 0.93,
    "stock_diff": 3.4,
    "rsi_diff": 3.13
}
