{
    "open": 95.5,
    "low": 94.91,
    "high": 96.68,
    "close": 95.43,
    "volume": 2125886,
    "change": -1.54750851,
    "_rsi": 47.60364327,
    "_rsi1": 50.46679598,
    "_stock_k": 85.21161557,
    "_stock_d": 89.32678301,
    "_stock_k1": 91.50738947,
    "_stock_d1": 90.5553538,
    "_macd_blue": -3.41684459,
    "_macd_orange": -2.06886953,
    "_cci20": 70.67843988,
    "_cci201": 112.9290029,
    "_ema10": 94.40413447,
    "_ema20": 95.22647846,
    "_ema30": 97.215501,
    "_ema50": 100.76923919,
    "_ema100": 107.27087492,
    "_ema200": 116.32555277,
    "_psar": 90.28166977,
    "_wr": -22.28017884,
    "_mom": 3.45,
    "_mom1": 10.68,
    "stock_diff": -4.12,
    "rsi_diff": -2.86
}
