{
    "open": 77.69,
    "low": 75.51,
    "high": 78.7,
    "close": 76.66,
    "volume": 7796801,
    "change": -2.35638772,
    "_rsi": 51.38053083,
    "_rsi1": 56.9769335,
    "_stock_k": 71.33528419,
    "_stock_d": 64.56067778,
    "_stock_k1": 66.86345856,
    "_stock_d1": 53.10394586,
    "_macd_blue": 0.7504779,
    "_macd_orange": 0.58850399,
    "_cci20": 2.75596087,
    "_cci201": 90.41277418,
    "_ema10": 76.86891779,
    "_ema20": 76.60241213,
    "_ema30": 75.94978629,
    "_ema50": 74.2248159,
    "_ema100": 70.50612691,
    "_ema200": 65.23467794,
    "_psar": 73.7572,
    "_wr": -45.54317549,
    "_mom": -1.21,
    "_mom1": 1.97,
    "stock_diff": 6.77,
    "rsi_diff": -5.6
}
