{
    "open": 543.35,
    "low": 543.2,
    "high": 553.17,
    "close": 552.79,
    "volume": 1974206,
    "change": 1.72988093,
    "_rsi": 67.11912988,
    "_rsi1": 63.0572963,
    "_stock_k": 92.19296238,
    "_stock_d": 84.28255081,
    "_stock_k1": 82.14936719,
    "_stock_d1": 78.00813354,
    "_macd_blue": 4.57772282,
    "_macd_orange": 7.40705047,
    "_cci20": 164.32208613,
    "_cci201": 133.02929753,
    "_ema10": 535.13488706,
    "_ema20": 528.12835979,
    "_ema30": 524.89165618,
    "_ema50": 521.99135553,
    "_ema100": 511.30366156,
    "_ema200": 481.18527088,
    "_psar": 519.19523156,
    "_wr": -0.90757105,
    "_mom": 19.74,
    "_mom1": 15.39,
    "stock_diff": 7.91,
    "rsi_diff": 4.06
}
