{
    "open": 82.91,
    "low": 82.76,
    "high": 83.79,
    "close": 83.7,
    "volume": 5497989,
    "change": 1.36853579,
    "_rsi": 62.35706056,
    "_rsi1": 59.0914167,
    "_stock_k": 67.32268556,
    "_stock_d": 64.51120549,
    "_stock_k1": 61.99643454,
    "_stock_d1": 63.75630607,
    "_macd_blue": 0.97582823,
    "_macd_orange": 1.29990382,
    "_cci20": 95.81791049,
    "_cci201": 74.75178346,
    "_ema10": 82.07278191,
    "_ema20": 80.86608374,
    "_ema30": 80.37090573,
    "_ema50": 80.56521697,
    "_ema100": 81.45193328,
    "_ema200": 80.89992292,
    "_psar": 81.42,
    "_wr": -24.42528736,
    "_mom": 3.54,
    "_mom1": 2.25,
    "stock_diff": 2.81,
    "rsi_diff": 3.27
}
