{
    "open": 106.83,
    "low": 104.1,
    "high": 106.94,
    "close": 104.98,
    "volume": 794300,
    "change": -2.69719158,
    "_rsi": 54.58268238,
    "_rsi1": 60.58614523,
    "_stock_k": 77.29083665,
    "_stock_d": 84.40313463,
    "_stock_k1": 85.18307721,
    "_stock_d1": 89.53730278,
    "_macd_blue": -0.26232603,
    "_macd_orange": 1.01839248,
    "_cci20": 84.64847842,
    "_cci201": 145.84590456,
    "_ema10": 103.96296841,
    "_ema20": 102.46725563,
    "_ema30": 102.64820256,
    "_ema50": 104.90555026,
    "_ema100": 110.45617834,
    "_ema200": 113.00115009,
    "_psar": 97.06899043,
    "_wr": -33.52305065,
    "_mom": 6.29,
    "_mom1": 13.69,
    "stock_diff": -7.11,
    "rsi_diff": -6.0
}
