{
    "open": 80.07,
    "low": 79.69,
    "high": 80.95,
    "close": 80.46,
    "volume": 4641248,
    "change": 1.52681388,
    "_rsi": 59.98372179,
    "_rsi1": 57.25223,
    "_stock_k": 92.05226739,
    "_stock_d": 85.15400997,
    "_stock_k1": 86.20828536,
    "_stock_d1": 72.242764,
    "_macd_blue": 0.63657112,
    "_macd_orange": 0.93030001,
    "_cci20": 186.12098972,
    "_cci201": 157.04325129,
    "_ema10": 78.15353471,
    "_ema20": 77.40169277,
    "_ema30": 76.73460004,
    "_ema50": 75.1329904,
    "_ema100": 71.46675912,
    "_ema200": 66.08531166,
    "_psar": 73.593264,
    "_wr": -6.3022508,
    "_mom": 5.03,
    "_mom1": 3.03,
    "stock_diff": 6.9,
    "rsi_diff": 2.73
}
