{
    "open": 201.7,
    "low": 201.11,
    "high": 208.04,
    "close": 207.84,
    "volume": 29495670,
    "change": 2.06747532,
    "_rsi": 45.65068862,
    "_rsi1": 42.91272473,
    "_stock_k": 56.15154575,
    "_stock_d": 32.28188905,
    "_stock_k1": 30.28329455,
    "_stock_d1": 18.24956413,
    "_macd_blue": -18.5244884,
    "_macd_orange": -14.17939108,
    "_cci20": 56.10742225,
    "_cci201": -3.5548497,
    "_ema10": 198.67258313,
    "_ema20": 206.55532362,
    "_ema30": 218.64144258,
    "_ema50": 240.94719052,
    "_ema100": 274.41681402,
    "_ema200": 295.13997605,
    "_psar": 185.911,
    "_wr": -19.43155707,
    "_mom": 4.87,
    "_mom1": -4.48,
    "stock_diff": 23.87,
    "rsi_diff": 2.74
}
