{
    "open": 16.49,
    "low": 16.25,
    "high": 16.61,
    "close": 16.35,
    "volume": 58172,
    "change": 0.12247397,
    "_rsi": 51.24995426,
    "_rsi1": 51.11860479,
    "_stock_k": 75.75757576,
    "_stock_d": 79.95580808,
    "_stock_k1": 79.73484848,
    "_stock_d1": 80.87121212,
    "_macd_blue": -0.2862141,
    "_macd_orange": -0.06852288,
    "_cci20": 65.24656565,
    "_cci201": 70.78817075,
    "_ema10": 16.13885402,
    "_ema20": 16.06440917,
    "_ema30": 16.24388892,
    "_ema50": 16.7459776,
    "_ema100": 17.54518564,
    "_ema200": 17.66923443,
    "_psar": 14.36129662,
    "_wr": -26.70454545,
    "_mom": -0.78,
    "_mom1": 1.44,
    "stock_diff": -4.2,
    "rsi_diff": 0.13
}
