{
    "open": 80.64,
    "low": 79.76,
    "high": 80.88,
    "close": 80.43,
    "volume": 1976603,
    "change": -0.83836765,
    "_rsi": 48.56905726,
    "_rsi1": 50.36668396,
    "_stock_k": 43.0926509,
    "_stock_d": 40.97237566,
    "_stock_k1": 41.58287494,
    "_stock_d1": 38.82323295,
    "_macd_blue": -0.40307036,
    "_macd_orange": -0.45876594,
    "_cci20": -29.75159679,
    "_cci201": -14.43628329,
    "_ema10": 80.38213485,
    "_ema20": 80.83753836,
    "_ema30": 80.92636189,
    "_ema50": 80.5281868,
    "_ema100": 79.51224577,
    "_ema200": 78.21238101,
    "_psar": 82.02897737,
    "_wr": -52.51141553,
    "_mom": 0.67,
    "_mom1": 5.8,
    "stock_diff": 2.12,
    "rsi_diff": -1.8
}
