{
    "open": 93.59,
    "low": 93.55,
    "high": 93.73,
    "close": 93.65,
    "volume": 2269722,
    "change": 0.06410941,
    "_rsi": 64.70761321,
    "_rsi1": 63.76167078,
    "_stock_k": 74.19354839,
    "_stock_d": 74.7311828,
    "_stock_k1": 72.75985663,
    "_stock_d1": 78.37514934,
    "_macd_blue": 0.49857285,
    "_macd_orange": 0.43312017,
    "_cci20": 96.35362198,
    "_cci201": 80.78206017,
    "_ema10": 93.54140041,
    "_ema20": 93.28250988,
    "_ema30": 92.88197293,
    "_ema50": 91.5653764,
    "_ema100": 87.88837106,
    "_ema200": 83.47676138,
    "_psar": 93.8568,
    "_wr": -23.65591398,
    "_mom": 0.65,
    "_mom1": 0.49,
    "stock_diff": -0.54,
    "rsi_diff": 0.95
}
