{
    "open": 428.73,
    "low": 419.29,
    "high": 430.98,
    "close": 419.91,
    "volume": 325811,
    "change": -3.17515219,
    "_rsi": 48.76247759,
    "_rsi1": 53.9914192,
    "_stock_k": 81.27270684,
    "_stock_d": 88.15715051,
    "_stock_k1": 90.25660553,
    "_stock_d1": 88.69226455,
    "_macd_blue": -15.92845405,
    "_macd_orange": -7.70285983,
    "_cci20": 87.0788573,
    "_cci201": 140.6735164,
    "_ema10": 415.55056701,
    "_ema20": 416.52892051,
    "_ema30": 426.59604333,
    "_ema50": 449.91648832,
    "_ema100": 486.05175858,
    "_ema200": 497.29365648,
    "_psar": 388.38024263,
    "_wr": -30.90003371,
    "_mom": 20.8,
    "_mom1": 49.76,
    "stock_diff": -6.88,
    "rsi_diff": -5.23
}
