{
    "open": 58.08,
    "low": 57.93,
    "high": 60.42,
    "close": 60.22,
    "change": 3.97099448,
    "_rsi": 70.77432358,
    "_rsi1": 64.99920109,
    "_stock_k": 76.28801986,
    "_stock_d": 79.24887564,
    "_stock_k1": 77.5781143,
    "_stock_d1": 79.91411984,
    "_macd_blue": 2.33778927,
    "_macd_orange": 1.98835875,
    "_cci20": 109.42656905,
    "_cci201": 90.43810498,
    "_ema10": 57.75361225,
    "_ema20": 55.89339249,
    "_ema30": 54.42306778,
    "_ema50": 51.98257872,
    "_ema100": 47.64686309,
    "_ema200": 42.18680687,
    "_psar": 56.12206265,
    "stock_diff": -2.96,
    "rsi_diff": 5.78
}
