{
    "open": 100.26,
    "low": 98.6,
    "high": 100.31,
    "close": 98.78,
    "volume": 2356940,
    "change": -1.71144279,
    "_rsi": 51.5487174,
    "_rsi1": 56.65428347,
    "_stock_k": 80.85963005,
    "_stock_d": 88.39778845,
    "_stock_k1": 90.9717891,
    "_stock_d1": 91.18329376,
    "_macd_blue": -0.72607938,
    "_macd_orange": 0.00403652,
    "_cci20": 83.57308658,
    "_cci201": 134.34603623,
    "_ema10": 98.39078928,
    "_ema20": 97.98111378,
    "_ema30": 98.38530192,
    "_ema50": 99.50109714,
    "_ema100": 101.81004748,
    "_ema200": 104.7306445,
    "_psar": 94.55447712,
    "_wr": -31.76020408,
    "_mom": 2.51,
    "_mom1": 6.3,
    "stock_diff": -7.54,
    "rsi_diff": -5.11
}
