{
    "open": 552.96,
    "low": 549.51,
    "high": 562.55,
    "close": 561.35,
    "volume": 3597545,
    "change": 1.54850848,
    "_rsi": 70.31946706,
    "_rsi1": 67.11912988,
    "_stock_k": 92.99392557,
    "_stock_d": 89.11208505,
    "_stock_k1": 92.19296238,
    "_stock_d1": 84.28255081,
    "_macd_blue": 5.4814538,
    "_macd_orange": 9.09637774,
    "_cci20": 186.41752619,
    "_cci201": 164.32208613,
    "_ema10": 539.90127123,
    "_ema20": 531.29232553,
    "_ema30": 527.24380739,
    "_ema50": 523.53483178,
    "_ema100": 512.29467816,
    "_ema200": 481.98292988,
    "_psar": 523.27220377,
    "_wr": -2.36360055,
    "_mom": 35.85,
    "_mom1": 19.74,
    "stock_diff": 3.88,
    "rsi_diff": 3.2
}
