{
    "open": 544.53,
    "low": 541,
    "high": 551.62,
    "close": 548.485,
    "volume": 1047045,
    "change": 1.13678271,
    "_rsi": 65.21973292,
    "_rsi1": 62.56854632,
    "_stock_k": 85.81162837,
    "_stock_d": 79.22888727,
    "_stock_k1": 78.50532285,
    "_stock_d1": 75.38472512,
    "_macd_blue": 3.95167866,
    "_macd_orange": 6.42111803,
    "_cci20": 160.39344457,
    "_cci201": 121.67773098,
    "_ema10": 532.13789226,
    "_ema20": 526.01763576,
    "_ema30": 523.29634214,
    "_ema50": 520.93407192,
    "_ema100": 510.5664448,
    "_ema200": 480.51632188,
    "_psar": 515.59247951,
    "_wr": -6.76026817,
    "_mom": 20.485,
    "_mom1": 19.39,
    "stock_diff": 6.58,
    "rsi_diff": 2.65
}
