{
    "open": 53.43,
    "low": 52.63,
    "high": 53.48,
    "close": 52.92,
    "volume": 2720261,
    "change": -0.82458771,
    "_rsi": 37.01699295,
    "_rsi1": 38.30229217,
    "_stock_k": 35.87276129,
    "_stock_d": 53.6220262,
    "_stock_k1": 51.69740711,
    "_stock_d1": 69.8056418,
    "_macd_blue": -1.28670316,
    "_macd_orange": -1.1099951,
    "_cci20": -114.52006375,
    "_cci201": -77.35137623,
    "_ema10": 54.76950012,
    "_ema20": 55.42287294,
    "_ema30": 56.38217434,
    "_ema50": 58.18198335,
    "_ema100": 60.28616118,
    "_ema200": 60.56883353,
    "_psar": 57.825,
    "_wr": -78.66880513,
    "_mom": -0.93,
    "_mom1": -0.75,
    "stock_diff": -17.75,
    "rsi_diff": -1.29
}
