{
    "open": 52.54,
    "low": 52.29,
    "high": 52.845,
    "close": 52.59,
    "volume": 21553376,
    "change": 0.76643035,
    "_rsi": 56.54370255,
    "_rsi1": 54.91528376,
    "_stock_k": 69.51518581,
    "_stock_d": 77.02088919,
    "_stock_k1": 75.76117714,
    "_stock_d1": 85.27421456,
    "_macd_blue": 0.40305484,
    "_macd_orange": 0.83765904,
    "_cci20": 60.6770367,
    "_cci201": 69.06460956,
    "_ema10": 52.3433852,
    "_ema20": 51.43126332,
    "_ema30": 51.22635686,
    "_ema50": 51.31764433,
    "_ema100": 50.70098361,
    "_ema200": 48.0809641,
    "_psar": 55.2371,
    "_wr": -30.67345784,
    "_mom": 3.39,
    "_mom1": 3.44,
    "stock_diff": -7.51,
    "rsi_diff": 1.63
}
