{
    "open": 72.09,
    "low": 71.21,
    "high": 72.72,
    "close": 71.83,
    "volume": 27716229,
    "change": 0.0139237,
    "_rsi": 51.37496626,
    "_rsi1": 51.34724835,
    "_stock_k": 46.85741962,
    "_stock_d": 60.42849597,
    "_stock_k1": 60.87668529,
    "_stock_d1": 69.79010102,
    "_macd_blue": 2.37415847,
    "_macd_orange": 2.00528968,
    "_cci20": -0.2069729,
    "_cci201": -1.61931867,
    "_ema10": 73.7321793,
    "_ema20": 72.42749866,
    "_ema30": 70.94214859,
    "_ema50": 68.31209236,
    "_ema100": 63.78451389,
    "_ema200": 58.58416446,
    "_psar": 79.700736,
    "_wr": -64.73765432,
    "_mom": -1.09,
    "_mom1": 0.53,
    "stock_diff": -13.57,
    "rsi_diff": 0.03
}
