{
    "open": 65.75,
    "low": 65.75,
    "high": 67.45,
    "close": 66.99,
    "volume": 1309195,
    "change": 3.41154677,
    "_rsi": 49.52895636,
    "_rsi1": 42.94046656,
    "_stock_k": 43.76359529,
    "_stock_d": 31.83324462,
    "_stock_k1": 28.23278062,
    "_stock_d1": 24.96559495,
    "_macd_blue": -1.71974666,
    "_macd_orange": -1.64792083,
    "_cci20": -4.29750584,
    "_cci201": -59.19547106,
    "_ema10": 65.19073548,
    "_ema20": 66.44464862,
    "_ema30": 67.40122957,
    "_ema50": 68.39061828,
    "_ema100": 68.77573361,
    "_ema200": 66.91747709,
    "_psar": 61.8365024,
    "_wr": -35.95375723,
    "_mom": -0.45,
    "_mom1": -0.31,
    "stock_diff": 11.93,
    "rsi_diff": 6.59
}
