{
    "open": 426.08,
    "low": 421.49,
    "high": 432.21,
    "close": 432.14,
    "volume": 5544251,
    "change": 2.18491369,
    "_rsi": 43.19931958,
    "_rsi1": 39.98094692,
    "_stock_k": 49.01814504,
    "_stock_d": 59.68722151,
    "_stock_k1": 58.30059537,
    "_stock_d1": 63.39506918,
    "_macd_blue": -13.80409472,
    "_macd_orange": -11.13161243,
    "_cci20": -76.25003726,
    "_cci201": -98.95660553,
    "_ema10": 440.92474292,
    "_ema20": 447.27706942,
    "_ema30": 457.02048256,
    "_ema50": 478.7030312,
    "_ema100": 518.22920339,
    "_ema200": 539.50601178,
    "_psar": 413.91256448,
    "_wr": -62.21111805,
    "_mom": -6.81,
    "_mom1": -27.97,
    "stock_diff": -10.67,
    "rsi_diff": 3.22
}
