{
    "open": 35.72,
    "low": 35.07,
    "high": 35.79,
    "close": 35.11,
    "volume": 16992,
    "change": -2.79623477,
    "_rsi": 47.06793356,
    "_rsi1": 52.7892472,
    "_stock_k": 78.21366179,
    "_stock_d": 78.38250422,
    "_stock_k1": 82.55592985,
    "_stock_d1": 75.91827621,
    "_macd_blue": -0.63524694,
    "_macd_orange": -0.39442845,
    "_cci20": 23.74130669,
    "_cci201": 72.95251204,
    "_ema10": 35.19658694,
    "_ema20": 35.37909607,
    "_ema30": 35.71392228,
    "_ema50": 36.17851558,
    "_ema100": 36.40654478,
    "_ema200": 35.41815608,
    "_psar": 33.64435521,
    "_wr": -33.17422434,
    "_mom": 0.97,
    "_mom1": 3.44,
    "stock_diff": -0.17,
    "rsi_diff": -5.72
}
