{
    "open": 139.07,
    "low": 137.54,
    "high": 139.76,
    "close": 137.64,
    "volume": 8761055,
    "change": -1.76290058,
    "_rsi": 45.27130038,
    "_rsi1": 48.9272978,
    "_stock_k": 55.56637369,
    "_stock_d": 55.08615367,
    "_stock_k1": 55.7309653,
    "_stock_d1": 53.88975901,
    "_macd_blue": -2.74362749,
    "_macd_orange": -2.1772874,
    "_cci20": -14.87603121,
    "_cci201": 6.80977674,
    "_ema10": 138.03833197,
    "_ema20": 139.42929027,
    "_ema30": 140.99490907,
    "_ema50": 143.80481406,
    "_ema100": 150.14457297,
    "_ema200": 157.06201088,
    "_psar": 129.40170752,
    "_wr": -41.68765743,
    "_mom": 3.99,
    "_mom1": 8.36,
    "stock_diff": 0.48,
    "rsi_diff": -3.66
}
