{
    "open": 237.04,
    "low": 236.47,
    "high": 238.44,
    "close": 238.12,
    "volume": 2936938,
    "change": 1.18986911,
    "_rsi": 48.43168173,
    "_rsi1": 44.5329908,
    "_stock_k": 78.41809638,
    "_stock_d": 74.99707056,
    "_stock_k1": 74.31201369,
    "_stock_d1": 69.03395239,
    "_macd_blue": -5.60540107,
    "_macd_orange": -3.89108991,
    "_cci20": 23.74591336,
    "_cci201": 4.16627776,
    "_ema10": 234.96901117,
    "_ema20": 237.07484132,
    "_ema30": 240.1709451,
    "_ema50": 244.54258659,
    "_ema100": 247.52749474,
    "_ema200": 244.00094701,
    "_psar": 224.09022712,
    "_wr": -17.09850862,
    "_mom": 15.33,
    "_mom1": 10.99,
    "stock_diff": 3.42,
    "rsi_diff": 3.9
}
