{
    "open": 150.625,
    "low": 149.25,
    "high": 151.785,
    "close": 149.73,
    "volume": 2353949,
    "change": -0.35935316,
    "_rsi": 44.37901311,
    "_rsi1": 45.17466468,
    "_stock_k": 33.43808925,
    "_stock_d": 19.9092274,
    "_stock_k1": 19.75560474,
    "_stock_d1": 11.2109595,
    "_macd_blue": -2.61910316,
    "_macd_orange": -2.97074113,
    "_cci20": -45.79834319,
    "_cci201": -69.23085725,
    "_ema10": 149.27835617,
    "_ema20": 151.72758857,
    "_ema30": 153.31866034,
    "_ema50": 154.50113598,
    "_ema100": 153.16119266,
    "_ema200": 148.58900375,
    "_psar": 143.1802,
    "_wr": -57.88812068,
    "_mom": -4.06,
    "_mom1": -3.04,
    "stock_diff": 13.53,
    "rsi_diff": -0.8
}
