{
    "open": 37.85,
    "low": 37.79,
    "high": 38.75,
    "close": 38.53,
    "volume": 10670414,
    "change": 2.12032865,
    "_rsi": 60.46475719,
    "_rsi1": 57.27572806,
    "_stock_k": 89.17477238,
    "_stock_d": 90.08505066,
    "_stock_k1": 89.17658125,
    "_stock_d1": 83.84060954,
    "_macd_blue": -0.0069356,
    "_macd_orange": 0.37726299,
    "_cci20": 167.03801469,
    "_cci201": 167.64903588,
    "_ema10": 36.98835167,
    "_ema20": 36.52503029,
    "_ema30": 36.4304858,
    "_ema50": 36.27552042,
    "_ema100": 35.29760717,
    "_ema200": 33.17835819,
    "_psar": 34.54724592,
    "_wr": -5.24233432,
    "_mom": 2.38,
    "_mom1": 1.68,
    "stock_diff": -0.91,
    "rsi_diff": 3.19
}
