{
    "open": 350.41,
    "low": 345.65,
    "high": 351.54,
    "close": 349.02,
    "volume": 2156488,
    "change": -0.09446114,
    "_rsi": 51.26918621,
    "_rsi1": 51.48910323,
    "_stock_k": 85.3580298,
    "_stock_d": 84.95676822,
    "_stock_k1": 85.70985099,
    "_stock_d1": 84.85819783,
    "_macd_blue": -5.63949525,
    "_macd_orange": -2.77969379,
    "_cci20": 64.32353896,
    "_cci201": 40.78273127,
    "_ema10": 344.51119131,
    "_ema20": 345.23294554,
    "_ema30": 347.9928378,
    "_ema50": 351.44172787,
    "_ema100": 353.82082511,
    "_ema200": 353.89232351,
    "_psar": 328.27581993,
    "_wr": -10.15107616,
    "_mom": 24.23,
    "_mom1": 24.76,
    "stock_diff": 0.4,
    "rsi_diff": -0.22
}
