{
    "open": 105,
    "low": 104.59,
    "high": 107.4465,
    "close": 106.98,
    "volume": 6808921,
    "change": 2.38300316,
    "_rsi": 58.77691201,
    "_rsi1": 51.89135928,
    "_stock_k": 75.6753441,
    "_stock_d": 68.37932413,
    "_stock_k1": 66.50778253,
    "_stock_d1": 62.66209442,
    "_macd_blue": -0.11602962,
    "_macd_orange": 0.15722775,
    "_cci20": 221.26151137,
    "_cci201": 16.91873475,
    "_ema10": 104.40771927,
    "_ema20": 104.2067978,
    "_ema30": 104.08775226,
    "_ema50": 103.21789822,
    "_ema100": 99.67239807,
    "_ema200": 93.30374226,
    "_psar": 101.09,
    "_wr": -5.19112001,
    "_mom": 4.93,
    "_mom1": 0.84,
    "stock_diff": 7.3,
    "rsi_diff": 6.89
}
