{
    "open": 410,
    "low": 400.28,
    "high": 410,
    "close": 405.24,
    "volume": 360809,
    "change": -0.78589791,
    "_rsi": 56.44469136,
    "_rsi1": 58.29261881,
    "_stock_k": 78.16550349,
    "_stock_d": 81.97998597,
    "_stock_k1": 82.72405007,
    "_stock_d1": 86.40744433,
    "_macd_blue": 2.61567535,
    "_macd_orange": 6.04170389,
    "_cci20": 77.71799011,
    "_cci201": 88.5408494,
    "_ema10": 401.11032991,
    "_ema20": 394.59405746,
    "_ema30": 392.9619119,
    "_ema50": 395.15007031,
    "_ema100": 401.13048574,
    "_ema200": 391.8801584,
    "_psar": 376.5014587,
    "_wr": -22.44931871,
    "_mom": 42.03,
    "_mom1": 36.98,
    "stock_diff": -3.81,
    "rsi_diff": -1.85
}
