{
    "open": 64.53,
    "low": 64.26,
    "high": 65.15,
    "close": 64.35,
    "change": 0.71998748,
    "_rsi": 40.59888688,
    "_rsi1": 39.13025889,
    "_stock_k": 27.26742247,
    "_stock_d": 18.99873373,
    "_stock_k1": 18.85545222,
    "_stock_d1": 11.42498685,
    "_macd_blue": -1.57526528,
    "_macd_orange": -2.03081485,
    "_cci20": -73.31303723,
    "_cci201": -97.31501749,
    "_ema10": 65.1322407,
    "_ema20": 66.91349418,
    "_ema30": 67.92162413,
    "_ema50": 68.82199941,
    "_ema100": 69.01082533,
    "_ema200": 66.97718069,
    "_psar": 61.45,
    "_wrr": -70.22587269,
    "stock_diff": 8.27,
    "rsi_diff": 1.47
}
