{
    "open": 84.09,
    "low": 83.21,
    "high": 84.24,
    "close": 83.94,
    "volume": 5464008,
    "change": 0.28673835,
    "_rsi": 63.03205039,
    "_rsi1": 62.35706056,
    "_stock_k": 71.31226054,
    "_stock_d": 66.87712688,
    "_stock_k1": 67.32268556,
    "_stock_d1": 64.51120549,
    "_macd_blue": 1.05569163,
    "_macd_orange": 1.37514526,
    "_cci20": 102.65725717,
    "_cci201": 95.81791049,
    "_ema10": 82.41227611,
    "_ema20": 81.15883767,
    "_ema30": 80.60116988,
    "_ema50": 80.6975614,
    "_ema100": 81.50120192,
    "_ema200": 80.93017244,
    "_psar": 81.818,
    "_wr": -20.97701149,
    "_mom": 4.64,
    "_mom1": 3.54,
    "stock_diff": 4.44,
    "rsi_diff": 0.67
}
