{
    "open": 40.68,
    "low": 39.8462,
    "high": 41.28,
    "close": 40.52,
    "volume": 7201808,
    "change": -0.88062622,
    "_rsi": 64.88960459,
    "_rsi1": 66.71599341,
    "_stock_k": 79.22161493,
    "_stock_d": 74.1466036,
    "_stock_k1": 77.55970454,
    "_stock_d1": 68.80675765,
    "_macd_blue": 1.57501883,
    "_macd_orange": 1.67788969,
    "_cci20": 101.77909397,
    "_cci201": 114.4867526,
    "_ema10": 38.93672291,
    "_ema20": 37.66203304,
    "_ema30": 36.57489341,
    "_ema50": 34.79507696,
    "_ema100": 31.56892354,
    "_ema200": 27.58148648,
    "_psar": 34.9337,
    "_wr": -17.44772891,
    "_mom": 1.89,
    "_mom1": 2.96,
    "stock_diff": 5.08,
    "rsi_diff": -1.83
}
