{
    "open": 57.97,
    "low": 57.97,
    "high": 59.035,
    "close": 58.54,
    "volume": 17799380,
    "change": 1.07044199,
    "_rsi": 39.06647105,
    "_rsi1": 34.81608248,
    "_stock_k": 11.11111111,
    "_stock_d": 8.1105077,
    "_stock_k1": 7.61496603,
    "_stock_d1": 10.94898714,
    "_macd_blue": -0.06322466,
    "_macd_orange": -0.58139277,
    "_cci20": -127.23424064,
    "_cci201": -167.8661691,
    "_ema10": 59.65967431,
    "_ema20": 60.35922485,
    "_ema30": 60.47030156,
    "_ema50": 60.13341891,
    "_ema100": 58.9183189,
    "_ema200": 57.1531974,
    "_psar": 62.42555756,
    "_wr": -81.15942029,
    "_mom": -3.7,
    "_mom1": -4.93,
    "stock_diff": 3.0,
    "rsi_diff": 4.25
}
