{
    "open": 97.66,
    "low": 97.17,
    "high": 98.18,
    "close": 97.29,
    "volume": 2299556,
    "change": -0.74474597,
    "_rsi": 59.51114062,
    "_rsi1": 62.39531357,
    "_stock_k": 86.4832972,
    "_stock_d": 88.80795744,
    "_stock_k1": 91.81125977,
    "_stock_d1": 85.42650132,
    "_macd_blue": 0.35282193,
    "_macd_orange": 0.96253792,
    "_cci20": 133.44756044,
    "_cci201": 175.24313096,
    "_ema10": 95.79764113,
    "_ema20": 94.78610262,
    "_ema30": 94.42162228,
    "_ema50": 94.19613125,
    "_ema100": 94.35417415,
    "_ema200": 93.49495163,
    "_psar": 93.02800034,
    "_wr": -20.6601467,
    "_mom": 2.9,
    "_mom1": 4.32,
    "stock_diff": -2.32,
    "rsi_diff": -2.88
}
