{
    "open": 115.57,
    "low": 115.57,
    "high": 116.71,
    "close": 116.005,
    "change": 1.04965157,
    "_rsi": 53.69324693,
    "_rsi1": 50.71591653,
    "_stock_k": 73.47266881,
    "_stock_d": 56.20613805,
    "_stock_k1": 54.62948952,
    "_stock_d1": 44.56927894,
    "_macd_blue": -0.11864212,
    "_macd_orange": -0.14833033,
    "_cci20": 44.22048251,
    "_cci201": -15.32674891,
    "_ema10": 114.46389808,
    "_ema20": 114.66286243,
    "_ema30": 114.58022886,
    "_ema50": 113.83695871,
    "_ema100": 111.30140059,
    "_ema200": 105.5747109,
    "_psar": 110.1164,
    "_wrr": -18.27438371,
    "stock_diff": 17.27,
    "rsi_diff": 2.98
}
