{
    "open": 292.21,
    "low": 290.18,
    "high": 296.28,
    "close": 296.24,
    "volume": 358493,
    "change": 2.33522178,
    "_rsi": 55.45125379,
    "_rsi1": 51.78284516,
    "_stock_k": 86.25085363,
    "_stock_d": 90.04115897,
    "_stock_k1": 87.90127764,
    "_stock_d1": 93.03957201,
    "_macd_blue": -0.28118087,
    "_macd_orange": 2.28042018,
    "_cci20": 100.70034181,
    "_cci201": 96.61163882,
    "_ema10": 290.52840255,
    "_ema20": 287.40182898,
    "_ema30": 287.44315696,
    "_ema50": 290.30337703,
    "_ema100": 294.2939142,
    "_ema200": 281.95680068,
    "_psar": 266.62828834,
    "_wr": -11.81424994,
    "_mom": 15.15,
    "_mom1": 6.28,
    "stock_diff": -3.79,
    "rsi_diff": 3.67
}
