{
    "open": 156.67,
    "low": 155.3338,
    "high": 157.295,
    "close": 155.6,
    "volume": 760210,
    "change": -0.62587815,
    "_rsi": 50.5011116,
    "_rsi1": 52.86882113,
    "_stock_k": 49.1659956,
    "_stock_d": 58.54471618,
    "_stock_k1": 60.62611077,
    "_stock_d1": 64.07774728,
    "_macd_blue": -0.22315838,
    "_macd_orange": 0.34471918,
    "_cci20": 37.54423675,
    "_cci201": 53.60562505,
    "_ema10": 155.90253621,
    "_ema20": 155.19369644,
    "_ema30": 155.61720929,
    "_ema50": 157.87760117,
    "_ema100": 162.38077301,
    "_ema200": 163.71052648,
    "_psar": 151.71514488,
    "_wr": -58.94833948,
    "_mom": 1.81,
    "_mom1": 2.33,
    "stock_diff": -9.38,
    "rsi_diff": -2.37
}
