{
    "open": 98.45,
    "low": 97.42,
    "high": 98.7,
    "close": 97.77,
    "volume": 2122780,
    "change": 0.49337034,
    "_rsi": 60.7944173,
    "_rsi1": 59.51114062,
    "_stock_k": 84.22188013,
    "_stock_d": 87.50547903,
    "_stock_k1": 86.4832972,
    "_stock_d1": 88.80795744,
    "_macd_blue": 0.49682013,
    "_macd_orange": 1.07281291,
    "_cci20": 132.95849085,
    "_cci201": 133.44756044,
    "_ema10": 96.15625184,
    "_ema20": 95.07028332,
    "_ema30": 94.63764665,
    "_ema50": 94.33628296,
    "_ema100": 94.42181427,
    "_ema200": 93.53748942,
    "_psar": 93.6232003,
    "_wr": -14.9382716,
    "_mom": 3.03,
    "_mom1": 2.9,
    "stock_diff": -3.28,
    "rsi_diff": 1.28
}
