{
    "open": 97.89,
    "low": 95.715,
    "high": 98.48,
    "close": 96.59,
    "volume": 1747576,
    "change": -2.72910373,
    "_rsi": 45.65358803,
    "_rsi1": 49.99032166,
    "_stock_k": 27.20894597,
    "_stock_d": 32.23044223,
    "_stock_k1": 34.74962064,
    "_stock_d1": 35.27130568,
    "_macd_blue": -0.01046604,
    "_macd_orange": -0.17098205,
    "_cci20": -48.31315857,
    "_cci201": 7.6672182,
    "_ema10": 98.8568258,
    "_ema20": 99.01649105,
    "_ema30": 99.18487582,
    "_ema50": 100.15468606,
    "_ema100": 103.3371264,
    "_ema200": 106.52899325,
    "_psar": 107.76868223,
    "_wr": -78.86886265,
    "_mom": -5.15,
    "_mom1": -1.83,
    "stock_diff": -5.02,
    "rsi_diff": -4.34
}
