{
    "open": 181.05,
    "low": 179.8,
    "high": 184.28,
    "close": 183.57,
    "volume": 882483,
    "change": 2.15927431,
    "_rsi": 56.77195499,
    "_rsi1": 52.62464413,
    "_stock_k": 69.66615828,
    "_stock_d": 72.88932398,
    "_stock_k1": 71.22521607,
    "_stock_d1": 78.29171345,
    "_macd_blue": 0.80769942,
    "_macd_orange": 1.40631042,
    "_cci20": 112.64266223,
    "_cci201": 56.53591403,
    "_ema10": 179.85607507,
    "_ema20": 178.62864572,
    "_ema30": 177.69005526,
    "_ema50": 175.16172609,
    "_ema100": 168.68157688,
    "_ema200": 159.98606101,
    "_psar": 171.56728987,
    "_wr": -15.86171835,
    "_mom": 11.35,
    "_mom1": 5.79,
    "stock_diff": -3.22,
    "rsi_diff": 4.15
}
