{
    "open": 74.92,
    "low": 74.7,
    "high": 75.65,
    "close": 75.56,
    "volume": 18024,
    "change": 1.72320948,
    "_rsi": 49.46573254,
    "_rsi1": 43.70244407,
    "_stock_k": 39.8273661,
    "_stock_d": 33.79146297,
    "_stock_k1": 29.96661102,
    "_stock_d1": 34.78946392,
    "_macd_blue": -0.98350805,
    "_macd_orange": -0.90142079,
    "_cci20": 8.39700871,
    "_cci201": -79.96026819,
    "_ema10": 74.60943723,
    "_ema20": 75.22790212,
    "_ema30": 75.87254235,
    "_ema50": 76.91371995,
    "_ema100": 77.92667849,
    "_ema200": 76.94472315,
    "_psar": 72.83,
    "_wr": -44.62474645,
    "_mom": -0.57,
    "_mom1": -1.12,
    "stock_diff": 6.04,
    "rsi_diff": 5.76
}
