{
    "open": 189.83,
    "low": 186.64,
    "high": 191.64,
    "close": 186.94,
    "volume": 3265643,
    "change": -2.48304643,
    "_rsi": 49.7717844,
    "_rsi1": 53.73072344,
    "_stock_k": 85.01052948,
    "_stock_d": 87.63489914,
    "_stock_k1": 89.45369775,
    "_stock_d1": 88.61145282,
    "_macd_blue": -0.72817883,
    "_macd_orange": 0.25484269,
    "_cci20": 29.02189408,
    "_cci201": 48.01422048,
    "_ema10": 187.78002559,
    "_ema20": 187.29277595,
    "_ema30": 187.10745638,
    "_ema50": 185.55785131,
    "_ema100": 180.3967081,
    "_ema200": 171.46279238,
    "_psar": 160.73154992,
    "_wr": -21.00631769,
    "_mom": 12.26,
    "_mom1": 26.01,
    "stock_diff": -2.62,
    "rsi_diff": -3.96
}
