{
    "open": 32.45,
    "low": 32.21,
    "high": 32.89,
    "close": 32.89,
    "volume": 5250778,
    "change": 1.88971499,
    "_rsi": 49.76434284,
    "_rsi1": 44.35223436,
    "_stock_k": 59.11784829,
    "_stock_d": 50.04974642,
    "_stock_k1": 47.3804414,
    "_stock_d1": 43.53334723,
    "_macd_blue": -0.7360389,
    "_macd_orange": -0.57700632,
    "_cci20": 6.15684446,
    "_cci201": -22.03847525,
    "_ema10": 32.26060322,
    "_ema20": 32.63636827,
    "_ema30": 33.0159128,
    "_ema50": 33.39094783,
    "_ema100": 33.62698749,
    "_ema200": 33.96301326,
    "_psar": 30.06,
    "_wr": -18.44380403,
    "_mom": 2.79,
    "_mom1": 1.61,
    "stock_diff": 9.07,
    "rsi_diff": 5.41
}
