{
    "open": 41.2,
    "low": 40.87,
    "high": 42.01,
    "close": 41.2,
    "volume": 15462559,
    "change": 0.02427774,
    "_rsi": 53.71912899,
    "_rsi1": 53.69043627,
    "_stock_k": 38.625,
    "_stock_d": 32.59318783,
    "_stock_k1": 34.46706349,
    "_stock_d1": 27.40337302,
    "_macd_blue": 0.62623065,
    "_macd_orange": 0.44204504,
    "_cci20": 41.74941808,
    "_cci201": 33.79687246,
    "_ema10": 40.58771655,
    "_ema20": 40.39012976,
    "_ema30": 39.92848487,
    "_ema50": 38.76347315,
    "_ema100": 36.38438958,
    "_ema200": 33.52815002,
    "_psar": 45.59693195,
    "_wr": -57.94285714,
    "_mom": -3.88,
    "_mom1": -0.91,
    "stock_diff": 6.03,
    "rsi_diff": 0.03
}
