{
    "open": 74.7,
    "low": 73.5384,
    "high": 74.91,
    "close": 73.63,
    "volume": 3876114,
    "change": -1.16778523,
    "_rsi": 39.39952357,
    "_rsi1": 42.20243395,
    "_stock_k": 33.74367315,
    "_stock_d": 27.63395525,
    "_stock_k1": 24.76689977,
    "_stock_d1": 24.7428102,
    "_macd_blue": -1.51582902,
    "_macd_orange": -1.47055898,
    "_cci20": -85.50062547,
    "_cci201": -81.96847482,
    "_ema10": 74.44387349,
    "_ema20": 75.50478265,
    "_ema30": 76.47619447,
    "_ema50": 77.70525219,
    "_ema100": 78.68957949,
    "_ema200": 79.03094515,
    "_psar": 76.04369311,
    "_wr": -73.06967985,
    "_mom": -1.91,
    "_mom1": -0.37,
    "stock_diff": 6.11,
    "rsi_diff": -2.8
}
