{
    "open": 66.95,
    "low": 66.94,
    "high": 67.68,
    "close": 67.54,
    "volume": 1953586,
    "change": 1.10778443,
    "_rsi": 57.26730525,
    "_rsi1": 53.12033507,
    "_stock_k": 64.94746896,
    "_stock_d": 66.12784338,
    "_stock_k1": 65.20821394,
    "_stock_d1": 69.68819634,
    "_macd_blue": 0.41444944,
    "_macd_orange": 0.48735894,
    "_cci20": 68.26567298,
    "_cci201": 39.5726123,
    "_ema10": 67.01527079,
    "_ema20": 66.60715058,
    "_ema30": 66.34129424,
    "_ema50": 65.95849223,
    "_ema100": 65.14588528,
    "_ema200": 63.72619585,
    "_psar": 66.37,
    "_wr": -23.78223496,
    "_mom": 2.14,
    "_mom1": 0.98,
    "stock_diff": -1.18,
    "rsi_diff": 4.15
}
