{
    "open": 26.06,
    "low": 26.05,
    "high": 26.555,
    "close": 26.34,
    "volume": 7754683,
    "change": 1.77743431,
    "_rsi": 56.96762792,
    "_rsi1": 52.80604539,
    "_stock_k": 90.01214407,
    "_stock_d": 88.94747082,
    "_stock_k1": 93.20954907,
    "_stock_d1": 77.79904145,
    "_macd_blue": -0.18863081,
    "_macd_orange": -0.06305414,
    "_cci20": 191.65584697,
    "_cci201": 85.30204259,
    "_ema10": 25.62041215,
    "_ema20": 25.62645214,
    "_ema30": 25.67284729,
    "_ema50": 25.62453753,
    "_ema100": 25.37042976,
    "_ema200": 24.97128816,
    "_psar": 24.5874208,
    "_wr": -10.36144578,
    "_mom": 1.48,
    "_mom1": 1.1,
    "stock_diff": 1.06,
    "rsi_diff": 4.16
}
