{
    "open": 216.3,
    "low": 212.93,
    "high": 218.4825,
    "close": 215.44,
    "volume": 3525201,
    "change": 0.28394545,
    "_rsi": 67.02866092,
    "_rsi1": 66.54583233,
    "_stock_k": 89.76852185,
    "_stock_d": 87.60104561,
    "_stock_k1": 87.54524438,
    "_stock_d1": 84.09551702,
    "_macd_blue": -1.11327877,
    "_macd_orange": 2.34323823,
    "_cci20": 136.90533783,
    "_cci201": 150.11694986,
    "_ema10": 205.67184515,
    "_ema20": 202.24765269,
    "_ema30": 202.16013319,
    "_ema50": 203.05531299,
    "_ema100": 204.49092806,
    "_ema200": 204.16186907,
    "_psar": 190.76738641,
    "_wr": -7.8389694,
    "_mom": 27.86,
    "_mom1": 27.77,
    "stock_diff": 2.17,
    "rsi_diff": 0.48
}
