{
    "open": 35.45,
    "low": 34.79,
    "high": 35.725,
    "close": 34.99,
    "volume": 1060281,
    "change": -0.87818697,
    "_rsi": 48.99306092,
    "_rsi1": 50.90334929,
    "_stock_k": 48.96101634,
    "_stock_d": 48.21446622,
    "_stock_k1": 49.23694672,
    "_stock_d1": 46.82295247,
    "_macd_blue": 0.0685749,
    "_macd_orange": -0.06270221,
    "_cci20": -29.38885544,
    "_cci201": -32.78260623,
    "_ema10": 35.04696419,
    "_ema20": 35.21384388,
    "_ema30": 35.08486236,
    "_ema50": 34.58901505,
    "_ema100": 33.77149661,
    "_ema200": 33.13276007,
    "_psar": 36.9401316,
    "_wr": -51.35135135,
    "_mom": -0.84,
    "_mom1": -0.68,
    "stock_diff": 0.75,
    "rsi_diff": -1.91
}
