{
    "open": 284.42,
    "low": 283.35,
    "high": 288.18,
    "close": 284.19,
    "volume": 3149382,
    "change": -0.29120763,
    "_rsi": 72.2906802,
    "_rsi1": 73.68863799,
    "_stock_k": 78.18030176,
    "_stock_d": 85.29898207,
    "_stock_k1": 84.81426535,
    "_stock_d1": 90.88140981,
    "_macd_blue": 8.05408428,
    "_macd_orange": 10.16044474,
    "_cci20": 102.96440586,
    "_cci201": 120.59444443,
    "_ema10": 278.77255061,
    "_ema20": 269.98181384,
    "_ema30": 264.82969276,
    "_ema50": 259.9882874,
    "_ema100": 254.67153548,
    "_ema200": 242.98477389,
    "_psar": 280.85982244,
    "_wr": -27.98291886,
    "_mom": 21.4,
    "_mom1": 25.09,
    "stock_diff": -7.12,
    "rsi_diff": -1.4
}
