{
    "open": 446.91,
    "low": 443.71,
    "high": 448.49,
    "close": 443.8,
    "volume": 79425139,
    "change": -1.28784003,
    "_rsi": 54.99692598,
    "_rsi1": 59.60985871,
    "_stock_k": 90.49433627,
    "_stock_d": 94.78230968,
    "_stock_k1": 96.48663425,
    "_stock_d1": 95.45968028,
    "_macd_blue": -2.52142251,
    "_macd_orange": 0.75041548,
    "_cci20": 120.3570953,
    "_cci201": 167.76431948,
    "_ema10": 438.46074696,
    "_ema20": 436.20571702,
    "_ema30": 437.34146721,
    "_ema50": 441.04176477,
    "_ema100": 445.14577774,
    "_ema200": 438.34762923,
    "_psar": 421.6915266,
    "_wr": -19.12013536,
    "_mom": 16.39,
    "_mom1": 33.34,
    "stock_diff": -4.29,
    "rsi_diff": -4.61
}
