{
    "open": 164.06,
    "low": 163.27,
    "high": 164.73,
    "close": 164.47,
    "volume": 3160257,
    "change": 0.60557866,
    "_rsi": 53.03811821,
    "_rsi1": 50.92385876,
    "_stock_k": 84.59549926,
    "_stock_d": 78.84587218,
    "_stock_k1": 76.84691546,
    "_stock_d1": 72.80189557,
    "_macd_blue": -2.05663736,
    "_macd_orange": -1.04448137,
    "_cci20": 64.93486747,
    "_cci201": 58.01130412,
    "_ema10": 162.14045283,
    "_ema20": 162.43501555,
    "_ema30": 163.48625665,
    "_ema50": 164.91087877,
    "_ema100": 164.7385822,
    "_ema200": 160.59334279,
    "_psar": 157.19458068,
    "_wr": -6.76186476,
    "_mom": 9.96,
    "_mom1": 6.08,
    "stock_diff": 5.75,
    "rsi_diff": 2.11
}
