{
    "open": 88.76,
    "low": 88.51,
    "high": 92.04,
    "close": 90.6125,
    "change": 1.15260103,
    "_rsi": 59.41247417,
    "_rsi1": 57.79543823,
    "_stock_k": 72.94397327,
    "_stock_d": 68.67927558,
    "_stock_k1": 72.75764585,
    "_stock_d1": 63.99547268,
    "_macd_blue": 0.76906011,
    "_macd_orange": 1.12887676,
    "_cci20": 107.9334902,
    "_cci201": 57.51771125,
    "_ema10": 87.36327824,
    "_ema20": 86.47431167,
    "_ema30": 85.63295735,
    "_ema50": 83.7692665,
    "_ema100": 80.23486865,
    "_ema200": 76.24559494,
    "_psar": 81.28718654,
    "_wrr": -15.47802621,
    "stock_diff": 4.26,
    "rsi_diff": 1.62
}
