{
    "open": 88.76,
    "low": 88.51,
    "high": 93.62,
    "close": 91.67,
    "volume": 6550644,
    "change": 2.33311007,
    "_rsi": 60.94506598,
    "_rsi1": 57.79543823,
    "_stock_k": 73.45048786,
    "_stock_d": 68.84811378,
    "_stock_k1": 72.75764585,
    "_stock_d1": 63.99547268,
    "_macd_blue": 0.7859319,
    "_macd_orange": 1.21323573,
    "_cci20": 129.92441088,
    "_cci201": 57.51771125,
    "_ema10": 87.55555096,
    "_ema20": 86.57502596,
    "_ema30": 85.70118315,
    "_ema50": 83.81073709,
    "_ema100": 80.25580924,
    "_ema200": 76.25611733,
    "_psar": 81.28718654,
    "_wr": -13.95848246,
    "stock_diff": 4.6,
    "rsi_diff": 3.15
}
