{
    "open": 88.76,
    "low": 88.51,
    "high": 92.04,
    "close": 90.29,
    "change": 0.79258763,
    "_rsi": 58.92086356,
    "_rsi1": 57.79543823,
    "_stock_k": 72.1151375,
    "_stock_d": 68.40299699,
    "_stock_k1": 72.75764585,
    "_stock_d1": 63.99547268,
    "_macd_blue": 0.76391481,
    "_macd_orange": 1.10315026,
    "_cci20": 105.17751737,
    "_cci201": 57.51771125,
    "_ema10": 87.30464187,
    "_ema20": 86.44359739,
    "_ema30": 85.61215089,
    "_ema50": 83.75661944,
    "_ema100": 80.22848251,
    "_ema200": 76.24238598,
    "_psar": 81.28718654,
    "_wrr": -17.96453354,
    "stock_diff": 3.71,
    "rsi_diff": 1.13
}
