{
    "open": 72.84,
    "low": 72.65,
    "high": 73.54,
    "close": 73.08,
    "volume": 593484,
    "change": 1.61290323,
    "_rsi": 54.1152761,
    "_rsi1": 48.89412711,
    "_stock_k": 64.0987951,
    "_stock_d": 62.39877664,
    "_stock_k1": 61.03965702,
    "_stock_d1": 62.07574134,
    "_macd_blue": 0.0210458,
    "_macd_orange": 0.03366495,
    "_cci20": 89.31101936,
    "_cci201": -21.52057262,
    "_ema10": 72.26258863,
    "_ema20": 72.25915912,
    "_ema30": 72.17082916,
    "_ema50": 71.65015912,
    "_ema100": 69.90094938,
    "_ema200": 66.79311176,
    "_psar": 70.91882219,
    "_wr": -29.89010989,
    "_mom": -0.72,
    "_mom1": 0.64,
    "stock_diff": 1.7,
    "rsi_diff": 5.22
}
