{
    "open": 116.9,
    "low": 112.94,
    "high": 116.9,
    "close": 113.19,
    "volume": 501920,
    "change": -3.64348344,
    "_rsi": 43.32439302,
    "_rsi1": 52.76569161,
    "_stock_k": 64.85638104,
    "_stock_d": 76.85002491,
    "_stock_k1": 82.27027027,
    "_stock_d1": 82.06606607,
    "_macd_blue": -1.02374666,
    "_macd_orange": -0.5579408,
    "_cci20": -21.87480318,
    "_cci201": 87.22517095,
    "_ema10": 115.56956449,
    "_ema20": 115.66901233,
    "_ema30": 116.41925485,
    "_ema50": 118.43199902,
    "_ema100": 122.63937653,
    "_ema200": 125.48508123,
    "_psar": 110.363232,
    "_wr": -64.34977578,
    "_mom": -1.35,
    "_mom1": 6.04,
    "stock_diff": -11.99,
    "rsi_diff": -9.44
}
