{
    "open": 120.83,
    "low": 119.41,
    "high": 121.29,
    "close": 120.28,
    "volume": 1860156,
    "change": 0.15821467,
    "_rsi": 35.3359025,
    "_rsi1": 34.607184,
    "_stock_k": 26.39467141,
    "_stock_d": 28.83762639,
    "_stock_k1": 29.66614227,
    "_stock_d1": 30.16959891,
    "_macd_blue": -3.30769196,
    "_macd_orange": -3.06538058,
    "_cci20": -60.91455038,
    "_cci201": -65.11595625,
    "_ema10": 121.27303229,
    "_ema20": 123.41180677,
    "_ema30": 125.51701449,
    "_ema50": 128.51620409,
    "_ema100": 131.71228104,
    "_ema200": 133.5711174,
    "_psar": 117.88544896,
    "_wr": -71.31782946,
    "_mom": 2.75,
    "_mom1": 0.3,
    "stock_diff": -2.44,
    "rsi_diff": 0.73
}
