{
    "open": 46.53,
    "low": 46.23,
    "high": 47.46,
    "close": 47.12,
    "volume": 2827322,
    "change": 2.16825672,
    "_rsi": 56.70263892,
    "_rsi1": 52.79981886,
    "_stock_k": 78.35051546,
    "_stock_d": 82.20943589,
    "_stock_k1": 79.7349524,
    "_stock_d1": 87.20024646,
    "_macd_blue": 0.19309994,
    "_macd_orange": 0.53458557,
    "_cci20": 75.63713706,
    "_cci201": 65.40349897,
    "_ema10": 46.33597965,
    "_ema20": 45.76174403,
    "_ema30": 45.57901234,
    "_ema50": 45.5537738,
    "_ema100": 46.1717424,
    "_ema200": 46.95026529,
    "_psar": 43.90702892,
    "_wr": -18.29896907,
    "_mom": 4.51,
    "_mom1": 3.63,
    "stock_diff": -3.86,
    "rsi_diff": 3.9
}
