{
    "open": 114.96,
    "low": 113.71,
    "high": 120.55,
    "close": 120.53,
    "volume": 121959469,
    "change": 5.80231742,
    "_rsi": 55.99552522,
    "_rsi1": 50.09398538,
    "_stock_k": 86.06953971,
    "_stock_d": 80.0597521,
    "_stock_k1": 79.9852692,
    "_stock_d1": 72.3526896,
    "_macd_blue": -2.16875079,
    "_macd_orange": -0.57148835,
    "_cci20": 89.19662837,
    "_cci201": 41.89809885,
    "_ema10": 113.94482689,
    "_ema20": 113.51451309,
    "_ema30": 114.75631159,
    "_ema50": 117.88442092,
    "_ema100": 120.477779,
    "_ema200": 115.0190861,
    "_psar": 103.54345878,
    "_wr": -0.09770396,
    "_mom": 14.07,
    "_mom1": 2.87,
    "stock_diff": 6.01,
    "rsi_diff": 5.9
}
