{
    "open": 46.9,
    "low": 45.48,
    "high": 47.11,
    "close": 45.68,
    "volume": 5929499,
    "change": -3.64901919,
    "_rsi": 48.14561142,
    "_rsi1": 54.99324705,
    "_stock_k": 78.09898661,
    "_stock_d": 81.379595,
    "_stock_k1": 84.75858232,
    "_stock_d1": 83.51600789,
    "_macd_blue": -0.25467961,
    "_macd_orange": -0.04444867,
    "_cci20": 27.98791974,
    "_cci201": 98.48437645,
    "_ema10": 46.15700942,
    "_ema20": 46.10428576,
    "_ema30": 46.17305802,
    "_ema50": 46.08741108,
    "_ema100": 45.17874718,
    "_ema200": 42.70094177,
    "_psar": 43.64464455,
    "_wr": -36.2654321,
    "_mom": 0.94,
    "_mom1": 5.45,
    "stock_diff": -3.28,
    "rsi_diff": -6.85
}
