{
    "open": 50.16,
    "low": 49.33,
    "high": 50.63,
    "close": 50.11,
    "volume": 25048504,
    "change": 0.50140393,
    "_rsi": 44.24495316,
    "_rsi1": 43.37173889,
    "_stock_k": 38.68235522,
    "_stock_d": 32.9031145,
    "_stock_k1": 31.85947888,
    "_stock_d1": 27.0844105,
    "_macd_blue": -1.48713929,
    "_macd_orange": -1.67480766,
    "_cci20": -47.64656791,
    "_cci201": -56.40417199,
    "_ema10": 49.79286795,
    "_ema20": 51.22131694,
    "_ema30": 52.0182513,
    "_ema50": 52.39947167,
    "_ema100": 51.52975818,
    "_ema200": 48.72016254,
    "_psar": 45.862142,
    "_wr": -49.94232987,
    "_mom": -0.18,
    "_mom1": -3.51,
    "stock_diff": 5.78,
    "rsi_diff": 0.87
}
