{
    "open": 27.33,
    "low": 27.26,
    "high": 28.21,
    "close": 28.06,
    "volume": 5009842,
    "change": 2.25947522,
    "_rsi": 51.33325901,
    "_rsi1": 48.11671564,
    "_stock_k": 45.66768603,
    "_stock_d": 41.79408767,
    "_stock_k1": 39.82330955,
    "_stock_d1": 36.56133197,
    "_macd_blue": -0.03159113,
    "_macd_orange": -0.12369847,
    "_cci20": -19.03264138,
    "_cci201": -54.27421023,
    "_ema10": 27.64676449,
    "_ema20": 27.81052124,
    "_ema30": 27.79324104,
    "_ema50": 27.54473826,
    "_ema100": 26.93580506,
    "_ema200": 25.98658964,
    "_psar": 29.82373151,
    "_wr": -45.56574924,
    "_mom": 0.14,
    "_mom1": -0.29,
    "stock_diff": 3.87,
    "rsi_diff": 3.22
}
