{
    "open": 10.89,
    "low": 10.79,
    "high": 10.95,
    "close": 10.89,
    "volume": 7256571,
    "change": 0.18399264,
    "_rsi": 50.75508213,
    "_rsi1": 50.2710604,
    "_stock_k": 64.00560224,
    "_stock_d": 67.36694678,
    "_stock_k1": 65.96638655,
    "_stock_d1": 69.42425843,
    "_macd_blue": -0.1103087,
    "_macd_orange": -0.02488171,
    "_cci20": 62.01763653,
    "_cci201": 83.3639373,
    "_ema10": 10.84712773,
    "_ema20": 10.80513999,
    "_ema30": 10.89682709,
    "_ema50": 11.17503958,
    "_ema100": 11.68624866,
    "_ema200": 12.06354156,
    "_psar": 10.46209013,
    "_wr": -37.39495798,
    "_mom": 0.3,
    "_mom1": 0.25,
    "stock_diff": -3.36,
    "rsi_diff": 0.48
}
