{
    "open": 61.9,
    "low": 61.7,
    "high": 62.84,
    "close": 62.82,
    "volume": 1610324,
    "change": 1.6669364,
    "_rsi": 51.79861991,
    "_rsi1": 46.00479215,
    "_stock_k": 36.63548245,
    "_stock_d": 29.31313932,
    "_stock_k1": 27.64343291,
    "_stock_d1": 23.69211317,
    "_macd_blue": -0.79142935,
    "_macd_orange": -0.65772256,
    "_cci20": 8.25285623,
    "_cci201": -28.88315739,
    "_ema10": 61.73711778,
    "_ema20": 62.18627117,
    "_ema30": 62.61292504,
    "_ema50": 63.10076005,
    "_ema100": 63.44621575,
    "_ema200": 63.5263247,
    "_psar": 59.5928,
    "_wr": -51.11773472,
    "_mom": 2.97,
    "_mom1": 0.78,
    "stock_diff": 7.32,
    "rsi_diff": 5.79
}
