{
    "open": 69.01,
    "low": 68.68,
    "high": 70.36,
    "close": 70,
    "change": 0.07147963,
    "_rsi": 44.8837541,
    "_rsi1": 44.745567,
    "_stock_k": 29.10335709,
    "_stock_d": 18.31087507,
    "_stock_k1": 15.21276628,
    "_stock_d1": 17.94016391,
    "_macd_blue": -1.11731987,
    "_macd_orange": -0.70680762,
    "_cci20": -91.10643091,
    "_cci201": -93.43361785,
    "_ema10": 70.46381677,
    "_ema20": 71.51583915,
    "_ema30": 72.0101368,
    "_ema50": 72.28641174,
    "_ema100": 71.65072953,
    "_ema200": 69.03324425
}
