{
    "open": 125.1,
    "low": 123.9581,
    "high": 126.77,
    "close": 126.64,
    "volume": 868690,
    "change": 1.41747417,
    "_rsi": 54.87877637,
    "_rsi1": 52.4712238,
    "_stock_k": 84.56423316,
    "_stock_d": 86.26674212,
    "_stock_k1": 84.02659875,
    "_stock_d1": 89.32967499,
    "_macd_blue": -0.96760093,
    "_macd_orange": 0.47626355,
    "_cci20": 70.72987439,
    "_cci201": 75.66662638,
    "_ema10": 124.34184661,
    "_ema20": 123.14709823,
    "_ema30": 123.76404347,
    "_ema50": 126.49022544,
    "_ema100": 131.7219872,
    "_ema200": 132.78883433,
    "_psar": 116.72785914,
    "_wr": -13.96434635,
    "_mom": 10.85,
    "_mom1": 8.97,
    "stock_diff": -1.7,
    "rsi_diff": 2.41
}
