{
    "open": 112.52,
    "low": 111.47,
    "high": 113.07,
    "close": 112.21,
    "volume": 595888,
    "change": 0.4475875,
    "_rsi": 54.5746017,
    "_rsi1": 52.99895906,
    "_stock_k": 80.81791626,
    "_stock_d": 88.20763813,
    "_stock_k1": 87.87347864,
    "_stock_d1": 93.98055819,
    "_macd_blue": -0.13873815,
    "_macd_orange": 0.40963706,
    "_cci20": 89.57953613,
    "_cci201": 97.32134318,
    "_ema10": 111.56810498,
    "_ema20": 111.00277225,
    "_ema30": 110.92197009,
    "_ema50": 110.55420693,
    "_ema100": 108.82754114,
    "_ema200": 104.78778598,
    "_psar": 109.26496181,
    "_wr": -22.78481013,
    "_mom": 3.93,
    "_mom1": 4.08,
    "stock_diff": -7.39,
    "rsi_diff": 1.58
}
