{
    "open": 444,
    "low": 442.35,
    "high": 447.5,
    "close": 445.25,
    "volume": 1715074,
    "change": 1.05767267,
    "_rsi": 59.52028003,
    "_rsi1": 57.606305,
    "_stock_k": 44.56748749,
    "_stock_d": 36.44988424,
    "_stock_k1": 35.30526009,
    "_stock_d1": 30.20655303,
    "_macd_blue": 12.25521504,
    "_macd_orange": 9.78944871,
    "_cci20": 32.25994953,
    "_cci201": 14.69898496,
    "_ema10": 438.31214995,
    "_ema20": 432.52127671,
    "_ema30": 424.61934473,
    "_ema50": 410.56717706,
    "_ema100": 390.48584088,
    "_ema200": 377.38653107,
    "_psar": 466.67145924,
    "_wr": -50.61926271,
    "_mom": -3.47,
    "_mom1": -8.4,
    "stock_diff": 8.12,
    "rsi_diff": 1.91
}
