{
    "open": 77.45,
    "low": 76.02,
    "high": 77.64,
    "close": 77.16,
    "volume": 3232643,
    "change": -0.66941298,
    "_rsi": 57.7247817,
    "_rsi1": 58.95134407,
    "_stock_k": 88.44742946,
    "_stock_d": 86.59436224,
    "_stock_k1": 86.77292879,
    "_stock_d1": 88.33344571,
    "_macd_blue": 0.06742416,
    "_macd_orange": 1.01419858,
    "_cci20": 107.68317287,
    "_cci201": 116.95697994,
    "_ema10": 74.99219764,
    "_ema20": 73.6838233,
    "_ema30": 73.63565067,
    "_ema50": 74.57810635,
    "_ema100": 76.23018659,
    "_ema200": 75.91030234,
    "_psar": 71.16558561,
    "_wr": -4.65631929,
    "_mom": 8.12,
    "_mom1": 7.83,
    "stock_diff": 1.85,
    "rsi_diff": -1.23
}
