{
    "open": 35.43,
    "low": 35,
    "high": 35.685,
    "close": 35.34,
    "volume": 1583637,
    "change": -0.02828854,
    "_rsi": 51.1422723,
    "_rsi1": 51.19805769,
    "_stock_k": 46.4454356,
    "_stock_d": 43.73553675,
    "_stock_k1": 44.78647508,
    "_stock_d1": 38.95018985,
    "_macd_blue": 0.14090759,
    "_macd_orange": -0.07968631,
    "_cci20": -26.91364761,
    "_cci201": -34.55541123,
    "_ema10": 35.00620576,
    "_ema20": 35.23081759,
    "_ema30": 35.0770187,
    "_ema50": 34.5429605,
    "_ema100": 33.71550423,
    "_ema200": 33.09212544,
    "_psar": 37.39696571,
    "_wr": -50.62084141,
    "_mom": -1.12,
    "_mom1": -1.3,
    "stock_diff": 2.71,
    "rsi_diff": -0.06
}
