{
    "open": 42.72,
    "low": 42.66,
    "high": 43.36,
    "close": 42.87,
    "volume": 4302114,
    "change": -0.44124477,
    "_rsi": 50.78018888,
    "_rsi1": 51.62870812,
    "_stock_k": 90.40586449,
    "_stock_d": 89.72809064,
    "_stock_k1": 92.34395143,
    "_stock_d1": 86.4161943,
    "_macd_blue": -0.64193124,
    "_macd_orange": -0.30534044,
    "_cci20": 51.34786947,
    "_cci201": 51.06138467,
    "_ema10": 42.41149915,
    "_ema20": 42.49106841,
    "_ema30": 42.79152781,
    "_ema50": 43.3389761,
    "_ema100": 44.77029341,
    "_ema200": 46.80513079,
    "_psar": 37.99380149,
    "_wr": -10.51323293,
    "_mom": 2.21,
    "_mom1": 3.9,
    "stock_diff": 0.68,
    "rsi_diff": -0.85
}
