{
    "open": 73.76,
    "low": 73.24,
    "high": 74.84,
    "close": 74.66,
    "volume": 978086,
    "change": 1.4540019,
    "_rsi": 58.33348897,
    "_rsi1": 55.3726002,
    "_stock_k": 82.417154,
    "_stock_d": 86.46077392,
    "_stock_k1": 84.87329435,
    "_stock_d1": 90.7746154,
    "_macd_blue": 0.60409952,
    "_macd_orange": 1.06090729,
    "_cci20": 78.9861377,
    "_cci201": 78.62967519,
    "_ema10": 73.53790423,
    "_ema20": 72.4854659,
    "_ema30": 72.09151362,
    "_ema50": 72.04365971,
    "_ema100": 72.05449448,
    "_ema200": 69.58818502,
    "_psar": 69.99827083,
    "_wr": -15.0877193,
    "_mom": 5.1,
    "_mom1": 3.56,
    "stock_diff": -4.04,
    "rsi_diff": 2.96
}
