{
    "open": 40.13,
    "low": 40.05,
    "high": 41.73,
    "close": 40.61,
    "volume": 5897108,
    "change": 3.83533623,
    "_rsi": 66.05052451,
    "_rsi1": 61.80835496,
    "_stock_k": 76.26193958,
    "_stock_d": 68.37416933,
    "_stock_k1": 65.65849133,
    "_stock_d1": 62.93817986,
    "_macd_blue": 1.54499343,
    "_macd_orange": 1.60196682,
    "_cci20": 112.17958089,
    "_cci201": 69.68238165,
    "_ema10": 38.53579265,
    "_ema20": 37.33548013,
    "_ema30": 36.28539773,
    "_ema50": 34.5508184,
    "_ema100": 31.38274718,
    "_ema200": 27.4487646,
    "_psar": 34.795,
    "_wr": -16.14996395,
    "_mom": 2.69,
    "_mom1": -0.37,
    "stock_diff": 7.89,
    "rsi_diff": 4.24
}
