{
    "open": 85,
    "low": 84.72,
    "high": 87.49,
    "close": 86.65,
    "volume": 73784,
    "change": 3.52449223,
    "_rsi": 67.41540436,
    "_rsi1": 64.36791662,
    "_stock_k": 79.04920204,
    "_stock_d": 65.0856013,
    "_stock_k1": 62.18180829,
    "_stock_d1": 54.35223988,
    "_macd_blue": 4.86405214,
    "_macd_orange": 4.69947912,
    "_cci20": 124.15643508,
    "_cci201": 85.67138582,
    "_ema10": 81.14846868,
    "_ema20": 77.86405097,
    "_ema30": 74.51923159,
    "_ema50": 69.04324177,
    "_ema100": 61.05368844,
    "_ema200": 52.78296123,
    "_psar": 74.54,
    "_wr": -5.66037736,
    "_mom": 5.79,
    "_mom1": -1.05,
    "stock_diff": 13.96,
    "rsi_diff": 3.05
}
