{
    "open": 65.6,
    "low": 64.9,
    "high": 66.29,
    "close": 66.23,
    "volume": 991745,
    "change": 1.31558819,
    "_rsi": 39.58372653,
    "_rsi1": 35.1444005,
    "_stock_k": 33.63347741,
    "_stock_d": 45.99221186,
    "_stock_k1": 42.75657653,
    "_stock_d1": 55.77672372,
    "_macd_blue": -1.70028548,
    "_macd_orange": -1.43118781,
    "_cci20": -119.29315852,
    "_cci201": -115.83157734,
    "_ema10": 66.98107396,
    "_ema20": 67.84100994,
    "_ema30": 69.02201157,
    "_ema50": 71.06213744,
    "_ema100": 72.92329281,
    "_ema200": 71.74039849,
    "_psar": 68.53,
    "_wr": -65.8974359,
    "_mom": -0.38,
    "_mom1": -2.31,
    "stock_diff": -12.36,
    "rsi_diff": 4.44
}
