{
    "open": 241.19,
    "low": 240.28,
    "high": 243.91,
    "close": 243.69,
    "volume": 239067,
    "change": 1.43606394,
    "_rsi": 58.92868934,
    "_rsi1": 55.78685832,
    "_stock_k": 89.65807343,
    "_stock_d": 91.17652802,
    "_stock_k1": 89.09204113,
    "_stock_d1": 93.09318847,
    "_macd_blue": 0.21429554,
    "_macd_orange": 1.83701413,
    "_cci20": 131.7731587,
    "_cci201": 120.89076312,
    "_ema10": 238.22951649,
    "_ema20": 236.13042759,
    "_ema30": 235.49710562,
    "_ema50": 235.11527762,
    "_ema100": 237.46275594,
    "_ema200": 244.27204139,
    "_psar": 226.33874808,
    "_wr": -6.03930052,
    "_mom": 12.84,
    "_mom1": 9.99,
    "stock_diff": -1.52,
    "rsi_diff": 3.14
}
