{
    "open": 136.36,
    "low": 133.3,
    "high": 137.91,
    "close": 133.3,
    "volume": 1190189,
    "change": -3.06864456,
    "_rsi": 48.38710585,
    "_rsi1": 53.38086845,
    "_stock_k": 81.57142536,
    "_stock_d": 80.72220752,
    "_stock_k1": 84.67388284,
    "_stock_d1": 76.53829419,
    "_macd_blue": -2.53895713,
    "_macd_orange": -1.53297908,
    "_cci20": 36.92720109,
    "_cci201": 78.56137565,
    "_ema10": 133.00278109,
    "_ema20": 133.59589656,
    "_ema30": 135.16203667,
    "_ema50": 138.77938532,
    "_ema100": 146.71741038,
    "_ema200": 154.62748438,
    "_psar": 122.31037604,
    "_wr": -27.58097166,
    "_mom": -0.86,
    "_mom1": 5.44,
    "stock_diff": 0.85,
    "rsi_diff": -4.99
}
