{
    "open": 31.27,
    "low": 30.6,
    "high": 31.42,
    "close": 30.9,
    "volume": 1722307,
    "change": -1.05667627,
    "_rsi": 49.90874184,
    "_rsi1": 51.93133927,
    "_stock_k": 71.50715072,
    "_stock_d": 75.20287743,
    "_stock_k1": 74.969997,
    "_stock_d1": 74.78533539,
    "_macd_blue": -0.11640596,
    "_macd_orange": 0.0306953,
    "_cci20": 2.85144563,
    "_cci201": 50.89614425,
    "_ema10": 30.97926063,
    "_ema20": 30.86365492,
    "_ema30": 30.95779855,
    "_ema50": 31.4650915,
    "_ema100": 33.24452682,
    "_ema200": 35.2440118,
    "_psar": 29.68573135,
    "_wr": -39.9339934,
    "_mom": 0.39,
    "_mom1": 0.29,
    "stock_diff": -3.7,
    "rsi_diff": -2.02
}
