{
    "open": 156.5,
    "low": 152.85,
    "high": 157,
    "close": 155.15,
    "volume": 1249766,
    "change": -0.98915124,
    "_rsi": 64.34305362,
    "_rsi1": 67.73617285,
    "_stock_k": 89.0471643,
    "_stock_d": 92.5855647,
    "_stock_k1": 93.39967389,
    "_stock_d1": 94.93759133,
    "_macd_blue": 4.1280207,
    "_macd_orange": 4.78923767,
    "_cci20": 97.39335673,
    "_cci201": 123.21560397,
    "_ema10": 152.83501124,
    "_ema20": 148.93057519,
    "_ema30": 146.17325155,
    "_ema50": 142.21970501,
    "_ema100": 134.26088877,
    "_ema200": 124.02498908,
    "_psar": 147.96185268,
    "_wr": -15.4880187,
    "_mom": 7.4,
    "_mom1": 9.9,
    "stock_diff": -3.54,
    "rsi_diff": -3.39
}
