{
    "open": 72.53,
    "low": 71.955,
    "high": 73.47,
    "close": 72.01,
    "volume": 1486351,
    "change": -0.13867702,
    "_rsi": 49.32111799,
    "_rsi1": 49.72268718,
    "_stock_k": 63.12968917,
    "_stock_d": 56.27009646,
    "_stock_k1": 53.32261522,
    "_stock_d1": 54.35869954,
    "_macd_blue": 0.05083168,
    "_macd_orange": -0.03260573,
    "_cci20": 22.32632062,
    "_cci201": -16.1301119,
    "_ema10": 72.11597458,
    "_ema20": 72.20771434,
    "_ema30": 72.12117805,
    "_ema50": 71.55629625,
    "_ema100": 69.74766282,
    "_ema200": 66.62306959,
    "_psar": 70.2006,
    "_wr": -39.06752412,
    "stock_diff": 6.86,
    "rsi_diff": -0.4
}
