{
    "open": 72.53,
    "low": 72.23,
    "high": 73.47,
    "close": 72.375,
    "change": 0.36749411,
    "_rsi": 50.78456529,
    "_rsi1": 49.72268718,
    "_stock_k": 65.08574491,
    "_stock_d": 56.92211504,
    "_stock_k1": 53.32261522,
    "_stock_d1": 54.35869954,
    "_macd_blue": 0.05665504,
    "_macd_orange": -0.00348892,
    "_cci20": 39.97913998,
    "_cci201": -16.1301119,
    "_ema10": 72.18233821,
    "_ema20": 72.24247624,
    "_ema30": 72.14472644,
    "_ema50": 71.57060998,
    "_ema100": 69.75489054,
    "_ema200": 66.62670144,
    "_psar": 70.2006,
    "_wrr": -33.19935691,
    "stock_diff": 8.16,
    "rsi_diff": 1.06
}
