{
    "open": 72.53,
    "low": 72.53,
    "high": 73.47,
    "close": 72.81,
    "change": 0.97073915,
    "_rsi": 52.43366047,
    "_rsi1": 49.72268718,
    "_stock_k": 67.41693462,
    "_stock_d": 57.69917828,
    "_stock_k1": 53.32261522,
    "_stock_d1": 54.35869954,
    "_macd_blue": 0.06359522,
    "_macd_orange": 0.03121194,
    "_cci20": 59.63879416,
    "_cci201": -16.1301119,
    "_ema10": 72.26142912,
    "_ema20": 72.28390481,
    "_ema30": 72.17279095,
    "_ema50": 71.5876688,
    "_ema100": 69.7635044,
    "_ema200": 66.63102979,
    "_psar": 70.2006,
    "_wrr": -26.20578778,
    "stock_diff": 9.72,
    "rsi_diff": 2.71
}
