{
    "open": 41.46,
    "low": 41.29,
    "high": 41.85,
    "close": 41.41,
    "volume": 3901702,
    "change": -1.3342864,
    "_rsi": 47.85919302,
    "_rsi1": 49.87513331,
    "_stock_k": 67.53933221,
    "_stock_d": 65.04582821,
    "_stock_k1": 63.85681293,
    "_stock_d1": 64.19077199,
    "_macd_blue": -0.70257299,
    "_macd_orange": -0.47953923,
    "_cci20": 0.69981361,
    "_cci201": 27.4115087,
    "_ema10": 41.43445201,
    "_ema20": 41.70046562,
    "_ema30": 42.06095973,
    "_ema50": 42.54885525,
    "_ema100": 42.92514719,
    "_ema200": 41.81555081,
    "_psar": 37.58524002,
    "_wr": -23.01710731,
    "_mom": 1.13,
    "_mom1": 4.34,
    "stock_diff": 2.49,
    "rsi_diff": -2.02
}
