{
    "open": 336.38,
    "low": 321.73,
    "high": 338.9599,
    "close": 335.27,
    "volume": 859024,
    "change": -0.73133179,
    "_rsi": 61.48887016,
    "_rsi1": 62.58680158,
    "_stock_k": 86.66666667,
    "_stock_d": 78.31088926,
    "_stock_k1": 82.09417696,
    "_stock_d1": 68.63800711,
    "_macd_blue": 14.91967279,
    "_macd_orange": 15.17963337,
    "_cci20": 127.64951504,
    "_cci201": 119.54246371,
    "_ema10": 323.55226348,
    "_ema20": 312.16007348,
    "_ema30": 302.76833574,
    "_ema50": 293.09029163,
    "_ema100": 287.85790078,
    "_ema200": 282.21033997,
    "_psar": 294.26652032,
    "_wr": -9.59432049,
    "_mom": 17.34,
    "_mom1": 22.61,
    "stock_diff": 8.36,
    "rsi_diff": -1.1
}
