{
    "open": 115.1,
    "low": 113.98,
    "high": 116.875,
    "close": 115.33,
    "change": 0.40045269,
    "_rsi": 79.2604924,
    "_rsi1": 78.78794851,
    "_stock_k": 95.06835926,
    "_stock_d": 95.83683367,
    "_stock_k1": 95.77190285,
    "_stock_d1": 96.62836778,
    "_macd_blue": 2.0068432,
    "_macd_orange": 3.70792106,
    "_cci20": 168.94995755,
    "_cci201": 192.97998814,
    "_ema10": 108.96054507,
    "_ema20": 105.38843233,
    "_ema30": 103.70379049,
    "_ema50": 101.88439237,
    "_ema100": 98.44493422,
    "_ema200": 92.03371931,
    "_psar": 102.83704122,
    "_wrr": -7.06608735,
    "stock_diff": -0.77,
    "rsi_diff": 0.47
}
