{
    "open": 83.34,
    "low": 83.05,
    "high": 84.27,
    "close": 83.13,
    "volume": 27714305,
    "change": 1.57624633,
    "_rsi": 56.89282295,
    "_rsi1": 54.33333656,
    "_stock_k": 40.24909866,
    "_stock_d": 31.69883681,
    "_stock_k1": 30.50366,
    "_stock_d1": 22.59328538,
    "_macd_blue": 1.23334635,
    "_macd_orange": 0.9536777,
    "_cci20": 56.04080979,
    "_cci201": 18.05618059,
    "_ema10": 81.29107704,
    "_ema20": 80.81319344,
    "_ema30": 79.86590148,
    "_ema50": 77.52299483,
    "_ema100": 72.6498703,
    "_ema200": 66.79937627,
    "_psar": 86.84632938,
    "_wr": -54.90003278,
    "_mom": 0.34,
    "_mom1": -5.94,
    "stock_diff": 8.55,
    "rsi_diff": 2.56
}
