{
    "open": 113.27,
    "low": 112.82,
    "high": 113.55,
    "close": 113.24,
    "volume": 599160,
    "change": 0.31892275,
    "_rsi": 59.75162166,
    "_rsi1": 58.75813632,
    "_stock_k": 97.56134384,
    "_stock_d": 94.03865024,
    "_stock_k1": 95.12808758,
    "_stock_d1": 86.17873092,
    "_macd_blue": -0.62786429,
    "_macd_orange": 0.07074723,
    "_cci20": 166.90491172,
    "_cci201": 152.61275964,
    "_ema10": 110.78696907,
    "_ema20": 110.45346489,
    "_ema30": 110.55218392,
    "_ema50": 110.292321,
    "_ema100": 108.59298589,
    "_ema200": 104.54904669,
    "_psar": 106.56612943,
    "_wr": -3.34412082,
    "_mom": 6.84,
    "_mom1": 4.18,
    "stock_diff": 3.52,
    "rsi_diff": 0.99
}
