{
    "open": 84.99,
    "low": 83.85,
    "high": 85.57,
    "close": 84.3,
    "change": -1.70242537,
    "_rsi": 71.31755582,
    "_rsi1": 74.60000027,
    "_stock_k": 84.30851064,
    "_stock_d": 86.54858653,
    "_stock_k1": 87.80331199,
    "_stock_d1": 89.32439905,
    "_macd_blue": 5.58781083,
    "_macd_orange": 6.42936542,
    "_cci20": 150.86400071,
    "_cci201": 163.14850788,
    "_ema10": 79.12082754,
    "_ema20": 74.00809102,
    "_ema30": 70.0907007,
    "_ema50": 64.6676364,
    "_ema100": 57.6741509,
    "_ema200": 50.47653299,
    "_psar": 73.42128409,
    "_wrr": -12.76595745,
    "stock_diff": -2.24,
    "rsi_diff": -3.28
}
