{
    "open": 376.25,
    "low": 374.39,
    "high": 384.38,
    "close": 383.9,
    "volume": 248562,
    "change": 2.20707649,
    "_rsi": 53.11751626,
    "_rsi1": 47.48784139,
    "_stock_k": 64.55696203,
    "_stock_d": 67.05512022,
    "_stock_k1": 63.22081575,
    "_stock_d1": 69.69057665,
    "_macd_blue": -1.60818718,
    "_macd_orange": 0.07980184,
    "_cci20": 65.87635878,
    "_cci201": 32.53870597,
    "_ema10": 379.83708889,
    "_ema20": 378.67117855,
    "_ema30": 379.97251881,
    "_ema50": 384.28478385,
    "_ema100": 388.07815001,
    "_ema200": 377.63291069,
    "_psar": 363.83603626,
    "_wr": -27.21518987,
    "_mom": 12.93,
    "_mom1": 2.19,
    "stock_diff": -2.5,
    "rsi_diff": 5.63
}
