{
    "open": 106.46,
    "low": 104.53,
    "high": 107.23,
    "close": 104.67,
    "volume": 881617,
    "change": -1.32918552,
    "_rsi": 58.9025844,
    "_rsi1": 63.06572953,
    "_stock_k": 78.28701446,
    "_stock_d": 77.32869583,
    "_stock_k1": 79.06712173,
    "_stock_d1": 73.73134752,
    "_macd_blue": 1.48228658,
    "_macd_orange": 1.89515994,
    "_cci20": 89.71588486,
    "_cci201": 88.19974956,
    "_ema10": 103.50123892,
    "_ema20": 101.81324796,
    "_ema30": 100.94800664,
    "_ema50": 100.28737866,
    "_ema100": 99.16239072,
    "_ema200": 97.32841899,
    "_psar": 97.72001,
    "_wr": -28.37640176,
    "_mom": 3.08,
    "_mom1": 4.52,
    "stock_diff": 0.96,
    "rsi_diff": -4.16
}
