{
    "open": 21.95,
    "low": 21.75,
    "high": 21.95,
    "close": 21.76,
    "volume": 9763,
    "change": -0.09182736,
    "_rsi": 67.84022968,
    "_rsi1": 68.55541645,
    "_stock_k": 89.51068316,
    "_stock_d": 92.54793869,
    "_stock_k1": 94.3550169,
    "_stock_d1": 89.25338905,
    "_macd_blue": 0.20936924,
    "_macd_orange": 0.26012338,
    "_cci20": 150.73558335,
    "_cci201": 169.22556106,
    "_ema10": 21.45100074,
    "_ema20": 21.23895707,
    "_ema30": 21.08046116,
    "_ema50": 20.83266796,
    "_ema100": 20.39377424,
    "_ema200": 19.72174248,
    "_psar": 20.96031264,
    "_wr": -17.27272727,
    "_mom": 0.61,
    "_mom1": 0.72,
    "stock_diff": -3.04,
    "rsi_diff": -0.72
}
