{
    "open": 392.49,
    "low": 381.74,
    "high": 395,
    "close": 388.47,
    "volume": 2185494,
    "change": -1.36850658,
    "_rsi": 56.92746562,
    "_rsi1": 59.97811404,
    "_stock_k": 81.09389552,
    "_stock_d": 74.65357153,
    "_stock_k1": 76.72508678,
    "_stock_d1": 66.20523241,
    "_macd_blue": 0.92541306,
    "_macd_orange": 3.66586913,
    "_cci20": 77.67749331,
    "_cci201": 100.52228685,
    "_ema10": 379.90698717,
    "_ema20": 376.04458954,
    "_ema30": 374.38263709,
    "_ema50": 371.49178987,
    "_ema100": 365.93216216,
    "_ema200": 354.3301404,
    "_psar": 362.02408359,
    "_wr": -21.61544323,
    "_mom": 29.82,
    "_mom1": 33.84,
    "stock_diff": 6.44,
    "rsi_diff": -3.05
}
