{
    "open": 152.84,
    "low": 152.705,
    "high": 155.34,
    "close": 154.69,
    "volume": 760618,
    "change": 1.36295131,
    "_rsi": 70.68266189,
    "_rsi1": 67.26015296,
    "_stock_k": 77.73384635,
    "_stock_d": 73.87489726,
    "_stock_k1": 70.95507433,
    "_stock_d1": 75.06332125,
    "_macd_blue": 3.21055025,
    "_macd_orange": 3.50420073,
    "_cci20": 114.81445727,
    "_cci201": 93.31320312,
    "_ema10": 151.35591301,
    "_ema20": 148.65484157,
    "_ema30": 146.40846221,
    "_ema50": 142.7137158,
    "_ema100": 136.39787305,
    "_ema200": 128.89891578,
    "_psar": 150.54,
    "_wr": -8.47189232,
    "_mom": 10.13,
    "_mom1": 6.44,
    "stock_diff": 3.86,
    "rsi_diff": 3.42
}
