{
    "open": 36.8,
    "low": 35.95,
    "high": 37.13,
    "close": 36.74,
    "volume": 5463300,
    "change": 0.10899183,
    "_rsi": 54.36158372,
    "_rsi1": 54.20546791,
    "_stock_k": 59.54970803,
    "_stock_d": 69.52891502,
    "_stock_k1": 69.57037037,
    "_stock_d1": 77.27407407,
    "_macd_blue": 1.55152557,
    "_macd_orange": 1.41482856,
    "_cci20": 19.52659244,
    "_cci201": 12.35326351,
    "_ema10": 37.47256518,
    "_ema20": 36.47700325,
    "_ema30": 35.5123925,
    "_ema50": 33.88575548,
    "_ema100": 30.86472152,
    "_ema200": 27.07393358,
    "_psar": 41.0719,
    "_wr": -49.17309813,
    "_mom": -1.13,
    "_mom1": -0.59,
    "stock_diff": -9.98,
    "rsi_diff": 0.16
}
