{
    "open": 56.62,
    "low": 56.485,
    "high": 57.3665,
    "close": 57,
    "volume": 5091419,
    "change": 0.44052863,
    "_rsi": 66.05351405,
    "_rsi1": 65.34879158,
    "_stock_k": 38.71062823,
    "_stock_d": 37.26213428,
    "_stock_k1": 32.76756793,
    "_stock_d1": 40.97863956,
    "_macd_blue": 2.41209551,
    "_macd_orange": 2.26171494,
    "_cci20": 58.67293283,
    "_cci201": 60.13630029,
    "_ema10": 56.02942535,
    "_ema20": 54.41405364,
    "_ema30": 52.9233774,
    "_ema50": 50.80538908,
    "_ema100": 47.8044522,
    "_ema200": 44.49690543,
    "_psar": 60.432707,
    "_wr": -40.35087719,
    "_mom": 1.11,
    "_mom1": -0.34,
    "stock_diff": 1.45,
    "rsi_diff": 0.7
}
