{
    "open": 208.59,
    "low": 207.14,
    "high": 210.46,
    "close": 209.86,
    "volume": 327437,
    "change": 0.57509825,
    "_rsi": 57.8460942,
    "_rsi1": 56.74593046,
    "_stock_k": 88.60794869,
    "_stock_d": 89.3222406,
    "_stock_k1": 88.60730063,
    "_stock_d1": 91.62688598,
    "_macd_blue": -1.17174679,
    "_macd_orange": 0.86811874,
    "_cci20": 149.09287774,
    "_cci201": 140.42250516,
    "_ema10": 204.44426383,
    "_ema20": 202.62743105,
    "_ema30": 203.3434055,
    "_ema50": 206.44471984,
    "_ema100": 210.15390435,
    "_ema200": 206.73951499,
    "_psar": 193.07689566,
    "_wr": -2.74160384,
    "_mom": 15.43,
    "_mom1": 12.09,
    "stock_diff": -0.71,
    "rsi_diff": 1.1
}
