{
    "open": 33.3,
    "low": 33.29,
    "high": 33.8,
    "close": 33.76,
    "volume": 1925042,
    "change": 1.29012901,
    "_rsi": 60.84626202,
    "_rsi1": 56.73173844,
    "_stock_k": 89.70414389,
    "_stock_d": 87.58002658,
    "_stock_k1": 85.718672,
    "_stock_d1": 86.90760518,
    "_macd_blue": -0.02765034,
    "_macd_orange": 0.1912094,
    "_cci20": 123.18857536,
    "_cci201": 100.26959371,
    "_ema10": 33.12405314,
    "_ema20": 32.8477111,
    "_ema30": 32.87486876,
    "_ema50": 33.15216128,
    "_ema100": 33.65593483,
    "_ema200": 33.69097044,
    "_psar": 32.84840738,
    "_wr": -1.81818182,
    "_mom": 1.11,
    "_mom1": 1.1,
    "stock_diff": 2.12,
    "rsi_diff": 4.11
}
