{
    "open": 59.99,
    "low": 58.7054,
    "high": 61.17,
    "close": 59.64,
    "volume": 35783295,
    "change": -2.16535433,
    "_rsi": 67.85872913,
    "_rsi1": 71.34825865,
    "_stock_k": 83.68082992,
    "_stock_d": 83.62908108,
    "_stock_k1": 87.20086115,
    "_stock_d1": 82.24792384,
    "_macd_blue": 4.56620133,
    "_macd_orange": 4.7804665,
    "_cci20": 89.68726606,
    "_cci201": 100.11640574,
    "_ema10": 56.51038038,
    "_ema20": 52.86100885,
    "_ema30": 49.86407262,
    "_ema50": 45.62054479,
    "_ema100": 39.92449098,
    "_ema200": 34.70738299,
    "_psar": 54.92144,
    "_wr": -18.00391389,
    "_mom": 5.04,
    "_mom1": 5.58,
    "stock_diff": 0.05,
    "rsi_diff": -3.49
}
