{
    "open": 123.35,
    "low": 120.4,
    "high": 123.72,
    "close": 121.01,
    "volume": 2952084,
    "change": -2.05584783,
    "_rsi": 57.61100326,
    "_rsi1": 61.98443004,
    "_stock_k": 82.35019067,
    "_stock_d": 81.95528518,
    "_stock_k1": 89.19127769,
    "_stock_d1": 77.75888458,
    "_macd_blue": 2.33245047,
    "_macd_orange": 2.62170783,
    "_cci20": 120.36334822,
    "_cci201": 173.58392841,
    "_ema10": 119.17653008,
    "_ema20": 117.20985222,
    "_ema30": 115.3574291,
    "_ema50": 111.5893844,
    "_ema100": 103.73670435,
    "_ema200": 93.28899735,
    "_psar": 111.09703104,
    "_wr": -26.05775688,
    "_mom": 1.13,
    "_mom1": 9.78,
    "stock_diff": 0.39,
    "rsi_diff": -4.37
}
