{
    "open": 64.61,
    "low": 63.895,
    "high": 65.2,
    "close": 64.78,
    "volume": 739117,
    "change": 0.82490272,
    "_rsi": 42.94046656,
    "_rsi1": 41.23209345,
    "_stock_k": 28.23278062,
    "_stock_d": 24.96559495,
    "_stock_k1": 23.50335796,
    "_stock_d1": 21.83981882,
    "_macd_blue": -1.73770312,
    "_macd_orange": -1.93955559,
    "_cci20": -59.19547106,
    "_cci201": -66.1384559,
    "_ema10": 64.79089892,
    "_ema20": 66.38724321,
    "_ema30": 67.42959023,
    "_ema50": 68.44778637,
    "_ema100": 68.81180904,
    "_ema200": 66.91674822,
    "_psar": 61.68344,
    "_wr": -61.50289017,
    "_mom": -0.31,
    "_mom1": -4.79,
    "stock_diff": 3.27,
    "rsi_diff": 1.71
}
