{
    "open": 132.48,
    "low": 129.32,
    "high": 133.755,
    "close": 129.8,
    "volume": 1723722,
    "change": -1.96374622,
    "_rsi": 45.11309143,
    "_rsi1": 48.39848212,
    "_stock_k": 80.12632328,
    "_stock_d": 74.39163033,
    "_stock_k1": 76.4722158,
    "_stock_d1": 67.71792723,
    "_macd_blue": -2.84293701,
    "_macd_orange": -2.18484629,
    "_cci20": -3.50797414,
    "_cci201": -0.6187697,
    "_ema10": 130.7862831,
    "_ema20": 132.09978936,
    "_ema30": 133.7533111,
    "_ema50": 136.36981083,
    "_ema100": 139.84460998,
    "_ema200": 139.81881957,
    "_psar": 122.70500818,
    "_wr": -26.52788898,
    "_mom": 0.8,
    "_mom1": 2.03,
    "stock_diff": 5.73,
    "rsi_diff": -3.29
}
