{
    "open": 162.81,
    "low": 157.33,
    "high": 163.24,
    "close": 158.84,
    "volume": 1271965,
    "change": -2.0231927,
    "_rsi": 56.18758637,
    "_rsi1": 59.86201534,
    "_stock_k": 88.47802226,
    "_stock_d": 90.29088369,
    "_stock_k1": 93.13382561,
    "_stock_d1": 91.98303635,
    "_macd_blue": 0.948817,
    "_macd_orange": 2.4555967,
    "_cci20": 113.56461739,
    "_cci201": 139.06251402,
    "_ema10": 155.95566362,
    "_ema20": 153.24567599,
    "_ema30": 152.69560846,
    "_ema50": 154.22809413,
    "_ema100": 157.39433752,
    "_ema200": 154.38548033,
    "_psar": 142.2992552,
    "_wr": -17.77777778,
    "_mom": 13.93,
    "_mom1": 12.66,
    "stock_diff": -1.81,
    "rsi_diff": -3.67
}
