{
    "open": 67.73,
    "low": 67.04,
    "high": 68.17,
    "close": 67.6,
    "volume": 773675,
    "change": -0.36845984,
    "_rsi": 49.58742551,
    "_rsi1": 50.65417346,
    "_stock_k": 61.42098274,
    "_stock_d": 60.84034108,
    "_stock_k1": 60.49136786,
    "_stock_d1": 58.62014746,
    "_macd_blue": -0.52016687,
    "_macd_orange": -0.22502101,
    "_cci20": 52.33797167,
    "_cci201": 99.09230554,
    "_ema10": 67.47702159,
    "_ema20": 67.45589894,
    "_ema30": 67.81901563,
    "_ema50": 68.66803148,
    "_ema100": 69.41777427,
    "_ema200": 67.63376084,
    "_psar": 65.6611621,
    "_wr": -47.41035857,
    "_mom": -0.23,
    "_mom1": -0.53,
    "stock_diff": 0.58,
    "rsi_diff": -1.07
}
