{
    "open": 26.69,
    "low": 26.52,
    "high": 27.16,
    "close": 27.11,
    "volume": 3262432,
    "change": 1.57362308,
    "_rsi": 53.3696018,
    "_rsi1": 50.75642655,
    "_stock_k": 68.36151008,
    "_stock_d": 56.81845288,
    "_stock_k1": 54.01582218,
    "_stock_d1": 47.66677722,
    "_macd_blue": -0.47195804,
    "_macd_orange": -0.28033303,
    "_cci20": 31.1989851,
    "_cci201": 32.78911763,
    "_ema10": 26.32611937,
    "_ema20": 26.48268362,
    "_ema30": 26.64854092,
    "_ema50": 26.63906119,
    "_ema100": 26.45794507,
    "_ema200": 26.89996668,
    "_psar": 23.926192,
    "_wr": -14.10579345,
    "_mom": 2.05,
    "_mom1": 1.38,
    "stock_diff": 11.54,
    "rsi_diff": 2.61
}
