{
    "open": 67.69,
    "low": 67.45,
    "high": 68.07,
    "close": 67.89,
    "volume": 1172348,
    "change": 0.1770695,
    "_rsi": 49.60290543,
    "_rsi1": 48.92052664,
    "_stock_k": 36.46450467,
    "_stock_d": 50.29384473,
    "_stock_k1": 53.36236091,
    "_stock_d1": 60.36123206,
    "_macd_blue": 0.70393963,
    "_macd_orange": 0.56218756,
    "_cci20": -10.69100825,
    "_cci201": -9.58943716,
    "_ema10": 68.60381511,
    "_ema20": 68.23705713,
    "_ema30": 67.84606816,
    "_ema50": 67.23979004,
    "_ema100": 66.1501429,
    "_ema200": 64.37789463,
    "_psar": 71.8488,
    "_wr": -73.7704918,
    "_mom": -0.3,
    "_mom1": 0.72,
    "stock_diff": -13.83,
    "rsi_diff": 0.68
}
