{
    "open": 171.75,
    "low": 168.83,
    "high": 172.31,
    "close": 170.85,
    "change": 0.7370283,
    "_rsi": 42.14648999,
    "_rsi1": 40.77954635,
    "_stock_k": 33.73682552,
    "_stock_d": 23.96041024,
    "_stock_k1": 24.5556163,
    "_stock_d1": 14.64978711,
    "_macd_blue": -1.36612563,
    "_macd_orange": -4.09842962,
    "_cci20": -83.34950511,
    "_cci201": -108.42240101,
    "_ema10": 173.22240152,
    "_ema20": 177.8553337,
    "_ema30": 178.84132007,
    "_ema50": 177.98084357,
    "_ema100": 174.72479739,
    "_ema200": 167.31241242,
    "_psar": 175.76795338,
    "_wrr": -62.57729409,
    "stock_diff": 9.78,
    "rsi_diff": 1.37
}
