{
    "open": 57.17,
    "low": 56.45,
    "high": 57.73,
    "close": 57.41,
    "volume": 3902542,
    "change": 1.64660057,
    "_rsi": 74.31674984,
    "_rsi1": 71.53444432,
    "_stock_k": 94.87497803,
    "_stock_d": 95.59744479,
    "_stock_k1": 94.9063576,
    "_stock_d1": 94.0777868,
    "_macd_blue": 1.42607089,
    "_macd_orange": 1.79923629,
    "_cci20": 129.41891578,
    "_cci201": 133.32534865,
    "_ema10": 55.37084576,
    "_ema20": 53.86692542,
    "_ema30": 52.83534213,
    "_ema50": 51.40057319,
    "_ema100": 49.28573591,
    "_ema200": 46.87248833,
    "_psar": 52.0946724,
    "_wr": -3.91676867,
    "_mom": 5.88,
    "_mom1": 6.4,
    "stock_diff": -0.72,
    "rsi_diff": 2.78
}
