{
    "open": 102.38,
    "low": 101.89,
    "high": 103.16,
    "close": 102.55,
    "volume": 1370827,
    "change": -0.24319066,
    "_rsi": 67.69164848,
    "_rsi1": 68.74620523,
    "_stock_k": 85.7089024,
    "_stock_d": 83.05815428,
    "_stock_k1": 83.20339602,
    "_stock_d1": 81.01072887,
    "_macd_blue": 2.02942487,
    "_macd_orange": 2.51523595,
    "_cci20": 88.65798423,
    "_cci201": 93.40243405,
    "_ema10": 100.33212665,
    "_ema20": 98.18065806,
    "_ema30": 96.86890986,
    "_ema50": 95.48414429,
    "_ema100": 94.02311018,
    "_ema200": 92.42378575,
    "_psar": 95.85315581,
    "_wr": -14.47619048,
    "_mom": 3.72,
    "_mom1": 4.81,
    "stock_diff": 2.65,
    "rsi_diff": -1.05
}
