{
    "open": 237.13,
    "low": 235.95,
    "high": 238.01,
    "close": 236.12,
    "volume": 2200593,
    "change": -0.83991265,
    "_rsi": 45.94739565,
    "_rsi1": 48.43168173,
    "_stock_k": 78.52903508,
    "_stock_d": 77.08638172,
    "_stock_k1": 78.41809638,
    "_stock_d1": 74.99707056,
    "_macd_blue": -5.18832341,
    "_macd_orange": -3.52001279,
    "_cci20": 22.05232131,
    "_cci201": 23.74591336,
    "_ema10": 235.17828187,
    "_ema20": 236.98390406,
    "_ema30": 239.9095938,
    "_ema50": 244.21228907,
    "_ema100": 247.30160375,
    "_ema200": 243.92252962,
    "_psar": 225.69020441,
    "_wr": -17.711354,
    "_mom": 13.65,
    "_mom1": 15.33,
    "stock_diff": 1.44,
    "rsi_diff": -2.48
}
