{
    "open": 3236.11,
    "low": 3233.98,
    "high": 3323.34,
    "close": 3297.78,
    "volume": 3198195,
    "change": 2.1038259,
    "_rsi": 63.85414195,
    "_rsi1": 61.18654358,
    "_stock_k": 96.48568239,
    "_stock_d": 96.99920404,
    "_stock_k1": 97.43111997,
    "_stock_d1": 93.56391024,
    "_macd_blue": -14.76677296,
    "_macd_orange": 36.91220559,
    "_cci20": 177.73404338,
    "_cci201": 172.74128345,
    "_ema10": 3099.04671134,
    "_ema20": 3046.64501929,
    "_ema30": 3045.5478497,
    "_ema50": 3080.69612705,
    "_ema100": 3170.16579158,
    "_ema200": 3227.88421415,
    "_psar": 2868.11773668,
    "_wr": -3.9209069,
    "_mom": 577.49,
    "_mom1": 480.77,
    "stock_diff": -0.51,
    "rsi_diff": 2.67
}
