{
    "open": 16.42,
    "low": 16.28,
    "high": 16.895,
    "close": 16.86,
    "volume": 89144035,
    "change": 1.68878166,
    "_rsi": 46.11040764,
    "_rsi1": 43.42775188,
    "_stock_k": 42.45742092,
    "_stock_d": 32.56285483,
    "_stock_k1": 32.72506083,
    "_stock_d1": 22.82284043,
    "_macd_blue": -0.78685293,
    "_macd_orange": -0.64783803,
    "_cci20": -16.93222197,
    "_cci201": -47.34991033,
    "_ema10": 16.53367911,
    "_ema20": 16.93567186,
    "_ema30": 17.42914011,
    "_ema50": 18.09724395,
    "_ema100": 18.20744121,
    "_ema200": 16.86914483,
    "_psar": 17.11560185,
    "_wr": -50.72992701,
    "_mom": 0.01,
    "_mom1": -1.02,
    "stock_diff": 9.89,
    "rsi_diff": 2.68
}
