{
    "open": 50,
    "low": 50,
    "high": 51.16,
    "close": 50.92,
    "volume": 3759050,
    "change": 2.29007634,
    "_rsi": 50.64205958,
    "_rsi1": 47.21379924,
    "_stock_k": 76.43752952,
    "_stock_d": 63.61521959,
    "_stock_k1": 62.96670784,
    "_stock_d1": 56.14269599,
    "_macd_blue": -1.73259346,
    "_macd_orange": -1.12102723,
    "_cci20": 55.21669899,
    "_cci201": 0.98563542,
    "_ema10": 49.47713427,
    "_ema20": 49.95668184,
    "_ema30": 51.07826402,
    "_ema50": 53.63961481,
    "_ema100": 57.75663738,
    "_ema200": 57.94708476,
    "_psar": 45.77227048,
    "_wr": -4.21052632,
    "_mom": 4.11,
    "_mom1": 1.7,
    "stock_diff": 12.82,
    "rsi_diff": 3.43
}
