{
    "open": 17.35,
    "low": 16.775,
    "high": 17.39,
    "close": 16.92,
    "volume": 3688600,
    "change": -3.31428571,
    "_rsi": 50.53149678,
    "_rsi1": 54.92627217,
    "_stock_k": 85.45805767,
    "_stock_d": 80.37912624,
    "_stock_k1": 83.58812609,
    "_stock_d1": 72.17612589,
    "_macd_blue": -0.64526826,
    "_macd_orange": -0.33149239,
    "_cci20": 58.7195524,
    "_cci201": 87.80549381,
    "_ema10": 16.5137573,
    "_ema20": 16.59739421,
    "_ema30": 16.97116492,
    "_ema50": 17.80647807,
    "_ema100": 19.24297684,
    "_ema200": 20.06817717,
    "_psar": 14.1229824,
    "_wr": -16.79586563,
    "_mom": 3.09,
    "_mom1": 2.24,
    "stock_diff": 5.08,
    "rsi_diff": -4.39
}
