{
    "open": 77.16,
    "low": 76.545,
    "high": 77.82,
    "close": 77.06,
    "volume": 26350228,
    "change": 0.24717055,
    "_rsi": 63.18441828,
    "_rsi1": 62.76553781,
    "_stock_k": 61.96319018,
    "_stock_d": 56.56188411,
    "_stock_k1": 58.79345603,
    "_stock_d1": 51.79434063,
    "_macd_blue": 1.99939875,
    "_macd_orange": 1.9462347,
    "_cci20": 92.06018756,
    "_cci201": 94.22098373,
    "_ema10": 75.27451073,
    "_ema20": 73.9204897,
    "_ema30": 72.49940092,
    "_ema50": 69.86882573,
    "_ema100": 65.11654439,
    "_ema200": 59.57171459,
    "_psar": 70.44,
    "_wr": -32.31083845,
    "_mom": -0.41,
    "_mom1": 1.7,
    "stock_diff": 5.4,
    "rsi_diff": 0.42
}
