{
    "open": 27.16,
    "low": 26.82,
    "high": 27.16,
    "close": 27.01,
    "volume": 28226,
    "change": -0.11094675,
    "_rsi": 63.94845302,
    "_rsi1": 64.2618777,
    "_stock_k": 78.1882146,
    "_stock_d": 72.20756376,
    "_stock_k1": 75.46174142,
    "_stock_d1": 65.28877162,
    "_macd_blue": 0.66724988,
    "_macd_orange": 0.69559583,
    "_cci20": 111.55404956,
    "_cci201": 129.4435183,
    "_ema10": 26.26747499,
    "_ema20": 25.76413003,
    "_ema30": 25.26797122,
    "_ema50": 24.31812525,
    "_ema100": 22.38604801,
    "_ema200": 19.79214585,
    "_psar": 24.24565632,
    "_wr": -17.41424802,
    "_mom": 0.63,
    "_mom1": 1.08,
    "stock_diff": 5.98,
    "rsi_diff": -0.31
}
