{
    "open": 313.66,
    "low": 306.9664,
    "high": 322.36,
    "close": 321.47,
    "volume": 268687,
    "change": 3.3565894,
    "_rsi": 58.06494434,
    "_rsi1": 53.72098112,
    "_stock_k": 87.18622568,
    "_stock_d": 78.32294555,
    "_stock_k1": 77.06857407,
    "_stock_d1": 71.51095741,
    "_macd_blue": -0.85036263,
    "_macd_orange": 1.70507582,
    "_cci20": 113.69298978,
    "_cci201": 50.09520426,
    "_ema10": 307.40301255,
    "_ema20": 304.91101045,
    "_ema30": 304.97258126,
    "_ema50": 307.57084683,
    "_ema100": 314.61065467,
    "_ema200": 317.27798215,
    "_psar": 279.20875436,
    "_wr": -1.85185185,
    "_mom": 15.85,
    "_mom1": 4.29,
    "stock_diff": 8.86,
    "rsi_diff": 4.34
}
