{
    "open": 0.39,
    "low": 0.38,
    "high": 0.4,
    "close": 0.4,
    "volume": 623998,
    "change": 5.26315789,
    "_rsi": 58.93254891,
    "_rsi1": 54.81679359,
    "_stock_k": 68.07829851,
    "_stock_d": 72.91601313,
    "_stock_k1": 74.70355731,
    "_stock_d1": 70.55335968,
    "_macd_blue": 0.0109448,
    "_macd_orange": 0.01508265,
    "_cci20": 84.4017094,
    "_cci201": 75.70977918,
    "_ema10": 0.38254162,
    "_ema20": 0.36868022,
    "_ema30": 0.36238127,
    "_ema50": 0.36458966,
    "_ema100": 0.39799796,
    "_ema200": 0.46966395,
    "_psar": 0.42001121,
    "_wr": -28.57142857,
    "_mom": 0.02,
    "_mom1": -0.03,
    "stock_diff": -4.84,
    "rsi_diff": 4.12
}
