{
    "open": 298.89,
    "low": 294.9,
    "high": 300.14,
    "close": 296.7262,
    "volume": 18817337,
    "change": -1.23283294,
    "_rsi": 52.45155309,
    "_rsi1": 55.16367079,
    "_stock_k": 82.88177885,
    "_stock_d": 76.86091827,
    "_stock_k1": 80.53124057,
    "_stock_d1": 65.32515008,
    "_macd_blue": -3.7876814,
    "_macd_orange": -1.65269239,
    "_cci20": 86.64517511,
    "_cci201": 107.04850471,
    "_ema10": 291.74260584,
    "_ema20": 291.86774347,
    "_ema30": 294.02240846,
    "_ema50": 298.77051933,
    "_ema100": 303.20967833,
    "_ema200": 294.7212769,
    "_psar": 271.731712,
    "_wr": -19.32930878,
    "_mom": 17.8162,
    "_mom1": 10.57,
    "stock_diff": 6.02,
    "rsi_diff": -2.71
}
