{
    "open": 321.53,
    "low": 305.64,
    "high": 322.89,
    "close": 312.61,
    "volume": 517242,
    "change": -3.34240307,
    "_rsi": 52.44123479,
    "_rsi1": 57.24419512,
    "_stock_k": 81.29579597,
    "_stock_d": 82.84046334,
    "_stock_k1": 87.19256255,
    "_stock_d1": 82.7688404,
    "_macd_blue": 2.99535626,
    "_macd_orange": 4.61924655,
    "_cci20": 30.30428699,
    "_cci201": 76.1085025,
    "_ema10": 312.6108719,
    "_ema20": 308.1835308,
    "_ema30": 306.6217625,
    "_ema50": 311.09562479,
    "_ema100": 332.00201053,
    "_ema200": 343.56692393,
    "_psar": 279.3663347,
    "_wr": -27.24095754,
    "_mom": 30.97,
    "_mom1": 20.21,
    "stock_diff": -1.54,
    "rsi_diff": -4.8
}
