{
    "open": 127.38,
    "low": 124.06,
    "high": 128.06,
    "close": 124.64,
    "volume": 2158381,
    "change": -2.57171891,
    "_rsi": 45.49180875,
    "_rsi1": 52.15416085,
    "_stock_k": 69.1283436,
    "_stock_d": 65.67762189,
    "_stock_k1": 68.37244335,
    "_stock_d1": 60.49254995,
    "_macd_blue": -1.95478301,
    "_macd_orange": -1.46803081,
    "_cci20": 1.60579879,
    "_cci201": 39.41143218,
    "_ema10": 125.13665034,
    "_ema20": 126.01948603,
    "_ema30": 127.0986899,
    "_ema50": 128.66081199,
    "_ema100": 131.12401491,
    "_ema200": 133.36208637,
    "_psar": 119.00461217,
    "_wr": -35.6426618,
    "_mom": -0.88,
    "_mom1": 5.26,
    "stock_diff": 3.45,
    "rsi_diff": -6.66
}
