{
    "open": 50.4,
    "low": 49.4,
    "high": 50.83,
    "close": 50.81,
    "volume": 2720425,
    "change": 0.61386139,
    "_rsi": 52.21599493,
    "_rsi1": 51.2902723,
    "_stock_k": 86.91411873,
    "_stock_d": 73.77946421,
    "_stock_k1": 74.63886323,
    "_stock_d1": 64.33274965,
    "_macd_blue": -1.5389964,
    "_macd_orange": -0.87004539,
    "_cci20": 68.23597895,
    "_cci201": 45.12349591,
    "_ema10": 49.22931086,
    "_ema20": 49.52051381,
    "_ema30": 50.4264972,
    "_ema50": 52.17499852,
    "_ema100": 54.92536257,
    "_ema200": 57.19393964,
    "_psar": 45.85050701,
    "_wr": -0.28653295,
    "_mom": 5.51,
    "_mom1": 3.91,
    "stock_diff": 13.13,
    "rsi_diff": 0.93
}
