{
    "open": 56.5,
    "low": 56.09,
    "high": 57.49,
    "close": 56.67,
    "change": -0.7356805,
    "_rsi": 69.1492477,
    "_rsi1": 70.80678834,
    "_stock_k": 68.03512021,
    "_stock_d": 67.35489477,
    "_stock_k1": 66.38886031,
    "_stock_d1": 71.33387519,
    "_macd_blue": 2.12731654,
    "_macd_orange": 3.05549306,
    "_cci20": 97.26839787,
    "_cci201": 110.89253862,
    "_ema10": 54.18230626,
    "_ema20": 51.42087403,
    "_ema30": 49.91561162,
    "_ema50": 48.22666364,
    "_ema100": 45.98732203,
    "_ema200": 43.28781059,
    "_psar": 52.73628995,
    "_wrr": -30.40436259,
    "stock_diff": 0.68,
    "rsi_diff": -1.66
}
