{
    "open": 170.68,
    "low": 170.35,
    "high": 174.12,
    "close": 171.69,
    "volume": 7728700,
    "change": 1.38175376,
    "_rsi": 58.43302366,
    "_rsi1": 53.87380518,
    "_stock_k": 81.74725137,
    "_stock_d": 79.47769171,
    "_stock_k1": 78.94636015,
    "_stock_d1": 79.77011494,
    "_macd_blue": -0.03531656,
    "_macd_orange": 0.68630973,
    "_cci20": 132.47781314,
    "_cci201": 93.32565693,
    "_ema10": 168.97587418,
    "_ema20": 168.11756696,
    "_ema30": 167.95239091,
    "_ema50": 167.76449607,
    "_ema100": 167.26666353,
    "_ema200": 165.87347099,
    "_psar": 162.69021659,
    "_wr": -13.20652174,
    "_mom": 7.12,
    "_mom1": 3.35,
    "stock_diff": 2.27,
    "rsi_diff": 4.56
}
