{
    "open": 224.74,
    "low": 221.055,
    "high": 226.07,
    "close": 221.47,
    "volume": 1733602,
    "change": -2.25095997,
    "_rsi": 48.81836419,
    "_rsi1": 52.8129172,
    "_stock_k": 80.20404805,
    "_stock_d": 78.84738449,
    "_stock_k1": 77.39564478,
    "_stock_d1": 81.04279492,
    "_macd_blue": -4.20532347,
    "_macd_orange": -2.08362048,
    "_cci20": 83.31406574,
    "_cci201": 141.75021825,
    "_ema10": 220.8851631,
    "_ema20": 221.23106026,
    "_ema30": 223.77639077,
    "_ema50": 228.79078633,
    "_ema100": 237.11151185,
    "_ema200": 245.47942234,
    "_psar": 204.06608205,
    "_wr": -26.14777028,
    "_mom": 4.75,
    "_mom1": 22.58,
    "stock_diff": 1.36,
    "rsi_diff": -3.99
}
