{
    "open": 211.37,
    "low": 210.18,
    "high": 219.46,
    "close": 216.65,
    "volume": 31982199,
    "change": 2.43983167,
    "_rsi": 51.06351597,
    "_rsi1": 47.99839782,
    "_stock_k": 91.16870434,
    "_stock_d": 86.74068818,
    "_stock_k1": 87.47590232,
    "_stock_d1": 75.06830198,
    "_macd_blue": -14.28864016,
    "_macd_orange": -8.35989061,
    "_cci20": 135.4408603,
    "_cci201": 109.3900259,
    "_ema10": 206.01653877,
    "_ema20": 208.71645229,
    "_ema30": 217.95987524,
    "_ema50": 237.99912038,
    "_ema100": 270.94942888,
    "_ema200": 292.76783472,
    "_psar": 190.28860698,
    "_wr": -8.35315101,
    "_mom": 26.36,
    "_mom1": 24.02,
    "stock_diff": 4.43,
    "rsi_diff": 3.07
}
