{
    "open": 70.7,
    "low": 69.4,
    "high": 70.7,
    "close": 69.47,
    "volume": 610285,
    "change": -2.53928171,
    "_rsi": 51.36588105,
    "_rsi1": 56.26886812,
    "_stock_k": 84.12348401,
    "_stock_d": 89.91759039,
    "_stock_k1": 92.72326351,
    "_stock_d1": 90.89488763,
    "_macd_blue": -0.72134609,
    "_macd_orange": 0.02866887,
    "_cci20": 70.02683768,
    "_cci201": 127.63865171,
    "_ema10": 69.12346721,
    "_ema20": 68.65460235,
    "_ema30": 69.15511548,
    "_ema50": 71.0897476,
    "_ema100": 75.19594071,
    "_ema200": 77.05839974,
    "_psar": 64.75605283,
    "_wr": -27.34288864,
    "_mom": 1.76,
    "_mom1": 6.85,
    "stock_diff": -5.79,
    "rsi_diff": -4.9
}
