{
    "open": 354.44,
    "low": 343.22,
    "high": 354.44,
    "close": 344.28,
    "volume": 359366,
    "change": -3.62781323,
    "_rsi": 54.84258262,
    "_rsi1": 60.52121453,
    "_stock_k": 84.4007937,
    "_stock_d": 90.11614633,
    "_stock_k1": 91.7419872,
    "_stock_d1": 91.63680744,
    "_macd_blue": -2.41490758,
    "_macd_orange": 3.34252578,
    "_cci20": 89.36893845,
    "_cci201": 140.64614643,
    "_ema10": 337.06282945,
    "_ema20": 331.5190983,
    "_ema30": 332.6153771,
    "_ema50": 342.80038853,
    "_ema100": 370.68890506,
    "_ema200": 389.65200494,
    "_psar": 295.51542244,
    "_wr": -25.2198687,
    "_mom": 33.07,
    "_mom1": 62.66,
    "stock_diff": -5.72,
    "rsi_diff": -5.68
}
