{
    "open": 98.16,
    "low": 96.64,
    "high": 98.47,
    "close": 97.14,
    "volume": 629214,
    "change": -0.73574494,
    "_rsi": 47.77137877,
    "_rsi1": 49.87611084,
    "_stock_k": 35.417944,
    "_stock_d": 34.08270318,
    "_stock_k1": 34.60044962,
    "_stock_d1": 32.4068397,
    "_macd_blue": -0.536669,
    "_macd_orange": -0.41876549,
    "_cci20": 1.27533861,
    "_cci201": 24.25016478,
    "_ema10": 97.36969638,
    "_ema20": 97.61729323,
    "_ema30": 97.92678431,
    "_ema50": 97.99979777,
    "_ema100": 96.28700593,
    "_ema200": 92.93794877,
    "_psar": 101.28822874,
    "_wr": -69.16002452,
    "_mom": 0.08,
    "_mom1": 2.54,
    "stock_diff": 1.34,
    "rsi_diff": -2.1
}
