{
    "open": 286.29,
    "low": 284.66,
    "high": 288.85,
    "close": 287.69,
    "volume": 2239657,
    "change": 1.23157043,
    "_rsi": 74.48855628,
    "_rsi1": 72.2906802,
    "_stock_k": 75.4824388,
    "_stock_d": 79.4923353,
    "_stock_k1": 78.18030176,
    "_stock_d1": 85.29898207,
    "_macd_blue": 8.50009188,
    "_macd_orange": 10.28412227,
    "_cci20": 101.55338659,
    "_cci201": 102.96440586,
    "_ema10": 280.39390505,
    "_ema20": 271.66830776,
    "_ema30": 266.30455129,
    "_ema50": 261.07462907,
    "_ema100": 255.32536646,
    "_ema200": 243.42960201,
    "_psar": 283.35,
    "_wr": -20.38964505,
    "_mom": 21.67,
    "_mom1": 21.4,
    "stock_diff": -4.01,
    "rsi_diff": 2.2
}
