{
    "open": 149.27,
    "low": 148.91,
    "high": 151.18,
    "close": 150.46,
    "volume": 2245771,
    "change": 0.99342194,
    "_rsi": 51.35468884,
    "_rsi1": 48.35644775,
    "_stock_k": 80.9645427,
    "_stock_d": 80.8667017,
    "_stock_k1": 80.28638029,
    "_stock_d1": 82.47680267,
    "_macd_blue": -3.03591277,
    "_macd_orange": -1.66542441,
    "_cci20": 132.10234423,
    "_cci201": 76.32388948,
    "_ema10": 148.08173923,
    "_ema20": 148.4861555,
    "_ema30": 150.49143515,
    "_ema50": 155.10334349,
    "_ema100": 163.81218307,
    "_ema200": 172.09000666,
    "_psar": 141.41866808,
    "_wr": -6.95652174,
    "_mom": 9.5,
    "_mom1": 5.05,
    "stock_diff": 0.1,
    "rsi_diff": 3.0
}
