{
    "open": 333.63,
    "low": 332.305,
    "high": 340.74,
    "close": 340.74,
    "volume": 9409577,
    "change": 1.30217624,
    "_rsi": 56.3850329,
    "_rsi1": 52.92647434,
    "_stock_k": 96.15943402,
    "_stock_d": 89.84456116,
    "_stock_k1": 93.39036401,
    "_stock_d1": 79.82083849,
    "_macd_blue": -8.97932429,
    "_macd_orange": -4.91168485,
    "_cci20": 145.64047719,
    "_cci201": 89.79597648,
    "_ema10": 328.59780072,
    "_ema20": 330.090542,
    "_ema30": 335.34819403,
    "_ema50": 345.15456707,
    "_ema100": 353.84673405,
    "_ema200": 346.32024209,
    "_psar": 308.08326062,
    "_wr": 0,
    "_mom": 16.48,
    "_mom1": 12,
    "stock_diff": 6.31,
    "rsi_diff": 3.46
}
