{
    "open": 445.86,
    "low": 445.86,
    "high": 450.58,
    "close": 449.59,
    "volume": 74508465,
    "change": 1.17014334,
    "_rsi": 59.60985871,
    "_rsi1": 56.57214244,
    "_stock_k": 96.48663425,
    "_stock_d": 95.45968028,
    "_stock_k1": 97.36595852,
    "_stock_d1": 88.81866342,
    "_macd_blue": -3.33938201,
    "_macd_orange": 0.165409,
    "_cci20": 167.76431948,
    "_cci201": 148.12542515,
    "_ema10": 437.27424629,
    "_ema20": 435.40631881,
    "_ema30": 436.89605116,
    "_ema50": 440.92918374,
    "_ema100": 445.17296517,
    "_ema200": 438.29283153,
    "_psar": 419.17948544,
    "_wr": -2.79187817,
    "_mom": 33.34,
    "_mom1": 24.96,
    "stock_diff": 1.03,
    "rsi_diff": 3.04
}
