{
    "open": 79.31,
    "low": 77.7,
    "high": 81.7894,
    "close": 81.37,
    "volume": 2596266,
    "change": 3.47151577,
    "_rsi": 51.43494319,
    "_rsi1": 47.78560732,
    "_stock_k": 75.26803189,
    "_stock_d": 63.82848886,
    "_stock_k1": 59.76012232,
    "_stock_d1": 55.64141612,
    "_macd_blue": -2.88967585,
    "_macd_orange": -1.95151447,
    "_cci20": 26.99955728,
    "_cci201": 6.23385033,
    "_ema10": 78.19328631,
    "_ema20": 79.28135075,
    "_ema30": 80.72772282,
    "_ema50": 82.70268295,
    "_ema100": 86.21446803,
    "_ema200": 92.01668347,
    "_psar": 70.27044474,
    "_wr": -2.71291253,
    "_mom": 4.84,
    "_mom1": 1.37,
    "stock_diff": 11.44,
    "rsi_diff": 3.65
}
