{
    "open": 61.5,
    "low": 61.02,
    "high": 62.86,
    "close": 62.8,
    "volume": 2233719,
    "change": 2.36348818,
    "_rsi": 78.95992148,
    "_rsi1": 75.44461116,
    "_stock_k": 95.68896726,
    "_stock_d": 92.28729236,
    "_stock_k1": 92.56393987,
    "_stock_d1": 90.09332469,
    "_macd_blue": 1.85339459,
    "_macd_orange": 2.12756937,
    "_cci20": 160.7604282,
    "_cci201": 120.09768967,
    "_ema10": 59.97970445,
    "_ema20": 58.26807759,
    "_ema30": 57.02186318,
    "_ema50": 55.50931693,
    "_ema100": 54.29607094,
    "_ema200": 53.74375334,
    "_psar": 59.35,
    "_wr": -0.77720207,
    "_mom": 4.3,
    "_mom1": 2.49,
    "stock_diff": 3.4,
    "rsi_diff": 3.52
}
