{
    "open": 74.6,
    "low": 74.53,
    "high": 75.185,
    "close": 74.855,
    "volume": 5956473,
    "change": 0.58452029,
    "_rsi": 53.65620395,
    "_rsi1": 51.14537493,
    "_stock_k": 71.73837671,
    "_stock_d": 63.69723613,
    "_stock_k1": 62.45973128,
    "_stock_d1": 59.05562655,
    "_macd_blue": -0.41899187,
    "_macd_orange": -0.19560148,
    "_cci20": 67.08501799,
    "_cci201": 21.94405783,
    "_ema10": 74.09562444,
    "_ema20": 74.14010265,
    "_ema30": 74.33637433,
    "_ema50": 74.52771505,
    "_ema100": 74.16103663,
    "_ema200": 72.73701652,
    "_psar": 71.91270386,
    "_wr": -8.58257477,
    "_mom": 3.415,
    "_mom1": 2.14,
    "stock_diff": 8.04,
    "rsi_diff": 2.51
}
