{
    "open": 177.15,
    "low": 174.03,
    "high": 177.15,
    "close": 174.14,
    "volume": 496134,
    "change": -1.89848459,
    "_rsi": 50.93555284,
    "_rsi1": 57.11934935,
    "_stock_k": 80.03432494,
    "_stock_d": 87.99659987,
    "_stock_k1": 89.74065599,
    "_stock_d1": 93.4287133,
    "_macd_blue": -1.34596835,
    "_macd_orange": 0.05651631,
    "_cci20": 81.30412408,
    "_cci201": 137.50288544,
    "_ema10": 173.94314121,
    "_ema20": 173.06751189,
    "_ema30": 173.98462553,
    "_ema50": 177.36031306,
    "_ema100": 183.04796121,
    "_ema200": 181.41202768,
    "_psar": 167.69920391,
    "_wr": -33.06636156,
    "_mom": 5.47,
    "_mom1": 12.51,
    "stock_diff": -7.96,
    "rsi_diff": -6.18
}
