{
    "open": 124.61,
    "low": 123.82,
    "high": 125.34,
    "close": 125.28,
    "volume": 1129743,
    "change": 0.91018929,
    "_rsi": 62.47315046,
    "_rsi1": 60.30294164,
    "_stock_k": 85.14958749,
    "_stock_d": 76.41728736,
    "_stock_k1": 74.97252231,
    "_stock_d1": 68.59399571,
    "_macd_blue": 0.52209792,
    "_macd_orange": 1.03092788,
    "_cci20": 146.87863758,
    "_cci201": 123.86283685,
    "_ema10": 121.84007304,
    "_ema20": 120.82031089,
    "_ema30": 120.41775787,
    "_ema50": 120.68297865,
    "_ema100": 124.17352164,
    "_ema200": 130.9786732,
    "_psar": 114.5024,
    "_wr": -5.24956971,
    "_mom": 6.46,
    "_mom1": 4.81,
    "stock_diff": 8.73,
    "rsi_diff": 2.17
}
