{
    "open": 139.03,
    "low": 136.625,
    "high": 139.03,
    "close": 137.88,
    "volume": 431035,
    "change": -0.5338335,
    "_rsi": 61.94529932,
    "_rsi1": 63.50622066,
    "_stock_k": 77.94282064,
    "_stock_d": 79.05552894,
    "_stock_k1": 78.5976681,
    "_stock_d1": 83.2762903,
    "_macd_blue": 2.43876911,
    "_macd_orange": 3.52088062,
    "_cci20": 82.59792586,
    "_cci201": 90.72448712,
    "_ema10": 135.66407307,
    "_ema20": 132.35966447,
    "_ema30": 130.9119792,
    "_ema50": 130.57138992,
    "_ema100": 131.91029396,
    "_ema200": 131.13036529,
    "_psar": 141.8698,
    "_wr": -19.74125539,
    "_mom": 12.85,
    "_mom1": 14,
    "stock_diff": -1.11,
    "rsi_diff": -1.56
}
