{
    "open": 33.48,
    "low": 33.1,
    "high": 33.48,
    "close": 33.22,
    "volume": 702850,
    "change": 0.24140012,
    "_rsi": 68.95554506,
    "_rsi1": 68.19101552,
    "_stock_k": 85.36780566,
    "_stock_d": 76.24535096,
    "_stock_k1": 77.63850704,
    "_stock_d1": 72.16215001,
    "_macd_blue": 0.35605526,
    "_macd_orange": 0.44599681,
    "_cci20": 183.1887395,
    "_cci201": 167.88055353,
    "_ema10": 32.60533533,
    "_ema20": 32.22747104,
    "_ema30": 31.98766873,
    "_ema50": 31.72543097,
    "_ema100": 31.35045338,
    "_ema200": 30.44359067,
    "_psar": 31.97494555,
    "_wr": -13.26530612,
    "_mom": 1.08,
    "_mom1": 0.95,
    "stock_diff": 9.12,
    "rsi_diff": 0.76
}
