{
    "open": 78.8,
    "low": 78.8,
    "high": 79.4585,
    "close": 79.255,
    "volume": 1722595,
    "change": 0.70520966,
    "_rsi": 57.695682,
    "_rsi1": 55.16113398,
    "_stock_k": 76.82675085,
    "_stock_d": 78.32611763,
    "_stock_k1": 78.31273043,
    "_stock_d1": 83.25496015,
    "_macd_blue": 0.03186683,
    "_macd_orange": 0.33840896,
    "_cci20": 123.3282484,
    "_cci201": 90.85909281,
    "_ema10": 78.32544632,
    "_ema20": 77.90300219,
    "_ema30": 77.85670421,
    "_ema50": 77.97767756,
    "_ema100": 77.93659845,
    "_ema200": 76.48150964,
    "_psar": 77.00712033,
    "_wr": -8.31345334,
    "_mom": 3.555,
    "_mom1": 2.57,
    "stock_diff": -1.5,
    "rsi_diff": 2.53
}
