{
    "open": 57.63,
    "low": 57.05,
    "high": 57.73,
    "close": 57.58,
    "volume": 1843508,
    "change": 0.40104621,
    "_rsi": 65.43139458,
    "_rsi1": 64.31068945,
    "_stock_k": 80.93236756,
    "_stock_d": 83.45969826,
    "_stock_k1": 82.72946767,
    "_stock_d1": 87.56208303,
    "_macd_blue": 0.59949612,
    "_macd_orange": 0.98571737,
    "_cci20": 93.00870688,
    "_cci201": 99.97297748,
    "_ema10": 56.7426413,
    "_ema20": 55.74433531,
    "_ema30": 55.44586896,
    "_ema50": 55.68934366,
    "_ema100": 56.21372223,
    "_ema200": 55.32315941,
    "_psar": 58.29,
    "_wr": -15.13859275,
    "_mom": 3.61,
    "_mom1": 2.88,
    "stock_diff": -2.53,
    "rsi_diff": 1.12
}
