{
    "open": 24.15,
    "low": 24.12,
    "high": 24.49,
    "close": 24.38,
    "volume": 4028852,
    "change": 1.20381901,
    "_rsi": 55.86491123,
    "_rsi1": 52.68148515,
    "_stock_k": 71.21212121,
    "_stock_d": 72.30379183,
    "_stock_k1": 71.91142191,
    "_stock_d1": 75.47681957,
    "_macd_blue": 0.01079338,
    "_macd_orange": 0.0902465,
    "_cci20": 151.22191341,
    "_cci201": 67.79589445,
    "_ema10": 24.03704075,
    "_ema20": 23.92939415,
    "_ema30": 23.90685797,
    "_ema50": 23.87355491,
    "_ema100": 23.57149583,
    "_ema200": 22.51187095,
    "_psar": 23.32399665,
    "_wr": -13.63636364,
    "_mom": 0.67,
    "_mom1": 0.24,
    "stock_diff": -1.09,
    "rsi_diff": 3.18
}
