{
    "open": 48.8,
    "low": 48.72,
    "high": 50.56,
    "close": 50.5,
    "volume": 2037405,
    "change": 3.73870173,
    "_rsi": 51.2902723,
    "_rsi1": 45.53833327,
    "_stock_k": 74.63886323,
    "_stock_d": 64.33274965,
    "_stock_k1": 59.78541067,
    "_stock_d1": 57.94391883,
    "_macd_blue": -1.70623416,
    "_macd_orange": -1.10622447,
    "_cci20": 45.12349591,
    "_cci201": 5.79079881,
    "_ema10": 48.87804661,
    "_ema20": 49.38477843,
    "_ema30": 50.40004873,
    "_ema50": 52.23071274,
    "_ema100": 55.00850121,
    "_ema200": 57.25809984,
    "_psar": 45.32723002,
    "_wr": -0.89418778,
    "_mom": 3.91,
    "_mom1": 0.91,
    "stock_diff": 10.31,
    "rsi_diff": 5.75
}
