{
    "open": 14.84,
    "low": 14.05,
    "high": 14.85,
    "close": 14.14,
    "volume": 71373,
    "change": -4.13559322,
    "_rsi": 38.37758023,
    "_rsi1": 41.27342194,
    "_stock_k": 31.91287879,
    "_stock_d": 51.71004399,
    "_stock_k1": 60.22727273,
    "_stock_d1": 57.87413768,
    "_macd_blue": -0.62516947,
    "_macd_orange": -0.64004563,
    "_cci20": -142.10765273,
    "_cci201": -90.05225831,
    "_ema10": 15.23780883,
    "_ema20": 15.70504824,
    "_ema30": 16.14390812,
    "_ema50": 16.85586809,
    "_ema100": 17.71713042,
    "_ema200": 17.76138029,
    "_psar": 13.97700416,
    "_wr": -89.48863636,
    "_mom": -1.6,
    "_mom1": -1.25,
    "stock_diff": -19.8,
    "rsi_diff": -2.9
}
