{
    "open": 30.65,
    "low": 30.605,
    "high": 31.18,
    "close": 31.14,
    "volume": 3925808,
    "change": 1.96463654,
    "_rsi": 70.98620391,
    "_rsi1": 65.33088918,
    "_stock_k": 85.86405547,
    "_stock_d": 79.00419742,
    "_stock_k1": 76.45780254,
    "_stock_d1": 76.47396665,
    "_macd_blue": 0.43025943,
    "_macd_orange": 0.4898091,
    "_cci20": 182.31752403,
    "_cci201": 108.789525,
    "_ema10": 30.31310077,
    "_ema20": 29.93009128,
    "_ema30": 29.61606673,
    "_ema50": 29.05923688,
    "_ema100": 27.98928679,
    "_ema200": 26.79375498,
    "_psar": 29.875,
    "_wr": -2.24719101,
    "_mom": 1.35,
    "_mom1": 0.62,
    "stock_diff": 6.86,
    "rsi_diff": 5.66
}
