{
    "open": 555.51,
    "low": 549.22,
    "high": 558.26,
    "close": 558.11,
    "volume": 1614151,
    "change": 0.7382405,
    "_rsi": 64.7520705,
    "_rsi1": 62.91356973,
    "_stock_k": 82.19315599,
    "_stock_d": 83.72960247,
    "_stock_k1": 81.0320781,
    "_stock_d1": 87.03384993,
    "_macd_blue": 8.52278859,
    "_macd_orange": 10.9656346,
    "_cci20": 102.33868789,
    "_cci201": 118.22972004,
    "_ema10": 549.24430029,
    "_ema20": 539.70729436,
    "_ema30": 534.16189139,
    "_ema50": 528.45119986,
    "_ema100": 515.71466355,
    "_ema200": 484.91551159,
    "_psar": 544.23975124,
    "_wr": -16.92789969,
    "_mom": 25.39,
    "_mom1": 26.37,
    "stock_diff": -1.54,
    "rsi_diff": 1.84
}
