{
    "open": 68.99,
    "low": 68.741,
    "high": 69.57,
    "close": 68.97,
    "volume": 1957018,
    "change": 0.98096633,
    "_rsi": 63.79180672,
    "_rsi1": 61.86629309,
    "_stock_k": 83.07359307,
    "_stock_d": 75.31024531,
    "_stock_k1": 74.54545455,
    "_stock_d1": 65.31514871,
    "_macd_blue": 1.1470973,
    "_macd_orange": 1.29229811,
    "_cci20": 112.64234103,
    "_cci201": 85.35919193,
    "_ema10": 67.1644322,
    "_ema20": 66.15735877,
    "_ema30": 65.3487056,
    "_ema50": 64.21272704,
    "_ema100": 62.37480631,
    "_ema200": 59.05243783,
    "_psar": 62.46136,
    "_wr": -12.07792208,
    "_mom": 2.36,
    "_mom1": 1.56,
    "stock_diff": 7.76,
    "rsi_diff": 1.93
}
