{
    "open": 221.99,
    "low": 221.43,
    "high": 225.45,
    "close": 225.18,
    "volume": 3425055,
    "change": 1.16811933,
    "_rsi": 57.0272721,
    "_rsi1": 54.2958471,
    "_stock_k": 89.89238291,
    "_stock_d": 69.3970899,
    "_stock_k1": 72.19712321,
    "_stock_d1": 49.90875813,
    "_macd_blue": -2.64907298,
    "_macd_orange": -1.27694102,
    "_cci20": 148.47164253,
    "_cci201": 92.79942336,
    "_ema10": 218.25054069,
    "_ema20": 218.53457313,
    "_ema30": 219.96254463,
    "_ema50": 222.83174016,
    "_ema100": 226.26998194,
    "_ema200": 224.04280628,
    "_psar": 209.5366,
    "_wr": -1.66872682,
    "_mom": 7.22,
    "_mom1": 2.42,
    "stock_diff": 20.5,
    "rsi_diff": 2.73
}
