{
    "open": 129.08,
    "low": 128.25,
    "high": 129.32,
    "close": 128.3,
    "volume": 2924534,
    "change": -0.58887339,
    "_rsi": 53.4675691,
    "_rsi1": 56.26325556,
    "_stock_k": 83.09849265,
    "_stock_d": 87.68665574,
    "_stock_k1": 89.21364011,
    "_stock_d1": 90.63476205,
    "_macd_blue": -0.8347126,
    "_macd_orange": -0.11711695,
    "_cci20": 111.32184471,
    "_cci201": 127.39237449,
    "_ema10": 127.33618076,
    "_ema20": 127.0523773,
    "_ema30": 127.44124567,
    "_ema50": 128.02173888,
    "_ema100": 128.54446266,
    "_ema200": 128.63723032,
    "_psar": 125.3661411,
    "_wr": -20.41105599,
    "_mom": 2.08,
    "_mom1": 3.38,
    "stock_diff": -4.59,
    "rsi_diff": -2.8
}
