{
    "open": 582.37,
    "low": 563.95,
    "high": 584.04,
    "close": 565.39,
    "volume": 192069,
    "change": -4.08177114,
    "_rsi": 45.40155608,
    "_rsi1": 51.64949094,
    "_stock_k": 58.17731218,
    "_stock_d": 57.63084704,
    "_stock_k1": 61.31838339,
    "_stock_d1": 53.14892058,
    "_macd_blue": -14.34972467,
    "_macd_orange": -9.94399675,
    "_cci20": -17.03185668,
    "_cci201": 24.53145283,
    "_ema10": 571.22361761,
    "_ema20": 576.17905748,
    "_ema30": 585.32580734,
    "_ema50": 606.15051061,
    "_ema100": 643.73494463,
    "_ema200": 659.04537702,
    "_psar": 604.34762635,
    "_wr": -49.74383996,
    "_mom": 11.12,
    "_mom1": 64.88,
    "stock_diff": 0.55,
    "rsi_diff": -6.25
}
