{
    "open": 26.28,
    "low": 24.88,
    "high": 26.28,
    "close": 25.23,
    "volume": 23164,
    "change": -4.61247637,
    "_rsi": 53.78022858,
    "_rsi1": 67.15556436,
    "_stock_k": 60.43363239,
    "_stock_d": 65.64718963,
    "_stock_k1": 66.50793651,
    "_stock_d1": 71.74930147,
    "_macd_blue": 0.84071863,
    "_macd_orange": 0.81931065,
    "_cci20": 25.78889468,
    "_cci201": 82.2035722,
    "_ema10": 25.78880466,
    "_ema20": 25.1997521,
    "_ema30": 24.63516717,
    "_ema50": 23.63928581,
    "_ema100": 21.74480945,
    "_ema200": 19.2698334,
    "_psar": 27.588028,
    "_wr": -58.93719807,
    "_mom": 0.16,
    "_mom1": 2.01,
    "stock_diff": -5.21,
    "rsi_diff": -13.38
}
