{
    "open": 52.09,
    "low": 52.03,
    "high": 53.01,
    "close": 52.74,
    "volume": 4261246,
    "change": 1.34511914,
    "_rsi": 47.2549832,
    "_rsi1": 43.88863027,
    "_stock_k": 72.07792208,
    "_stock_d": 72.35183695,
    "_stock_k1": 71.71717172,
    "_stock_d1": 74.30095306,
    "_macd_blue": -1.58877158,
    "_macd_orange": -1.11788116,
    "_cci20": 82.98006502,
    "_cci201": 19.86328821,
    "_ema10": 52.09093409,
    "_ema20": 52.67477622,
    "_ema30": 53.60709052,
    "_ema50": 54.95994576,
    "_ema100": 55.86547224,
    "_ema200": 54.4671431,
    "_psar": 49.93938988,
    "_wr": -15.58441558,
    "_mom": 2.74,
    "_mom1": 2.04,
    "stock_diff": -0.27,
    "rsi_diff": 3.37
}
