{
    "open": 111.84,
    "low": 111.58,
    "high": 112.48,
    "close": 112.48,
    "volume": 1713575,
    "change": 0.98760998,
    "_rsi": 57.79112458,
    "_rsi1": 53.58506766,
    "_stock_k": 87.0575624,
    "_stock_d": 87.63781605,
    "_stock_k1": 83.55523907,
    "_stock_d1": 89.92071235,
    "_macd_blue": 0.00775532,
    "_macd_orange": 0.40569088,
    "_cci20": 119.83476582,
    "_cci201": 106.74888961,
    "_ema10": 111.30150507,
    "_ema20": 110.79527719,
    "_ema30": 110.71631275,
    "_ema50": 110.6848861,
    "_ema100": 110.07661046,
    "_ema200": 107.66194684,
    "_psar": 109.33662214,
    "_wr": -5.66117875,
    "_mom": 3.48,
    "_mom1": 2.22,
    "stock_diff": -0.58,
    "rsi_diff": 4.21
}
