{
    "open": 153.43,
    "low": 150.52,
    "high": 153.6022,
    "close": 151.88,
    "volume": 7289835,
    "change": 0.76963907,
    "_rsi": 48.90869251,
    "_rsi1": 46.41292931,
    "_stock_k": 61.47051182,
    "_stock_d": 55.48160048,
    "_stock_k1": 55.42667917,
    "_stock_d1": 50.39741528,
    "_macd_blue": -2.41545074,
    "_macd_orange": -1.93232668,
    "_cci20": 16.89271397,
    "_cci201": -21.36297096,
    "_ema10": 150.16914433,
    "_ema20": 151.4285713,
    "_ema30": 152.72844916,
    "_ema50": 153.95081882,
    "_ema100": 152.97703509,
    "_ema200": 148.67410022,
    "_psar": 144.47654272,
    "_wr": -31.02104443,
    "_mom": 5.09,
    "_mom1": -2.12,
    "stock_diff": 5.99,
    "rsi_diff": 2.5
}
