{
    "open": 76.47,
    "low": 76.39,
    "high": 76.85,
    "close": 76.58,
    "change": 0.59109418,
    "_rsi": 46.34279606,
    "_rsi1": 43.92844125,
    "_stock_k": 61.84486373,
    "_stock_d": 56.45384664,
    "_stock_k1": 53.65478686,
    "_stock_d1": 55.771552,
    "_macd_blue": -0.59407193,
    "_macd_orange": -0.56822821,
    "_cci20": -28.17938383,
    "_cci201": -93.40281862,
    "_ema10": 76.61048919,
    "_ema20": 77.01712493,
    "_ema30": 77.39168559,
    "_ema50": 77.82607927,
    "_ema100": 77.87002476,
    "_ema200": 76.2994942,
    "_psar": 74.60434527,
    "_wrr": -35.42976939,
    "stock_diff": 5.39,
    "rsi_diff": 2.41
}
