{
    "open": 116.97,
    "low": 114.52,
    "high": 117.95,
    "close": 115.27,
    "volume": 1799424,
    "change": -2.29699949,
    "_rsi": 52.35433031,
    "_rsi1": 56.01473903,
    "_stock_k": 76.60555531,
    "_stock_d": 67.55819961,
    "_stock_k1": 68.650874,
    "_stock_d1": 59.40444892,
    "_macd_blue": -0.61729334,
    "_macd_orange": -0.07862295,
    "_cci20": 29.9562492,
    "_cci201": 45.03015477,
    "_ema10": 113.49115809,
    "_ema20": 113.38003654,
    "_ema30": 113.46742373,
    "_ema50": 113.11664122,
    "_ema100": 110.06658765,
    "_ema200": 102.39472003,
    "_psar": 99.136128,
    "_wr": -15.51639745,
    "_mom": 5.37,
    "_mom1": 11.97,
    "stock_diff": 9.05,
    "rsi_diff": -3.66
}
