{
    "open": 453.13,
    "low": 442.0934,
    "high": 469.96,
    "close": 468.39,
    "volume": 679730,
    "change": 4.24651132,
    "_rsi": 60.73835942,
    "_rsi1": 55.93999045,
    "_stock_k": 89.14392572,
    "_stock_d": 89.64829873,
    "_stock_k1": 86.04737232,
    "_stock_d1": 91.51702849,
    "_macd_blue": 3.53111056,
    "_macd_orange": 10.27334853,
    "_cci20": 116.7666387,
    "_cci201": 100.22157659,
    "_ema10": 447.16403742,
    "_ema20": 435.5313799,
    "_ema30": 433.5940565,
    "_ema50": 442.45867601,
    "_ema100": 466.738755,
    "_ema200": 470.99263938,
    "_psar": 409.03542653,
    "_wr": -1.92425542,
    "_mom": 62.81,
    "_mom1": 37.07,
    "stock_diff": -0.5,
    "rsi_diff": 4.8
}
