{
    "open": 282.77,
    "low": 273,
    "high": 283.06,
    "close": 279.1,
    "volume": 342247,
    "change": -0.69382672,
    "_rsi": 45.77673301,
    "_rsi1": 46.77158602,
    "_stock_k": 61.31197229,
    "_stock_d": 71.72324272,
    "_stock_k1": 73.06054702,
    "_stock_d1": 81.13289164,
    "_macd_blue": -9.72559466,
    "_macd_orange": -6.11957429,
    "_cci20": 15.89354354,
    "_cci201": 17.53284081,
    "_ema10": 279.63875775,
    "_ema20": 282.05935817,
    "_ema30": 288.3133453,
    "_ema50": 302.0917558,
    "_ema100": 327.43803455,
    "_ema200": 339.22497642,
    "_psar": 266.28322006,
    "_wr": -39.81381251,
    "_mom": 19.56,
    "_mom1": 14.48,
    "stock_diff": -10.41,
    "rsi_diff": -0.99
}
