{
    "open": 59.9,
    "low": 59.59,
    "high": 60.74,
    "close": 60.41,
    "volume": 982878,
    "change": 0.83458521,
    "_rsi": 55.24050292,
    "_rsi1": 52.34087621,
    "_stock_k": 67.38764009,
    "_stock_d": 74.4712148,
    "_stock_k1": 72.45473915,
    "_stock_d1": 80.15597467,
    "_macd_blue": 0.54954007,
    "_macd_orange": 0.5870006,
    "_cci20": 36.24727706,
    "_cci201": 40.99085643,
    "_ema10": 60.3235747,
    "_ema20": 59.83735947,
    "_ema30": 59.53867165,
    "_ema50": 59.2380023,
    "_ema100": 58.79729201,
    "_ema200": 57.90705899,
    "_psar": 61.43,
    "_wr": -40.5204461,
    "_mom": 0.66,
    "_mom1": -0.58,
    "stock_diff": -7.08,
    "rsi_diff": 2.9
}
