{
    "open": 74.09,
    "low": 73.53,
    "high": 74.26,
    "close": 74.19,
    "volume": 20278562,
    "change": 0.22966766,
    "_rsi": 49.66058099,
    "_rsi1": 48.72172754,
    "_stock_k": 51.64319249,
    "_stock_d": 43.32662643,
    "_stock_k1": 46.54594232,
    "_stock_d1": 32.08137715,
    "_macd_blue": -0.6223366,
    "_macd_orange": -0.57014189,
    "_cci20": -7.35662364,
    "_cci201": -21.20907906,
    "_ema10": 73.57491646,
    "_ema20": 73.99703509,
    "_ema30": 74.33159971,
    "_ema50": 74.56950827,
    "_ema100": 74.14306037,
    "_ema200": 72.65542031,
    "_psar": 74.7409831,
    "_wr": -42.65593561,
    "_mom": -1.68,
    "_mom1": -1.84,
    "stock_diff": 8.32,
    "rsi_diff": 0.94
}
