{
    "open": 22.94,
    "low": 22.755,
    "high": 23.17,
    "close": 22.9,
    "volume": 6345036,
    "change": 0.88105727,
    "_rsi": 48.78630033,
    "_rsi1": 47.31552429,
    "_stock_k": 66.66666667,
    "_stock_d": 66.70781893,
    "_stock_k1": 65.18518519,
    "_stock_d1": 65.35031515,
    "_macd_blue": -0.22792972,
    "_macd_orange": -0.15061395,
    "_cci20": 14.24360093,
    "_cci201": 9.18437286,
    "_ema10": 22.89901551,
    "_ema20": 22.97886679,
    "_ema30": 23.09057827,
    "_ema50": 23.17869701,
    "_ema100": 22.97481826,
    "_ema200": 22.07402792,
    "_psar": 22.17962468,
    "_wr": -37.40740741,
    "_mom": 0.9,
    "_mom1": 0.25,
    "stock_diff": -0.04,
    "rsi_diff": 1.47
}
