{
    "open": 37.09,
    "low": 36.33,
    "high": 37.33,
    "close": 36.73,
    "volume": 2184571,
    "change": -1.58092176,
    "_rsi": 61.58301279,
    "_rsi1": 65.52363792,
    "_stock_k": 91.83982741,
    "_stock_d": 90.27842067,
    "_stock_k1": 95.12777777,
    "_stock_d1": 83.19314735,
    "_macd_blue": 0.38857165,
    "_macd_orange": 0.67205961,
    "_cci20": 163.71801632,
    "_cci201": 211.60170246,
    "_ema10": 35.49733045,
    "_ema20": 34.88641907,
    "_ema30": 34.51802229,
    "_ema50": 33.94682537,
    "_ema100": 33.10169937,
    "_ema200": 32.00530944,
    "_psar": 32.63056,
    "_wr": -17.51412429,
    "_mom": 2.75,
    "_mom1": 4.39,
    "stock_diff": 1.56,
    "rsi_diff": -3.94
}
