{
    "open": 177.5,
    "low": 176,
    "high": 179.35,
    "close": 179.34,
    "volume": 382212,
    "change": 1.52278517,
    "_rsi": 52.47378438,
    "_rsi1": 50.02571249,
    "_stock_k": 80.07262164,
    "_stock_d": 86.58601171,
    "_stock_k1": 84.254565,
    "_stock_d1": 89.28207411,
    "_macd_blue": -0.7724826,
    "_macd_orange": 0.37870937,
    "_cci20": 42.07041742,
    "_cci201": 52.46637284,
    "_ema10": 177.52692355,
    "_ema20": 176.67965539,
    "_ema30": 176.93463601,
    "_ema50": 177.8158911,
    "_ema100": 177.94806145,
    "_ema200": 171.87990333,
    "_psar": 169.15483595,
    "_wr": -23.57298475,
    "_mom": 7,
    "_mom1": 4.07,
    "stock_diff": -6.51,
    "rsi_diff": 2.45
}
