{
    "open": 129.28,
    "low": 128.5,
    "high": 130.84,
    "close": 128.74,
    "volume": 1145095,
    "change": -1.31841177,
    "_rsi": 43.87304582,
    "_rsi1": 46.08801843,
    "_stock_k": 89.93522671,
    "_stock_d": 87.09224139,
    "_stock_k1": 91.07061959,
    "_stock_d1": 80.20379732,
    "_macd_blue": -6.38005607,
    "_macd_orange": -4.47283618,
    "_cci20": 34.49400469,
    "_cci201": 35.54380479,
    "_ema10": 127.82527038,
    "_ema20": 130.14996623,
    "_ema30": 133.95021444,
    "_ema50": 140.25978487,
    "_ema100": 148.29179266,
    "_ema200": 152.24342146,
    "_psar": 118.25986812,
    "_wr": -13.20378675,
    "_mom": 6.71,
    "_mom1": 12.72,
    "stock_diff": 2.84,
    "rsi_diff": -2.21
}
