{
    "open": 50.03,
    "low": 50.02,
    "high": 50.03,
    "close": 50.02,
    "volume": 5740,
    "change": -0.009995,
    "_rsi": 53.97308809,
    "_rsi1": 59.09608987,
    "_stock_k": 83.33333333,
    "_stock_d": 81.48148148,
    "_stock_k1": 83.33333333,
    "_stock_d1": 79.62962963,
    "_macd_blue": 0.00259083,
    "_macd_orange": 0.00359789,
    "_cci20": 84.93589744,
    "_cci201": 125,
    "_ema10": 50.02030394,
    "_ema20": 50.01707923,
    "_ema30": 50.01531734,
    "_ema50": 50.0136446,
    "_ema100": 50.01238576,
    "_ema200": 50.01218325,
    "_psar": 50.00232896,
    "_wr": -33.33333333,
    "_mom": 0,
    "_mom1": 0.015,
    "stock_diff": 1.85,
    "rsi_diff": -5.12
}
