{
    "open": 58.52,
    "low": 58.52,
    "high": 59.81,
    "close": 59.79,
    "volume": 4660693,
    "change": 2.22260215,
    "_rsi": 79.94588896,
    "_rsi1": 77.11428255,
    "_stock_k": 97.72159928,
    "_stock_d": 95.56618524,
    "_stock_k1": 94.1019784,
    "_stock_d1": 94.62777134,
    "_macd_blue": 1.6512836,
    "_macd_orange": 2.13815742,
    "_cci20": 155.93609211,
    "_cci201": 144.55949606,
    "_ema10": 56.63833477,
    "_ema20": 54.82938793,
    "_ema30": 53.62530981,
    "_ema50": 51.99668444,
    "_ema100": 49.67239464,
    "_ema200": 47.11546769,
    "_psar": 53.60658407,
    "_wr": -0.19512195,
    "_mom": 6.14,
    "_mom1": 4.9,
    "stock_diff": 2.16,
    "rsi_diff": 2.83
}
