{
    "open": 68.13,
    "low": 67.45,
    "high": 68.27,
    "close": 67.94,
    "volume": 9615643,
    "change": -0.32276995,
    "_rsi": 49.74360378,
    "_rsi1": 51.1141842,
    "_stock_k": 29.20461445,
    "_stock_d": 33.33944317,
    "_stock_k1": 33.31703066,
    "_stock_d1": 41.39202532,
    "_macd_blue": 0.61541976,
    "_macd_orange": 0.41630796,
    "_cci20": -15.3756197,
    "_cci201": 5.68534553,
    "_ema10": 68.43779058,
    "_ema20": 68.21537956,
    "_ema30": 67.88067346,
    "_ema50": 67.3080748,
    "_ema100": 66.227831,
    "_ema200": 64.45225495,
    "_psar": 71.67183552,
    "_wr": -72.85974499,
    "_mom": -3.21,
    "_mom1": -1.21,
    "stock_diff": -4.13,
    "rsi_diff": -1.37
}
