{
    "open": 310.2,
    "low": 302.6,
    "high": 312.345,
    "close": 311.03,
    "volume": 244764,
    "change": -0.73721836,
    "_rsi": 53.72098112,
    "_rsi1": 54.88919559,
    "_stock_k": 77.06857407,
    "_stock_d": 71.51095741,
    "_stock_k1": 70.71403692,
    "_stock_d1": 65.23627075,
    "_macd_blue": -1.48922224,
    "_macd_orange": 0.31579604,
    "_cci20": 50.09520426,
    "_cci201": 86.85815811,
    "_ema10": 304.27701534,
    "_ema20": 303.16795892,
    "_ema30": 303.83482824,
    "_ema50": 307.00353446,
    "_ema100": 314.47208204,
    "_ema200": 317.23585132,
    "_psar": 277.54286912,
    "_wr": -18.17776788,
    "_mom": 4.29,
    "_mom1": 22.95,
    "stock_diff": 5.56,
    "rsi_diff": -1.17
}
