{
    "open": 555.16,
    "low": 545.17,
    "high": 556.9285,
    "close": 554.82,
    "volume": 753240,
    "change": -0.25169897,
    "_rsi": 53.34362768,
    "_rsi1": 53.68789974,
    "_stock_k": 90.65427096,
    "_stock_d": 85.21435246,
    "_stock_k1": 86.57809299,
    "_stock_d1": 81.8834403,
    "_macd_blue": -15.47617428,
    "_macd_orange": -6.35687229,
    "_cci20": 82.691087,
    "_cci201": 66.62497409,
    "_ema10": 535.50028234,
    "_ema20": 535.30613421,
    "_ema30": 544.29218509,
    "_ema50": 563.59470473,
    "_ema100": 588.08374907,
    "_ema200": 589.35159814,
    "_psar": 488.70140839,
    "_wr": -2.32038605,
    "_mom": 71.43,
    "_mom1": 59.15,
    "stock_diff": 5.44,
    "rsi_diff": -0.34
}
