{
    "open": 27.66,
    "low": 27.66,
    "high": 28.57,
    "close": 28.31,
    "change": 2.49818972,
    "_rsi": 78.52565479,
    "_rsi1": 76.09229363,
    "_stock_k": 89.14068848,
    "_stock_d": 90.33151354,
    "_stock_k1": 89.49328076,
    "_stock_d1": 92.02343318,
    "_macd_blue": 1.24339775,
    "_macd_orange": 1.53645772,
    "_cci20": 134.21032026,
    "_cci201": 104.44450996,
    "_ema10": 26.63476239,
    "_ema20": 25.3340691,
    "_ema30": 24.51010121,
    "_ema50": 23.5998156,
    "_ema100": 22.59042107,
    "_ema200": 21.97870418,
    "_psar": 25.94,
    "_wrr": -4.47504303,
    "stock_diff": -1.19,
    "rsi_diff": 2.43
}
