{
    "open": 115.88,
    "low": 114.54,
    "high": 116.83,
    "close": 116.41,
    "volume": 1060568,
    "change": -0.23140213,
    "_rsi": 61.53726018,
    "_rsi1": 62.29336649,
    "_stock_k": 84.26622111,
    "_stock_d": 87.91867403,
    "_stock_k1": 87.63575606,
    "_stock_d1": 91.52946608,
    "_macd_blue": 0.75501386,
    "_macd_orange": 1.7483087,
    "_cci20": 113.91286313,
    "_cci201": 134.11788522,
    "_ema10": 113.96612991,
    "_ema20": 112.12738997,
    "_ema30": 111.53550977,
    "_ema50": 111.34136345,
    "_ema100": 111.35258994,
    "_ema200": 110.83874462,
    "_psar": 112.89650317,
    "_wr": -15.28822055,
    "_mom": 7.23,
    "_mom1": 9.61,
    "stock_diff": -3.65,
    "rsi_diff": -0.76
}
