{
    "open": 76.23,
    "low": 76.11,
    "high": 77.65,
    "close": 77.13,
    "change": -0.43887957,
    "_rsi": 70.37048565,
    "_rsi1": 71.89954713,
    "_stock_k": 75.5703614,
    "_stock_d": 77.12869731,
    "_stock_k1": 76.49011822,
    "_stock_d1": 82.11183238,
    "_macd_blue": 2.44395017,
    "_macd_orange": 2.93944088,
    "_cci20": 115.53626576,
    "_cci201": 131.84059015,
    "_ema10": 74.75215827,
    "_ema20": 72.3782551,
    "_ema30": 70.57671098,
    "_ema50": 67.76389154,
    "_ema100": 63.23779289,
    "_ema200": 58.1563162,
    "_psar": 72.98227323,
    "_wrr": -20.79547749,
    "stock_diff": -1.56,
    "rsi_diff": -1.53
}
