{
    "open": 76.23,
    "low": 76.11,
    "high": 77.81,
    "close": 76.86,
    "volume": 44864973,
    "change": -0.78740157,
    "_rsi": 69.20179121,
    "_rsi1": 71.89954713,
    "_stock_k": 74.96466788,
    "_stock_d": 76.92679947,
    "_stock_k1": 76.49011822,
    "_stock_d1": 82.11183238,
    "_macd_blue": 2.43964248,
    "_macd_orange": 2.91790242,
    "_cci20": 114.89203849,
    "_cci201": 131.84059015,
    "_ema10": 74.70306736,
    "_ema20": 72.35254082,
    "_ema30": 70.55929163,
    "_ema50": 67.75330331,
    "_ema100": 63.23244635,
    "_ema200": 58.15362963,
    "_psar": 72.98227323,
    "_wr": -22.61255805,
    "stock_diff": -1.96,
    "rsi_diff": -2.7
}
