{
    "open": 76.23,
    "low": 76.11,
    "high": 77.81,
    "close": 76.85,
    "volume": 45917692,
    "change": -0.8003098,
    "_rsi": 69.15925126,
    "_rsi1": 71.89954713,
    "_stock_k": 74.94223478,
    "_stock_d": 76.91932177,
    "_stock_k1": 76.49011822,
    "_stock_d1": 82.11183238,
    "_macd_blue": 2.43948294,
    "_macd_orange": 2.9171047,
    "_cci20": 114.83343265,
    "_cci201": 131.84059015,
    "_ema10": 74.70124918,
    "_ema20": 72.35158844,
    "_ema30": 70.55864647,
    "_ema50": 67.75291115,
    "_ema100": 63.23224833,
    "_ema200": 58.15353013,
    "_psar": 72.98227323,
    "_wr": -22.67985733,
    "stock_diff": -1.98,
    "rsi_diff": -2.74
}
