{
    "open": 76.23,
    "low": 76.11,
    "high": 77.65,
    "close": 77.01,
    "change": -0.59377824,
    "_rsi": 69.84622883,
    "_rsi1": 71.89954713,
    "_stock_k": 75.30116428,
    "_stock_d": 77.03896493,
    "_stock_k1": 76.49011822,
    "_stock_d1": 82.11183238,
    "_macd_blue": 2.44203564,
    "_macd_orange": 2.92986823,
    "_cci20": 114.83343265,
    "_cci201": 131.84059015,
    "_ema10": 74.73034009,
    "_ema20": 72.36682653,
    "_ema30": 70.56896905,
    "_ema50": 67.75918566,
    "_ema100": 63.23541665,
    "_ema200": 58.15512217,
    "_psar": 72.98227323,
    "_wrr": -21.60306885,
    "stock_diff": -1.74,
    "rsi_diff": -2.05
}
