{
    "open": 40.94,
    "low": 40.772,
    "high": 41.67,
    "close": 41.22,
    "volume": 2502710,
    "change": 0.75776094,
    "_rsi": 52.14354335,
    "_rsi1": 50.11824638,
    "_stock_k": 54.10280436,
    "_stock_d": 49.98142102,
    "_stock_k1": 49.04592443,
    "_stock_d1": 47.71201596,
    "_macd_blue": -0.12212555,
    "_macd_orange": -0.09742735,
    "_cci20": 13.1989972,
    "_cci201": -24.2482989,
    "_ema10": 40.81036883,
    "_ema20": 40.90756521,
    "_ema30": 40.898911,
    "_ema50": 40.64903373,
    "_ema100": 39.99015921,
    "_ema200": 38.76946529,
    "_psar": 38.58,
    "_wr": -34.32835821,
    "_mom": 1.89,
    "_mom1": 1.12,
    "stock_diff": 4.12,
    "rsi_diff": 2.03
}
