{
    "open": 57.96,
    "low": 57.96,
    "high": 58.85,
    "close": 58.755,
    "change": 1.51174845,
    "_rsi": 40.04606347,
    "_rsi1": 34.54254614,
    "_stock_k": 12.65723656,
    "_stock_d": 12.62974399,
    "_stock_k1": 5.60544596,
    "_stock_d1": 23.82015387,
    "_macd_blue": 0.0796393,
    "_macd_orange": -0.42444253,
    "_cci20": -152.86771276,
    "_cci201": -221.36303607,
    "_ema10": 60.06030901,
    "_ema20": 60.63024601,
    "_ema30": 60.65729678,
    "_ema50": 60.23120152,
    "_ema100": 58.94249636,
    "_ema200": 57.14756815,
    "_psar": 62.63078912,
    "_wrr": -77.26449275,
    "stock_diff": 0.03,
    "rsi_diff": 5.5
}
