{
    "open": 57.96,
    "low": 57.86,
    "high": 58.85,
    "close": 57.92,
    "volume": 19397768,
    "change": 0.0691085,
    "_rsi": 34.81608248,
    "_rsi1": 34.54254614,
    "_stock_k": 7.61496603,
    "_stock_d": 10.94898714,
    "_stock_k1": 5.60544596,
    "_stock_d1": 23.82015387,
    "_macd_blue": 0.06631736,
    "_macd_orange": -0.49105222,
    "_cci20": -167.8661691,
    "_cci201": -221.36303607,
    "_ema10": 59.90849083,
    "_ema20": 60.5507222,
    "_ema30": 60.60342581,
    "_ema50": 60.19845642,
    "_ema100": 58.92596171,
    "_ema200": 57.13925969,
    "_psar": 62.63078912,
    "_wr": -92.39130435,
    "stock_diff": -3.33,
    "rsi_diff": 0.27
}
