{
    "open": 57.96,
    "low": 57.96,
    "high": 58.85,
    "close": 58.11,
    "change": 0.39737388,
    "_rsi": 36.08476777,
    "_rsi1": 34.54254614,
    "_stock_k": 8.76230903,
    "_stock_d": 11.33143481,
    "_stock_k1": 5.60544596,
    "_stock_d1": 23.82015387,
    "_macd_blue": 0.0693487,
    "_macd_orange": -0.47589552,
    "_cci20": -163.26783765,
    "_cci201": -221.36303607,
    "_ema10": 59.94303628,
    "_ema20": 60.56881744,
    "_ema30": 60.61568387,
    "_ema50": 60.2059074,
    "_ema100": 58.92972408,
    "_ema200": 57.14115024,
    "_psar": 62.63078912,
    "_wrr": -88.94927536,
    "stock_diff": -2.57,
    "rsi_diff": 1.54
}
