{
    "open": 171.33,
    "low": 169.71,
    "high": 174.71,
    "close": 172.79,
    "volume": 4614621,
    "change": 2.91244789,
    "_rsi": 44.83062149,
    "_rsi1": 39.50994824,
    "_stock_k": 35.48801804,
    "_stock_d": 30.44942418,
    "_stock_k1": 31.3046382,
    "_stock_d1": 23.14968114,
    "_macd_blue": -1.95456575,
    "_macd_orange": -4.12006414,
    "_cci20": -63.95362327,
    "_cci201": -91.02186588,
    "_ema10": 172.70494009,
    "_ema20": 177.11872595,
    "_ema30": 178.27286861,
    "_ema50": 177.66613152,
    "_ema100": 174.62922548,
    "_ema200": 167.33785462,
    "_psar": 155.72,
    "_wr": -56.68612027,
    "_mom": -21.75,
    "_mom1": -25.81,
    "stock_diff": 5.04,
    "rsi_diff": 5.32
}
