{
    "open": 329.32,
    "low": 324.01,
    "high": 331.3,
    "close": 329.73,
    "volume": 4852060,
    "change": 0.10929957,
    "_rsi": 47.08467818,
    "_rsi1": 46.77723257,
    "_stock_k": 76.67970228,
    "_stock_d": 86.99714157,
    "_stock_k1": 88.15228842,
    "_stock_d1": 92.56736215,
    "_macd_blue": -7.26318857,
    "_macd_orange": -4.01798262,
    "_cci20": 62.06641838,
    "_cci201": 112.65016647,
    "_ema10": 328.91852776,
    "_ema20": 329.99411715,
    "_ema30": 334.62492318,
    "_ema50": 343.95495407,
    "_ema100": 352.89408494,
    "_ema200": 345.98818413,
    "_psar": 313.09933579,
    "_wr": -34.41775844,
    "_mom": 12.99,
    "_mom1": 6.6,
    "stock_diff": -10.32,
    "rsi_diff": 0.31
}
