{
    "open": 112.29,
    "low": 111.37,
    "high": 112.47,
    "close": 111.38,
    "volume": 1557646,
    "change": -0.99555556,
    "_rsi": 53.58506766,
    "_rsi1": 59.15859123,
    "_stock_k": 83.55523907,
    "_stock_d": 89.92071235,
    "_stock_k1": 92.30064668,
    "_stock_d1": 93.54648864,
    "_macd_blue": -0.09172857,
    "_macd_orange": 0.3010702,
    "_cci20": 106.74888961,
    "_cci201": 162.05500896,
    "_ema10": 111.03961731,
    "_ema20": 110.61793794,
    "_ema30": 110.59467914,
    "_ema50": 110.61161614,
    "_ema100": 110.02805713,
    "_ema200": 107.61352419,
    "_psar": 108.86981152,
    "_wr": -27.90946968,
    "_mom": 2.22,
    "_mom1": 4.68,
    "stock_diff": -6.37,
    "rsi_diff": -5.57
}
