{
    "open": 60.41,
    "low": 59.35,
    "high": 60.74,
    "close": 60.14,
    "volume": 1525536,
    "change": -0.1494272,
    "_rsi": 71.79279359,
    "_rsi1": 72.53786775,
    "_stock_k": 88.60896994,
    "_stock_d": 88.62528975,
    "_stock_k1": 89.10706426,
    "_stock_d1": 87.55833598,
    "_macd_blue": 1.73812391,
    "_macd_orange": 1.89184418,
    "_cci20": 98.21796207,
    "_cci201": 110.7917124,
    "_ema10": 58.90918813,
    "_ema20": 57.41640503,
    "_ema30": 56.29739657,
    "_ema50": 54.96119672,
    "_ema100": 53.97830014,
    "_ema200": 53.57537634,
    "_psar": 58.53037888,
    "_wr": -11.6751269,
    "_mom": 2.33,
    "_mom1": 2.37,
    "stock_diff": -0.02,
    "rsi_diff": -0.75
}
