{
    "open": 117.03,
    "low": 116.42,
    "high": 117.43,
    "close": 117.38,
    "volume": 1042619,
    "change": 0.83326175,
    "_rsi": 63.26247663,
    "_rsi1": 61.53726018,
    "_stock_k": 88.16485659,
    "_stock_d": 86.68894458,
    "_stock_k1": 84.26622111,
    "_stock_d1": 87.91867403,
    "_macd_blue": 0.99065639,
    "_macd_orange": 1.93322654,
    "_cci20": 125.41013935,
    "_cci201": 113.91286313,
    "_ema10": 114.58683357,
    "_ema20": 112.62763855,
    "_ema30": 111.91257366,
    "_ema50": 111.57817273,
    "_ema100": 111.47194459,
    "_ema200": 110.90383173,
    "_psar": 113.75146266,
    "_wr": -7.18462824,
    "_mom": 7.85,
    "_mom1": 7.23,
    "stock_diff": 1.48,
    "rsi_diff": 1.73
}
