{
    "open": 76.23,
    "low": 76.11,
    "high": 77.65,
    "close": 77.15,
    "change": -0.41306312,
    "_rsi": 70.45862788,
    "_rsi1": 71.89954713,
    "_stock_k": 75.61522758,
    "_stock_d": 77.1436527,
    "_stock_k1": 76.49011822,
    "_stock_d1": 82.11183238,
    "_macd_blue": 2.44426926,
    "_macd_orange": 2.94103632,
    "_cci20": 115.65331197,
    "_cci201": 131.84059015,
    "_ema10": 74.75579464,
    "_ema20": 72.38015986,
    "_ema30": 70.57800131,
    "_ema50": 67.76467586,
    "_ema100": 63.23818893,
    "_ema200": 58.1565152,
    "_psar": 72.98227323,
    "_wrr": -20.66087893,
    "stock_diff": -1.53,
    "rsi_diff": -1.44
}
