{
    "open": 56.73,
    "low": 56.41,
    "high": 57.56,
    "close": 57.27,
    "volume": 1818972,
    "change": 0.89852008,
    "_rsi": 65.10765559,
    "_rsi1": 63.1365804,
    "_stock_k": 81.32716049,
    "_stock_d": 85.22572552,
    "_stock_k1": 83.02469136,
    "_stock_d1": 89.79301482,
    "_macd_blue": 0.78634211,
    "_macd_orange": 1.16306471,
    "_cci20": 109.49230635,
    "_cci201": 136.60575902,
    "_ema10": 56.08476985,
    "_ema20": 55.04922512,
    "_ema30": 54.42912077,
    "_ema50": 53.58054335,
    "_ema100": 52.66366611,
    "_ema200": 52.66706585,
    "_psar": 52.82593587,
    "_wr": -18.51851852,
    "_mom": 4.1,
    "_mom1": 3.57,
    "stock_diff": -3.9,
    "rsi_diff": 1.97
}
