{
    "open": 15.48,
    "low": 15.32,
    "high": 15.59,
    "close": 15.495,
    "change": 1.34074559,
    "_rsi": 40.49658946,
    "_rsi1": 38.90731133,
    "_stock_k": 38.87578616,
    "_stock_d": 28.02936896,
    "_stock_k1": 28.6163522,
    "_stock_d1": 16.87572359,
    "_macd_blue": -0.92557425,
    "_macd_orange": -0.9973308,
    "_cci20": -70.49176839,
    "_cci201": -93.38220839,
    "_ema10": 15.66201297,
    "_ema20": 16.42790042,
    "_ema30": 17.06748769,
    "_ema50": 18.09250794,
    "_ema100": 19.56285006,
    "_ema200": 20.27490555,
    "_psar": 17.03896097,
    "_wrr": -57.66509434,
    "stock_diff": 10.85,
    "rsi_diff": 1.59
}
