{
    "open": 125.93,
    "low": 124.74,
    "high": 126.82,
    "close": 124.83,
    "volume": 4866991,
    "change": -0.68422309,
    "_rsi": 52.99501811,
    "_rsi1": 55.29445299,
    "_stock_k": 67.82517114,
    "_stock_d": 74.8113042,
    "_stock_k1": 74.01263823,
    "_stock_d1": 82.51852883,
    "_macd_blue": 1.76903892,
    "_macd_orange": 1.58321996,
    "_cci20": 36.34043461,
    "_cci201": 62.07695954,
    "_ema10": 125.55878459,
    "_ema20": 124.5283775,
    "_ema30": 123.32546531,
    "_ema50": 121.54618091,
    "_ema100": 121.00975338,
    "_ema200": 122.7877462,
    "_psar": 121.39433831,
    "_wr": -37.44075829,
    "_mom": 2.87,
    "_mom1": 6.41,
    "stock_diff": -6.99,
    "rsi_diff": -2.3
}
