{
    "open": 77.25,
    "low": 76.43,
    "high": 77.27,
    "close": 76.48,
    "volume": 33331,
    "change": -0.81701465,
    "_rsi": 52.71718027,
    "_rsi1": 55.63004699,
    "_stock_k": 78.92370058,
    "_stock_d": 68.55677641,
    "_stock_k1": 70.8586883,
    "_stock_d1": 55.81765568,
    "_macd_blue": -0.74245993,
    "_macd_orange": -0.35560257,
    "_cci20": 119.70643658,
    "_cci201": 125.13033077,
    "_ema10": 75.52441071,
    "_ema20": 75.59194272,
    "_ema30": 76.01007916,
    "_ema50": 76.88170536,
    "_ema100": 77.85118242,
    "_ema200": 76.93542648,
    "_psar": 73.11992344,
    "_wr": -17.79279279,
    "_mom": 2.95,
    "_mom1": 1.73,
    "stock_diff": 10.37,
    "rsi_diff": -2.91
}
