{
    "open": 313.11,
    "low": 312.17,
    "high": 317.52,
    "close": 313.77,
    "volume": 943488,
    "change": -0.46631138,
    "_rsi": 64.82538893,
    "_rsi1": 66.61987166,
    "_stock_k": 84.83657276,
    "_stock_d": 89.8423931,
    "_stock_k1": 89.88183584,
    "_stock_d1": 93.18455509,
    "_macd_blue": 6.14447859,
    "_macd_orange": 8.18089916,
    "_cci20": 105.14079298,
    "_cci201": 113.4992324,
    "_ema10": 309.0503891,
    "_ema20": 301.88881388,
    "_ema30": 297.72832046,
    "_ema50": 293.92411054,
    "_ema100": 290.0475415,
    "_ema200": 279.3344168,
    "_psar": 304.51273586,
    "_wr": -19.24000874,
    "_mom": 22.77,
    "_mom1": 38.31,
    "stock_diff": -5.01,
    "rsi_diff": -1.79
}
