{
    "open": 147.01,
    "low": 146.89,
    "high": 150.54,
    "close": 150.27,
    "volume": 9612738,
    "change": 3.59875905,
    "_rsi": 45.17466468,
    "_rsi1": 34.6593927,
    "_stock_k": 19.75560474,
    "_stock_d": 11.2109595,
    "_stock_k1": 6.5339882,
    "_stock_d1": 7.11639204,
    "_macd_blue": -2.53119367,
    "_macd_orange": -3.19981603,
    "_cci20": -69.23085725,
    "_cci201": -157.79401599,
    "_ema10": 149.17799088,
    "_ema20": 151.93786105,
    "_ema30": 153.56615415,
    "_ema50": 154.69587622,
    "_ema100": 153.23050968,
    "_ema200": 148.57753645,
    "_psar": 143.03,
    "_wr": -54.49402891,
    "_mom": -3.04,
    "_mom1": -10.84,
    "stock_diff": 8.54,
    "rsi_diff": 10.52
}
