{
    "open": 150.36,
    "low": 148.51,
    "high": 154.54,
    "close": 154.5,
    "volume": 1588966,
    "change": 2.65780731,
    "_rsi": 48.83395287,
    "_rsi1": 42.43193486,
    "_stock_k": 63.15254592,
    "_stock_d": 61.03698863,
    "_stock_k1": 59.56340956,
    "_stock_d1": 60.51568008,
    "_macd_blue": -3.47892881,
    "_macd_orange": -3.01082686,
    "_cci20": -16.38301242,
    "_cci201": -54.05784475,
    "_ema10": 151.7486909,
    "_ema20": 153.80826963,
    "_ema30": 155.84998969,
    "_ema50": 158.85473284,
    "_ema100": 162.82596719,
    "_ema200": 165.9279211,
    "_psar": 134.77143952,
    "_wr": -24.26377597,
    "_mom": 1.01,
    "_mom1": -7.79,
    "stock_diff": 2.12,
    "rsi_diff": 6.4
}
