{
    "open": 101.75,
    "low": 101.63,
    "high": 103.39,
    "close": 102.8,
    "volume": 1778775,
    "change": 1.61114955,
    "_rsi": 68.74620523,
    "_rsi1": 65.49139906,
    "_stock_k": 83.20339602,
    "_stock_d": 81.01072887,
    "_stock_k1": 80.26216442,
    "_stock_d1": 78.65807694,
    "_macd_blue": 1.9079721,
    "_macd_orange": 2.43956262,
    "_cci20": 93.40243405,
    "_cci201": 72.33228459,
    "_ema10": 99.83926591,
    "_ema20": 97.72072732,
    "_ema30": 96.47711054,
    "_ema50": 95.19574201,
    "_ema100": 93.85084978,
    "_ema200": 92.32201476,
    "_psar": 95.32867639,
    "_wr": -10.49586777,
    "_mom": 4.81,
    "_mom1": 1.34,
    "stock_diff": 2.19,
    "rsi_diff": 3.25
}
