{
    "open": 127.27,
    "low": 125.39,
    "high": 127.85,
    "close": 126.13,
    "volume": 851674,
    "change": -1.12104108,
    "_rsi": 48.18876951,
    "_rsi1": 50.24427706,
    "_stock_k": 77.26851672,
    "_stock_d": 74.34325587,
    "_stock_k1": 77.48153964,
    "_stock_d1": 67.9298203,
    "_macd_blue": -2.80229511,
    "_macd_orange": -1.78406578,
    "_cci20": 12.2058153,
    "_cci201": 20.90574158,
    "_ema10": 125.3678642,
    "_ema20": 126.18418526,
    "_ema30": 127.80797756,
    "_ema50": 130.89152097,
    "_ema100": 135.61954174,
    "_ema200": 137.98159825,
    "_psar": 116.83528353,
    "_wr": -21.9497241,
    "_mom": 5.31,
    "_mom1": 7.85,
    "stock_diff": 2.93,
    "rsi_diff": -2.06
}
