{
    "open": 77.54,
    "low": 76.89,
    "high": 77.58,
    "close": 77.15,
    "volume": 28690,
    "change": -0.27145812,
    "_rsi": 54.39783323,
    "_rsi1": 55.43112497,
    "_stock_k": 80.85106383,
    "_stock_d": 83.68968582,
    "_stock_k1": 84.39716312,
    "_stock_d1": 87.06206452,
    "_macd_blue": -0.2891725,
    "_macd_orange": 0.12459939,
    "_cci20": 100.89203322,
    "_cci201": 101.89247381,
    "_ema10": 76.46589916,
    "_ema20": 76.14116825,
    "_ema30": 76.30438892,
    "_ema50": 76.93998397,
    "_ema100": 77.80747822,
    "_ema200": 76.94918606,
    "_psar": 73.76452544,
    "_wr": -16.4410058,
    "_mom": 3.835,
    "_mom1": 2.79,
    "stock_diff": -2.84,
    "rsi_diff": -1.03
}
