{
    "open": 77.49,
    "low": 77.29,
    "high": 77.8097,
    "close": 77.6,
    "volume": 993950,
    "change": 0.62240664,
    "_rsi": 52.23993114,
    "_rsi1": 49.86223608,
    "_stock_k": 69.39977167,
    "_stock_d": 60.19358799,
    "_stock_k1": 59.04961565,
    "_stock_d1": 55.62543676,
    "_macd_blue": -0.55725559,
    "_macd_orange": -0.40753639,
    "_cci20": 93.97264151,
    "_cci201": 16.08822698,
    "_ema10": 76.72008011,
    "_ema20": 76.95026783,
    "_ema30": 77.27101386,
    "_ema50": 77.69860443,
    "_ema100": 77.80060409,
    "_ema200": 76.31036702,
    "_psar": 75.0268633,
    "_wr": -22.82793867,
    "_mom": 0.1,
    "_mom1": 1.39,
    "stock_diff": 9.21,
    "rsi_diff": 2.38
}
