{
    "open": 79.18,
    "low": 76.39,
    "high": 80.11,
    "close": 77.05,
    "volume": 27092,
    "change": -1.97201018,
    "_rsi": 57.07092625,
    "_rsi1": 59.85610218,
    "_stock_k": 60.62917601,
    "_stock_d": 73.01705394,
    "_stock_k1": 73.9213948,
    "_stock_d1": 81.66863672,
    "_macd_blue": 5.6171674,
    "_macd_orange": 5.19142877,
    "_cci20": 35.49434398,
    "_cci201": 41.84121542,
    "_ema10": 78.86025791,
    "_ema20": 75.226356,
    "_ema30": 71.6630212,
    "_ema50": 66.26684783,
    "_ema100": 58.90701461,
    "_ema200": 51.31545173,
    "_psar": 86.9478,
    "_wr": -45.81637268,
    "_mom": 2.31,
    "_mom1": 4.08,
    "stock_diff": -12.39,
    "rsi_diff": -2.79
}
