{
    "open": 88.24,
    "low": 86.6301,
    "high": 89.34,
    "close": 87.22,
    "volume": 1635264,
    "change": -0.44515466,
    "_rsi": 55.19945263,
    "_rsi1": 56.14040727,
    "_stock_k": 79.91435281,
    "_stock_d": 87.39267948,
    "_stock_k1": 87.62161383,
    "_stock_d1": 93.17464318,
    "_macd_blue": -0.57048875,
    "_macd_orange": 0.46979803,
    "_cci20": 120.47771993,
    "_cci201": 128.32616229,
    "_ema10": 85.76705651,
    "_ema20": 84.87584095,
    "_ema30": 85.07684603,
    "_ema50": 85.91523137,
    "_ema100": 86.76373006,
    "_ema200": 84.33761121,
    "_psar": 77.99845561,
    "_wr": -24.69954414,
    "_mom": 6.44,
    "_mom1": 8.69,
    "stock_diff": -7.48,
    "rsi_diff": -0.94
}
