{
    "open": 119.06,
    "low": 117.53,
    "high": 119.38,
    "close": 118.78,
    "volume": 1816619,
    "change": 0.71222656,
    "_rsi": 48.4830309,
    "_rsi1": 47.50663602,
    "_stock_k": 91.16741164,
    "_stock_d": 84.19387766,
    "_stock_k1": 84.56791173,
    "_stock_d1": 75.93459807,
    "_macd_blue": -6.22774174,
    "_macd_orange": -3.94777931,
    "_cci20": 38.84011906,
    "_cci201": 27.05157273,
    "_ema10": 115.76556804,
    "_ema20": 117.48764777,
    "_ema30": 121.22369037,
    "_ema50": 128.54055054,
    "_ema100": 139.5343727,
    "_ema200": 144.27806197,
    "_psar": 101.29174579,
    "_wr": -3.95683453,
    "_mom": 13.1,
    "_mom1": 13.33,
    "stock_diff": 6.97,
    "rsi_diff": 0.98
}
