{
    "open": 16.82,
    "low": 16.565,
    "high": 17.05,
    "close": 16.68,
    "volume": 63296016,
    "change": -2.39906378,
    "_rsi": 45.53198395,
    "_rsi1": 48.85270745,
    "_stock_k": 51.76657866,
    "_stock_d": 46.81757002,
    "_stock_k1": 47.44525547,
    "_stock_d1": 43.71451744,
    "_macd_blue": -0.66059216,
    "_macd_orange": -0.48133582,
    "_cci20": 6.96845884,
    "_cci201": 40.02512402,
    "_ema10": 16.63650794,
    "_ema20": 16.88909549,
    "_ema30": 17.30675164,
    "_ema50": 17.94517036,
    "_ema100": 18.12264002,
    "_ema200": 16.86564308,
    "_psar": 15.6124336,
    "_wr": -37.76595745,
    "_mom": 0.31,
    "_mom1": 1.06,
    "stock_diff": 4.95,
    "rsi_diff": -3.32
}
