{
    "open": 227.72,
    "low": 226.8,
    "high": 231.07,
    "close": 231.04,
    "volume": 678785,
    "change": 1.87847253,
    "_rsi": 55.18964498,
    "_rsi1": 50.8834619,
    "_stock_k": 76.88744789,
    "_stock_d": 81.37307421,
    "_stock_k1": 78.65258688,
    "_stock_d1": 86.59005007,
    "_macd_blue": -0.51211935,
    "_macd_orange": 1.13232504,
    "_cci20": 88.22388942,
    "_cci201": 72.9717401,
    "_ema10": 228.03884662,
    "_ema20": 226.12295705,
    "_ema30": 226.69097658,
    "_ema50": 229.97464582,
    "_ema100": 234.49256032,
    "_ema200": 229.58751897,
    "_psar": 224.95297019,
    "_wr": -18.15655396,
    "_mom": 8.74,
    "_mom1": 5.08,
    "stock_diff": -4.49,
    "rsi_diff": 4.31
}
