{
    "open": 42.47,
    "low": 42.27,
    "high": 43.695,
    "close": 43.68,
    "volume": 12255675,
    "change": 2.43902439,
    "_rsi": 60.70379179,
    "_rsi1": 57.82156644,
    "_stock_k": 61.24567474,
    "_stock_d": 53.2092199,
    "_stock_k1": 51.8890976,
    "_stock_d1": 45.66899498,
    "_macd_blue": 0.658991,
    "_macd_orange": 0.81106021,
    "_cci20": 86.06241167,
    "_cci201": 82.95516315,
    "_ema10": 41.67704385,
    "_ema20": 41.0547889,
    "_ema30": 40.4742747,
    "_ema50": 39.23434239,
    "_ema100": 36.76491794,
    "_ema200": 33.80555311,
    "_psar": 45.12664837,
    "_wr": -29.87312572,
    "_mom": 0.78,
    "_mom1": -0.76,
    "stock_diff": 8.04,
    "rsi_diff": 2.88
}
