{
    "open": 157.97,
    "low": 155.18,
    "high": 158.46,
    "close": 157.97,
    "volume": 7189177,
    "change": -0.3092263,
    "_rsi": 49.03648305,
    "_rsi1": 49.47428231,
    "_stock_k": 74.07432098,
    "_stock_d": 63.76649726,
    "_stock_k1": 63.35467088,
    "_stock_d1": 56.41137615,
    "_macd_blue": -4.53129093,
    "_macd_orange": -3.22801866,
    "_cci20": 10.8736877,
    "_cci201": -0.22087049,
    "_ema10": 155.35371229,
    "_ema20": 157.13518262,
    "_ema30": 159.70143629,
    "_ema50": 163.13409677,
    "_ema100": 163.52850866,
    "_ema200": 157.01899915,
    "_psar": 145.2373853,
    "_wr": -9.43034945,
    "_mom": 5.63,
    "_mom1": 3.75,
    "stock_diff": 10.31,
    "rsi_diff": -0.44
}
