{
    "open": 22.62,
    "low": 22.44,
    "high": 22.815,
    "close": 22.58,
    "volume": 1630404,
    "change": 0.13303769,
    "_rsi": 56.87649568,
    "_rsi1": 56.63075547,
    "_stock_k": 89.06117997,
    "_stock_d": 85.03594556,
    "_stock_k1": 86.97000428,
    "_stock_d1": 82.29602689,
    "_macd_blue": -0.07428441,
    "_macd_orange": 0.0933628,
    "_cci20": 115.75728254,
    "_cci201": 78.68374809,
    "_ema10": 22.05404391,
    "_ema20": 21.9041219,
    "_ema30": 21.91136556,
    "_ema50": 21.99693492,
    "_ema100": 22.28906637,
    "_ema200": 22.43149152,
    "_psar": 20.54284174,
    "_wr": -8.48375451,
    "_mom": 1.62,
    "_mom1": 1.57,
    "stock_diff": 4.03,
    "rsi_diff": 0.25
}
