{
    "open": 150.39,
    "low": 148.7,
    "high": 150.68,
    "close": 150.5,
    "volume": 1038243,
    "change": 0.73627845,
    "_rsi": 42.43193486,
    "_rsi1": 40.53187501,
    "_stock_k": 59.56340956,
    "_stock_d": 60.51568008,
    "_stock_k1": 60.3950104,
    "_stock_d1": 59.59711418,
    "_macd_blue": -3.5959543,
    "_macd_orange": -3.49914489,
    "_cci20": -54.05784475,
    "_cci201": -56.02514653,
    "_ema10": 151.13728888,
    "_ema20": 153.7354559,
    "_ema30": 155.94309243,
    "_ema50": 159.03247703,
    "_ema100": 162.99416855,
    "_ema200": 166.04277458,
    "_psar": 134.369224,
    "_wr": -41.23354123,
    "_mom": -7.79,
    "_mom1": -8.92,
    "stock_diff": -0.95,
    "rsi_diff": 1.9
}
