{
    "open": 2736.95,
    "low": 2692.23,
    "high": 2751.65,
    "close": 2707.72,
    "volume": 898807,
    "change": -1.03471088,
    "_rsi": 53.05169017,
    "_rsi1": 55.39001069,
    "_stock_k": 86.92536646,
    "_stock_d": 78.45319821,
    "_stock_k1": 83.88603891,
    "_stock_d1": 63.88443173,
    "_macd_blue": -23.41542568,
    "_macd_orange": -7.62273365,
    "_cci20": 111.48829843,
    "_cci201": 115.94367252,
    "_ema10": 2663.83379236,
    "_ema20": 2661.65769536,
    "_ema30": 2673.97814254,
    "_ema50": 2703.8200834,
    "_ema100": 2737.7091639,
    "_ema200": 2659.34525135,
    "_psar": 2543.53238528,
    "_wr": -18.73866957,
    "_mom": 178.43,
    "_mom1": 93.59,
    "stock_diff": 8.47,
    "rsi_diff": -2.34
}
