{
    "open": 22.02,
    "low": 21.61,
    "high": 22.56,
    "close": 22.55,
    "volume": 2305383,
    "change": 2.87408759,
    "_rsi": 56.63075547,
    "_rsi1": 51.20904792,
    "_stock_k": 86.97000428,
    "_stock_d": 82.29602689,
    "_stock_k1": 79.07665242,
    "_stock_d1": 81.0298658,
    "_macd_blue": -0.11619622,
    "_macd_orange": 0.04131024,
    "_cci20": 78.68374809,
    "_cci201": 52.05952497,
    "_ema10": 21.93716478,
    "_ema20": 21.83297684,
    "_ema30": 21.86525284,
    "_ema50": 21.97313635,
    "_ema100": 22.28318893,
    "_ema200": 22.42999897,
    "_psar": 20.41408696,
    "_wr": -0.39761431,
    "_mom": 1.57,
    "_mom1": 0.79,
    "stock_diff": 4.67,
    "rsi_diff": 5.42
}
