{
    "open": 216.32,
    "low": 213.66,
    "high": 216.54,
    "close": 214.2196,
    "change": -0.32125076,
    "_rsi": 42.1142007,
    "_rsi1": 42.8723236,
    "_stock_k": 48.06685558,
    "_stock_d": 38.4125102,
    "_stock_k1": 38.22417113,
    "_stock_d1": 32.59031443,
    "_macd_blue": -3.11231253,
    "_macd_orange": -3.27442034,
    "_cci20": -72.32730892,
    "_cci201": -90.96910631,
    "_ema10": 215.93590238,
    "_ema20": 218.38979543,
    "_ema30": 220.55437203,
    "_ema50": 223.85053106,
    "_ema100": 227.13436846,
    "_ema200": 224.35463188,
    "_psar": 209.834896,
    "_wrr": -55.12989434,
    "stock_diff": 9.65,
    "rsi_diff": -0.76
}
