{
    "open": 216.32,
    "low": 214.33,
    "high": 216.54,
    "close": 214.66,
    "change": -0.11632777,
    "_rsi": 42.59466859,
    "_rsi1": 42.8723236,
    "_stock_k": 48.97922351,
    "_stock_d": 38.71663284,
    "_stock_k1": 38.22417113,
    "_stock_d1": 32.59031443,
    "_macd_blue": -3.10528621,
    "_macd_orange": -3.23928872,
    "_cci20": -66.03225355,
    "_cci201": -90.96910631,
    "_ema10": 216.0159751,
    "_ema20": 218.43173828,
    "_ema30": 220.58278493,
    "_ema50": 223.86780165,
    "_ema100": 227.14308925,
    "_ema200": 224.35901397,
    "_psar": 209.834896,
    "_wrr": -52.39279055,
    "stock_diff": 10.26,
    "rsi_diff": -0.28
}
