{
    "open": 216.32,
    "low": 211.7,
    "high": 216.54,
    "close": 211.99,
    "volume": 5510903,
    "change": -1.3587083,
    "_rsi": 39.8391116,
    "_rsi1": 42.8723236,
    "_stock_k": 43.44783755,
    "_stock_d": 36.87283752,
    "_stock_k1": 38.22417113,
    "_stock_d1": 32.59031443,
    "_macd_blue": -3.1478845,
    "_macd_orange": -3.45228017,
    "_cci20": -95.49602943,
    "_cci201": -90.96910631,
    "_ema10": 215.53052056,
    "_ema20": 218.17745257,
    "_ema30": 220.41052686,
    "_ema50": 223.76309576,
    "_ema100": 227.09021797,
    "_ema200": 224.33244681,
    "_psar": 209.834896,
    "_wr": -68.98694842,
    "stock_diff": 6.58,
    "rsi_diff": -3.03
}
