{
    "open": 216.32,
    "low": 211.7,
    "high": 216.54,
    "close": 212.03,
    "volume": 5490902,
    "change": -1.34009585,
    "_rsi": 39.87776018,
    "_rsi1": 42.8723236,
    "_stock_k": 43.53070476,
    "_stock_d": 36.90045992,
    "_stock_k1": 38.22417113,
    "_stock_d1": 32.59031443,
    "_macd_blue": -3.14724632,
    "_macd_orange": -3.44908929,
    "_cci20": -95.27907808,
    "_cci201": -90.96910631,
    "_ema10": 215.53779329,
    "_ema20": 218.18126209,
    "_ema30": 220.41310751,
    "_ema50": 223.76466439,
    "_ema100": 227.09101005,
    "_ema200": 224.33284482,
    "_psar": 209.834896,
    "_wr": -68.7383468,
    "stock_diff": 6.63,
    "rsi_diff": -2.99
}
