{
    "open": 15.87,
    "low": 15.87,
    "high": 16.38,
    "close": 16.155,
    "change": 1.22180451,
    "_rsi": 58.40300213,
    "_rsi1": 56.44321859,
    "_stock_k": 60.57098765,
    "_stock_d": 66.89814815,
    "_stock_k1": 66.97530864,
    "_stock_d1": 75.3628442,
    "_macd_blue": 0.37395611,
    "_macd_orange": 0.37197924,
    "_cci20": 108.87664714,
    "_cci201": 81.64636743,
    "_ema10": 15.93090632,
    "_ema20": 15.67113149,
    "_ema30": 15.39382059,
    "_ema50": 14.82950011,
    "_ema100": 13.5930546,
    "_ema200": 11.82581359,
    "_psar": 15.25684567,
    "_wrr": -31.71296296,
    "stock_diff": -6.33,
    "rsi_diff": 1.96
}
