{
    "open": 15.87,
    "low": 15.87,
    "high": 16.38,
    "close": 16.14,
    "change": 1.12781955,
    "_rsi": 58.25853246,
    "_rsi1": 56.44321859,
    "_stock_k": 60.33950617,
    "_stock_d": 66.82098765,
    "_stock_k1": 66.97530864,
    "_stock_d1": 75.3628442,
    "_macd_blue": 0.37371679,
    "_macd_orange": 0.37078266,
    "_cci20": 107.79583945,
    "_cci201": 81.64636743,
    "_ema10": 15.92817905,
    "_ema20": 15.66970292,
    "_ema30": 15.39285284,
    "_ema50": 14.82891188,
    "_ema100": 13.59275757,
    "_ema200": 11.82566433,
    "_psar": 15.25684567,
    "_wrr": -32.40740741,
    "stock_diff": -6.48,
    "rsi_diff": 1.82
}
