{
    "open": 15.87,
    "low": 15.87,
    "high": 16.38,
    "close": 16.13,
    "volume": 15876396,
    "change": 1.06516291,
    "_rsi": 58.16166054,
    "_rsi1": 56.44321859,
    "_stock_k": 60.18518519,
    "_stock_d": 66.76954733,
    "_stock_k1": 66.97530864,
    "_stock_d1": 75.3628442,
    "_macd_blue": 0.37355725,
    "_macd_orange": 0.36998494,
    "_cci20": 107.07417925,
    "_cci201": 81.64636743,
    "_ema10": 15.92636087,
    "_ema20": 15.66875054,
    "_ema30": 15.39220768,
    "_ema50": 14.82851972,
    "_ema100": 13.59255955,
    "_ema200": 11.82556483,
    "_psar": 15.25684567,
    "_wr": -32.87037037,
    "stock_diff": -6.58,
    "rsi_diff": 1.72
}
