{
    "open": 145.18,
    "low": 144.108,
    "high": 145.57,
    "close": 145.44,
    "volume": 10411143,
    "change": 0.29653127,
    "_rsi": 63.14069295,
    "_rsi1": 62.28824882,
    "_stock_k": 86.8962322,
    "_stock_d": 90.04716476,
    "_stock_k1": 90.21863299,
    "_stock_d1": 91.6048204,
    "_macd_blue": 1.07612745,
    "_macd_orange": 1.88964353,
    "_cci20": 106.99918646,
    "_cci201": 105.84076393,
    "_ema10": 143.24832654,
    "_ema20": 141.38233208,
    "_ema30": 140.6530619,
    "_ema50": 140.43827798,
    "_ema100": 141.03808103,
    "_ema200": 141.22462558,
    "_psar": 140.17787419,
    "_wr": -12.58389262,
    "_mom": 2.62,
    "_mom1": 5.72,
    "stock_diff": -3.15,
    "rsi_diff": 0.85
}
