{
    "open": 84.27,
    "low": 81.92,
    "high": 84.7838,
    "close": 82.78,
    "volume": 3949288,
    "change": -1.31139723,
    "_rsi": 39.81722782,
    "_rsi1": 41.33719156,
    "_stock_k": 17.05556428,
    "_stock_d": 32.25340181,
    "_stock_k1": 33.38827943,
    "_stock_d1": 49.63279454,
    "_macd_blue": -1.72368982,
    "_macd_orange": -1.78837375,
    "_cci20": -136.43008983,
    "_cci201": -119.15065119,
    "_ema10": 86.24105319,
    "_ema20": 87.46195288,
    "_ema30": 88.88677804,
    "_ema50": 91.78929877,
    "_ema100": 96.01088956,
    "_ema200": 96.99122937,
    "_psar": 92.86,
    "_wr": -92.13893967,
    "_mom": -3.79,
    "_mom1": -4.21,
    "stock_diff": -15.2,
    "rsi_diff": -1.52
}
