{
    "open": 149.13,
    "low": 148.73,
    "high": 149.75,
    "close": 149.15,
    "volume": 1930374,
    "change": 0.23521505,
    "_rsi": 52.19547466,
    "_rsi1": 51.33719129,
    "_stock_k": 56.3968016,
    "_stock_d": 67.8965479,
    "_stock_k1": 67.81609195,
    "_stock_d1": 80.62532564,
    "_macd_blue": 1.09555786,
    "_macd_orange": 1.12791616,
    "_cci20": 30.80829454,
    "_cci201": 22.10130599,
    "_ema10": 149.71859583,
    "_ema20": 148.85410985,
    "_ema30": 148.12811994,
    "_ema50": 146.67344494,
    "_ema100": 142.86093645,
    "_ema200": 135.12265561,
    "_psar": 147.66134105,
    "_wr": -39.88005997,
    "_mom": 2.04,
    "_mom1": 2.14,
    "stock_diff": -11.5,
    "rsi_diff": 0.86
}
