{
    "open": 216.12,
    "low": 210.51,
    "high": 217.38,
    "close": 216.46,
    "volume": 4324263,
    "change": 0.47344968,
    "_rsi": 67.86386277,
    "_rsi1": 67.02866092,
    "_stock_k": 93.07784836,
    "_stock_d": 90.1305382,
    "_stock_k1": 89.76852185,
    "_stock_d1": 87.60104561,
    "_macd_blue": -0.2643059,
    "_macd_orange": 3.13158561,
    "_cci20": 113.20007585,
    "_cci201": 136.90533783,
    "_ema10": 207.63332785,
    "_ema20": 203.60120958,
    "_ema30": 203.08270524,
    "_ema50": 203.58098699,
    "_ema100": 204.72793939,
    "_ema200": 204.28423853,
    "_psar": 194.09320004,
    "_wr": -5.21095008,
    "_mom": 33.59,
    "_mom1": 27.86,
    "stock_diff": 2.95,
    "rsi_diff": 0.84
}
