{
    "open": 135.21,
    "low": 133.28,
    "high": 135.7016,
    "close": 135.07,
    "volume": 1883837,
    "change": 0.8060303,
    "_rsi": 44.00525265,
    "_rsi1": 42.40487775,
    "_stock_k": 68.91146066,
    "_stock_d": 65.4020085,
    "_stock_k1": 65.16272072,
    "_stock_d1": 59.90251508,
    "_macd_blue": -3.89347147,
    "_macd_orange": -3.21647409,
    "_cci20": -25.90558641,
    "_cci201": -27.48848224,
    "_ema10": 135.67578972,
    "_ema20": 137.77436617,
    "_ema30": 140.01777021,
    "_ema50": 143.15902342,
    "_ema100": 147.32532164,
    "_ema200": 146.60198565,
    "_psar": 128.83231811,
    "_wr": -32.6584976,
    "_mom": 4.81,
    "_mom1": 2.08,
    "stock_diff": 3.51,
    "rsi_diff": 1.6
}
