{
    "open": 21.809,
    "low": 21.24,
    "high": 21.865,
    "close": 21.54,
    "volume": 9647226,
    "change": -0.50808314,
    "_rsi": 45.90270437,
    "_rsi1": 46.67729578,
    "_stock_k": 20.67511944,
    "_stock_d": 33.27457073,
    "_stock_k1": 32.07572548,
    "_stock_d1": 44.80872479,
    "_macd_blue": 0.79436669,
    "_macd_orange": 0.49133907,
    "_cci20": -79.20871733,
    "_cci201": -76.06649347,
    "_ema10": 22.57557069,
    "_ema20": 22.3677966,
    "_ema30": 21.89363274,
    "_ema50": 20.89973317,
    "_ema100": 18.95204068,
    "_ema200": 16.41732658,
    "_psar": 25.428768,
    "_wr": -85.24590164,
    "_mom": -1.46,
    "_mom1": -1.24,
    "stock_diff": -12.6,
    "rsi_diff": -0.77
}
