{
    "open": 289.14,
    "low": 287.78,
    "high": 292.065,
    "close": 290.43,
    "volume": 342823,
    "change": 0.44615065,
    "_rsi": 50.67987791,
    "_rsi1": 49.49619541,
    "_stock_k": 82.25740966,
    "_stock_d": 75.40286666,
    "_stock_k1": 75.41309264,
    "_stock_d1": 70.27252789,
    "_macd_blue": -4.61596589,
    "_macd_orange": -2.5046346,
    "_cci20": 54.59176085,
    "_cci201": 30.73800828,
    "_ema10": 287.16659737,
    "_ema20": 287.8901179,
    "_ema30": 290.58484987,
    "_ema50": 295.44795991,
    "_ema100": 300.62492451,
    "_ema200": 298.71381731,
    "_psar": 276.29138649,
    "_wr": -11.00284206,
    "_mom": 19.45,
    "_mom1": 13.51,
    "stock_diff": 6.85,
    "rsi_diff": 1.18
}
