{
    "open": 338.04,
    "low": 327.3801,
    "high": 340.69,
    "close": 327.58,
    "volume": 3012526,
    "change": -3.86218231,
    "_rsi": 45.55517842,
    "_rsi1": 56.3850329,
    "_stock_k": 86.28708141,
    "_stock_d": 91.94562648,
    "_stock_k1": 96.15943402,
    "_stock_d1": 89.84456116,
    "_macd_blue": -8.10304846,
    "_macd_orange": -4.59794513,
    "_cci20": 107.99247859,
    "_cci201": 145.64047719,
    "_ema10": 328.41274605,
    "_ema20": 329.85144276,
    "_ema30": 334.84702022,
    "_ema50": 344.46536837,
    "_ema100": 353.3266007,
    "_ema200": 346.13377202,
    "_psar": 310.69579977,
    "_wr": -41.13875577,
    "_mom": 4.81,
    "_mom1": 16.48,
    "stock_diff": -5.66,
    "rsi_diff": -10.83
}
