{
    "open": 272.98,
    "low": 271.05,
    "high": 274.335,
    "close": 273.96,
    "volume": 859403,
    "change": 0.92838196,
    "_rsi": 53.00650266,
    "_rsi1": 49.41807392,
    "_stock_k": 60.65452392,
    "_stock_d": 67.79861366,
    "_stock_k1": 65.80778913,
    "_stock_d1": 77.55216238,
    "_macd_blue": -0.32495221,
    "_macd_orange": 0.47593462,
    "_cci20": 58.87201133,
    "_cci201": 26.58216407,
    "_ema10": 272.70023411,
    "_ema20": 271.80508395,
    "_ema30": 272.17962373,
    "_ema50": 274.2538927,
    "_ema100": 277.99980483,
    "_ema200": 274.74202985,
    "_psar": 265.82820531,
    "_wr": -32.2523323,
    "_mom": 8.47,
    "_mom1": 5.22,
    "stock_diff": -7.14,
    "rsi_diff": 3.59
}
