{
    "open": 22.94,
    "low": 22.8,
    "high": 23.15,
    "close": 22.95,
    "volume": 395450,
    "change": 0.43763676,
    "_rsi": 57.68786951,
    "_rsi1": 56.88481421,
    "_stock_k": 89.82137478,
    "_stock_d": 86.35494848,
    "_stock_k1": 87.86695245,
    "_stock_d1": 84.34971289,
    "_macd_blue": -0.04202212,
    "_macd_orange": 0.12535084,
    "_cci20": 135.05095017,
    "_cci201": 93.48002521,
    "_ema10": 22.37219929,
    "_ema20": 22.1981226,
    "_ema30": 22.18548108,
    "_ema50": 22.2363062,
    "_ema100": 22.40310697,
    "_ema200": 22.30604222,
    "_psar": 21.26192375,
    "_wr": -7.09219858,
    "_mom": 1.54,
    "_mom1": 1.52,
    "stock_diff": 3.47,
    "rsi_diff": 0.8
}
