{
    "open": 2164,
    "low": 2161.99,
    "high": 2265.97,
    "close": 2261.99,
    "volume": 339967,
    "change": 4.73388124,
    "_rsi": 53.67240758,
    "_rsi1": 47.51673343,
    "_stock_k": 90.86429749,
    "_stock_d": 87.79155204,
    "_stock_k1": 85.25654041,
    "_stock_d1": 85.52216034,
    "_macd_blue": -70.95682414,
    "_macd_orange": -38.19886608,
    "_cci20": 92.86957023,
    "_cci201": 50.38271501,
    "_ema10": 2164.01050936,
    "_ema20": 2177.52400766,
    "_ema30": 2212.69283503,
    "_ema50": 2261.68549627,
    "_ema100": 2304.68111763,
    "_ema200": 2294.58478353,
    "_psar": 1897.5188026,
    "_wr": -0.84767422,
    "_mom": 231.63,
    "_mom1": 124.28,
    "stock_diff": 3.07,
    "rsi_diff": 6.16
}
