{
    "open": 462.74,
    "low": 458.82,
    "high": 463.985,
    "close": 461.45,
    "volume": 224856,
    "change": -0.12337128,
    "_rsi": 57.96977053,
    "_rsi1": 58.44989271,
    "_stock_k": 83.3988298,
    "_stock_d": 86.00704451,
    "_stock_k1": 84.46423893,
    "_stock_d1": 89.69231217,
    "_macd_blue": 2.29809275,
    "_macd_orange": 4.57731851,
    "_cci20": 99.57850703,
    "_cci201": 117.4559223,
    "_ema10": 457.16779914,
    "_ema20": 452.48867191,
    "_ema30": 450.93520469,
    "_ema50": 451.75472787,
    "_ema100": 456.33481416,
    "_ema200": 455.43970934,
    "_psar": 436.89332184,
    "_wr": -19.20356301,
    "_mom": 25.06,
    "_mom1": 18.73,
    "stock_diff": -2.61,
    "rsi_diff": -0.48
}
