{
    "open": 88.22,
    "low": 87.5,
    "high": 88.45,
    "close": 87.89,
    "volume": 577623,
    "change": 0.0911058,
    "_rsi": 64.22734085,
    "_rsi1": 63.96288865,
    "_stock_k": 74.89257213,
    "_stock_d": 76.10445582,
    "_stock_k1": 76.61141805,
    "_stock_d1": 74.10553426,
    "_macd_blue": 1.84514632,
    "_macd_orange": 1.76889619,
    "_cci20": 121.09618804,
    "_cci201": 139.47532918,
    "_ema10": 87.13285586,
    "_ema20": 85.90094182,
    "_ema30": 84.64867454,
    "_ema50": 82.71521851,
    "_ema100": 80.2324136,
    "_ema200": 77.68512505,
    "_psar": 84.32932744,
    "_wr": -28.54511971,
    "_mom": 2.47,
    "_mom1": 2.23,
    "stock_diff": -1.21,
    "rsi_diff": 0.26
}
