{
    "open": 91.69,
    "low": 90.23,
    "high": 92.96,
    "close": 92.95,
    "volume": 1580681,
    "change": 1.68471721,
    "_rsi": 56.14181224,
    "_rsi1": 52.26901497,
    "_stock_k": 82.77830637,
    "_stock_d": 89.37158178,
    "_stock_k1": 88.09600441,
    "_stock_d1": 93.1202424,
    "_macd_blue": 0.00174972,
    "_macd_orange": 0.58888138,
    "_cci20": 83.32142079,
    "_cci201": 94.83123952,
    "_ema10": 91.6252868,
    "_ema20": 90.88774517,
    "_ema30": 90.78059329,
    "_ema50": 90.92369926,
    "_ema100": 91.06170932,
    "_ema200": 90.20226717,
    "_psar": 87.49559352,
    "_wr": -16.27021884,
    "_mom": 5.89,
    "_mom1": 5,
    "stock_diff": -6.59,
    "rsi_diff": 3.87
}
