{
    "open": 27.06,
    "low": 26.9601,
    "high": 27.64,
    "close": 27.31,
    "volume": 4035790,
    "change": 0.73773515,
    "_rsi": 54.60495963,
    "_rsi1": 53.3696018,
    "_stock_k": 79.96878842,
    "_stock_d": 67.44870689,
    "_stock_k1": 68.36151008,
    "_stock_d1": 56.81845288,
    "_macd_blue": -0.41368572,
    "_macd_orange": -0.18059644,
    "_cci20": 55.85259832,
    "_cci201": 31.1989851,
    "_ema10": 26.50500676,
    "_ema20": 26.56147565,
    "_ema30": 26.6912157,
    "_ema50": 26.66537251,
    "_ema100": 26.47481744,
    "_ema200": 26.90404662,
    "_psar": 24.07594432,
    "_wr": -9.06801008,
    "_mom": 3.34,
    "_mom1": 2.05,
    "stock_diff": 12.52,
    "rsi_diff": 1.24
}
