{
    "open": 612.22,
    "low": 604.61,
    "high": 657.7799,
    "close": 657.38,
    "volume": 3035590,
    "change": 5.62357402,
    "_rsi": 47.44543676,
    "_rsi1": 43.81986033,
    "_stock_k": 50.2315793,
    "_stock_d": 29.86838383,
    "_stock_k1": 26.23184443,
    "_stock_d1": 17.43979451,
    "_macd_blue": -91.61946691,
    "_macd_orange": -73.67017771,
    "_cci20": 34.29470628,
    "_cci201": -22.02596337,
    "_ema10": 597.49994115,
    "_ema20": 641.42496991,
    "_ema30": 701.73545759,
    "_ema50": 820.50667589,
    "_ema100": 1017.37527632,
    "_ema200": 1148.78840295,
    "_psar": 512.2968,
    "_wr": -26.74305884,
    "_mom": 16.63,
    "_mom1": -37.45,
    "stock_diff": 20.36,
    "rsi_diff": 3.63
}
