{
    "open": 73.25,
    "low": 73.1,
    "high": 74.07,
    "close": 73.76,
    "volume": 2436787,
    "change": 0.32644178,
    "_rsi": 56.94971736,
    "_rsi1": 55.93625605,
    "_stock_k": 78.65061768,
    "_stock_d": 71.12021206,
    "_stock_k1": 70.17166296,
    "_stock_d1": 65.24989184,
    "_macd_blue": 0.08165656,
    "_macd_orange": 0.22936831,
    "_cci20": 129.43882706,
    "_cci201": 112.04936741,
    "_ema10": 72.72920095,
    "_ema20": 72.51541791,
    "_ema30": 72.35817149,
    "_ema50": 71.80552152,
    "_ema100": 70.04875302,
    "_ema200": 66.92928743,
    "_psar": 71.32868729,
    "_wr": -15.07760532,
    "_mom": 0.5,
    "_mom1": -0.49,
    "stock_diff": 7.53,
    "rsi_diff": 1.01
}
