{
    "open": 15.79,
    "low": 14.61,
    "high": 15.85,
    "close": 14.75,
    "volume": 62504,
    "change": -6.58644712,
    "_rsi": 41.27342194,
    "_rsi1": 46.87275839,
    "_stock_k": 60.22727273,
    "_stock_d": 57.87413768,
    "_stock_k1": 62.98998045,
    "_stock_d1": 44.10297191,
    "_macd_blue": -0.62145043,
    "_macd_orange": -0.56976416,
    "_cci20": -90.05225831,
    "_cci201": 28.69207857,
    "_ema10": 15.48176635,
    "_ema20": 15.86979016,
    "_ema30": 16.28210868,
    "_ema50": 16.96671984,
    "_ema100": 17.78939568,
    "_ema200": 17.79777607,
    "_psar": 13.909392,
    "_wr": -72.15909091,
    "_mom": -1.25,
    "_mom1": -0.2,
    "stock_diff": 2.35,
    "rsi_diff": -5.6
}
