{
    "open": 289.11,
    "low": 289.03,
    "high": 292.81,
    "close": 291.4,
    "volume": 12539649,
    "change": 1.48006269,
    "_rsi": 49.56819954,
    "_rsi1": 46.72134546,
    "_stock_k": 45.26612335,
    "_stock_d": 37.14324043,
    "_stock_k1": 33.86658618,
    "_stock_d1": 36.86487574,
    "_macd_blue": -5.1908784,
    "_macd_orange": -4.72049616,
    "_cci20": 24.07160419,
    "_cci201": -55.02766121,
    "_ema10": 286.41231423,
    "_ema20": 289.60919989,
    "_ema30": 293.06145874,
    "_ema50": 298.8180772,
    "_ema100": 303.50549253,
    "_ema200": 294.6080056,
    "_psar": 295.54764874,
    "_wr": -35.40597646,
    "_mom": -8.79,
    "_mom1": -7.8,
    "stock_diff": 8.12,
    "rsi_diff": 2.85
}
