{
    "open": 188.2,
    "low": 184.25,
    "high": 191.38,
    "close": 191.08,
    "volume": 2320509,
    "change": 4.07974291,
    "_rsi": 52.45067504,
    "_rsi1": 46.77856159,
    "_stock_k": 76.493807,
    "_stock_d": 80.15209053,
    "_stock_k1": 75.71798013,
    "_stock_d1": 85.18431699,
    "_macd_blue": -3.28383398,
    "_macd_orange": -1.44078829,
    "_cci20": 68.68530711,
    "_cci201": 19.72005988,
    "_ema10": 186.51607192,
    "_ema20": 186.50342778,
    "_ema30": 188.60765579,
    "_ema50": 193.48363351,
    "_ema100": 200.07587391,
    "_ema200": 199.58368303,
    "_psar": 178.97120114,
    "_wr": -8.77909351,
    "_mom": 10.58,
    "_mom1": 0.24,
    "stock_diff": -3.66,
    "rsi_diff": 5.67
}
