{
    "open": 39.82,
    "low": 38.69,
    "high": 40.55,
    "close": 39.26,
    "volume": 17182119,
    "change": -5.51143201,
    "_rsi": 47.41307292,
    "_rsi1": 54.43645497,
    "_stock_k": 47.56944444,
    "_stock_d": 58.32175926,
    "_stock_k1": 61.94444444,
    "_stock_d1": 66.80555556,
    "_macd_blue": 0.99940182,
    "_macd_orange": 0.92163426,
    "_cci20": -40.04139032,
    "_cci201": 42.99070813,
    "_ema10": 41.21888125,
    "_ema20": 40.6007354,
    "_ema30": 39.89548099,
    "_ema50": 38.49670342,
    "_ema100": 36.01093499,
    "_ema200": 33.20050085,
    "_psar": 38.55217127,
    "_wr": -73.02083333,
    "_mom": 1.59,
    "_mom1": 2.31,
    "stock_diff": -10.75,
    "rsi_diff": -7.02
}
