{
    "open": 201.97,
    "low": 201.59,
    "high": 204.9744,
    "close": 203.04,
    "volume": 277872,
    "change": 0.9948269,
    "_rsi": 54.17546995,
    "_rsi1": 52.13321802,
    "_stock_k": 30.39417309,
    "_stock_d": 23.99314482,
    "_stock_k1": 22.38217652,
    "_stock_d1": 18.46043987,
    "_macd_blue": 2.90824697,
    "_macd_orange": 1.72672016,
    "_cci20": -10.41912361,
    "_cci201": -28.75690626,
    "_ema10": 201.2184453,
    "_ema20": 200.5347657,
    "_ema30": 198.92963136,
    "_ema50": 196.57558267,
    "_ema100": 195.10732996,
    "_ema200": 194.92742013,
    "_psar": 212.63316819,
    "_wr": -65.86118252,
    "_mom": -5.11,
    "_mom1": -8.4,
    "stock_diff": 6.4,
    "rsi_diff": 2.04
}
