{
    "open": 120.19,
    "low": 118.73,
    "high": 120.19,
    "close": 119.62,
    "volume": 1254685,
    "change": -0.06683375,
    "_rsi": 50.08587155,
    "_rsi1": 50.23763221,
    "_stock_k": 62.93209877,
    "_stock_d": 59.6546951,
    "_stock_k1": 60,
    "_stock_d1": 63.36457164,
    "_macd_blue": -1.53284492,
    "_macd_orange": -0.98499213,
    "_cci20": 46.80208558,
    "_cci201": 8.55941047,
    "_ema10": 118.50210837,
    "_ema20": 118.92792083,
    "_ema30": 119.87640164,
    "_ema50": 121.66935248,
    "_ema100": 123.76533017,
    "_ema200": 122.76221529,
    "_psar": 113.88131627,
    "_wr": -26.01851852,
    "_mom": 3.36,
    "_mom1": 3.88,
    "stock_diff": 3.28,
    "rsi_diff": -0.15
}
