{
    "open": 26.41,
    "low": 26.29,
    "high": 27.41,
    "close": 27.11,
    "volume": 650942,
    "change": -0.44069041,
    "_rsi": 64.92791306,
    "_rsi1": 66.12946345,
    "_stock_k": 78.67352773,
    "_stock_d": 86.84926893,
    "_stock_k1": 89.30305884,
    "_stock_d1": 90.33832251,
    "_macd_blue": 1.36744026,
    "_macd_orange": 1.43088804,
    "_cci20": 60.034437,
    "_cci201": 85.82037271,
    "_ema10": 27.01726655,
    "_ema20": 25.90091998,
    "_ema30": 25.05822894,
    "_ema50": 24.0458432,
    "_ema100": 22.87935992,
    "_ema200": 22.14353674,
    "_psar": 26.14776,
    "_wr": -36.36363636,
    "_mom": 0.73,
    "_mom1": 2.14,
    "stock_diff": -8.18,
    "rsi_diff": -1.2
}
