{
    "open": 69,
    "low": 67.935,
    "high": 69.45,
    "close": 68.06,
    "volume": 11643031,
    "change": -3.25515281,
    "_rsi": 50.45353197,
    "_rsi1": 65.50504186,
    "_stock_k": 61.0546686,
    "_stock_d": 62.89308176,
    "_stock_k1": 66.66666667,
    "_stock_d1": 65.79583938,
    "_macd_blue": 0.75546477,
    "_macd_orange": 0.82145559,
    "_cci20": 27.51048606,
    "_cci201": 102.26361491,
    "_ema10": 68.98298307,
    "_ema20": 68.32659888,
    "_ema30": 67.84807551,
    "_ema50": 67.1905264,
    "_ema100": 66.08155981,
    "_ema200": 64.30815083,
    "_psar": 67.79346115,
    "_wr": -56.31349782,
    "_mom": 1.49,
    "_mom1": 3.2,
    "stock_diff": -1.84,
    "rsi_diff": -15.05
}
