{
    "open": 15.41,
    "low": 15.26,
    "high": 15.45,
    "close": 15.33,
    "volume": 9265702,
    "change": -0.84087969,
    "_rsi": 49.45084542,
    "_rsi1": 50.90519264,
    "_stock_k": 39.47368421,
    "_stock_d": 32.8042328,
    "_stock_k1": 34.71177945,
    "_stock_d1": 32.17341192,
    "_macd_blue": 0.21417808,
    "_macd_orange": 0.08511738,
    "_cci20": -39.28051324,
    "_cci201": -30.36885491,
    "_ema10": 15.45418658,
    "_ema20": 15.46774403,
    "_ema30": 15.32373696,
    "_ema50": 14.88585815,
    "_ema100": 13.73985884,
    "_ema200": 11.98712455,
    "_psar": 16.49765443,
    "_wr": -56.76691729,
    "_mom": -0.73,
    "_mom1": 0.07,
    "stock_diff": 6.67,
    "rsi_diff": -1.45
}
