{
    "open": 55.42,
    "low": 54.65,
    "high": 56.06,
    "close": 55.6,
    "volume": 5329020,
    "change": -0.2690583,
    "_rsi": 50.39586421,
    "_rsi1": 50.99913279,
    "_stock_k": 83.30834583,
    "_stock_d": 84.8814241,
    "_stock_k1": 85.40729635,
    "_stock_d1": 85.09695101,
    "_macd_blue": -1.12927507,
    "_macd_orange": -0.59235917,
    "_cci20": 80.00849871,
    "_cci201": 98.34386704,
    "_ema10": 54.89859838,
    "_ema20": 55.0317881,
    "_ema30": 55.7531767,
    "_ema50": 57.60501002,
    "_ema100": 61.26285823,
    "_ema200": 63.22307354,
    "_psar": 50.39224936,
    "_wr": -16.04197901,
    "_mom": 2.54,
    "_mom1": 2.44,
    "stock_diff": -1.57,
    "rsi_diff": -0.6
}
