{
    "open": 88,
    "low": 87.4114,
    "high": 89.53,
    "close": 89.09,
    "volume": 7256607,
    "change": 1.74737323,
    "_rsi": 74.61017105,
    "_rsi1": 71.99849535,
    "_stock_k": 93.70662839,
    "_stock_d": 82.38927198,
    "_stock_k1": 82.48224602,
    "_stock_d1": 69.53323717,
    "_macd_blue": 2.45336134,
    "_macd_orange": 2.82419975,
    "_cci20": 169.83801745,
    "_cci201": 145.66968806,
    "_ema10": 85.09441882,
    "_ema20": 82.87969941,
    "_ema30": 81.0820031,
    "_ema50": 78.17582677,
    "_ema100": 73.44355921,
    "_ema200": 68.15417352,
    "_psar": 80.47531008,
    "_wr": -4.62675738,
    "_mom": 7.31,
    "_mom1": 4.43,
    "stock_diff": 11.32,
    "rsi_diff": 2.61
}
