{
    "open": 2970,
    "low": 2955.4501,
    "high": 3022.64,
    "close": 3018.97,
    "volume": 1654199,
    "change": 2.43067454,
    "_rsi": 52.27528841,
    "_rsi1": 48.62070009,
    "_stock_k": 62.98726699,
    "_stock_d": 56.5843344,
    "_stock_k1": 54.32722628,
    "_stock_d1": 51.02913549,
    "_macd_blue": -55.98783097,
    "_macd_orange": -45.93988903,
    "_cci20": 27.16212468,
    "_cci201": -39.26092598,
    "_ema10": 2922.78607373,
    "_ema20": 2952.20910863,
    "_ema30": 2986.92188698,
    "_ema50": 3053.67452134,
    "_ema100": 3164.70260668,
    "_ema200": 3227.57583957,
    "_psar": 2713.91519596,
    "_wr": -16.77164411,
    "_mom": -22.08,
    "_mom1": -75.51,
    "stock_diff": 6.4,
    "rsi_diff": 3.65
}
