{
    "open": 427.58,
    "low": 421.345,
    "high": 428.125,
    "close": 425.66,
    "volume": 294245,
    "change": -0.40012167,
    "_rsi": 50.83166719,
    "_rsi1": 51.50276191,
    "_stock_k": 75.97184247,
    "_stock_d": 79.12947218,
    "_stock_k1": 80.14386723,
    "_stock_d1": 83.89105987,
    "_macd_blue": -12.1506865,
    "_macd_orange": -4.90508963,
    "_cci20": 81.97949988,
    "_cci201": 79.22230522,
    "_ema10": 419.14690849,
    "_ema20": 418.3326991,
    "_ema30": 426.58236467,
    "_ema50": 448.11575104,
    "_ema100": 483.71687735,
    "_ema200": 495.89204896,
    "_psar": 394.35502639,
    "_wr": -21.92653907,
    "_mom": 39.59,
    "_mom1": 38.58,
    "stock_diff": -3.16,
    "rsi_diff": -0.67
}
