{
    "open": 60.93,
    "low": 60.055,
    "high": 60.95,
    "close": 60.8,
    "volume": 17557158,
    "change": 0.36315616,
    "_rsi": 52.90296913,
    "_rsi1": 51.59448691,
    "_stock_k": 54.22705314,
    "_stock_d": 49.11433172,
    "_stock_k1": 49.93961353,
    "_stock_d1": 44.46457327,
    "_macd_blue": -0.30597265,
    "_macd_orange": -0.24795908,
    "_cci20": 5.49277267,
    "_cci201": 3.15891353,
    "_ema10": 60.08144711,
    "_ema20": 60.28095672,
    "_ema30": 60.36797779,
    "_ema50": 60.13467826,
    "_ema100": 59.05463943,
    "_ema200": 57.32574278,
    "_psar": 61.35551854,
    "_wr": -40.2173913,
    "_mom": 2.14,
    "_mom1": -0.5,
    "stock_diff": 5.11,
    "rsi_diff": 1.31
}
