{
    "open": 87.95,
    "low": 86.47,
    "high": 88.3055,
    "close": 86.54,
    "volume": 1819756,
    "change": -2.42417409,
    "_rsi": 43.60707857,
    "_rsi1": 48.68511566,
    "_stock_k": 76.9585355,
    "_stock_d": 79.4680007,
    "_stock_k1": 83.26060581,
    "_stock_d1": 77.53141943,
    "_macd_blue": -2.82525421,
    "_macd_orange": -1.85684637,
    "_cci20": 24.27947284,
    "_cci201": 76.46280477,
    "_ema10": 86.92454957,
    "_ema20": 87.66878315,
    "_ema30": 89.65303321,
    "_ema50": 94.44208093,
    "_ema100": 103.38051635,
    "_ema200": 108.93751248,
    "_psar": 83.20201182,
    "_wr": -38.04945055,
    "_mom": 0.95,
    "_mom1": 6.32,
    "stock_diff": -2.51,
    "rsi_diff": -5.08
}
