{
    "open": 556.96,
    "low": 552.325,
    "high": 560.35,
    "close": 559.42,
    "volume": 1776663,
    "change": 0.70023221,
    "_rsi": 67.21150207,
    "_rsi1": 65.64142281,
    "_stock_k": 87.96357333,
    "_stock_d": 91.02113242,
    "_stock_k1": 92.10589835,
    "_stock_d1": 92.43092877,
    "_macd_blue": 7.21285501,
    "_macd_orange": 10.64203182,
    "_cci20": 141.9843396,
    "_cci201": 163.70685609,
    "_ema10": 545.77506586,
    "_ema20": 536.05965877,
    "_ema30": 531.02686995,
    "_ema50": 526.14760135,
    "_ema100": 514.06704447,
    "_ema200": 483.47797792,
    "_psar": 534.84772001,
    "_wr": -13.33454612,
    "_mom": 36.06,
    "_mom1": 27.01,
    "stock_diff": -3.06,
    "rsi_diff": 1.57
}
