{
    "open": 235,
    "low": 229.37,
    "high": 235.73,
    "close": 232.2,
    "volume": 648918,
    "change": -0.48429263,
    "_rsi": 60.43334989,
    "_rsi1": 62.15033903,
    "_stock_k": 80.77782112,
    "_stock_d": 81.86841682,
    "_stock_k1": 81.91452586,
    "_stock_d1": 83.69279769,
    "_macd_blue": 3.86459428,
    "_macd_orange": 4.7166619,
    "_cci20": 75.73402471,
    "_cci201": 82.87475842,
    "_ema10": 230.12641651,
    "_ema20": 226.00680344,
    "_ema30": 223.76475352,
    "_ema50": 221.99486119,
    "_ema100": 218.61020774,
    "_ema200": 208.02339079,
    "_psar": 216.46178181,
    "_wr": -20.32239493,
    "_mom": 5.68,
    "_mom1": 4.38,
    "stock_diff": -1.09,
    "rsi_diff": -1.72
}
