{
    "open": 206.7,
    "low": 206,
    "high": 216.8,
    "close": 216.49,
    "volume": 52127982,
    "change": 4.16185527,
    "_rsi": 50.86501188,
    "_rsi1": 45.65068862,
    "_stock_k": 81.57745786,
    "_stock_d": 56.00409939,
    "_stock_k1": 56.15154575,
    "_stock_d1": 32.28188905,
    "_macd_blue": -17.17458176,
    "_macd_orange": -11.77495517,
    "_cci20": 133.64998975,
    "_cci201": 56.10742225,
    "_ema10": 201.91211347,
    "_ema20": 207.50148327,
    "_ema30": 218.50263984,
    "_ema50": 239.98808501,
    "_ema100": 273.26974839,
    "_ema200": 294.35738922,
    "_psar": 186.79616,
    "_wr": -1.00064558,
    "_mom": 16.43,
    "_mom1": 4.87,
    "stock_diff": 25.57,
    "rsi_diff": 5.21
}
