{
    "open": 304.54,
    "low": 302.11,
    "high": 311.78,
    "close": 311.72,
    "volume": 663601,
    "change": 2.8235915,
    "_rsi": 60.86697222,
    "_rsi1": 56.5857152,
    "_stock_k": 95.54006677,
    "_stock_d": 94.07880964,
    "_stock_k1": 91.64560106,
    "_stock_d1": 93.27587442,
    "_macd_blue": -2.30622921,
    "_macd_orange": 2.07164569,
    "_cci20": 119.05657672,
    "_cci201": 114.17342819,
    "_ema10": 297.67815745,
    "_ema20": 294.00637534,
    "_ema30": 294.46897087,
    "_ema50": 296.17467876,
    "_ema100": 294.70060381,
    "_ema200": 281.08937824,
    "_psar": 282.71696196,
    "_wr": -0.11191942,
    "_mom": 39.18,
    "_mom1": 28.64,
    "stock_diff": 1.46,
    "rsi_diff": 4.28
}
