{
    "open": 22.11,
    "low": 21.96,
    "high": 22.2,
    "close": 21.99,
    "volume": 1913163,
    "change": -1.07962213,
    "_rsi": 42.54806155,
    "_rsi1": 44.44971254,
    "_stock_k": 36.88285571,
    "_stock_d": 40.95160904,
    "_stock_k1": 40.32634033,
    "_stock_d1": 44.27372028,
    "_macd_blue": -0.36020997,
    "_macd_orange": -0.39028974,
    "_cci20": -61.98244789,
    "_cci201": -45.62586418,
    "_ema10": 22.29180666,
    "_ema20": 22.61663086,
    "_ema30": 22.8108105,
    "_ema50": 22.95765556,
    "_ema100": 23.18867345,
    "_ema200": 23.46631293,
    "_psar": 22.78,
    "_wr": -66.2745098,
    "_mom": -0.58,
    "_mom1": 0.11,
    "stock_diff": -4.07,
    "rsi_diff": -1.9
}
