{
    "open": 23.4,
    "low": 23.33,
    "high": 23.84,
    "close": 23.84,
    "volume": 31812602,
    "change": 2.18602658,
    "_rsi": 55.34224202,
    "_rsi1": 45.15687676,
    "_stock_k": 62.10871219,
    "_stock_d": 44.35371929,
    "_stock_k1": 39.15151374,
    "_stock_d1": 33.68107895,
    "_macd_blue": -0.29482918,
    "_macd_orange": -0.19462858,
    "_cci20": 88.89055304,
    "_cci201": -28.90541926,
    "_ema10": 23.35383653,
    "_ema20": 23.44501027,
    "_ema30": 23.62121048,
    "_ema50": 23.93566558,
    "_ema100": 24.58513569,
    "_ema200": 25.7413186,
    "_psar": 23.89095397,
    "_wr": 0,
    "_mom": 0.65,
    "_mom1": 0.14,
    "stock_diff": 17.75,
    "rsi_diff": 10.19
}
