{
    "open": 45.79,
    "low": 45.26,
    "high": 45.9,
    "close": 45.3,
    "volume": 1048289,
    "change": -1.45747226,
    "_rsi": 55.26154563,
    "_rsi1": 60.19356298,
    "_stock_k": 68.28002814,
    "_stock_d": 71.82627645,
    "_stock_k1": 74.81404749,
    "_stock_d1": 72.29114941,
    "_macd_blue": 0.78518344,
    "_macd_orange": 0.79219811,
    "_cci20": 44.46564047,
    "_cci201": 83.86270389,
    "_ema10": 45.4563062,
    "_ema20": 44.84775084,
    "_ema30": 44.37929207,
    "_ema50": 43.85973829,
    "_ema100": 43.49238683,
    "_ema200": 43.38308186,
    "_psar": 43.32126201,
    "_wr": -40.41237113,
    "_mom": -0.82,
    "_mom1": 1.49,
    "stock_diff": -3.55,
    "rsi_diff": -4.93
}
