{
    "open": 337.71,
    "low": 337.71,
    "high": 342.84,
    "close": 341.5,
    "volume": 309322,
    "change": 1.61271126,
    "_rsi": 57.78815798,
    "_rsi1": 52.56892163,
    "_stock_k": 43.2364891,
    "_stock_d": 42.69023478,
    "_stock_k1": 35.5828729,
    "_stock_d1": 49.30753545,
    "_macd_blue": 2.81677066,
    "_macd_orange": 2.85552818,
    "_cci20": 58.87639621,
    "_cci201": 7.90863446,
    "_ema10": 337.78982499,
    "_ema20": 335.44799756,
    "_ema30": 334.10022823,
    "_ema50": 333.70115441,
    "_ema100": 333.06032986,
    "_ema200": 324.2013138,
    "_psar": 347.643232,
    "_wr": -33.52394568,
    "_mom": 5.48,
    "_mom1": -6.65,
    "stock_diff": 0.55,
    "rsi_diff": 5.22
}
