{
    "open": 73.73,
    "low": 73.39,
    "high": 74.41,
    "close": 74.28,
    "volume": 31687,
    "change": 1.61422709,
    "_rsi": 43.70244407,
    "_rsi1": 37.61162947,
    "_stock_k": 29.96661102,
    "_stock_d": 34.78946392,
    "_stock_k1": 31.5804118,
    "_stock_d1": 39.46822224,
    "_macd_blue": -1.00402987,
    "_macd_orange": -1.05920736,
    "_cci20": -79.96026819,
    "_cci201": -133.55116436,
    "_ema10": 74.39820106,
    "_ema20": 75.19294444,
    "_ema30": 75.894097,
    "_ema50": 76.96897382,
    "_ema100": 77.97449018,
    "_ema200": 76.95863996,
    "_psar": 72.83,
    "_wr": -58.09682805,
    "_mom": -1.12,
    "_mom1": -3.05,
    "stock_diff": -4.82,
    "rsi_diff": 6.09
}
