{
    "open": 23.75,
    "low": 23.73,
    "high": 25.09,
    "close": 24.9,
    "volume": 20110970,
    "change": 7.88561525,
    "_rsi": 66.18681714,
    "_rsi1": 56.79519949,
    "_stock_k": 58.67486339,
    "_stock_d": 40.48840808,
    "_stock_k1": 36.06557377,
    "_stock_d1": 27.93567011,
    "_macd_blue": 0.67548078,
    "_macd_orange": 0.62954078,
    "_cci20": 146.65665122,
    "_cci201": 37.08977393,
    "_ema10": 23.13839092,
    "_ema20": 22.72859937,
    "_ema30": 22.22825226,
    "_ema50": 21.21905732,
    "_ema100": 19.22922388,
    "_ema200": 16.63273468,
    "_psar": 20.82,
    "_wr": -16.39344262,
    "_mom": 0.57,
    "_mom1": -0.73,
    "stock_diff": 18.19,
    "rsi_diff": 9.39
}
