{
    "open": 51.66,
    "low": 50.6099,
    "high": 51.8001,
    "close": 50.845,
    "volume": 13063657,
    "change": -1.11824193,
    "_rsi": 46.67906944,
    "_rsi1": 48.68124127,
    "_stock_k": 75.69060037,
    "_stock_d": 71.27636396,
    "_stock_k1": 74.09275448,
    "_stock_d1": 63.51321684,
    "_macd_blue": -1.27936306,
    "_macd_orange": -0.97403209,
    "_cci20": 7.75597374,
    "_cci201": -4.14718449,
    "_ema10": 50.61152357,
    "_ema20": 51.24947555,
    "_ema30": 51.8539703,
    "_ema50": 52.2405164,
    "_ema100": 51.51443147,
    "_ema200": 48.82262745,
    "_psar": 47.09682205,
    "_wr": -27.96309439,
    "_mom": 5.035,
    "_mom1": 2.63,
    "stock_diff": 4.41,
    "rsi_diff": -2.0
}
