{
    "open": 135.77,
    "low": 135.49,
    "high": 138.8,
    "close": 138.62,
    "volume": 375323,
    "change": 2.15933378,
    "_rsi": 63.50622066,
    "_rsi1": 59.78002481,
    "_stock_k": 78.5976681,
    "_stock_d": 83.2762903,
    "_stock_k1": 80.62609807,
    "_stock_d1": 89.19809359,
    "_macd_blue": 2.16824124,
    "_macd_orange": 3.49324665,
    "_cci20": 90.72448712,
    "_cci201": 88.00272806,
    "_ema10": 135.17164486,
    "_ema20": 131.77857652,
    "_ema30": 130.43142604,
    "_ema50": 130.27307931,
    "_ema100": 131.78969384,
    "_ema200": 131.06252977,
    "_psar": 142,
    "_wr": -16.19549593,
    "_mom": 14,
    "_mom1": 10.06,
    "stock_diff": -4.68,
    "rsi_diff": 3.73
}
