{
    "open": 233.82,
    "low": 232.85,
    "high": 238.4,
    "close": 238.22,
    "volume": 311122,
    "change": 2.51753669,
    "_rsi": 56.89236039,
    "_rsi1": 51.70602464,
    "_stock_k": 66.56998403,
    "_stock_d": 58.92519536,
    "_stock_k1": 54.53359073,
    "_stock_d1": 56.95035254,
    "_macd_blue": -0.08840227,
    "_macd_orange": 0.72695225,
    "_cci20": 47.1427119,
    "_cci201": -6.86492126,
    "_ema10": 232.30740824,
    "_ema20": 231.4362477,
    "_ema30": 231.19528876,
    "_ema50": 230.88888895,
    "_ema100": 228.82660112,
    "_ema200": 221.4797733,
    "_psar": 219.56219896,
    "_wr": -0.83916084,
    "_mom": 19.46,
    "_mom1": 10.37,
    "stock_diff": 7.64,
    "rsi_diff": 5.19
}
