{
    "open": 87.3,
    "low": 87.065,
    "high": 88.18,
    "close": 88.1,
    "volume": 1102708,
    "change": 0.75480329,
    "_rsi": 52.41362857,
    "_rsi1": 49.89307809,
    "_stock_k": 46.7528171,
    "_stock_d": 57.82472474,
    "_stock_k1": 55.81573849,
    "_stock_d1": 69.23756042,
    "_macd_blue": 0.17299723,
    "_macd_orange": 0.32390174,
    "_cci20": 30.13566966,
    "_cci201": 29.9159961,
    "_ema10": 87.9333052,
    "_ema20": 87.58470108,
    "_ema30": 87.50332012,
    "_ema50": 87.48444638,
    "_ema100": 86.79458455,
    "_ema200": 83.80196072,
    "_psar": 90.42,
    "_wr": -50.65502183,
    "_mom": 0.6,
    "_mom1": -0.34,
    "stock_diff": -11.07,
    "rsi_diff": 2.52
}
