{
    "open": 60.64,
    "low": 60.455,
    "high": 61.02,
    "close": 60.98,
    "volume": 13151348,
    "change": 0.9602649,
    "_rsi": 53.86503527,
    "_rsi1": 50.24361677,
    "_stock_k": 64.30195497,
    "_stock_d": 58.68235491,
    "_stock_k1": 57.51805662,
    "_stock_d1": 53.89490776,
    "_macd_blue": -0.25381728,
    "_macd_orange": -0.12496765,
    "_cci20": 19.41792353,
    "_cci201": 1.43552817,
    "_ema10": 60.29220839,
    "_ema20": 60.35778997,
    "_ema30": 60.40939575,
    "_ema50": 60.17782488,
    "_ema100": 59.11887865,
    "_ema200": 57.3923888,
    "_psar": 61.05324589,
    "_wr": -23.8512035,
    "_mom": 3.1,
    "_mom1": 1.44,
    "stock_diff": 5.62,
    "rsi_diff": 3.62
}
