{
    "open": 48.46,
    "low": 48.0601,
    "high": 49.58,
    "close": 48.27,
    "volume": 37126262,
    "change": -0.24798512,
    "_rsi": 54.15295875,
    "_rsi1": 54.81941069,
    "_stock_k": 78.86931533,
    "_stock_d": 73.80747437,
    "_stock_k1": 76.36069587,
    "_stock_d1": 67.86548941,
    "_macd_blue": -0.54480509,
    "_macd_orange": -0.22227353,
    "_cci20": 119.53373403,
    "_cci201": 85.8237495,
    "_ema10": 47.30691717,
    "_ema20": 47.29740404,
    "_ema30": 47.61721562,
    "_ema50": 48.34249104,
    "_ema100": 49.72890132,
    "_ema200": 51.49827231,
    "_psar": 44.319344,
    "_wr": -23.77495463,
    "_mom": 0.64,
    "_mom1": 0.89,
    "stock_diff": 5.06,
    "rsi_diff": -0.67
}
