{
    "open": 94.34,
    "low": 94.16,
    "high": 97.415,
    "close": 97.04,
    "volume": 1645185,
    "change": 3.19013186,
    "_rsi": 57.34049302,
    "_rsi1": 52.03561425,
    "_stock_k": 80.80018939,
    "_stock_d": 80.07511617,
    "_stock_k1": 78.40909091,
    "_stock_d1": 82.20176688,
    "_macd_blue": -0.19818736,
    "_macd_orange": 0.49193536,
    "_cci20": 100.61956186,
    "_cci201": 54.05713537,
    "_ema10": 94.0996464,
    "_ema20": 93.41701888,
    "_ema30": 93.31669449,
    "_ema50": 92.86502566,
    "_ema100": 90.29633298,
    "_ema200": 84.32178085,
    "_psar": 89.78414064,
    "_wr": -3.40909091,
    "_mom": 9,
    "_mom1": 5.82,
    "stock_diff": 0.73,
    "rsi_diff": 5.3
}
