{
    "open": 160.82,
    "low": 159.86,
    "high": 165.06,
    "close": 164.96,
    "volume": 3152164,
    "change": 3.65715722,
    "_rsi": 56.55292848,
    "_rsi1": 50.90995447,
    "_stock_k": 84.42092887,
    "_stock_d": 88.69830097,
    "_stock_k1": 85.84144876,
    "_stock_d1": 92.2765514,
    "_macd_blue": -1.02573699,
    "_macd_orange": 0.62500197,
    "_cci20": 93.04302493,
    "_cci201": 65.05399009,
    "_ema10": 159.90155473,
    "_ema20": 158.57606199,
    "_ema30": 159.01854808,
    "_ema50": 161.08375894,
    "_ema100": 164.73975119,
    "_ema200": 164.35996997,
    "_psar": 151.03148715,
    "_wr": -6.74603175,
    "_mom": 14.4,
    "_mom1": 5.52,
    "stock_diff": -4.28,
    "rsi_diff": 5.64
}
