{
    "open": 150.44,
    "low": 149.235,
    "high": 151.42,
    "close": 150.435,
    "volume": 3703557,
    "change": 0.18981019,
    "_rsi": 45.80900056,
    "_rsi1": 45.19130403,
    "_stock_k": 54.68622711,
    "_stock_d": 50.15059793,
    "_stock_k1": 49.54761045,
    "_stock_d1": 43.08883649,
    "_macd_blue": -2.54077876,
    "_macd_orange": -2.26765993,
    "_cci20": -23.10205148,
    "_cci201": -40.69189079,
    "_ema10": 149.737136,
    "_ema20": 151.35390964,
    "_ema30": 152.76857579,
    "_ema50": 154.02416557,
    "_ema100": 152.99355385,
    "_ema200": 148.6390443,
    "_psar": 144.17202367,
    "_wr": -42.28371005,
    "_mom": -2.405,
    "_mom1": -4.99,
    "stock_diff": 4.54,
    "rsi_diff": 0.62
}
