{
    "open": 93.45,
    "low": 91.35,
    "high": 93.66,
    "close": 91.41,
    "volume": 1931910,
    "change": -2.95148105,
    "_rsi": 52.26901497,
    "_rsi1": 61.34987923,
    "_stock_k": 88.09600441,
    "_stock_d": 93.1202424,
    "_stock_k1": 97.24043455,
    "_stock_d1": 92.05801343,
    "_macd_blue": -0.1450332,
    "_macd_orange": 0.4760724,
    "_cci20": 94.83123952,
    "_cci201": 183.25588781,
    "_ema10": 91.33090608,
    "_ema20": 90.67066571,
    "_ema30": 90.63097903,
    "_ema50": 90.84099311,
    "_ema100": 91.02356203,
    "_ema200": 90.17465177,
    "_psar": 86.69954836,
    "_wr": -30.92293054,
    "_mom": 5,
    "_mom1": 6.4,
    "stock_diff": -5.02,
    "rsi_diff": -9.08
}
