{
    "open": 178.57,
    "low": 177.625,
    "high": 180.85,
    "close": 180.84,
    "volume": 722961,
    "change": 1.97361001,
    "_rsi": 49.62606241,
    "_rsi1": 44.19113427,
    "_stock_k": 60.85785728,
    "_stock_d": 66.69872411,
    "_stock_k1": 63.72379304,
    "_stock_d1": 72.23825095,
    "_macd_blue": -1.70101605,
    "_macd_orange": -0.87953549,
    "_cci20": 30.6284674,
    "_cci201": 8.97528024,
    "_ema10": 180.19012404,
    "_ema20": 180.31175939,
    "_ema30": 181.49527926,
    "_ema50": 184.10996056,
    "_ema100": 186.61768194,
    "_ema200": 183.45428962,
    "_psar": 175.41508241,
    "_wr": -34.73744951,
    "_mom": 5.46,
    "_mom1": 0.57,
    "stock_diff": -5.84,
    "rsi_diff": 5.43
}
