{
    "open": 96.56,
    "low": 96.56,
    "high": 98.04,
    "close": 97.54,
    "volume": 404887,
    "change": 0.53597196,
    "_rsi": 60.12153296,
    "_rsi1": 58.70892782,
    "_stock_k": 92.78375779,
    "_stock_d": 80.28390769,
    "_stock_k1": 80.6181366,
    "_stock_d1": 70.95213636,
    "_macd_blue": -0.62633514,
    "_macd_orange": 0.07038694,
    "_cci20": 194.21605385,
    "_cci201": 170.32621896,
    "_ema10": 94.91546569,
    "_ema20": 94.5065183,
    "_ema30": 94.79929879,
    "_ema50": 95.58965638,
    "_ema100": 95.80265261,
    "_ema200": 92.84063429,
    "_psar": 91.17845097,
    "_wr": -6.23441397,
    "_mom": 3.3,
    "_mom1": 3.31,
    "stock_diff": 12.5,
    "rsi_diff": 1.41
}
