{
    "open": 110.48,
    "low": 110,
    "high": 111.8,
    "close": 111.77,
    "volume": 504855,
    "change": 1.73857637,
    "_rsi": 50.22990454,
    "_rsi1": 44.89223651,
    "_stock_k": 37.15807311,
    "_stock_d": 43.62236888,
    "_stock_k1": 37.78746066,
    "_stock_d1": 52.81820688,
    "_macd_blue": -0.18022794,
    "_macd_orange": -0.22663785,
    "_cci20": -25.33058419,
    "_cci201": -115.56751175,
    "_ema10": 111.40904589,
    "_ema20": 111.62863412,
    "_ema30": 111.68338457,
    "_ema50": 111.51406518,
    "_ema100": 111.75623593,
    "_ema200": 112.08015669,
    "_psar": 109.1,
    "_wr": -48.65649964,
    "_mom": 0.35,
    "_mom1": -2.64,
    "stock_diff": -6.46,
    "rsi_diff": 5.34
}
