{
    "open": 61,
    "low": 60.96,
    "high": 61.785,
    "close": 61.52,
    "volume": 5934155,
    "change": 1.1010682,
    "_rsi": 43.31316828,
    "_rsi1": 38.99659499,
    "_stock_k": 46.11098244,
    "_stock_d": 39.91810515,
    "_stock_k1": 37.20268503,
    "_stock_d1": 37.23883039,
    "_macd_blue": -1.23832896,
    "_macd_orange": -1.10566878,
    "_cci20": -29.71878466,
    "_cci201": -61.59601082,
    "_ema10": 61.39558164,
    "_ema20": 62.16790504,
    "_ema30": 62.88567206,
    "_ema50": 63.62550613,
    "_ema100": 63.7245362,
    "_ema200": 62.75787195,
    "_psar": 59.140384,
    "_wr": -33.86243386,
    "_mom": 2.4,
    "_mom1": 0.69,
    "stock_diff": 6.19,
    "rsi_diff": 4.32
}
