{
    "open": 86.67,
    "low": 85.94,
    "high": 87.15,
    "close": 86.69,
    "volume": 811196,
    "change": 0.4053741,
    "_rsi": 44.24277799,
    "_rsi1": 43.15613888,
    "_stock_k": 61.72161172,
    "_stock_d": 69.85308937,
    "_stock_k1": 70.87912088,
    "_stock_d1": 77.03275407,
    "_macd_blue": -2.41980794,
    "_macd_orange": -1.64584682,
    "_cci20": 11.09027772,
    "_cci201": -1.95764617,
    "_ema10": 86.7949464,
    "_ema20": 87.46106739,
    "_ema30": 89.26191564,
    "_ema50": 93.83280904,
    "_ema100": 102.71925701,
    "_ema200": 108.49353065,
    "_psar": 83.91298165,
    "_wr": -35.98901099,
    "_mom": 3.07,
    "_mom1": 3.11,
    "stock_diff": -8.13,
    "rsi_diff": 1.09
}
