{
    "open": 213.72,
    "low": 212.32,
    "high": 215.675,
    "close": 214.67,
    "volume": 816960,
    "change": 0.62341802,
    "_rsi": 55.49100919,
    "_rsi1": 53.99882969,
    "_stock_k": 91.23674532,
    "_stock_d": 81.18645629,
    "_stock_k1": 80.6863563,
    "_stock_d1": 74.22696584,
    "_macd_blue": -3.7516371,
    "_macd_orange": -1.6993215,
    "_cci20": 238.07911769,
    "_cci201": 200.58492666,
    "_ema10": 208.87541793,
    "_ema20": 209.03827216,
    "_ema30": 211.18867635,
    "_ema50": 215.28708136,
    "_ema100": 218.69608325,
    "_ema200": 213.39103314,
    "_psar": 197.4190817,
    "_wr": -5.4628472,
    "_mom": 9.75,
    "_mom1": 8.46,
    "stock_diff": 10.05,
    "rsi_diff": 1.49
}
