{
    "open": 65.76,
    "low": 64.78,
    "high": 65.93,
    "close": 65.58,
    "volume": 4073524,
    "change": 1.26621371,
    "_rsi": 52.15764525,
    "_rsi1": 49.19828355,
    "_stock_k": 79.69126869,
    "_stock_d": 83.76079601,
    "_stock_k1": 81.18668596,
    "_stock_d1": 87.86957269,
    "_macd_blue": -1.28915416,
    "_macd_orange": -0.54768309,
    "_cci20": 83.47751557,
    "_cci201": 71.1745216,
    "_ema10": 64.50542943,
    "_ema20": 64.47738677,
    "_ema30": 65.30114423,
    "_ema50": 67.22364972,
    "_ema100": 69.7430214,
    "_ema200": 68.96670445,
    "_psar": 61.84309016,
    "_wr": -16.64254703,
    "_mom": 4.12,
    "_mom1": 1.95,
    "stock_diff": -4.07,
    "rsi_diff": 2.96
}
