{
    "open": 68.2,
    "low": 68.11,
    "high": 69.05,
    "close": 68.92,
    "volume": 1706897,
    "change": 1.27847171,
    "_rsi": 69.19465512,
    "_rsi1": 65.62500212,
    "_stock_k": 89.23186986,
    "_stock_d": 85.41069698,
    "_stock_k1": 83.5656408,
    "_stock_d1": 81.55081804,
    "_macd_blue": 0.87142461,
    "_macd_orange": 1.06532267,
    "_cci20": 172.22005831,
    "_cci201": 138.16461956,
    "_ema10": 67.26106602,
    "_ema20": 66.37184954,
    "_ema30": 65.77841573,
    "_ema50": 65.01997236,
    "_ema100": 63.96576054,
    "_ema200": 62.95191308,
    "_psar": 66.65,
    "_wr": -3.06603774,
    "_mom": 2.96,
    "_mom1": 2,
    "stock_diff": 3.82,
    "rsi_diff": 3.57
}
