{
    "open": 37.9,
    "low": 37.54,
    "high": 38.705,
    "close": 37.68,
    "volume": 10034977,
    "change": -1.02442868,
    "_rsi": 61.28746531,
    "_rsi1": 63.11791011,
    "_stock_k": 72.88662853,
    "_stock_d": 71.26810653,
    "_stock_k1": 73.72456937,
    "_stock_d1": 68.4142654,
    "_macd_blue": 1.39811412,
    "_macd_orange": 1.4586056,
    "_cci20": 103.10573893,
    "_cci201": 114.86706797,
    "_ema10": 36.64429062,
    "_ema20": 35.57188091,
    "_ema30": 34.56336958,
    "_ema50": 32.75317666,
    "_ema100": 29.64604973,
    "_ema200": 26.41505485,
    "_psar": 33.3991,
    "_wr": -27.93755136,
    "_mom": -0.27,
    "_mom1": 3.23,
    "stock_diff": 1.62,
    "rsi_diff": -1.83
}
