{
    "open": 239.07,
    "low": 233.71,
    "high": 240.22,
    "close": 234,
    "volume": 1968581,
    "change": -2.36575291,
    "_rsi": 44.97735371,
    "_rsi1": 51.99757561,
    "_stock_k": 53.07428215,
    "_stock_d": 66.58912059,
    "_stock_k1": 66.56422069,
    "_stock_d1": 78.63937996,
    "_macd_blue": -1.39549015,
    "_macd_orange": -0.2448591,
    "_cci20": 17.67520374,
    "_cci201": 97.8880505,
    "_ema10": 237.82771305,
    "_ema20": 237.16144179,
    "_ema30": 238.43523949,
    "_ema50": 242.9089843,
    "_ema100": 251.98328716,
    "_ema200": 257.00573431,
    "_psar": 248.46,
    "_wr": -67.69662921,
    "_mom": 0.89,
    "_mom1": 11.7,
    "stock_diff": -13.51,
    "rsi_diff": -7.02
}
