{
    "open": 235.8,
    "low": 234,
    "high": 237.85,
    "close": 236.87,
    "volume": 2349027,
    "change": 1.14868904,
    "_rsi": 61.40532313,
    "_rsi1": 57.22392089,
    "_stock_k": 68.541535,
    "_stock_d": 70.66309479,
    "_stock_k1": 68.10798271,
    "_stock_d1": 73.46820691,
    "_macd_blue": 1.98157619,
    "_macd_orange": 2.49692646,
    "_cci20": 94.99205912,
    "_cci201": 92.19960495,
    "_ema10": 234.17506728,
    "_ema20": 232.06136446,
    "_ema30": 230.66010514,
    "_ema50": 228.4729775,
    "_ema100": 225.56360467,
    "_ema200": 225.92534413,
    "_psar": 229.72635522,
    "_wr": -24.22582684,
    "_mom": 9.92,
    "_mom1": 2.72,
    "stock_diff": -2.12,
    "rsi_diff": 4.18
}
