{
    "open": 41.72,
    "low": 41.65,
    "high": 41.81,
    "close": 41.68,
    "volume": 362462,
    "change": 0.21639817,
    "_rsi": 57.68410029,
    "_rsi1": 56.81631687,
    "_stock_k": 96.63401785,
    "_stock_d": 91.33986053,
    "_stock_k1": 94.20946312,
    "_stock_d1": 82.06461609,
    "_macd_blue": -0.10498683,
    "_macd_orange": 0.03405798,
    "_cci20": 139.95188869,
    "_cci201": 107.60719225,
    "_ema10": 41.11743974,
    "_ema20": 41.04656381,
    "_ema30": 41.0294327,
    "_ema50": 40.82182082,
    "_ema100": 39.96666012,
    "_ema200": 38.14316029,
    "_psar": 39.94964133,
    "_wr": -5.46218487,
    "_mom": 1.81,
    "_mom1": 0.965,
    "stock_diff": 5.29,
    "rsi_diff": 0.87
}
