{
    "open": 160,
    "low": 156.84,
    "high": 160.28,
    "close": 160.11,
    "volume": 869356,
    "change": 0.64747297,
    "_rsi": 52.88153127,
    "_rsi1": 51.64811456,
    "_stock_k": 77.78360426,
    "_stock_d": 77.33495214,
    "_stock_k1": 75.59867156,
    "_stock_d1": 81.17081919,
    "_macd_blue": -3.02542828,
    "_macd_orange": -1.14984975,
    "_cci20": 81.30674896,
    "_cci201": 70.68341062,
    "_ema10": 156.93900384,
    "_ema20": 156.68845987,
    "_ema30": 158.64355575,
    "_ema50": 163.48853569,
    "_ema100": 169.57964381,
    "_ema200": 167.1096563,
    "_psar": 151.13403189,
    "_wr": -13.84373361,
    "_mom": 14.24,
    "_mom1": 12.59,
    "stock_diff": 0.45,
    "rsi_diff": 1.23
}
