{
    "open": 34.21,
    "low": 33.96,
    "high": 34.21,
    "close": 33.96,
    "volume": 10065,
    "change": -0.55636896,
    "_rsi": 60.68383597,
    "_rsi1": 65.60516333,
    "_stock_k": 88.21161746,
    "_stock_d": 93.33295894,
    "_stock_k1": 94.89443735,
    "_stock_d1": 94.29945683,
    "_macd_blue": 0.22967841,
    "_macd_orange": 0.27884429,
    "_cci20": 104.62591105,
    "_cci201": 132.87710294,
    "_ema10": 33.80556138,
    "_ema20": 33.57610243,
    "_ema30": 33.41284429,
    "_ema50": 33.16432676,
    "_ema100": 32.64260476,
    "_ema200": 31.57187678,
    "_psar": 33.31898589,
    "_wr": -25.23364486,
    "_mom": 0.34,
    "_mom1": 0.82,
    "stock_diff": -5.12,
    "rsi_diff": -4.92
}
