{
    "open": 536.62,
    "low": 526.43,
    "high": 542.65,
    "close": 527.42,
    "volume": 1734761,
    "change": -0.99489413,
    "_rsi": 54.9658838,
    "_rsi1": 58.84263555,
    "_stock_k": 74.27914192,
    "_stock_d": 72.08224112,
    "_stock_k1": 72.10720591,
    "_stock_d1": 71.08329245,
    "_macd_blue": 2.61805406,
    "_macd_orange": 4.1579272,
    "_cci20": 102.89508735,
    "_cci201": 87.30379662,
    "_ema10": 525.32085679,
    "_ema20": 521.23899909,
    "_ema30": 519.72585587,
    "_ema50": 518.60261748,
    "_ema100": 508.80392581,
    "_ema200": 478.73541488,
    "_psar": 507.15210589,
    "_wr": -28.67918472,
    "stock_diff": 2.2,
    "rsi_diff": -3.88
}
