{
    "open": 408.07,
    "low": 400.96,
    "high": 410.13,
    "close": 403.14,
    "volume": 242718,
    "change": -2.49836748,
    "_rsi": 56.08416797,
    "_rsi1": 62.01616368,
    "_stock_k": 85.05040434,
    "_stock_d": 90.28310263,
    "_stock_k1": 91.44787859,
    "_stock_d1": 94.33205745,
    "_macd_blue": 0.71970773,
    "_macd_orange": 5.34495369,
    "_cci20": 97.75291994,
    "_cci201": 157.96429008,
    "_ema10": 398.35765333,
    "_ema20": 391.89695108,
    "_ema30": 390.98860563,
    "_ema50": 394.17857262,
    "_ema100": 400.89791909,
    "_ema200": 391.57800812,
    "_psar": 370.93589712,
    "_wr": -25.93885012,
    "_mom": 30.74,
    "_mom1": 54.82,
    "stock_diff": -5.23,
    "rsi_diff": -5.93
}
