{
    "open": 27.25,
    "low": 27.25,
    "high": 27.68,
    "close": 27.59,
    "volume": 5988737,
    "change": 0.95133553,
    "_rsi": 58.14615728,
    "_rsi1": 54.88982272,
    "_stock_k": 93.16283035,
    "_stock_d": 89.41891015,
    "_stock_k1": 89.25377737,
    "_stock_d1": 86.20653279,
    "_macd_blue": -0.34663538,
    "_macd_orange": -0.11962699,
    "_cci20": 188.69844251,
    "_cci201": 157.33183476,
    "_ema10": 26.94874133,
    "_ema20": 26.91061463,
    "_ema30": 27.11453051,
    "_ema50": 27.54854593,
    "_ema100": 28.11771703,
    "_ema200": 28.42471829,
    "_psar": 26.54961306,
    "_wr": -5.29411765,
    "_mom": 1.32,
    "_mom1": 0.75,
    "stock_diff": 3.74,
    "rsi_diff": 3.26
}
