{
    "open": 166.35,
    "low": 165.61,
    "high": 168.42,
    "close": 168.06,
    "volume": 472919,
    "change": 1.07656222,
    "_rsi": 62.30960044,
    "_rsi1": 60.10603857,
    "_stock_k": 88.9613213,
    "_stock_d": 88.81734463,
    "_stock_k1": 88.44984802,
    "_stock_d1": 90.96012389,
    "_macd_blue": 1.71432006,
    "_macd_orange": 2.7785636,
    "_cci20": 110.23287184,
    "_cci201": 105.48245911,
    "_ema10": 164.22704061,
    "_ema20": 161.56933563,
    "_ema30": 160.40478268,
    "_ema50": 159.75953126,
    "_ema100": 158.61569418,
    "_ema200": 152.92606305,
    "_psar": 157.37597488,
    "_wr": -1.80904523,
    "_mom": 14.44,
    "_mom1": 11.23,
    "stock_diff": 0.14,
    "rsi_diff": 2.2
}
