{
    "open": 434.07,
    "low": 426.97,
    "high": 437.35,
    "close": 428.02,
    "volume": 103844,
    "change": -3.01588381,
    "_rsi": 49.51265722,
    "_rsi1": 55.23292168,
    "_stock_k": 84.10470572,
    "_stock_d": 87.15776297,
    "_stock_k1": 92.4907555,
    "_stock_d1": 82.84934266,
    "_macd_blue": -9.88793072,
    "_macd_orange": -4.6205947,
    "_cci20": 82.86305127,
    "_cci201": 154.7653208,
    "_ema10": 424.70446357,
    "_ema20": 425.29913222,
    "_ema30": 431.12991776,
    "_ema50": 444.09141402,
    "_ema100": 462.41710724,
    "_ema200": 464.56425549,
    "_psar": 393.53882432,
    "_wr": -31.83666254,
    "_mom": 9.37,
    "_mom1": 37.19,
    "stock_diff": -3.05,
    "rsi_diff": -5.72
}
