{
    "open": 67.91,
    "low": 67.63,
    "high": 68.08,
    "close": 67.64,
    "volume": 1461184,
    "change": -0.25070049,
    "_rsi": 47.64727027,
    "_rsi1": 48.82958765,
    "_stock_k": 11.33708233,
    "_stock_d": 18.51427318,
    "_stock_k1": 18.48324921,
    "_stock_d1": 24.47011722,
    "_macd_blue": 0.44781008,
    "_macd_orange": 0.21084133,
    "_cci20": -39.39569643,
    "_cci201": -22.3857991,
    "_ema10": 68.149714,
    "_ema20": 68.1111984,
    "_ema30": 67.86931171,
    "_ema50": 67.36613679,
    "_ema100": 66.3207916,
    "_ema200": 64.55194629,
    "_psar": 71.41944126,
    "_wr": -94.29824561,
    "_mom": -1.58,
    "_mom1": -1.36,
    "stock_diff": -7.18,
    "rsi_diff": -1.18
}
