{
    "open": 665.64,
    "low": 659.67,
    "high": 674.17,
    "close": 660.84,
    "volume": 167352,
    "change": -1.61386374,
    "_rsi": 54.91272761,
    "_rsi1": 58.56293267,
    "_stock_k": 83.28684561,
    "_stock_d": 80.64242704,
    "_stock_k1": 81.40182677,
    "_stock_d1": 78.70974895,
    "_macd_blue": 2.83944411,
    "_macd_orange": 6.09192874,
    "_cci20": 72.53911559,
    "_cci201": 89.91210286,
    "_ema10": 653.08207796,
    "_ema20": 647.21757803,
    "_ema30": 644.15644456,
    "_ema50": 639.92162092,
    "_ema100": 634.31442876,
    "_ema200": 624.51796651,
    "_psar": 601.15170347,
    "_wr": -15.55225924,
    "_mom": 26.91,
    "_mom1": 74.85,
    "stock_diff": 2.64,
    "rsi_diff": -3.65
}
