{
    "open": 33.61,
    "low": 33.213,
    "high": 33.79,
    "close": 33.54,
    "volume": 771051,
    "change": 0.35906643,
    "_rsi": 55.60985607,
    "_rsi1": 54.62054732,
    "_stock_k": 63.3915575,
    "_stock_d": 70.10249209,
    "_stock_k1": 67.61280932,
    "_stock_d1": 78.50040364,
    "_macd_blue": 0.4892146,
    "_macd_orange": 0.47634896,
    "_cci20": 27.20661304,
    "_cci201": 27.34041746,
    "_ema10": 33.53460446,
    "_ema20": 33.17127187,
    "_ema30": 32.90226907,
    "_ema50": 32.76475714,
    "_ema100": 33.25812441,
    "_ema200": 34.06841451,
    "_psar": 32.60289874,
    "_wr": -37.33624454,
    "_mom": 0.94,
    "_mom1": 0.7,
    "stock_diff": -6.71,
    "rsi_diff": 0.99
}
