{
    "open": 158.04,
    "low": 155.07,
    "high": 159.29,
    "close": 156.35,
    "volume": 792334,
    "change": -1.58000755,
    "_rsi": 48.31849554,
    "_rsi1": 51.33660263,
    "_stock_k": 78.62258059,
    "_stock_d": 86.09331872,
    "_stock_k1": 89.29120542,
    "_stock_d1": 87.14058634,
    "_macd_blue": -3.96765493,
    "_macd_orange": -2.04866002,
    "_cci20": 52.01580861,
    "_cci201": 105.27540989,
    "_ema10": 155.6019687,
    "_ema20": 156.03864488,
    "_ema30": 158.5053473,
    "_ema50": 163.81200389,
    "_ema100": 169.98692853,
    "_ema200": 167.26141169,
    "_psar": 148.40929863,
    "_wr": -33.56056633,
    "_mom": 5.3,
    "_mom1": 12.57,
    "stock_diff": -7.47,
    "rsi_diff": -3.02
}
