{
    "open": 216.32,
    "low": 214.33,
    "high": 216.54,
    "close": 214.78,
    "change": -0.06049044,
    "_rsi": 42.72749277,
    "_rsi1": 42.8723236,
    "_stock_k": 49.22782512,
    "_stock_d": 38.79950004,
    "_stock_k1": 38.22417113,
    "_stock_d1": 32.59031443,
    "_macd_blue": -3.10337168,
    "_macd_orange": -3.22971607,
    "_cci20": -65.34797672,
    "_cci201": -90.96910631,
    "_ema10": 216.03779329,
    "_ema20": 218.44316685,
    "_ema30": 220.59052686,
    "_ema50": 223.87250753,
    "_ema100": 227.14546549,
    "_ema200": 224.360208,
    "_psar": 209.834896,
    "_wrr": -51.64698571,
    "stock_diff": 10.43,
    "rsi_diff": -0.14
}
