{
    "open": 110.11,
    "low": 109.66,
    "high": 112.22,
    "close": 110.44,
    "volume": 716204,
    "change": 0.3179217,
    "_rsi": 59.35558854,
    "_rsi1": 58.46148466,
    "_stock_k": 62.55962095,
    "_stock_d": 67.67613949,
    "_stock_k1": 66.17097602,
    "_stock_d1": 73.44584023,
    "_macd_blue": 3.2140124,
    "_macd_orange": 2.89510404,
    "_cci20": 31.46392343,
    "_cci201": 32.23977964,
    "_ema10": 111.03184079,
    "_ema20": 108.95601657,
    "_ema30": 107.12214869,
    "_ema50": 104.67074232,
    "_ema100": 100.46736288,
    "_ema200": 93.58074693,
    "_psar": 116.0895632,
    "_wr": -40.5609833,
    "_mom": -2.25,
    "_mom1": -1.99,
    "stock_diff": -5.12,
    "rsi_diff": 0.89
}
