{
    "open": 76.57,
    "low": 76.075,
    "high": 77.15,
    "close": 77.09,
    "volume": 1226006,
    "change": 1.03538663,
    "_rsi": 54.56334752,
    "_rsi1": 52.19659585,
    "_stock_k": 86.25929518,
    "_stock_d": 85.54984227,
    "_stock_k1": 84.98962365,
    "_stock_d1": 85.74698565,
    "_macd_blue": -0.72710019,
    "_macd_orange": -0.12207332,
    "_cci20": 70.9087379,
    "_cci201": 47.90104245,
    "_ema10": 75.72518147,
    "_ema20": 75.5129456,
    "_ema30": 75.85123314,
    "_ema50": 76.44823617,
    "_ema100": 76.72815477,
    "_ema200": 75.87868481,
    "_psar": 71.59993811,
    "_wr": -7.46847721,
    "_mom": 4.6,
    "_mom1": 4.22,
    "stock_diff": 0.71,
    "rsi_diff": 2.37
}
