{
    "open": 15.81,
    "low": 15.785,
    "high": 16.33,
    "close": 16.12,
    "volume": 5960917,
    "change": 2.47933884,
    "_rsi": 45.44637585,
    "_rsi1": 42.41616304,
    "_stock_k": 48.11320755,
    "_stock_d": 42.53144654,
    "_stock_k1": 41.58805031,
    "_stock_d1": 36.03249476,
    "_macd_blue": -0.91252696,
    "_macd_orange": -0.84335831,
    "_cci20": -15.2395776,
    "_cci201": -50.29291558,
    "_ema10": 15.74018299,
    "_ema20": 16.32869486,
    "_ema30": 16.91857949,
    "_ema50": 17.92161552,
    "_ema100": 19.41790153,
    "_ema200": 20.18757109,
    "_psar": 16.65030591,
    "_wr": -42.9245283,
    "_mom": -1.12,
    "_mom1": -2.16,
    "stock_diff": 5.58,
    "rsi_diff": 3.03
}
