{
    "open": 236.44,
    "low": 234.54,
    "high": 237.47,
    "close": 237.47,
    "volume": 3752945,
    "change": -0.28134711,
    "_rsi": 46.9840645,
    "_rsi1": 47.77400624,
    "_stock_k": 60.52874185,
    "_stock_d": 45.68932814,
    "_stock_k1": 44.83789803,
    "_stock_d1": 32.1827008,
    "_macd_blue": -6.77985771,
    "_macd_orange": -5.81122904,
    "_cci20": -7.32925348,
    "_cci201": -9.82357941,
    "_ema10": 232.94967609,
    "_ema20": 236.95038133,
    "_ema30": 240.77646421,
    "_ema50": 245.44785942,
    "_ema100": 248.15078848,
    "_ema200": 244.20043335,
    "_psar": 219.73645072,
    "_wr": -29.4167567,
    "_mom": 0.82,
    "_mom1": -2.8,
    "stock_diff": 14.84,
    "rsi_diff": -0.79
}
