{
    "open": 45.35,
    "low": 45.32,
    "high": 46.34,
    "close": 46.32,
    "volume": 2274463,
    "change": 2.3872679,
    "_rsi": 61.49753553,
    "_rsi1": 55.82874524,
    "_stock_k": 87.19126628,
    "_stock_d": 83.82295875,
    "_stock_k1": 81.88929001,
    "_stock_d1": 84.26374297,
    "_macd_blue": -0.42309068,
    "_macd_orange": 0.06947277,
    "_cci20": 133.6593891,
    "_cci201": 95.55377672,
    "_ema10": 44.7135855,
    "_ema20": 44.40172987,
    "_ema30": 44.60360164,
    "_ema50": 45.25362161,
    "_ema100": 46.92234433,
    "_ema200": 48.61513507,
    "_psar": 43.06099875,
    "_wr": -0.33955857,
    "_mom": 3.89,
    "_mom1": 3.2,
    "stock_diff": 3.37,
    "rsi_diff": 5.67
}
