{
    "open": 186.35,
    "low": 184.72,
    "high": 189.19,
    "close": 189.05,
    "volume": 7084797,
    "change": 1.61793163,
    "_rsi": 48.45241679,
    "_rsi1": 45.88134579,
    "_stock_k": 76.88022103,
    "_stock_d": 70.86384253,
    "_stock_k1": 68.06486785,
    "_stock_d1": 65.67879459,
    "_macd_blue": -5.07373478,
    "_macd_orange": -3.44616926,
    "_cci20": 10.97318949,
    "_cci201": 2.24785861,
    "_ema10": 187.08144788,
    "_ema20": 188.87577651,
    "_ema30": 191.68458641,
    "_ema50": 196.04801533,
    "_ema100": 202.82697282,
    "_ema200": 209.7613209,
    "_psar": 174.27443586,
    "_wr": -16.78294574,
    "_mom": 10.66,
    "_mom1": 7.48,
    "stock_diff": 6.02,
    "rsi_diff": 2.57
}
