{
    "open": 320.36,
    "low": 320,
    "high": 325.415,
    "close": 325.29,
    "volume": 1430377,
    "change": 1.49453978,
    "_rsi": 51.81494024,
    "_rsi1": 48.2871196,
    "_stock_k": 57.4522293,
    "_stock_d": 57.89337108,
    "_stock_k1": 56.89313517,
    "_stock_d1": 56.64071715,
    "_macd_blue": -4.85655706,
    "_macd_orange": -2.0152568,
    "_cci20": 78.94654523,
    "_cci201": 77.45910971,
    "_ema10": 321.06073802,
    "_ema20": 320.84239259,
    "_ema30": 324.04663666,
    "_ema50": 331.54681211,
    "_ema100": 339.27363638,
    "_ema200": 331.00410219,
    "_psar": 306.51417725,
    "_wr": -40.70063694,
    "_mom": 15.77,
    "_mom1": 11.08,
    "stock_diff": -0.44,
    "rsi_diff": 3.53
}
