{
    "open": 70.88,
    "low": 69.99,
    "high": 71.24,
    "close": 70.35,
    "volume": 20502285,
    "change": -0.11358796,
    "_rsi": 59.11489434,
    "_rsi1": 59.6550141,
    "_stock_k": 76.66893382,
    "_stock_d": 76.62771285,
    "_stock_k1": 76.05061934,
    "_stock_d1": 78.9042475,
    "_macd_blue": 0.41208358,
    "_macd_orange": 0.76105907,
    "_cci20": 83.42806077,
    "_cci201": 101.08173894,
    "_ema10": 69.84827994,
    "_ema20": 69.08190668,
    "_ema30": 68.79516671,
    "_ema50": 68.59051651,
    "_ema100": 68.18487035,
    "_ema200": 67.20560035,
    "_psar": 69.62,
    "_wr": -24.97990478,
    "_mom": 2.42,
    "_mom1": 2.85,
    "stock_diff": 0.04,
    "rsi_diff": -0.54
}
