{
    "open": 153.95,
    "low": 152.46,
    "high": 155.31,
    "close": 153.25,
    "volume": 8822109,
    "change": -1.17366351,
    "_rsi": 51.95321114,
    "_rsi1": 54.44400459,
    "_stock_k": 85.30957277,
    "_stock_d": 74.91432488,
    "_stock_k1": 79.91775188,
    "_stock_d1": 58.26669713,
    "_macd_blue": -2.65597908,
    "_macd_orange": -1.49532418,
    "_cci20": 93.74925515,
    "_cci201": 96.68117519,
    "_ema10": 150.24828129,
    "_ema20": 150.78971652,
    "_ema30": 152.26978668,
    "_ema50": 154.95455552,
    "_ema100": 157.38317987,
    "_ema200": 154.1999733,
    "_psar": 141.2674,
    "_wr": -15.90130226,
    "_mom": 8.98,
    "_mom1": 5.32,
    "stock_diff": 10.4,
    "rsi_diff": -2.49
}
