{
    "open": 464.72,
    "low": 459.3457,
    "high": 483.69,
    "close": 463.72,
    "volume": 424835,
    "change": -1.36764862,
    "_rsi": 57.12187893,
    "_rsi1": 58.98740807,
    "_stock_k": 87.93801018,
    "_stock_d": 91.37586612,
    "_stock_k1": 93.19979476,
    "_stock_d1": 91.18587313,
    "_macd_blue": 1.04815322,
    "_macd_orange": 7.52742259,
    "_cci20": 102.26022986,
    "_cci201": 118.07930883,
    "_ema10": 447.28051423,
    "_ema20": 438.56815267,
    "_ema30": 436.68164141,
    "_ema50": 440.50151177,
    "_ema100": 451.14169155,
    "_ema200": 441.96696424,
    "_psar": 404.33697442,
    "_wr": -18.13805631,
    "_mom": 45.56,
    "_mom1": 75.71,
    "stock_diff": -3.44,
    "rsi_diff": -1.87
}
