{
    "open": 276.82,
    "low": 273.65,
    "high": 281.19,
    "close": 281.08,
    "volume": 1512631,
    "change": 2.13662791,
    "_rsi": 48.21383398,
    "_rsi1": 44.64494739,
    "_stock_k": 43.59826018,
    "_stock_d": 48.6885462,
    "_stock_k1": 45.33807829,
    "_stock_d1": 52.27889812,
    "_macd_blue": -3.37018936,
    "_macd_orange": -2.68466775,
    "_cci20": -40.61192138,
    "_cci201": -46.78389629,
    "_ema10": 280.95290746,
    "_ema20": 282.42467874,
    "_ema30": 284.97260469,
    "_ema50": 291.73000728,
    "_ema100": 304.21170813,
    "_ema200": 306.15098253,
    "_psar": 291.41950717,
    "_wr": -55.99051008,
    "_mom": 5.36,
    "_mom1": -3.62,
    "stock_diff": -5.09,
    "rsi_diff": 3.57
}
