{
    "open": 47.05,
    "low": 46.85,
    "high": 47.365,
    "close": 47.13,
    "volume": 15014740,
    "change": 0.70512821,
    "_rsi": 52.39778606,
    "_rsi1": 49.82617562,
    "_stock_k": 74.27789907,
    "_stock_d": 73.10936296,
    "_stock_k1": 73.91434579,
    "_stock_d1": 73.26047035,
    "_macd_blue": -0.45676178,
    "_macd_orange": -0.21782097,
    "_cci20": 98.21703489,
    "_cci201": 51.4761436,
    "_ema10": 46.62950461,
    "_ema20": 46.65558251,
    "_ema30": 46.9394456,
    "_ema50": 47.65091612,
    "_ema100": 49.36003573,
    "_ema200": 51.04960268,
    "_psar": 45.20080168,
    "_wr": -13.9275766,
    "_mom": 2.11,
    "_mom1": 1.41,
    "stock_diff": 1.17,
    "rsi_diff": 2.57
}
