{
    "open": 59.69,
    "low": 59.45,
    "high": 61.425,
    "close": 61.32,
    "volume": 5569692,
    "change": 4.21481985,
    "_rsi": 67.04823119,
    "_rsi1": 61.0155465,
    "_stock_k": 74.62192561,
    "_stock_d": 70.48477221,
    "_stock_k1": 64.57913218,
    "_stock_d1": 72.18849202,
    "_macd_blue": 2.10107848,
    "_macd_orange": 2.13122909,
    "_cci20": 104.0204396,
    "_cci201": 53.47046301,
    "_ema10": 58.83566392,
    "_ema20": 57.27042537,
    "_ema30": 55.82636786,
    "_ema50": 53.31980808,
    "_ema100": 48.76058796,
    "_ema200": 43.02366866,
    "_psar": 54.78,
    "_wr": -6.92934783,
    "_mom": 4.16,
    "_mom1": 1.22,
    "stock_diff": 4.14,
    "rsi_diff": 6.03
}
