{
    "open": 438.85,
    "low": 422.2,
    "high": 438.85,
    "close": 436.26,
    "volume": 794235,
    "change": -0.18304123,
    "_rsi": 45.26043252,
    "_rsi1": 45.42848518,
    "_stock_k": 64.71185283,
    "_stock_d": 58.74540455,
    "_stock_k1": 57.70350384,
    "_stock_d1": 52.05970065,
    "_macd_blue": -21.78518948,
    "_macd_orange": -17.30639522,
    "_cci20": -29.21173678,
    "_cci201": -13.85189132,
    "_ema10": 435.29583773,
    "_ema20": 445.89380602,
    "_ema30": 459.3746896,
    "_ema50": 485.55111637,
    "_ema100": 532.45945487,
    "_ema200": 560.14927562,
    "_psar": 393.19816977,
    "_wr": -33.83239759,
    "_mom": 6.17,
    "_mom1": -4.99,
    "stock_diff": 5.97,
    "rsi_diff": -0.17
}
