{
    "open": 71.07,
    "low": 70.5201,
    "high": 71.53,
    "close": 70.79,
    "volume": 1843958,
    "change": -0.26768104,
    "_rsi": 53.81460289,
    "_rsi1": 54.50949942,
    "_stock_k": 85.17844268,
    "_stock_d": 87.15648456,
    "_stock_k1": 88.86087811,
    "_stock_d1": 86.44524369,
    "_macd_blue": -1.16550058,
    "_macd_orange": -0.4678577,
    "_cci20": 101.58407802,
    "_cci201": 113.79502089,
    "_ema10": 69.32914273,
    "_ema20": 69.354956,
    "_ema30": 69.89465934,
    "_ema50": 70.59984494,
    "_ema100": 70.44610752,
    "_ema200": 67.87877436,
    "_psar": 66.35925466,
    "_wr": -15.26315789,
    "_mom": 4.62,
    "_mom1": 6.09,
    "stock_diff": -1.98,
    "rsi_diff": -0.69
}
