{
    "open": 91.99,
    "low": 91.7505,
    "high": 94.96,
    "close": 93.73,
    "volume": 3063276,
    "change": 3.64923145,
    "_rsi": 61.21111349,
    "_rsi1": 56.72576371,
    "_stock_k": 78.58578193,
    "_stock_d": 61.98624131,
    "_stock_k1": 60.8685278,
    "_stock_d1": 52.45367056,
    "_macd_blue": 1.02983665,
    "_macd_orange": 1.46019368,
    "_cci20": 174.58729481,
    "_cci201": 104.80792791,
    "_ema10": 88.97540778,
    "_ema20": 87.76071726,
    "_ema30": 86.81602769,
    "_ema50": 84.91591203,
    "_ema100": 81.23591663,
    "_ema200": 76.99188484,
    "_psar": 84.351036,
    "_wr": -8.98138007,
    "_mom": 9.72,
    "_mom1": 4.45,
    "stock_diff": 16.6,
    "rsi_diff": 4.49
}
