{
    "open": 56.86,
    "low": 56.64,
    "high": 57.55,
    "close": 57.4,
    "volume": 2106436,
    "change": 1.48514851,
    "_rsi": 55.41279779,
    "_rsi1": 50.82578523,
    "_stock_k": 35.03076675,
    "_stock_d": 25.3842257,
    "_stock_k1": 17.43119266,
    "_stock_d1": 28.56524796,
    "_macd_blue": 0.16527106,
    "_macd_orange": 0.18020916,
    "_cci20": 57.43430815,
    "_cci201": -25.34341812,
    "_ema10": 56.71126213,
    "_ema20": 56.54882871,
    "_ema30": 56.48746977,
    "_ema50": 56.50844235,
    "_ema100": 56.14866448,
    "_ema200": 54.06791609,
    "_psar": 58.34635518,
    "_wr": -27.93522267,
    "_mom": 0.76,
    "_mom1": -0.74,
    "stock_diff": 9.65,
    "rsi_diff": 4.59
}
