{
    "open": 88.07,
    "low": 87.68,
    "high": 88.71,
    "close": 87.81,
    "volume": 943825,
    "change": -0.81328363,
    "_rsi": 63.96288865,
    "_rsi1": 68.17478382,
    "_stock_k": 76.61141805,
    "_stock_d": 74.10553426,
    "_stock_k1": 76.80937727,
    "_stock_d1": 68.4742943,
    "_macd_blue": 1.86420885,
    "_macd_orange": 1.80983674,
    "_cci20": 139.47532918,
    "_cci201": 162.40414214,
    "_ema10": 86.9646016,
    "_ema20": 85.69156728,
    "_ema30": 84.42513485,
    "_ema50": 82.50400294,
    "_ema100": 80.07771488,
    "_ema200": 77.58256349,
    "_psar": 84.225028,
    "_wr": -30.01841621,
    "_mom": 2.23,
    "_mom1": 4.31,
    "stock_diff": 2.51,
    "rsi_diff": -4.21
}
