{
    "open": 79.3,
    "low": 79.23,
    "high": 80.58,
    "close": 79.73,
    "volume": 8470362,
    "change": 0.54224464,
    "_rsi": 61.61432611,
    "_rsi1": 59.27938241,
    "_stock_k": 74.67443534,
    "_stock_d": 76.46073353,
    "_stock_k1": 75.38370245,
    "_stock_d1": 78.43145464,
    "_macd_blue": 0.18372657,
    "_macd_orange": 0.46960089,
    "_cci20": 132.6847304,
    "_cci201": 112.5848277,
    "_ema10": 78.74044429,
    "_ema20": 78.23177069,
    "_ema30": 78.08968514,
    "_ema50": 78.09120859,
    "_ema100": 78.11382073,
    "_ema200": 77.70336077,
    "_psar": 77.43478795,
    "_wr": -18.64035088,
    "_mom": 1.94,
    "_mom1": 2.35,
    "stock_diff": -1.79,
    "rsi_diff": 2.33
}
