{
    "open": 156.5,
    "low": 153.52,
    "high": 156.82,
    "close": 154.83,
    "volume": 2524062,
    "change": -0.67359507,
    "_rsi": 70.28430808,
    "_rsi1": 74.11704257,
    "_stock_k": 89.54748953,
    "_stock_d": 86.83291906,
    "_stock_k1": 88.24247537,
    "_stock_d1": 82.89227614,
    "_macd_blue": 2.99149873,
    "_macd_orange": 3.2544726,
    "_cci20": 194.37324319,
    "_cci201": 215.40811134,
    "_ema10": 151.18616008,
    "_ema20": 148.73926749,
    "_ema30": 146.53200974,
    "_ema50": 142.45303409,
    "_ema100": 134.66621621,
    "_ema200": 125.66842156,
    "_psar": 147.43782911,
    "_wr": -17.99276673,
    "_mom": 5.26,
    "_mom1": 8.19,
    "stock_diff": 2.71,
    "rsi_diff": -3.83
}
