{
    "open": 780.61,
    "low": 756.04,
    "high": 800.7,
    "close": 766.37,
    "volume": 23511152,
    "change": -3.64367888,
    "_rsi": 37.77523608,
    "_rsi1": 40.67517691,
    "_stock_k": 52.66835194,
    "_stock_d": 61.59355962,
    "_stock_k1": 65.26886097,
    "_stock_d1": 63.35759814,
    "_macd_blue": -29.78398314,
    "_macd_orange": -30.84139575,
    "_cci20": -135.75219962,
    "_cci201": -77.65330525,
    "_ema10": 821.05717079,
    "_ema20": 843.3616727,
    "_ema30": 864.89840753,
    "_ema50": 896.95515583,
    "_ema100": 911.90113376,
    "_ema200": 856.49485305,
    "_psar": 731.56797493,
    "_wr": -65.04634506,
    "_mom": -104.06,
    "_mom1": -14.52,
    "stock_diff": -8.93,
    "rsi_diff": -2.9
}
