{
    "open": 1008,
    "low": 997.3201,
    "high": 1021.7999,
    "close": 1010.64,
    "volume": 20563940,
    "change": -0.32349692,
    "_rsi": 65.51884037,
    "_rsi1": 66.08034288,
    "_stock_k": 88.47396895,
    "_stock_d": 90.21929351,
    "_stock_k1": 91.45912463,
    "_stock_d1": 92.41289572,
    "_macd_blue": 3.17635827,
    "_macd_orange": 28.93852653,
    "_cci20": 159.46656415,
    "_cci201": 195.63651909,
    "_ema10": 939.79921302,
    "_ema20": 904.85622851,
    "_ema30": 899.24958934,
    "_ema50": 908.80231321,
    "_ema100": 915.28103363,
    "_ema200": 862.86809227,
    "_psar": 830.20963635,
    "_wr": -10.55996628,
    "_mom": 215.29,
    "_mom1": 175.62,
    "stock_diff": -1.75,
    "rsi_diff": -0.56
}
