{
    "open": 205,
    "low": 204.3,
    "high": 208.765,
    "close": 208.66,
    "volume": 245388,
    "change": 1.91462342,
    "_rsi": 56.74593046,
    "_rsi1": 53.02728003,
    "_stock_k": 88.60730063,
    "_stock_d": 91.62688598,
    "_stock_k1": 90.7514725,
    "_stock_d1": 91.61884116,
    "_macd_blue": -1.68171317,
    "_macd_orange": 0.31597011,
    "_cci20": 140.42250516,
    "_cci201": 139.69016892,
    "_ema10": 203.24076691,
    "_ema20": 201.866108,
    "_ema30": 202.89398519,
    "_ema50": 206.30532065,
    "_ema100": 210.15984182,
    "_ema200": 206.70815333,
    "_psar": 191.99159113,
    "_wr": -6.60311555,
    "_mom": 12.09,
    "_mom1": 5.14,
    "stock_diff": -3.02,
    "rsi_diff": 3.72
}
