{
    "open": 22.27,
    "low": 21.9,
    "high": 22.88,
    "close": 22.85,
    "volume": 573622,
    "change": 2.69662921,
    "_rsi": 56.88481421,
    "_rsi1": 51.78664198,
    "_stock_k": 87.86695245,
    "_stock_d": 84.34971289,
    "_stock_k1": 81.37651822,
    "_stock_d1": 84.21052632,
    "_macd_blue": -0.08386536,
    "_macd_orange": 0.07010399,
    "_cci20": 93.48002521,
    "_cci201": 64.16960963,
    "_ema10": 22.24379914,
    "_ema20": 22.11897761,
    "_ema30": 22.13275564,
    "_ema50": 22.20717584,
    "_ema100": 22.39205862,
    "_ema200": 22.29957029,
    "_psar": 21.12122147,
    "_wr": -1.17647059,
    "_mom": 1.52,
    "_mom1": 0.73,
    "stock_diff": 3.52,
    "rsi_diff": 5.1
}
