{
    "open": 40.99,
    "low": 40.66,
    "high": 41.01,
    "close": 40.77,
    "volume": 1114292,
    "change": 0,
    "_rsi": 46.7749365,
    "_rsi1": 46.7749365,
    "_stock_k": 62.91512915,
    "_stock_d": 78.1774502,
    "_stock_k1": 78.15565341,
    "_stock_d1": 89.48710778,
    "_macd_blue": -0.02864309,
    "_macd_orange": 0.02084027,
    "_cci20": -7.94284514,
    "_cci201": 30.23553507,
    "_ema10": 41.09506518,
    "_ema20": 41.06125793,
    "_ema30": 41.04500576,
    "_ema50": 40.8561212,
    "_ema100": 40.03455717,
    "_ema200": 38.23162039,
    "_psar": 40.58785242,
    "_wr": -50.55350554,
    "_mom": 0.3,
    "_mom1": 0.22,
    "stock_diff": -15.26,
    "rsi_diff": 0.0
}
