{
    "open": 40.64,
    "low": 40.55,
    "high": 40.86,
    "close": 40.65,
    "change": 0.44477391,
    "_rsi": 47.38387908,
    "_rsi1": 45.59885728,
    "_stock_k": 46.04702194,
    "_stock_d": 31.87309549,
    "_stock_k1": 31.09531712,
    "_stock_d1": 22.01102913,
    "_macd_blue": -0.16857693,
    "_macd_orange": -0.26524667,
    "_cci20": -40.05592332,
    "_cci201": -70.10181083,
    "_ema10": 40.58014972,
    "_ema20": 40.85339244,
    "_ema30": 40.91715433,
    "_ema50": 40.70885946,
    "_ema100": 39.80642677,
    "_ema200": 37.95315213,
    "_psar": 39.43,
    "_wrr": -47.4137931,
    "stock_diff": 14.17,
    "rsi_diff": 1.79
}
