{
    "open": 152.62,
    "low": 151.63,
    "high": 152.93,
    "close": 152.77,
    "volume": 245757,
    "change": 0.559505,
    "_rsi": 56.33711072,
    "_rsi1": 54.8096006,
    "_stock_k": 82.50610252,
    "_stock_d": 82.45185788,
    "_stock_k1": 82.37049091,
    "_stock_d1": 85.18217159,
    "_macd_blue": -0.26279295,
    "_macd_orange": 0.6914974,
    "_cci20": 103.5593605,
    "_cci201": 94.96270134,
    "_ema10": 150.8171449,
    "_ema20": 149.6556077,
    "_ema30": 150.0452686,
    "_ema50": 152.66138798,
    "_ema100": 158.27207657,
    "_ema200": 160.63887562,
    "_psar": 145.32574647,
    "_wr": -9.19446705,
    "_mom": 8.17,
    "_mom1": 6.26,
    "stock_diff": 0.05,
    "rsi_diff": 1.53
}
