{
    "open": 229.98,
    "low": 226.37,
    "high": 230.22,
    "close": 226.78,
    "volume": 628853,
    "change": -2.28790555,
    "_rsi": 50.8834619,
    "_rsi1": 57.25142676,
    "_stock_k": 78.65258688,
    "_stock_d": 86.59005007,
    "_stock_k1": 88.57918787,
    "_stock_d1": 91.0151233,
    "_macd_blue": -0.92323045,
    "_macd_orange": 0.8525702,
    "_cci20": 72.9717401,
    "_cci201": 159.85052573,
    "_ema10": 227.37192365,
    "_ema20": 225.60537358,
    "_ema30": 226.39104393,
    "_ema50": 229.93116198,
    "_ema100": 234.56230901,
    "_ema200": 229.57292117,
    "_psar": 223.04686927,
    "_wr": -37.88791107,
    "_mom": 5.08,
    "_mom1": 17.96,
    "stock_diff": -7.94,
    "rsi_diff": -6.37
}
