{
    "open": 288.11,
    "low": 286.08,
    "high": 289.35,
    "close": 289.14,
    "volume": 380669,
    "change": 0.83699519,
    "_rsi": 49.49619541,
    "_rsi1": 47.31164239,
    "_stock_k": 75.41309264,
    "_stock_d": 70.27252789,
    "_stock_k1": 68.53809768,
    "_stock_d1": 66.94708726,
    "_macd_blue": -5.14379872,
    "_macd_orange": -3.05943464,
    "_cci20": 30.73800828,
    "_cci201": 24.79564536,
    "_ema10": 286.44139678,
    "_ema20": 287.62276189,
    "_ema30": 290.59552917,
    "_ema50": 295.6527746,
    "_ema100": 300.83088258,
    "_ema200": 298.79707176,
    "_psar": 274.82628966,
    "_wr": -16.24035729,
    "_mom": 13.51,
    "_mom1": 8.66,
    "stock_diff": 5.14,
    "rsi_diff": 2.18
}
