{
    "open": 165.22,
    "low": 165.16,
    "high": 169.69,
    "close": 169.31,
    "volume": 10167411,
    "change": 1.80998196,
    "_rsi": 68.85354191,
    "_rsi1": 66.05132481,
    "_stock_k": 61.14003276,
    "_stock_d": 57.31610903,
    "_stock_k1": 54.99922442,
    "_stock_d1": 55.75022456,
    "_macd_blue": 7.07492318,
    "_macd_orange": 6.60301987,
    "_cci20": 76.73567969,
    "_cci201": 64.52872338,
    "_ema10": 164.42302712,
    "_ema20": 159.84225476,
    "_ema30": 155.20454378,
    "_ema50": 147.62135126,
    "_ema100": 135.44647621,
    "_ema200": 122.99906192,
    "_psar": 171.84987894,
    "_wr": -27.94871795,
    "_mom": -1.59,
    "_mom1": -4.52,
    "stock_diff": 3.82,
    "rsi_diff": 2.8
}
