{
    "open": 35.2,
    "low": 34.84,
    "high": 35.7,
    "close": 35.56,
    "volume": 28041,
    "change": -0.08429334,
    "_rsi": 49.53628119,
    "_rsi1": 49.69653486,
    "_stock_k": 70.82097774,
    "_stock_d": 58.05575912,
    "_stock_k1": 57.53678446,
    "_stock_d1": 44.97836156,
    "_macd_blue": -0.81991694,
    "_macd_orange": -0.6219719,
    "_cci20": 7.99634797,
    "_cci201": -2.11177863,
    "_ema10": 34.93599069,
    "_ema20": 35.32845731,
    "_ema30": 35.755297,
    "_ema50": 36.26124786,
    "_ema100": 36.46065262,
    "_ema200": 35.41467508,
    "_psar": 32.92194882,
    "_wr": -20.14742015,
    "_mom": 1.16,
    "_mom1": -0.14,
    "stock_diff": 12.77,
    "rsi_diff": -0.16
}
