{
    "open": 18.23,
    "low": 18.19,
    "high": 18.41,
    "close": 18.3,
    "volume": 11083573,
    "change": 0.99337748,
    "_rsi": 58.32066404,
    "_rsi1": 56.13993975,
    "_stock_k": 53.86904762,
    "_stock_d": 47.81746032,
    "_stock_k1": 50.44642857,
    "_stock_d1": 41.20979532,
    "_macd_blue": 0.15591531,
    "_macd_orange": 0.15581687,
    "_cci20": 50.59278189,
    "_cci201": 32.48128323,
    "_ema10": 17.92934674,
    "_ema20": 17.82083407,
    "_ema30": 17.70637202,
    "_ema50": 17.50428104,
    "_ema100": 17.23284825,
    "_ema200": 16.97928515,
    "_psar": 18.56649082,
    "_wr": -37.94642857,
    "_mom": -0.25,
    "_mom1": -0.21,
    "stock_diff": 6.05,
    "rsi_diff": 2.18
}
