{
    "open": 65.75,
    "low": 65.7317,
    "high": 66.89,
    "close": 66.85,
    "volume": 899961,
    "change": 2.02991453,
    "_rsi": 69.76650674,
    "_rsi1": 62.63550348,
    "_stock_k": 94.29672705,
    "_stock_d": 90.43990329,
    "_stock_k1": 90.11592269,
    "_stock_d1": 87.68237886,
    "_macd_blue": 0.38952629,
    "_macd_orange": 0.67755264,
    "_cci20": 154.81887507,
    "_cci201": 95.70952303,
    "_ema10": 65.16673303,
    "_ema20": 64.48901432,
    "_ema30": 64.25170795,
    "_ema50": 64.26489253,
    "_ema100": 64.45659584,
    "_ema200": 63.91059965,
    "_psar": 64.54,
    "_wr": -0.97799511,
    "_mom": 2.5,
    "_mom1": 1.41,
    "stock_diff": 3.86,
    "rsi_diff": 7.13
}
