{
    "open": 175,
    "low": 174.07,
    "high": 175.54,
    "close": 175.24,
    "volume": 5012277,
    "change": 0.51623265,
    "_rsi": 59.41580666,
    "_rsi1": 57.7498997,
    "_stock_k": 77.70995955,
    "_stock_d": 81.20538604,
    "_stock_k1": 80.86150675,
    "_stock_d1": 85.74992707,
    "_macd_blue": 1.69709119,
    "_macd_orange": 2.15735296,
    "_cci20": 76.45629744,
    "_cci201": 78.77824458,
    "_ema10": 173.95001751,
    "_ema20": 172.05664903,
    "_ema30": 170.98650517,
    "_ema50": 169.83100697,
    "_ema100": 168.45806267,
    "_ema200": 166.60064411,
    "_psar": 173.07702284,
    "_wr": -19.59183673,
    "_mom": 5.58,
    "_mom1": 4.98,
    "stock_diff": -3.5,
    "rsi_diff": 1.67
}
