{
    "open": 107,
    "low": 105.55,
    "high": 108.8,
    "close": 106.51,
    "volume": 2867164,
    "change": 0.27301826,
    "_rsi": 68.12275604,
    "_rsi1": 67.75916963,
    "_stock_k": 88.58331033,
    "_stock_d": 87.03946818,
    "_stock_k1": 92.38869011,
    "_stock_d1": 81.14580361,
    "_macd_blue": 1.68556447,
    "_macd_orange": 2.47812352,
    "_cci20": 176.22011723,
    "_cci201": 177.88328459,
    "_ema10": 101.04200278,
    "_ema20": 98.95297049,
    "_ema30": 97.39963623,
    "_ema50": 94.59300576,
    "_ema100": 89.65893471,
    "_ema200": 83.49971625,
    "_psar": 91.03314624,
    "_wr": -12.05263158,
    "_mom": 8.39,
    "_mom1": 9.52,
    "stock_diff": 1.54,
    "rsi_diff": 0.36
}
