{
    "open": 230.22,
    "low": 221.74,
    "high": 231.45,
    "close": 225.0001,
    "change": -0.69728131,
    "_rsi": 43.58036931,
    "_rsi1": 44.21831709,
    "_stock_k": 46.14147453,
    "_stock_d": 34.89502058,
    "_stock_k1": 35.63734496,
    "_stock_d1": 26.0286304,
    "_macd_blue": -6.93710197,
    "_macd_orange": -7.52845853,
    "_cci20": -74.98106963,
    "_cci201": -93.98543768,
    "_ema10": 228.78312613,
    "_ema20": 234.46564889,
    "_ema30": 239.53185979,
    "_ema50": 247.31567349,
    "_ema100": 250.3044465,
    "_ema200": 232.36234904,
    "_psar": 206.5,
    "_wrr": -53.92254047,
    "stock_diff": 11.25,
    "rsi_diff": -0.64
}
