{
    "open": 230.22,
    "low": 220.46,
    "high": 231.45,
    "close": 221,
    "volume": 36704478,
    "change": -2.46270633,
    "_rsi": 42.04457132,
    "_rsi1": 44.21831709,
    "_stock_k": 42.82051148,
    "_stock_d": 33.78803289,
    "_stock_k1": 35.63734496,
    "_stock_d1": 26.0286304,
    "_macd_blue": -7.00092123,
    "_macd_orange": -7.84755482,
    "_cci20": -86.06239137,
    "_cci201": -93.98543768,
    "_ema10": 228.05583522,
    "_ema20": 234.08468699,
    "_ema30": 239.27378883,
    "_ema50": 247.15880682,
    "_ema100": 250.2252366,
    "_ema200": 232.32254705,
    "_psar": 206.5,
    "_wr": -63.88542964,
    "stock_diff": 9.03,
    "rsi_diff": -2.17
}
