{
    "open": 230.22,
    "low": 223.4401,
    "high": 231.45,
    "close": 223.72,
    "change": -1.26224733,
    "_rsi": 43.07682133,
    "_rsi1": 44.21831709,
    "_stock_k": 45.0787099,
    "_stock_d": 34.5407657,
    "_stock_k1": 35.63734496,
    "_stock_d1": 26.0286304,
    "_macd_blue": -6.95752521,
    "_macd_orange": -7.63057477,
    "_cci20": -74.08971252,
    "_cci201": -93.98543768,
    "_ema10": 228.55038068,
    "_ema20": 234.34373461,
    "_ema30": 239.4492727,
    "_ema50": 247.26547349,
    "_ema100": 250.27909798,
    "_ema200": 232.34961173,
    "_psar": 206.5,
    "_wrr": -57.11083437,
    "stock_diff": 10.54,
    "rsi_diff": -1.14
}
