{
    "open": 121.11,
    "low": 116.735,
    "high": 121.24,
    "close": 116.92,
    "volume": 5656038,
    "change": -4.07744688,
    "_rsi": 42.42547164,
    "_rsi1": 52.4340232,
    "_stock_k": 68.46639613,
    "_stock_d": 83.07624437,
    "_stock_k1": 89.97031632,
    "_stock_d1": 87.89332324,
    "_macd_blue": -1.52985147,
    "_macd_orange": -0.97660023,
    "_cci20": -29.83929107,
    "_cci201": 104.78754136,
    "_ema10": 119.51668257,
    "_ema20": 119.90592053,
    "_ema30": 120.90021726,
    "_ema50": 122.76742231,
    "_ema100": 124.53831928,
    "_ema200": 123.28924666,
    "_psar": 114.76456736,
    "_wr": -67.01460472,
    "_mom": -1.47,
    "_mom1": 5.78,
    "stock_diff": -14.61,
    "rsi_diff": -10.01
}
