{
    "open": 18.44,
    "low": 18.23,
    "high": 18.75,
    "close": 18.39,
    "volume": 25929858,
    "change": -0.54083288,
    "_rsi": 45.95343353,
    "_rsi1": 46.54450917,
    "_stock_k": 75.07246377,
    "_stock_d": 77.73436589,
    "_stock_k1": 77.92936725,
    "_stock_d1": 81.19486613,
    "_macd_blue": -0.56986766,
    "_macd_orange": -0.40716814,
    "_cci20": 18.90459083,
    "_cci201": -3.3984546,
    "_ema10": 18.52821862,
    "_ema20": 18.74946766,
    "_ema30": 19.07508905,
    "_ema50": 19.56990633,
    "_ema100": 20.44099927,
    "_ema200": 21.53885151,
    "_psar": 16.96202491,
    "_wr": -25,
    "_mom": 1.18,
    "_mom1": 0.84,
    "stock_diff": -2.66,
    "rsi_diff": -0.59
}
