{
    "open": 215.72,
    "low": 211.57,
    "high": 216.54,
    "close": 215.75,
    "volume": 445930,
    "change": 0.2975222,
    "_rsi": 52.4693727,
    "_rsi1": 51.87697692,
    "_stock_k": 66.61009758,
    "_stock_d": 68.717296,
    "_stock_k1": 69.90524678,
    "_stock_d1": 73.93108,
    "_macd_blue": -1.23443093,
    "_macd_orange": -0.08825562,
    "_cci20": 36.86655802,
    "_cci201": 29.25479366,
    "_ema10": 213.48092962,
    "_ema20": 212.85740926,
    "_ema30": 213.71360643,
    "_ema50": 216.49475483,
    "_ema100": 220.35732397,
    "_ema200": 220.21816175,
    "_psar": 200.79458682,
    "_wr": -26.94102673,
    "_mom": 11.59,
    "_mom1": 6.83,
    "stock_diff": -2.11,
    "rsi_diff": 0.59
}
