{
    "open": 15.62,
    "low": 15.48,
    "high": 15.81,
    "close": 15.73,
    "volume": 4193658,
    "change": 1.28783001,
    "_rsi": 57.18597505,
    "_rsi1": 55.28522914,
    "_stock_k": 90.16563147,
    "_stock_d": 87.19209012,
    "_stock_k1": 86.64596273,
    "_stock_d1": 86.67720883,
    "_macd_blue": -0.16577959,
    "_macd_orange": 0.05539171,
    "_cci20": 83.91101445,
    "_cci201": 68.98670969,
    "_ema10": 15.21378907,
    "_ema20": 15.04508579,
    "_ema30": 15.14934157,
    "_ema50": 15.60045167,
    "_ema100": 16.6050553,
    "_ema200": 17.24572941,
    "_psar": 13.72291409,
    "_wr": -3.10559006,
    "_mom": 1.73,
    "_mom1": 1.7,
    "stock_diff": 2.97,
    "rsi_diff": 1.9
}
