{
    "open": 530,
    "low": 527.92,
    "high": 543.85,
    "close": 542.32,
    "volume": 2533487,
    "change": 3.11246316,
    "_rsi": 62.56854632,
    "_rsi1": 53.90508802,
    "_stock_k": 78.50532285,
    "_stock_d": 75.38472512,
    "_stock_k1": 73.36971059,
    "_stock_d1": 73.25201947,
    "_macd_blue": 3.33431881,
    "_macd_orange": 5.10711201,
    "_cci20": 121.67773098,
    "_cci201": 67.461032,
    "_ema10": 528.50520166,
    "_ema20": 523.65265005,
    "_ema30": 521.55919333,
    "_ema50": 519.80954424,
    "_ema100": 509.80041338,
    "_ema200": 479.83321959,
    "_psar": 513.01008643,
    "_wr": -4.76649013,
    "_mom": 19.39,
    "_mom1": 6.7,
    "stock_diff": 3.12,
    "rsi_diff": 8.66
}
