{
    "open": 265.07,
    "low": 259.67,
    "high": 271.5199,
    "close": 264.59,
    "volume": 48543721,
    "change": 0.02268174,
    "_rsi": 60.60578852,
    "_rsi1": 60.58617029,
    "_stock_k": 95.18975881,
    "_stock_d": 92.15814432,
    "_stock_k1": 97.3393942,
    "_stock_d1": 79.3821475,
    "_macd_blue": -4.05076785,
    "_macd_orange": 1.15529668,
    "_cci20": 205.66558752,
    "_cci201": 197.37319886,
    "_ema10": 243.34650927,
    "_ema20": 239.96078286,
    "_ema30": 241.53309696,
    "_ema50": 246.76906732,
    "_ema100": 249.60409502,
    "_ema200": 233.02768585,
    "_psar": 216.1326529,
    "_wr": -10.65812159,
    "_mom": 51.07,
    "_mom1": 35.17,
    "stock_diff": 3.03,
    "rsi_diff": 0.02
}
