{
    "open": 118,
    "low": 117.23,
    "high": 119.1,
    "close": 117.94,
    "volume": 4250875,
    "change": -0.30431107,
    "_rsi": 47.50663602,
    "_rsi1": 47.86767664,
    "_stock_k": 84.56791173,
    "_stock_d": 75.93459807,
    "_stock_k1": 76.84630962,
    "_stock_d1": 67.20200135,
    "_macd_blue": -6.79773235,
    "_macd_orange": -4.57532586,
    "_cci20": 27.05157273,
    "_cci201": 15.38945281,
    "_ema10": 115.09569427,
    "_ema20": 117.35161069,
    "_ema30": 121.39222074,
    "_ema50": 128.93894035,
    "_ema100": 139.95365295,
    "_ema200": 144.5343239,
    "_psar": 100.11228275,
    "_wr": -7.31414868,
    "_mom": 13.33,
    "_mom1": 18.16,
    "stock_diff": 8.63,
    "rsi_diff": -0.36
}
