{
    "open": 606.63,
    "low": 602,
    "high": 627.2169,
    "close": 626.43,
    "volume": 2600676,
    "change": 4.51299676,
    "_rsi": 59.62062216,
    "_rsi1": 52.52990526,
    "_stock_k": 88.71036004,
    "_stock_d": 86.16223198,
    "_stock_k1": 81.111984,
    "_stock_d1": 85.35922891,
    "_macd_blue": 3.38108106,
    "_macd_orange": 7.04547717,
    "_cci20": 169.83819808,
    "_cci201": 97.93310311,
    "_ema10": 603.36038651,
    "_ema20": 596.21618692,
    "_ema30": 593.50954428,
    "_ema50": 590.86906718,
    "_ema100": 578.36415702,
    "_ema200": 545.73235419,
    "_psar": 575.16671245,
    "_wr": -1.23712993,
    "_mom": 38.7,
    "_mom1": 2.36,
    "stock_diff": 2.55,
    "rsi_diff": 7.09
}
