{
    "open": 104.98,
    "low": 104.14,
    "high": 106,
    "close": 104.19,
    "volume": 1267244,
    "change": -0.37292025,
    "_rsi": 57.20520083,
    "_rsi1": 58.02935228,
    "_stock_k": 85.55729984,
    "_stock_d": 84.29525473,
    "_stock_k1": 83.21762893,
    "_stock_d1": 81.11267409,
    "_macd_blue": 1.00709441,
    "_macd_orange": 1.56997931,
    "_cci20": 112.57230862,
    "_cci201": 130.68202359,
    "_ema10": 102.54360411,
    "_ema20": 101.12425901,
    "_ema30": 100.28897856,
    "_ema50": 99.05604547,
    "_ema100": 97.66159825,
    "_ema200": 96.80219289,
    "_psar": 97.77343168,
    "_wr": -17.42543171,
    "_mom": 5.82,
    "_mom1": 8.58,
    "stock_diff": 1.26,
    "rsi_diff": -0.82
}
