{
    "open": 149.78,
    "low": 137.185,
    "high": 149.78,
    "close": 144.5,
    "volume": 8354673,
    "change": -2.72635476,
    "_rsi": 38.11229586,
    "_rsi1": 39.70188155,
    "_stock_k": 33.82479419,
    "_stock_d": 49.51799384,
    "_stock_k1": 48.62062197,
    "_stock_d1": 57.20480491,
    "_macd_blue": -7.12193795,
    "_macd_orange": -7.14726323,
    "_cci20": -138.35691985,
    "_cci201": -94.115228,
    "_ema10": 158.15592563,
    "_ema20": 163.2343397,
    "_ema30": 168.36484254,
    "_ema50": 178.08630885,
    "_ema100": 196.19991637,
    "_ema200": 212.59964231,
    "_psar": 176.185,
    "_wr": -81.24358974,
    "_mom": -21.22,
    "_mom1": -21.75,
    "stock_diff": -15.69,
    "rsi_diff": -1.59
}
