{
    "open": 46.87,
    "low": 46.31,
    "high": 47.35,
    "close": 47.02,
    "volume": 5410852,
    "change": 0.59905862,
    "_rsi": 45.26767138,
    "_rsi1": 42.80944245,
    "_stock_k": 32.52738009,
    "_stock_d": 44.4951462,
    "_stock_k1": 43.87705057,
    "_stock_d1": 54.75985118,
    "_macd_blue": -0.34877079,
    "_macd_orange": -0.27685575,
    "_cci20": -24.64629832,
    "_cci201": -13.07325047,
    "_ema10": 47.27016045,
    "_ema20": 47.40301787,
    "_ema30": 47.6823379,
    "_ema50": 48.19105537,
    "_ema100": 48.72965174,
    "_ema200": 48.83342187,
    "_psar": 48.47905,
    "_wr": -73.30827068,
    "_mom": -1.05,
    "_mom1": -1.38,
    "stock_diff": -11.97,
    "rsi_diff": 2.46
}
