{
    "open": 80.99,
    "low": 80.39,
    "high": 81.75,
    "close": 81.39,
    "volume": 4247113,
    "change": 1.15585384,
    "_rsi": 61.99384481,
    "_rsi1": 59.98372179,
    "_stock_k": 91.78840762,
    "_stock_d": 90.01632012,
    "_stock_k1": 92.05226739,
    "_stock_d1": 85.15400997,
    "_macd_blue": 0.73645093,
    "_macd_orange": 1.13597016,
    "_cci20": 193.39710353,
    "_cci201": 186.12098972,
    "_ema10": 78.74198294,
    "_ema20": 77.78153155,
    "_ema30": 77.03494843,
    "_ema50": 75.37836333,
    "_ema100": 71.66325894,
    "_ema200": 66.23759711,
    "_psar": 74.03466816,
    "_wr": -4.19825073,
    "_mom": 3.46,
    "_mom1": 5.03,
    "stock_diff": 1.77,
    "rsi_diff": 2.01
}
