{
    "open": 27.35,
    "low": 27.21,
    "high": 27.605,
    "close": 27.6,
    "volume": 1908611,
    "change": 1.39603233,
    "_rsi": 42.88317044,
    "_rsi1": 39.8548254,
    "_stock_k": 41.65186224,
    "_stock_d": 40.36115007,
    "_stock_k1": 37.78907589,
    "_stock_d1": 39.64327961,
    "_macd_blue": -0.88790913,
    "_macd_orange": -0.75444999,
    "_cci20": -59.63228739,
    "_cci201": -65.51782312,
    "_ema10": 27.71323352,
    "_ema20": 28.19173213,
    "_ema30": 28.76795336,
    "_ema50": 29.71752567,
    "_ema100": 30.83679022,
    "_ema200": 30.90045131,
    "_psar": 26.70085121,
    "_wr": -53.62903226,
    "_mom": 0.37,
    "_mom1": -1.32,
    "stock_diff": 1.29,
    "rsi_diff": 3.03
}
