{
    "open": 710.32,
    "low": 680.3723,
    "high": 711.81,
    "close": 705,
    "volume": 2411887,
    "change": 0.2004008,
    "_rsi": 50.99019288,
    "_rsi1": 50.87543797,
    "_stock_k": 74.76356273,
    "_stock_d": 76.13444617,
    "_stock_k1": 72.10287182,
    "_stock_d1": 77.60159558,
    "_macd_blue": -52.8827938,
    "_macd_orange": -23.00310213,
    "_cci20": 77.11058231,
    "_cci201": 100.20631854,
    "_ema10": 672.01926324,
    "_ema20": 671.31665679,
    "_ema30": 706.38625107,
    "_ema50": 802.06671627,
    "_ema100": 989.00836012,
    "_ema200": 1127.85410564,
    "_psar": 575.53443617,
    "_wr": -27.77983554,
    "_mom": 151.82,
    "_mom1": 115.94,
    "stock_diff": -1.37,
    "rsi_diff": 0.11
}
