{
    "open": 145.97,
    "low": 142.78,
    "high": 146.17,
    "close": 143.81,
    "volume": 862699,
    "change": -1.90313779,
    "_rsi": 49.17023081,
    "_rsi1": 55.30984575,
    "_stock_k": 22.44127453,
    "_stock_d": 34.82796462,
    "_stock_k1": 33.28312195,
    "_stock_d1": 48.04069882,
    "_macd_blue": 3.57446014,
    "_macd_orange": 2.5368005,
    "_cci20": -75.09849316,
    "_cci201": 3.10071548,
    "_ema10": 147.03132348,
    "_ema20": 145.65251195,
    "_ema30": 143.59289925,
    "_ema50": 140.4228578,
    "_ema100": 137.74953921,
    "_ema200": 137.36725883,
    "_psar": 152.81807768,
    "_wr": -90.24159166,
    "_mom": -7.45,
    "_mom1": -2.72,
    "stock_diff": -12.39,
    "rsi_diff": -6.14
}
