{
    "open": 134.78,
    "low": 131.26,
    "high": 136.8,
    "close": 133.15,
    "volume": 2035431,
    "change": -2.10998383,
    "_rsi": 60.47962261,
    "_rsi1": 64.84653675,
    "_stock_k": 93.45759235,
    "_stock_d": 95.62563953,
    "_stock_k1": 97.51865736,
    "_stock_d1": 96.41879014,
    "_macd_blue": 0.20979565,
    "_macd_orange": 2.18320782,
    "_cci20": 177.2264664,
    "_cci201": 238.83785306,
    "_ema10": 127.92186199,
    "_ema20": 125.33009961,
    "_ema30": 124.78057106,
    "_ema50": 124.57063095,
    "_ema100": 121.3316513,
    "_ema200": 111.36859466,
    "_psar": 117.93354543,
    "_wr": -14.34748428,
    "_mom": 12.54,
    "_mom1": 21.42,
    "stock_diff": -2.17,
    "rsi_diff": -4.37
}
