{
    "open": 32.65,
    "low": 32.65,
    "high": 33.08,
    "close": 32.93,
    "volume": 208946,
    "change": 1.29191018,
    "_rsi": 70.73600302,
    "_rsi1": 66.25726992,
    "_stock_k": 93.04338047,
    "_stock_d": 81.83375674,
    "_stock_k1": 80.33063428,
    "_stock_d1": 75.21370477,
    "_macd_blue": 0.27010342,
    "_macd_orange": 0.36209266,
    "_cci20": 191.85729847,
    "_cci201": 114.22017715,
    "_ema10": 32.1674545,
    "_ema20": 31.84813388,
    "_ema30": 31.66785574,
    "_ema50": 31.49124558,
    "_ema100": 31.20078564,
    "_ema200": 30.32437651,
    "_psar": 31.55,
    "_wr": -7.24637681,
    "stock_diff": 11.21,
    "rsi_diff": 4.48
}
