{
    "open": 32.65,
    "low": 32.65,
    "high": 33.08,
    "close": 32.98,
    "change": 1.44570901,
    "_rsi": 71.19122215,
    "_rsi1": 66.25726992,
    "_stock_k": 93.84853345,
    "_stock_d": 82.10214106,
    "_stock_k1": 80.33063428,
    "_stock_d1": 75.21370477,
    "_macd_blue": 0.27090114,
    "_macd_orange": 0.36608126,
    "_cci20": 194.12724307,
    "_cci201": 114.22017715,
    "_ema10": 32.17654541,
    "_ema20": 31.85289578,
    "_ema30": 31.67108155,
    "_ema50": 31.49320636,
    "_ema100": 31.20177574,
    "_ema200": 30.32487402,
    "_psar": 31.55,
    "_wrr": -4.83091787,
    "stock_diff": 11.75,
    "rsi_diff": 4.93
}
