{
    "open": 169.13,
    "low": 169.02,
    "high": 171.46,
    "close": 171.05,
    "change": 0.81928563,
    "_rsi": 57.23342889,
    "_rsi1": 54.61065763,
    "_stock_k": 82.20306513,
    "_stock_d": 80.85568327,
    "_stock_k1": 77.7394636,
    "_stock_d1": 83.09858901,
    "_macd_blue": -0.18860062,
    "_macd_orange": 0.57041746,
    "_cci20": 105.5976411,
    "_cci201": 77.10357651,
    "_ema10": 168.68182601,
    "_ema20": 167.90342614,
    "_ema30": 167.80430219,
    "_ema50": 167.67093809,
    "_ema100": 167.21096656,
    "_ema200": 165.83192883,
    "_psar": 161.7832789,
    "_wrr": -11.89655172,
    "stock_diff": 1.35,
    "rsi_diff": 2.62
}
