{
    "open": 33.82,
    "low": 33.55,
    "high": 34.25,
    "close": 34.15,
    "volume": 296130,
    "change": 1.63690476,
    "_rsi": 57.29824949,
    "_rsi1": 53.54764522,
    "_stock_k": 78.03831009,
    "_stock_d": 67.16503341,
    "_stock_k1": 65.74074074,
    "_stock_d1": 58.12757202,
    "_macd_blue": -0.26211154,
    "_macd_orange": -0.05111527,
    "_cci20": 184.03790996,
    "_cci201": 157.3657044,
    "_ema10": 33.21133424,
    "_ema20": 33.14776916,
    "_ema30": 33.26781449,
    "_ema50": 33.55902465,
    "_ema100": 34.30687107,
    "_ema200": 35.50742309,
    "_psar": 32.36458132,
    "_wr": -9.71223022,
    "_mom": 2.06,
    "_mom1": 0.95,
    "stock_diff": 10.87,
    "rsi_diff": 3.75
}
