{
    "open": 27.29,
    "low": 27.04,
    "high": 27.46,
    "close": 27.44,
    "volume": 3861037,
    "change": 0.18254838,
    "_rsi": 48.11671564,
    "_rsi1": 47.85864829,
    "_stock_k": 39.82330955,
    "_stock_d": 36.56133197,
    "_stock_k1": 39.89126741,
    "_stock_d1": 30.80756598,
    "_macd_blue": -0.00856429,
    "_macd_orange": -0.17097728,
    "_cci20": -54.27421023,
    "_cci201": -50.81679401,
    "_ema10": 27.55493437,
    "_ema20": 27.78426032,
    "_ema30": 27.77484387,
    "_ema50": 27.52370716,
    "_ema100": 26.91309405,
    "_ema200": 25.96575134,
    "_psar": 29.91421582,
    "_wr": -58.20591233,
    "_mom": -0.29,
    "_mom1": 0.01,
    "stock_diff": 3.26,
    "rsi_diff": 0.26
}
