{
    "open": 142.04,
    "low": 141.78,
    "high": 144.08,
    "close": 144.08,
    "volume": 684142,
    "change": 1.47193464,
    "_rsi": 62.90149024,
    "_rsi1": 58.38595291,
    "_stock_k": 72.53414264,
    "_stock_d": 73.79572179,
    "_stock_k1": 71.7754173,
    "_stock_d1": 77.83686445,
    "_macd_blue": 1.42544608,
    "_macd_orange": 2.09733727,
    "_cci20": 75.72073828,
    "_cci201": 72.78042544,
    "_ema10": 142.10749414,
    "_ema20": 140.02906308,
    "_ema30": 139.41036226,
    "_ema50": 140.33830793,
    "_ema100": 142.78367807,
    "_ema200": 141.82452676,
    "_psar": 141.05,
    "_wr": -17.83004552,
    "_mom": 7.74,
    "_mom1": 6.02,
    "stock_diff": -1.26,
    "rsi_diff": 4.52
}
