{
    "open": 129.5,
    "low": 129.31,
    "high": 131.4,
    "close": 131.35,
    "volume": 3531739,
    "change": 1.62475822,
    "_rsi": 62.04918272,
    "_rsi1": 56.3849597,
    "_stock_k": 90.68993059,
    "_stock_d": 87.15224786,
    "_stock_k1": 87.66832034,
    "_stock_d1": 86.66015103,
    "_macd_blue": -0.45219518,
    "_macd_orange": 0.36319306,
    "_cci20": 161.72998415,
    "_cci201": 110.49630782,
    "_ema10": 128.35066646,
    "_ema20": 127.65103902,
    "_ema30": 127.80258856,
    "_ema50": 128.19853712,
    "_ema100": 128.61371224,
    "_ema200": 128.6702596,
    "_psar": 126.35288367,
    "_wr": -0.57372347,
    "_mom": 7.39,
    "_mom1": 4.9,
    "stock_diff": 3.54,
    "rsi_diff": 5.66
}
