{
    "open": 190.8,
    "low": 188.15,
    "high": 191.58,
    "close": 189.43,
    "volume": 2363111,
    "change": -0.07385135,
    "_rsi": 44.76425581,
    "_rsi1": 44.93354307,
    "_stock_k": 54.99023538,
    "_stock_d": 68.77130518,
    "_stock_k1": 70.3052729,
    "_stock_d1": 80.70064314,
    "_macd_blue": -1.90363051,
    "_macd_orange": -1.35350532,
    "_cci20": -34.17393153,
    "_cci201": -26.29235221,
    "_ema10": 191.49538519,
    "_ema20": 192.04734304,
    "_ema30": 193.57067539,
    "_ema50": 197.32501677,
    "_ema100": 202.0636044,
    "_ema200": 199.03461595,
    "_psar": 183.58939931,
    "_wr": -48.9978415,
    "_mom": 4.14,
    "_mom1": 0.35,
    "stock_diff": -13.78,
    "rsi_diff": -0.17
}
