{
    "open": 89.5,
    "low": 89.24,
    "high": 91.1,
    "close": 90.43,
    "volume": 5204736,
    "change": 1.50409698,
    "_rsi": 76.6631225,
    "_rsi1": 74.61017105,
    "_stock_k": 94.64365227,
    "_stock_d": 90.2775089,
    "_stock_k1": 93.70662839,
    "_stock_d1": 82.38927198,
    "_macd_blue": 2.57883067,
    "_macd_orange": 3.08070797,
    "_cci20": 192.36846943,
    "_cci201": 169.83801745,
    "_ema10": 86.06452449,
    "_ema20": 83.59877566,
    "_ema30": 81.68509968,
    "_ema50": 78.65638259,
    "_ema100": 73.77992438,
    "_ema200": 68.37582354,
    "_psar": 81.01859148,
    "_wr": -6.04698598,
    "_mom": 6.12,
    "_mom1": 7.31,
    "stock_diff": 4.37,
    "rsi_diff": 2.05
}
