{
    "open": 160.01,
    "low": 158.36,
    "high": 161.18,
    "close": 158.42,
    "volume": 6300611,
    "change": -0.99368789,
    "_rsi": 72.07412528,
    "_rsi1": 78.99554481,
    "_stock_k": 89.58838019,
    "_stock_d": 94.02237715,
    "_stock_k1": 95.19152113,
    "_stock_d1": 96.50050305,
    "_macd_blue": 3.82796646,
    "_macd_orange": 4.35663404,
    "_cci20": 117.55494396,
    "_cci201": 141.61746519,
    "_ema10": 156.37550471,
    "_ema20": 152.95118371,
    "_ema30": 150.19691561,
    "_ema50": 145.53859614,
    "_ema100": 137.02814543,
    "_ema200": 127.31801338,
    "_psar": 154.58596623,
    "_wr": -18.62348178,
    "_mom": 9.58,
    "_mom1": 12.86,
    "stock_diff": -4.43,
    "rsi_diff": -6.92
}
