{
    "open": 115.57,
    "low": 115.04,
    "high": 117.05,
    "close": 115.54,
    "volume": 688780,
    "change": -1.43320253,
    "_rsi": 52.67099837,
    "_rsi1": 55.66860145,
    "_stock_k": 89.34812318,
    "_stock_d": 90.79864545,
    "_stock_k1": 91.63222255,
    "_stock_d1": 91.57821083,
    "_macd_blue": -1.76132944,
    "_macd_orange": -0.4671146,
    "_cci20": 92.70705423,
    "_cci201": 112.24650721,
    "_ema10": 113.71703759,
    "_ema20": 113.42511668,
    "_ema30": 114.2679657,
    "_ema50": 115.81960212,
    "_ema100": 117.12169721,
    "_ema200": 115.27535256,
    "_psar": 106.82515219,
    "_wr": -14.88673139,
    "_mom": 7.51,
    "_mom1": 12.3,
    "stock_diff": -1.45,
    "rsi_diff": -3.0
}
