{
    "open": 166.95,
    "low": 163.62,
    "high": 167.6,
    "close": 164.07,
    "volume": 1191709,
    "change": -2.10620525,
    "_rsi": 57.25386235,
    "_rsi1": 64.07971842,
    "_stock_k": 89.04086457,
    "_stock_d": 93.63153565,
    "_stock_k1": 95.38965906,
    "_stock_d1": 96.44320894,
    "_macd_blue": 1.17544767,
    "_macd_orange": 2.37969612,
    "_cci20": 109.56179094,
    "_cci201": 166.0649197,
    "_ema10": 162.73199893,
    "_ema20": 160.31938231,
    "_ema30": 159.43592884,
    "_ema50": 159.14117484,
    "_ema100": 158.26641326,
    "_ema200": 152.63832462,
    "_psar": 154.82293195,
    "_wr": -21.22593718,
    "_mom": 8.13,
    "_mom1": 17.47,
    "stock_diff": -4.59,
    "rsi_diff": -6.83
}
