{
    "open": 74.46,
    "low": 74.15,
    "high": 77.79,
    "close": 77.68,
    "volume": 5363639,
    "change": 5.30025756,
    "_rsi": 58.95134407,
    "_rsi1": 51.80047496,
    "_stock_k": 86.77292879,
    "_stock_d": 88.33344571,
    "_stock_k1": 84.56272849,
    "_stock_d1": 91.64681406,
    "_macd_blue": -0.16926945,
    "_macd_orange": 0.83262542,
    "_cci20": 116.95697994,
    "_cci201": 86.65422224,
    "_ema10": 74.51046378,
    "_ema20": 73.31790997,
    "_ema30": 73.3925921,
    "_ema50": 74.47272294,
    "_ema100": 76.21140248,
    "_ema200": 75.89774256,
    "_psar": 70.08719257,
    "_wr": -0.81300813,
    "_mom": 7.83,
    "_mom1": 2.89,
    "stock_diff": -1.56,
    "rsi_diff": 7.15
}
