{
    "open": 51.04,
    "low": 50.9254,
    "high": 51.19,
    "close": 51,
    "volume": 21063657,
    "change": 0.05885815,
    "_rsi": 34.37820695,
    "_rsi1": 34.00950418,
    "_stock_k": 4.15546185,
    "_stock_d": 4.21739796,
    "_stock_k1": 4.86564996,
    "_stock_d1": 4.88274983,
    "_macd_blue": -0.36457085,
    "_macd_orange": -0.6433158,
    "_cci20": -122.09530219,
    "_cci201": -130.8250573,
    "_ema10": 51.7215758,
    "_ema20": 52.34865293,
    "_ema30": 52.61554102,
    "_ema50": 52.78513063,
    "_ema100": 53.0113853,
    "_ema200": 53.79011372,
    "_psar": 53.68501809,
    "_wr": -95.59461662,
    "_mom": -2.23,
    "_mom1": -2.11,
    "stock_diff": -0.06,
    "rsi_diff": 0.37
}
