{
    "open": 42.49,
    "low": 42.31,
    "high": 43.715,
    "close": 42.64,
    "volume": 16281374,
    "change": 0.54232492,
    "_rsi": 57.82156644,
    "_rsi1": 57.17655306,
    "_stock_k": 51.8890976,
    "_stock_d": 45.66899498,
    "_stock_k1": 46.49288735,
    "_stock_d1": 39.86165028,
    "_macd_blue": 0.6209737,
    "_macd_orange": 0.6564918,
    "_cci20": 82.95516315,
    "_cci201": 74.85177207,
    "_ema10": 41.23194249,
    "_ema20": 40.77845089,
    "_ema30": 40.25319019,
    "_ema50": 39.05288698,
    "_ema100": 36.62521931,
    "_ema200": 33.70631244,
    "_psar": 45.28025344,
    "_wr": -41.86851211,
    "_mom": -0.76,
    "_mom1": -0.15,
    "stock_diff": 6.22,
    "rsi_diff": 0.65
}
