{
    "open": 45.75,
    "low": 45.1,
    "high": 46.15,
    "close": 45.4,
    "volume": 1696604,
    "change": 0.04407228,
    "_rsi": 42.15295289,
    "_rsi1": 42.06664198,
    "_stock_k": 66.52121212,
    "_stock_d": 69.2144855,
    "_stock_k1": 68.28939649,
    "_stock_d1": 70.64951709,
    "_macd_blue": -1.70596008,
    "_macd_orange": -1.28475393,
    "_cci20": -14.23742388,
    "_cci201": 1.58925073,
    "_ema10": 45.89306343,
    "_ema20": 46.59104431,
    "_ema30": 47.69031379,
    "_ema50": 49.57980093,
    "_ema100": 51.6120238,
    "_ema200": 50.90963558,
    "_psar": 44.50691515,
    "_wr": -39.2,
    "_mom": 0.95,
    "_mom1": 0.29,
    "stock_diff": -2.69,
    "rsi_diff": 0.09
}
