{
    "open": 22.67,
    "low": 21.74,
    "high": 22.73,
    "close": 22.18,
    "volume": 25507964,
    "change": -4.27276651,
    "_rsi": 50.48909952,
    "_rsi1": 58.82072768,
    "_stock_k": 47.07286728,
    "_stock_d": 54.60506406,
    "_stock_k1": 55.27758163,
    "_stock_d1": 61.2516162,
    "_macd_blue": 0.92839269,
    "_macd_orange": 0.80255763,
    "_cci20": -20.65113518,
    "_cci201": 72.67905969,
    "_ema10": 23.06251919,
    "_ema20": 22.53966288,
    "_ema30": 21.93650542,
    "_ema50": 20.84191003,
    "_ema100": 18.84419824,
    "_ema200": 16.31273531,
    "_psar": 25.7,
    "_wr": -71.01785534,
    "_mom": -0.38,
    "_mom1": 1.29,
    "stock_diff": -7.53,
    "rsi_diff": -8.33
}
