{
    "open": 331.58,
    "low": 329.44,
    "high": 333.95,
    "close": 332.74,
    "volume": 1231584,
    "change": 1.27838315,
    "_rsi": 49.75853336,
    "_rsi1": 45.97829423,
    "_stock_k": 82.29580508,
    "_stock_d": 65.34132355,
    "_stock_k1": 66.08826603,
    "_stock_d1": 50.90037076,
    "_macd_blue": -10.82094226,
    "_macd_orange": -8.02311308,
    "_cci20": 59.92853071,
    "_cci201": 6.53233084,
    "_ema10": 323.90771354,
    "_ema20": 328.36588966,
    "_ema30": 334.9989854,
    "_ema50": 345.77283466,
    "_ema100": 354.50637068,
    "_ema200": 346.49520047,
    "_psar": 305.12537746,
    "_wr": -4.58593898,
    "_mom": 5.37,
    "_mom1": 8.29,
    "stock_diff": 16.95,
    "rsi_diff": 3.78
}
