{
    "open": 136.09,
    "low": 134.66,
    "high": 136.85,
    "close": 135.88,
    "volume": 2240638,
    "change": 0.59968905,
    "_rsi": 45.23436089,
    "_rsi1": 44.00525265,
    "_stock_k": 66.86201385,
    "_stock_d": 66.97873175,
    "_stock_k1": 68.91146066,
    "_stock_d1": 65.4020085,
    "_macd_blue": -3.71174567,
    "_macd_orange": -2.98484245,
    "_cci20": 0.45393325,
    "_cci201": -25.90558641,
    "_ema10": 135.71291886,
    "_ema20": 137.59395035,
    "_ema30": 139.7508173,
    "_ema50": 142.87357152,
    "_ema100": 147.09868161,
    "_ema200": 146.49529923,
    "_psar": 129.57437902,
    "_wr": -28.34310069,
    "_mom": 5.79,
    "_mom1": 4.81,
    "stock_diff": -0.12,
    "rsi_diff": 1.23
}
