{
    "open": 114.59,
    "low": 111.02,
    "high": 114.59,
    "close": 113.3,
    "volume": 1049257,
    "change": -1.08259123,
    "_rsi": 72.39024448,
    "_rsi1": 77.4598458,
    "_stock_k": 87.75059075,
    "_stock_d": 91.32829823,
    "_stock_k1": 92.05015841,
    "_stock_d1": 94.00206893,
    "_macd_blue": 2.70237008,
    "_macd_orange": 3.98208773,
    "_cci20": 96.66061779,
    "_cci201": 130.23993867,
    "_ema10": 110.50894489,
    "_ema20": 106.88526785,
    "_ema30": 104.94416038,
    "_ema50": 102.78790277,
    "_ema100": 99.04046215,
    "_ema200": 92.46138203,
    "_psar": 106.96981628,
    "_wr": -16.35033158,
    "_mom": 15.28,
    "_mom1": 15.67,
    "stock_diff": -3.58,
    "rsi_diff": -5.07
}
