{
    "open": 163.09,
    "low": 162.86,
    "high": 164.43,
    "close": 164.17,
    "volume": 1298891,
    "change": 0.99661643,
    "_rsi": 65.04940079,
    "_rsi1": 62.7058385,
    "_stock_k": 94.97576031,
    "_stock_d": 93.63946634,
    "_stock_k1": 92.23470913,
    "_stock_d1": 93.62830458,
    "_macd_blue": 0.85178451,
    "_macd_orange": 2.20798267,
    "_cci20": 143.14746469,
    "_cci201": 147.31287302,
    "_ema10": 159.90992665,
    "_ema20": 157.52566625,
    "_ema30": 156.88269186,
    "_ema50": 157.3131023,
    "_ema100": 157.96197945,
    "_ema200": 153.37463069,
    "_psar": 152.62713913,
    "_wr": -1.53755174,
    "_mom": 12.68,
    "_mom1": 10.23,
    "stock_diff": 1.34,
    "rsi_diff": 2.34
}
