{
    "open": 171.06,
    "low": 170.21,
    "high": 174.14,
    "close": 174.07,
    "volume": 90127898,
    "change": 2.26778685,
    "_rsi": 62.70132145,
    "_rsi1": 58.74372189,
    "_stock_k": 95.2741315,
    "_stock_d": 89.45418781,
    "_stock_k1": 89.11565412,
    "_stock_d1": 81.13521302,
    "_macd_blue": -1.46608671,
    "_macd_orange": 0.48915324,
    "_cci20": 170.12986705,
    "_cci201": 150.88907806,
    "_ema10": 165.60677183,
    "_ema20": 164.35295376,
    "_ema30": 164.72580464,
    "_ema50": 165.3261338,
    "_ema100": 163.27033814,
    "_ema200": 155.28167853,
    "_psar": 152.472112,
    "_wr": -0.29118136,
    "_mom": 15.55,
    "_mom1": 7.26,
    "stock_diff": 5.82,
    "rsi_diff": 3.96
}
