{
    "open": 32.4,
    "low": 32.32,
    "high": 32.73,
    "close": 32.65,
    "volume": 70984,
    "change": 0.74051219,
    "_rsi": 63.00998509,
    "_rsi1": 60.0505588,
    "_stock_k": 65.72974017,
    "_stock_d": 74.55953887,
    "_stock_k1": 73.1182028,
    "_stock_d1": 83.66408564,
    "_macd_blue": 0.31445304,
    "_macd_orange": 0.36632097,
    "_cci20": 111.82592242,
    "_cci201": 103.46083789,
    "_ema10": 32.319575,
    "_ema20": 32.01594107,
    "_ema30": 31.81734798,
    "_ema50": 31.60420073,
    "_ema100": 31.2757693,
    "_ema200": 30.38830703,
    "_psar": 31.79031632,
    "_wr": -29.41176471,
    "_mom": 0.59,
    "_mom1": 0.49,
    "stock_diff": -8.83,
    "rsi_diff": 2.96
}
