{
    "open": 14.98,
    "low": 14.87,
    "high": 15.57,
    "close": 15.29,
    "change": 0.1965924,
    "_rsi": 38.90731133,
    "_rsi1": 38.6847708,
    "_stock_k": 28.6163522,
    "_stock_d": 16.87572359,
    "_stock_k1": 16.59596851,
    "_stock_d1": 11.39966764,
    "_macd_blue": -1.04340265,
    "_macd_orange": -0.90763512,
    "_cci20": -93.38220839,
    "_cci201": -102.61317449,
    "_ema10": 15.69912696,
    "_ema20": 16.52610047,
    "_ema30": 17.17593511,
    "_ema50": 18.19852868,
    "_ema100": 19.64502885,
    "_ema200": 20.3229448,
    "_psar": 17.25208614,
    "stock_diff": 11.74,
    "rsi_diff": 0.22
}
