{
    "open": 190.77,
    "low": 187.56,
    "high": 191.5,
    "close": 187.82,
    "volume": 2078491,
    "change": -1.52055369,
    "_rsi": 57.25597464,
    "_rsi1": 60.3641538,
    "_stock_k": 86.21273367,
    "_stock_d": 76.08107876,
    "_stock_k1": 77.35994524,
    "_stock_d1": 64.90249605,
    "_macd_blue": -1.48779883,
    "_macd_orange": 0.22803868,
    "_cci20": 72.4331466,
    "_cci201": 66.83403842,
    "_ema10": 180.92824638,
    "_ema20": 180.25532454,
    "_ema30": 180.14419987,
    "_ema50": 178.9410158,
    "_ema100": 175.57486044,
    "_ema200": 168.17482825,
    "_psar": 163.88123186,
    "_wr": -10.28507546,
    "_mom": 28.69,
    "_mom1": 17.77,
    "stock_diff": 10.13,
    "rsi_diff": -3.11
}
