{
    "open": 298.855,
    "low": 294.79,
    "high": 308,
    "close": 306.65,
    "volume": 1785876,
    "change": 1.02457666,
    "_rsi": 50.581959,
    "_rsi1": 50.01448768,
    "_stock_k": 95.35904317,
    "_stock_d": 89.77618167,
    "_stock_k1": 94.2257085,
    "_stock_d1": 80.36160211,
    "_macd_blue": -48.24472395,
    "_macd_orange": -28.34336777,
    "_cci20": 75.21326855,
    "_cci201": 50.89635062,
    "_ema10": 273.69321144,
    "_ema20": 284.26922065,
    "_ema30": 312.65564942,
    "_ema50": 368.46464178,
    "_ema100": 450.41265361,
    "_ema200": 486.8980075,
    "_psar": 190.42065102,
    "_wr": -0.96838405,
    "_mom": 108.24,
    "_mom1": 116.79,
    "stock_diff": 5.58,
    "rsi_diff": 0.57
}
