{
    "open": 222.14,
    "low": 218.93,
    "high": 222.865,
    "close": 220.9,
    "volume": 1541292,
    "change": -0.2933875,
    "_rsi": 59.00476565,
    "_rsi1": 59.77507446,
    "_stock_k": 70.86999022,
    "_stock_d": 79.28051809,
    "_stock_k1": 78.20136852,
    "_stock_d1": 87.24270628,
    "_macd_blue": 3.36152,
    "_macd_orange": 5.23230896,
    "_cci20": 78.98867014,
    "_cci201": 102.64363537,
    "_ema10": 219.15273122,
    "_ema20": 214.08737139,
    "_ema30": 212.09323545,
    "_ema50": 211.87092329,
    "_ema100": 214.03870303,
    "_ema200": 214.47634535,
    "_psar": 232.511,
    "_wr": -34.80938416,
    "_mom": 14.82,
    "_mom1": 14.33,
    "stock_diff": -8.41,
    "rsi_diff": -0.77
}
