{
    "open": 78.32,
    "low": 77.25,
    "high": 78.63,
    "close": 78.56,
    "volume": 2221531,
    "change": 0.65342729,
    "_rsi": 47.42386624,
    "_rsi1": 46.30974894,
    "_stock_k": 66.59590676,
    "_stock_d": 65.58336773,
    "_stock_k1": 63.02873152,
    "_stock_d1": 62.84972736,
    "_macd_blue": -1.80290966,
    "_macd_orange": -1.19886185,
    "_cci20": -14.93247404,
    "_cci201": 0.86468348,
    "_ema10": 78.41539463,
    "_ema20": 78.98028166,
    "_ema30": 80.07370624,
    "_ema50": 82.08859616,
    "_ema100": 85.14623569,
    "_ema200": 87.21997533,
    "_psar": 72.17001,
    "_wr": -31.97994987,
    "_mom": 3.17,
    "_mom1": 1.37,
    "stock_diff": 1.01,
    "rsi_diff": 1.11
}
