{
    "open": 25.65,
    "low": 25.51,
    "high": 26.655,
    "close": 26.35,
    "volume": 8341457,
    "change": 2.40963855,
    "_rsi": 53.09831192,
    "_rsi1": 50.7508256,
    "_stock_k": 73.97397397,
    "_stock_d": 79.74144621,
    "_stock_k1": 76.87409632,
    "_stock_d1": 86.15121533,
    "_macd_blue": 0.12218963,
    "_macd_orange": 0.34384599,
    "_cci20": 46.58347486,
    "_cci201": 44.16110533,
    "_ema10": 26.06369715,
    "_ema20": 25.68356998,
    "_ema30": 25.59061034,
    "_ema50": 25.64864364,
    "_ema100": 25.44608409,
    "_ema200": 23.62715506,
    "_psar": 23.61447279,
    "_wr": -25.67567568,
    "_mom": 1.59,
    "_mom1": 1.57,
    "stock_diff": -5.77,
    "rsi_diff": 2.35
}
