{
    "open": 75.92,
    "low": 73.62,
    "high": 76.24,
    "close": 73.77,
    "volume": 8146925,
    "change": -3.42976829,
    "_rsi": 51.80047496,
    "_rsi1": 58.09785391,
    "_stock_k": 84.56272849,
    "_stock_d": 91.64681406,
    "_stock_k1": 93.66467985,
    "_stock_d1": 96.43988806,
    "_macd_blue": -0.41974316,
    "_macd_orange": 0.53581568,
    "_cci20": 86.65422224,
    "_cci201": 159.65899819,
    "_ema10": 73.8061224,
    "_ema20": 72.85874259,
    "_ema30": 73.0969088,
    "_ema50": 74.34181367,
    "_ema100": 76.18173384,
    "_ema200": 75.87983043,
    "_psar": 69.0504461,
    "_wr": -29.18838421,
    "_mom": 2.89,
    "_mom1": 7.86,
    "stock_diff": -7.08,
    "rsi_diff": -6.3
}
