{
    "open": 216.13,
    "low": 211.72,
    "high": 216.27,
    "close": 215.58,
    "volume": 802929,
    "change": 0.42390646,
    "_rsi": 56.53001065,
    "_rsi1": 55.49100919,
    "_stock_k": 95.10658356,
    "_stock_d": 89.00989506,
    "_stock_k1": 91.23674532,
    "_stock_d1": 81.18645629,
    "_macd_blue": -3.20401107,
    "_macd_orange": -1.01350697,
    "_cci20": 195.46353041,
    "_cci201": 238.07911769,
    "_ema10": 210.09443285,
    "_ema20": 209.66129386,
    "_ema30": 211.47198756,
    "_ema50": 215.29856837,
    "_ema100": 218.63437863,
    "_ema200": 213.41281391,
    "_psar": 198.87955516,
    "_wr": -3.63310868,
    "_mom": 11.5,
    "_mom1": 9.75,
    "stock_diff": 6.1,
    "rsi_diff": 1.04
}
