{
    "open": 255.47,
    "low": 253.55,
    "high": 258.995,
    "close": 256.88,
    "volume": 1263815,
    "change": 0.63464703,
    "_rsi": 59.1514668,
    "_rsi1": 58.12569215,
    "_stock_k": 34.05433922,
    "_stock_d": 29.70192561,
    "_stock_k1": 31.39892728,
    "_stock_d1": 26.49927013,
    "_macd_blue": 7.034386,
    "_macd_orange": 6.01607053,
    "_cci20": 36.76425641,
    "_cci201": 25.02368473,
    "_ema10": 252.67539633,
    "_ema20": 248.79424777,
    "_ema30": 244.37650003,
    "_ema50": 237.91140375,
    "_ema100": 230.68737013,
    "_ema200": 223.8555069,
    "_psar": 261.23014296,
    "_wr": -60.22157742,
    "_mom": 2.88,
    "_mom1": -0.27,
    "stock_diff": 4.35,
    "rsi_diff": 1.03
}
