{
    "open": 68.22,
    "low": 67.79,
    "high": 68.23,
    "close": 67.81,
    "volume": 1450724,
    "change": -0.32338674,
    "_rsi": 48.82958765,
    "_rsi1": 50.33036121,
    "_stock_k": 18.48324921,
    "_stock_d": 24.47011722,
    "_stock_k1": 25.72248801,
    "_stock_d1": 29.41471104,
    "_macd_blue": 0.50705226,
    "_macd_orange": 0.28299213,
    "_cci20": -22.3857991,
    "_cci201": -5.897847,
    "_ema10": 68.26298378,
    "_ema20": 68.16079823,
    "_ema30": 67.88512631,
    "_ema50": 67.3549587,
    "_ema100": 66.29414093,
    "_ema200": 64.52091058,
    "_psar": 71.50187883,
    "_wr": -90.57017544,
    "_mom": -1.36,
    "_mom1": -3.15,
    "stock_diff": -5.99,
    "rsi_diff": -1.5
}
