{
    "open": 10.1,
    "low": 10.1,
    "high": 10.2,
    "close": 10.16,
    "volume": 14223,
    "change": -0.58708415,
    "_rsi": 56.13655761,
    "_rsi1": 57.47157532,
    "_stock_k": 94.64854369,
    "_stock_d": 94.42497467,
    "_stock_k1": 97.31521036,
    "_stock_d1": 90.03595393,
    "_macd_blue": -0.1824402,
    "_macd_orange": -0.0445968,
    "_cci20": 123.44086022,
    "_cci201": 144.29926736,
    "_ema10": 9.84035448,
    "_ema20": 9.79976247,
    "_ema30": 9.90318978,
    "_ema50": 10.1789229,
    "_ema100": 10.60491664,
    "_ema200": 10.84953968,
    "_psar": 9.21474516,
    "_wr": -8,
    "_mom": 0.69,
    "_mom1": 1.12,
    "stock_diff": 0.22,
    "rsi_diff": -1.34
}
