{
    "open": 51.02,
    "low": 50.225,
    "high": 51.49,
    "close": 51.48,
    "volume": 29930253,
    "change": -0.23255814,
    "_rsi": 48.88440595,
    "_rsi1": 49.2662459,
    "_stock_k": 64.04573702,
    "_stock_d": 51.70975042,
    "_stock_k1": 52.40115903,
    "_stock_d1": 40.98099771,
    "_macd_blue": -1.4273692,
    "_macd_orange": -1.233215,
    "_cci20": -9.82777776,
    "_cci201": -6.18366227,
    "_ema10": 50.36844879,
    "_ema20": 51.27858371,
    "_ema30": 51.95828235,
    "_ema50": 52.33329161,
    "_ema100": 51.53013625,
    "_ema200": 48.77599358,
    "_psar": 46.42258494,
    "_wr": -25.163827,
    "_mom": 0.24,
    "_mom1": -0.62,
    "stock_diff": 12.34,
    "rsi_diff": -0.38
}
