{
    "open": 136.07,
    "low": 133.48,
    "high": 137.1015,
    "close": 135.03,
    "volume": 786288,
    "change": -0.79347587,
    "_rsi": 43.27878544,
    "_rsi1": 44.27377999,
    "_stock_k": 56.98202288,
    "_stock_d": 64.08409499,
    "_stock_k1": 62.55069306,
    "_stock_d1": 71.79145734,
    "_macd_blue": -3.41716985,
    "_macd_orange": -2.53257271,
    "_cci20": -36.04903663,
    "_cci201": -15.13919996,
    "_ema10": 138.13146937,
    "_ema20": 139.35609394,
    "_ema30": 141.84002891,
    "_ema50": 147.41998934,
    "_ema100": 158.16987389,
    "_ema200": 166.11497344,
    "_psar": 127.3024612,
    "_wr": -49.19193753,
    "_mom": 2.27,
    "_mom1": -0.75,
    "stock_diff": -7.1,
    "rsi_diff": -0.99
}
