{
    "open": 318.64,
    "low": 312.2,
    "high": 324.35,
    "close": 323.42,
    "volume": 364908,
    "change": 1.86777536,
    "_rsi": 57.24419512,
    "_rsi1": 55.15189235,
    "_stock_k": 87.19256255,
    "_stock_d": 82.7688404,
    "_stock_k1": 80.03303149,
    "_stock_d1": 78.06063367,
    "_macd_blue": 2.58938369,
    "_macd_orange": 4.87555245,
    "_cci20": 76.1085025,
    "_cci201": 80.03925409,
    "_ema10": 312.61106565,
    "_ema20": 307.71758667,
    "_ema30": 306.20878061,
    "_ema50": 311.03381356,
    "_ema100": 332.39376832,
    "_ema200": 343.87804879,
    "_psar": 277.33159864,
    "_wr": -8.3522628,
    "_mom": 20.21,
    "_mom1": 6.29,
    "stock_diff": 4.42,
    "rsi_diff": 2.09
}
