{
    "open": 112.78,
    "low": 112.78,
    "high": 115.2,
    "close": 114.24,
    "volume": 419199,
    "change": 0.82965578,
    "_rsi": 73.79062082,
    "_rsi1": 72.39024448,
    "_stock_k": 86.48704808,
    "_stock_d": 88.76259908,
    "_stock_k1": 87.75059075,
    "_stock_d1": 91.32829823,
    "_macd_blue": 2.97367456,
    "_macd_orange": 4.05889247,
    "_cci20": 94.73058235,
    "_cci201": 96.66061779,
    "_ema10": 111.18731855,
    "_ema20": 107.58571853,
    "_ema30": 105.54389197,
    "_ema50": 103.23700462,
    "_ema100": 99.34144309,
    "_ema200": 92.67808469,
    "_psar": 108.55464568,
    "_wr": -13.50935658,
    "_mom": 14.75,
    "_mom1": 15.28,
    "stock_diff": -2.28,
    "rsi_diff": 1.4
}
