{
    "open": 283.02,
    "low": 280.58,
    "high": 286.6,
    "close": 285.59,
    "change": -1.00866551,
    "_rsi": 43.65648395,
    "_rsi1": 45.35430181,
    "_stock_k": 40.18512929,
    "_stock_d": 35.16537879,
    "_stock_k1": 32.29233917,
    "_stock_d1": 39.08773988,
    "_macd_blue": -5.2776396,
    "_macd_orange": -4.89439325,
    "_cci20": -87.29261773,
    "_cci201": -74.59305573,
    "_ema10": 288.26170592,
    "_ema20": 292.20718658,
    "_ema30": 295.78860595,
    "_ema50": 301.39128332,
    "_ema100": 305.14033775,
    "_ema200": 295.04823653,
    "_psar": 300.0791808,
    "stock_diff": 5.02,
    "rsi_diff": -1.7
}
