{
    "open": 53.02,
    "low": 52.155,
    "high": 53.5,
    "close": 52.19,
    "volume": 29183686,
    "change": -1.6025641,
    "_rsi": 54.91528376,
    "_rsi1": 59.30000909,
    "_stock_k": 75.76117714,
    "_stock_d": 85.27421456,
    "_stock_k1": 85.78630463,
    "_stock_d1": 92.27504245,
    "_macd_blue": 0.29440379,
    "_macd_orange": 0.85417211,
    "_cci20": 69.06460956,
    "_cci201": 94.98117073,
    "_ema10": 52.28858191,
    "_ema20": 51.30929104,
    "_ema30": 51.13231251,
    "_ema50": 51.26571144,
    "_ema100": 50.66282166,
    "_ema200": 48.03564715,
    "_psar": 55.3,
    "_wr": -35.20090549,
    "_mom": 3.44,
    "_mom1": 5.6,
    "stock_diff": -9.51,
    "rsi_diff": -4.38
}
