{
    "open": 250.26,
    "low": 250.17,
    "high": 257.305,
    "close": 256.71,
    "volume": 1980281,
    "change": 2.1690679,
    "_rsi": 67.04306417,
    "_rsi1": 63.78501714,
    "_stock_k": 92.22582622,
    "_stock_d": 93.45703974,
    "_stock_k1": 91.60647088,
    "_stock_d1": 92.95195298,
    "_macd_blue": 5.78929311,
    "_macd_orange": 7.29472094,
    "_cci20": 147.85396384,
    "_cci201": 142.52120614,
    "_ema10": 246.72494244,
    "_ema20": 240.8304231,
    "_ema30": 236.18396056,
    "_ema50": 227.84356433,
    "_ema100": 211.79786298,
    "_ema200": 190.99320506,
    "_psar": 230.64537811,
    "_wr": -1.53726909,
    "_mom": 24.22,
    "_mom1": 13.51,
    "stock_diff": -1.23,
    "rsi_diff": 3.26
}
