{
    "open": 265.04,
    "low": 254.825,
    "high": 265.27,
    "close": 255.47,
    "volume": 1777996,
    "change": -4.3076001,
    "_rsi": 47.75256847,
    "_rsi1": 59.1070085,
    "_stock_k": 71.43113924,
    "_stock_d": 78.35487925,
    "_stock_k1": 83.85421761,
    "_stock_d1": 79.7017322,
    "_macd_blue": 0.68705591,
    "_macd_orange": 1.4709535,
    "_cci20": -0.68986713,
    "_cci201": 86.62374561,
    "_ema10": 259.90992499,
    "_ema20": 258.41294369,
    "_ema30": 257.86483727,
    "_ema50": 257.86740348,
    "_ema100": 258.93425734,
    "_ema200": 257.24152513,
    "_psar": 246.97521142,
    "_wr": -51.68717745,
    "_mom": 5.78,
    "_mom1": 21.26,
    "stock_diff": -6.92,
    "rsi_diff": -11.35
}
