{
    "open": 82.78,
    "low": 81.42,
    "high": 83.83,
    "close": 83.7,
    "volume": 65236,
    "change": 1.63934426,
    "_rsi": 64.36791662,
    "_rsi1": 62.89319423,
    "_stock_k": 62.18180829,
    "_stock_d": 54.35223988,
    "_stock_k1": 54.02579358,
    "_stock_d1": 51.26697013,
    "_macd_blue": 4.90519539,
    "_macd_orange": 4.45187045,
    "_cci20": 85.67138582,
    "_cci201": 75.11446177,
    "_ema10": 79.92590616,
    "_ema20": 76.93921423,
    "_ema30": 73.68262687,
    "_ema50": 68.32459857,
    "_ema100": 60.53659124,
    "_ema200": 52.44258898,
    "_psar": 85.07852225,
    "_wr": -23.95044735,
    "_mom": -1.05,
    "_mom1": 2.95,
    "stock_diff": 7.83,
    "rsi_diff": 1.47
}
