{
    "open": 388,
    "low": 383.4367,
    "high": 390.9,
    "close": 389.79,
    "volume": 652023,
    "change": 0.01026299,
    "_rsi": 56.90499276,
    "_rsi1": 56.88852041,
    "_stock_k": 82.28832933,
    "_stock_d": 86.64561271,
    "_stock_k1": 87.27836455,
    "_stock_d1": 89.71698934,
    "_macd_blue": 2.09455155,
    "_macd_orange": 4.59305137,
    "_cci20": 111.3531964,
    "_cci201": 150.34144496,
    "_ema10": 382.4317877,
    "_ema20": 377.7045121,
    "_ema30": 376.0739393,
    "_ema50": 376.02722682,
    "_ema100": 375.97507507,
    "_ema200": 364.96872298,
    "_psar": 371.77531294,
    "_wr": -18.14807177,
    "_mom": 16.48,
    "_mom1": 30.73,
    "stock_diff": -4.36,
    "rsi_diff": 0.02
}
