{
    "open": 148.12,
    "low": 147.4,
    "high": 149.23,
    "close": 148.98,
    "volume": 2028085,
    "change": 0.88028169,
    "_rsi": 48.35644775,
    "_rsi1": 45.62282116,
    "_stock_k": 80.28638029,
    "_stock_d": 82.47680267,
    "_stock_k1": 81.34918211,
    "_stock_d1": 82.52205097,
    "_macd_blue": -3.37853485,
    "_macd_orange": -2.05543644,
    "_cci20": 76.32388948,
    "_cci201": 74.75131422,
    "_ema10": 147.55323683,
    "_ema20": 148.2783824,
    "_ema30": 150.4936031,
    "_ema50": 155.29286771,
    "_ema100": 164.08192414,
    "_ema200": 172.30739366,
    "_psar": 141.226396,
    "_wr": -18.58141858,
    "_mom": 5.05,
    "_mom1": 1.08,
    "stock_diff": -2.19,
    "rsi_diff": 2.73
}
