{
    "open": 79.8,
    "low": 79.17,
    "high": 80.22,
    "close": 79.6,
    "volume": 3539058,
    "change": 1.63432074,
    "_rsi": 58.73554205,
    "_rsi1": 55.81938248,
    "_stock_k": 75.4035117,
    "_stock_d": 54.77071226,
    "_stock_k1": 53.31852948,
    "_stock_d1": 41.01196518,
    "_macd_blue": 0.5106236,
    "_macd_orange": 0.59947282,
    "_cci20": 218.12610305,
    "_cci201": 96.32099661,
    "_ema10": 77.21433749,
    "_ema20": 76.8151295,
    "_ema30": 76.26196501,
    "_ema50": 74.72374362,
    "_ema100": 71.11664521,
    "_ema200": 65.80330095,
    "_psar": 73.175,
    "_wr": -8.80056778,
    "_mom": 5.06,
    "_mom1": 0.59,
    "stock_diff": 20.63,
    "rsi_diff": 2.92
}
