{
    "open": 37.44,
    "low": 37.215,
    "high": 37.75,
    "close": 37.53,
    "volume": 5276332,
    "change": -0.84544254,
    "_rsi": 50.21502444,
    "_rsi1": 51.34290686,
    "_stock_k": 67.1273351,
    "_stock_d": 64.48936558,
    "_stock_k1": 64.16866474,
    "_stock_d1": 61.92422492,
    "_macd_blue": -0.68286494,
    "_macd_orange": -0.36805195,
    "_cci20": 10.56714208,
    "_cci201": 29.09449995,
    "_ema10": 37.09771641,
    "_ema20": 37.23714209,
    "_ema30": 37.57298588,
    "_ema50": 38.17612587,
    "_ema100": 39.11942193,
    "_ema200": 39.17483417,
    "_psar": 32.53524576,
    "_wr": -23.90594383,
    "_mom": 1.65,
    "_mom1": 5.42,
    "stock_diff": 2.64,
    "rsi_diff": -1.13
}
