{
    "open": 247.31,
    "low": 243.77,
    "high": 248.49,
    "close": 244.93,
    "volume": 1792987,
    "change": -0.75367722,
    "_rsi": 56.54297004,
    "_rsi1": 58.79437115,
    "_stock_k": 81.81818182,
    "_stock_d": 87.86472532,
    "_stock_k1": 88.92127797,
    "_stock_d1": 93.02988559,
    "_macd_blue": 1.8353229,
    "_macd_orange": 3.19219766,
    "_cci20": 77.62964139,
    "_cci201": 107.13717937,
    "_ema10": 243.20227285,
    "_ema20": 240.23957067,
    "_ema30": 238.57523951,
    "_ema50": 235.85313767,
    "_ema100": 229.82774628,
    "_ema200": 220.84541511,
    "_psar": 229.53864183,
    "_wr": -23.68332774,
    "_mom": 16.97,
    "_mom1": 16.7,
    "stock_diff": -6.05,
    "rsi_diff": -2.25
}
