{
    "open": 66.67,
    "low": 66.44,
    "high": 67.62,
    "close": 67.26,
    "volume": 263122,
    "change": 1.40208051,
    "_rsi": 50.79591729,
    "_rsi1": 47.82067493,
    "_stock_k": 71.89728959,
    "_stock_d": 74.26923536,
    "_stock_k1": 74.51260105,
    "_stock_d1": 77.67221782,
    "_macd_blue": -1.01854728,
    "_macd_orange": -0.59086326,
    "_cci20": 65.51307355,
    "_cci201": 18.49925598,
    "_ema10": 66.40284744,
    "_ema20": 66.62878211,
    "_ema30": 67.18320022,
    "_ema50": 68.0076629,
    "_ema100": 68.52121833,
    "_ema200": 66.91157562,
    "_psar": 64.26074398,
    "_wr": -17.11840228,
    "_mom": 4.11,
    "_mom1": 2.44,
    "stock_diff": -2.37,
    "rsi_diff": 2.98
}
