{
    "open": 59.62,
    "low": 57.32,
    "high": 60.44,
    "close": 57.75,
    "volume": 28408723,
    "change": -3.49264706,
    "_rsi": 62.54086578,
    "_rsi1": 68.11319832,
    "_stock_k": 71.50546162,
    "_stock_d": 79.51984871,
    "_stock_k1": 83.3732546,
    "_stock_d1": 84.75164856,
    "_macd_blue": 4.58446088,
    "_macd_orange": 4.50884754,
    "_cci20": 69.03663327,
    "_cci201": 99.83613891,
    "_ema10": 57.23108108,
    "_ema20": 53.92799137,
    "_ema30": 50.97492724,
    "_ema50": 46.63196772,
    "_ema100": 40.66402863,
    "_ema200": 35.18425023,
    "_psar": 57.13188826,
    "_wr": -44.96314496,
    "_mom": -0.38,
    "_mom1": 2.34,
    "stock_diff": -8.01,
    "rsi_diff": -5.57
}
