{
    "open": 11.24,
    "low": 11.24,
    "high": 11.435,
    "close": 11.34,
    "volume": 7160838,
    "change": 0.53191489,
    "_rsi": 48.02496511,
    "_rsi1": 46.40921201,
    "_stock_k": 57.26495726,
    "_stock_d": 61.3939469,
    "_stock_k1": 60.67137371,
    "_stock_d1": 69.53864446,
    "_macd_blue": -0.08980431,
    "_macd_orange": -0.06023264,
    "_cci20": 19.40521557,
    "_cci201": -20.70268955,
    "_ema10": 11.34660764,
    "_ema20": 11.37318144,
    "_ema30": 11.4308786,
    "_ema50": 11.53489542,
    "_ema100": 11.67604072,
    "_ema200": 11.71737874,
    "_psar": 11.07342052,
    "_wr": -37.16090673,
    "_mom": 0.44,
    "_mom1": 0.38,
    "stock_diff": -4.13,
    "rsi_diff": 1.62
}
