{
    "open": 25.73,
    "low": 25.59,
    "high": 25.93,
    "close": 25.89,
    "volume": 2369312,
    "change": 1.25146656,
    "_rsi": 52.89799716,
    "_rsi1": 49.76599927,
    "_stock_k": 93.43943413,
    "_stock_d": 77.87566981,
    "_stock_k1": 83.62071933,
    "_stock_d1": 58.91767154,
    "_macd_blue": -0.21986544,
    "_macd_orange": -0.14284334,
    "_cci20": 85.91781774,
    "_cci201": 11.39563534,
    "_ema10": 25.46232192,
    "_ema20": 25.55229422,
    "_ema30": 25.62748192,
    "_ema50": 25.59572714,
    "_ema100": 25.35104051,
    "_ema200": 24.95763177,
    "_psar": 24.53148,
    "_wr": -2.75862069,
    "_mom": 1.11,
    "_mom1": 0.44,
    "stock_diff": 15.56,
    "rsi_diff": 3.13
}
