{
    "open": 234.79,
    "low": 229.83,
    "high": 234.79,
    "close": 230.06,
    "volume": 395652,
    "change": -2.26017504,
    "_rsi": 49.47725731,
    "_rsi1": 54.89501607,
    "_stock_k": 55.6720113,
    "_stock_d": 57.70661296,
    "_stock_k1": 60.64545558,
    "_stock_d1": 55.46052381,
    "_macd_blue": -0.40310557,
    "_macd_orange": 0.00980813,
    "_cci20": -2.98520762,
    "_cci201": 34.39016394,
    "_ema10": 230.68760984,
    "_ema20": 230.54871257,
    "_ema30": 230.59640011,
    "_ema50": 230.51699299,
    "_ema100": 228.56141802,
    "_ema200": 221.20038941,
    "_psar": 218.111952,
    "_wr": -54.16083916,
    "_mom": 1.41,
    "_mom1": 10.28,
    "stock_diff": -2.03,
    "rsi_diff": -5.42
}
