{
    "open": 204.91,
    "low": 202.63,
    "high": 205.45,
    "close": 203.22,
    "volume": 616065,
    "change": -1.09986373,
    "_rsi": 42.40886948,
    "_rsi1": 45.5658571,
    "_stock_k": 17.24584138,
    "_stock_d": 27.1320075,
    "_stock_k1": 26.21357382,
    "_stock_d1": 35.50439945,
    "_macd_blue": -0.45309455,
    "_macd_orange": -0.86073057,
    "_cci20": -111.59867714,
    "_cci201": -62.26994174,
    "_ema10": 206.68024404,
    "_ema20": 207.45243401,
    "_ema30": 207.96670064,
    "_ema50": 208.56973954,
    "_ema100": 206.4300092,
    "_ema200": 195.53817223,
    "_psar": 212.04629605,
    "_wr": -95.67131328,
    "_mom": -8.48,
    "_mom1": -2.7,
    "stock_diff": -9.89,
    "rsi_diff": -3.16
}
