{
    "open": 271.37,
    "low": 270.29,
    "high": 273.58,
    "close": 273.38,
    "volume": 2811872,
    "change": 1.17316162,
    "_rsi": 68.12026985,
    "_rsi1": 65.60641611,
    "_stock_k": 92.0614264,
    "_stock_d": 86.5497692,
    "_stock_k1": 85.40667616,
    "_stock_d1": 81.2237442,
    "_macd_blue": 4.46732936,
    "_macd_orange": 5.51059567,
    "_cci20": 150.8951965,
    "_cci201": 136.31751428,
    "_ema10": 265.66374129,
    "_ema20": 261.05975192,
    "_ema30": 257.97550438,
    "_ema50": 253.9064637,
    "_ema100": 246.81294911,
    "_ema200": 236.59201495,
    "_psar": 257.30483382,
    "_wr": -0.83263947,
    "_mom": 11.86,
    "_mom1": 10.56,
    "stock_diff": 5.51,
    "rsi_diff": 2.51
}
