{
    "open": 24.91,
    "low": 24.59,
    "high": 25.13,
    "close": 24.82,
    "volume": 9993,
    "change": 0.12101654,
    "_rsi": 50.18132028,
    "_rsi1": 49.91866507,
    "_stock_k": 32.23147831,
    "_stock_d": 46.71614418,
    "_stock_k1": 47.48332183,
    "_stock_d1": 58.14163024,
    "_macd_blue": 0.76408187,
    "_macd_orange": 0.57969861,
    "_cci20": -23.42679128,
    "_cci201": -41.86595807,
    "_ema10": 25.46407585,
    "_ema20": 25.12827779,
    "_ema30": 24.65643662,
    "_ema50": 23.72894472,
    "_ema100": 21.86481104,
    "_ema200": 19.37943943,
    "_psar": 27.26372447,
    "_wr": -74.80314961,
    "_mom": -0.77,
    "_mom1": -0.58,
    "stock_diff": -14.48,
    "rsi_diff": 0.26
}
