{
    "open": 105.8,
    "low": 105.38,
    "high": 109.23,
    "close": 109.08,
    "volume": 1999469,
    "change": 2.41291897,
    "_rsi": 71.22023573,
    "_rsi1": 68.12275604,
    "_stock_k": 93.86581601,
    "_stock_d": 91.61260548,
    "_stock_k1": 88.58331033,
    "_stock_d1": 87.03946818,
    "_macd_blue": 1.94446839,
    "_macd_orange": 2.98008404,
    "_cci20": 165.79792759,
    "_cci201": 176.22011723,
    "_ema10": 102.50345682,
    "_ema20": 99.91744949,
    "_ema30": 98.15320809,
    "_ema50": 95.16112318,
    "_ema100": 90.04351026,
    "_ema200": 83.75424644,
    "_psar": 92.09915747,
    "_wr": -0.77200206,
    "_mom": 14.47,
    "_mom1": 8.39,
    "stock_diff": 2.25,
    "rsi_diff": 3.1
}
