{
    "open": 152.29,
    "low": 151.66,
    "high": 157.69,
    "close": 157.62,
    "volume": 3522569,
    "change": 2.6706618,
    "_rsi": 77.52898153,
    "_rsi1": 75.26694382,
    "_stock_k": 96.17635388,
    "_stock_d": 92.08450222,
    "_stock_k1": 91.23213775,
    "_stock_d1": 87.20741697,
    "_macd_blue": 6.07988223,
    "_macd_orange": 7.73159931,
    "_cci20": 222.46132796,
    "_cci201": 233.3946447,
    "_ema10": 144.40629679,
    "_ema20": 138.00228871,
    "_ema30": 133.48465279,
    "_ema50": 127.52140935,
    "_ema100": 119.79555358,
    "_ema200": 109.60131204,
    "_psar": 134.49348478,
    "_wr": -0.21813649,
    "_mom": 22.37,
    "_mom1": 19.96,
    "stock_diff": 4.09,
    "rsi_diff": 2.26
}
