{
    "open": 32.46,
    "low": 32.035,
    "high": 32.63,
    "close": 32.14,
    "volume": 5114675,
    "change": -0.52615289,
    "_rsi": 43.04454914,
    "_rsi1": 44.21613041,
    "_stock_k": 43.65094956,
    "_stock_d": 40.11612979,
    "_stock_k1": 39.56865074,
    "_stock_d1": 36.91135758,
    "_macd_blue": -0.79905186,
    "_macd_orange": -0.74574023,
    "_cci20": -24.19154481,
    "_cci201": -35.42132925,
    "_ema10": 32.08534556,
    "_ema20": 32.64437232,
    "_ema30": 33.07594792,
    "_ema50": 33.45757406,
    "_ema100": 33.66938877,
    "_ema200": 33.9908204,
    "_psar": 32.65840747,
    "_wr": -54.48577681,
    "_mom": 0.96,
    "_mom1": 1.38,
    "stock_diff": 3.53,
    "rsi_diff": -1.17
}
