{
    "open": 404.96,
    "low": 398.81,
    "high": 410.41,
    "close": 410.41,
    "volume": 744551,
    "change": 2.25992924,
    "_rsi": 66.78084573,
    "_rsi1": 62.40611515,
    "_stock_k": 89.17898805,
    "_stock_d": 82.9965541,
    "_stock_k1": 79.55086783,
    "_stock_d1": 82.75174397,
    "_macd_blue": 1.28608769,
    "_macd_orange": 5.24563292,
    "_cci20": 172.96186634,
    "_cci201": 154.30106442,
    "_ema10": 393.25640744,
    "_ema20": 387.16119122,
    "_ema30": 386.14211416,
    "_ema50": 389.25621553,
    "_ema100": 395.88055913,
    "_ema200": 391.56994422,
    "_psar": 381.17746856,
    "_wr": 0,
    "_mom": 40.66,
    "_mom1": 27.18,
    "stock_diff": 6.18,
    "rsi_diff": 4.37
}
