{
    "open": 393.97,
    "low": 386.23,
    "high": 394.74,
    "close": 394.74,
    "volume": 488626,
    "change": 0.39165819,
    "_rsi": 40.99591502,
    "_rsi1": 39.99050012,
    "_stock_k": 34.12017167,
    "_stock_d": 34.60704769,
    "_stock_k1": 33.8895628,
    "_stock_d1": 37.0305605,
    "_macd_blue": -11.35717955,
    "_macd_orange": -9.85137006,
    "_cci20": -70.74656642,
    "_cci201": -79.57625444,
    "_ema10": 398.44842644,
    "_ema20": 404.5545467,
    "_ema30": 412.6329066,
    "_ema50": 428.73556274,
    "_ema100": 452.48924437,
    "_ema200": 458.89643991,
    "_psar": 384.134115,
    "_wr": -63.78755365,
    "_mom": 8.37,
    "_mom1": 0.06,
    "stock_diff": -0.49,
    "rsi_diff": 1.01
}
