{
    "open": 227.98,
    "low": 227.98,
    "high": 234.565,
    "close": 232.57,
    "volume": 5072478,
    "change": 2.82518348,
    "_rsi": 39.98463016,
    "_rsi1": 28.64802758,
    "_stock_k": 31.70134455,
    "_stock_d": 21.45040433,
    "_stock_k1": 20.00885982,
    "_stock_d1": 12.53927161,
    "_macd_blue": -7.10897553,
    "_macd_orange": -7.74674086,
    "_cci20": -50.55300151,
    "_cci201": -95.96545646,
    "_ema10": 230.56852848,
    "_ema20": 236.76470406,
    "_ema30": 241.20204768,
    "_ema50": 246.08505721,
    "_ema100": 248.5731592,
    "_ema200": 244.3296646,
    "_psar": 217.8903,
    "_wr": -53.24124941,
    "_mom": -6.95,
    "_mom1": -18.59,
    "stock_diff": 10.25,
    "rsi_diff": 11.34
}
