{
    "open": 32.55,
    "low": 32.22,
    "high": 32.76,
    "close": 32.41,
    "volume": 243663,
    "change": 0.0308642,
    "_rsi": 60.0505588,
    "_rsi1": 59.92651238,
    "_stock_k": 73.1182028,
    "_stock_d": 83.66408564,
    "_stock_k1": 84.83067364,
    "_stock_d1": 86.06822946,
    "_macd_blue": 0.30148606,
    "_macd_orange": 0.35508575,
    "_cci20": 103.46083789,
    "_cci201": 141.28505502,
    "_ema10": 32.24614723,
    "_ema20": 31.94919803,
    "_ema30": 31.7599237,
    "_ema50": 31.56151504,
    "_ema100": 31.24800707,
    "_ema200": 30.36557645,
    "_psar": 31.703528,
    "_wr": -36.45320197,
    "_mom": 0.49,
    "_mom1": 0.59,
    "stock_diff": -10.55,
    "rsi_diff": 0.12
}
