{
    "open": 330.81,
    "low": 315,
    "high": 338.32,
    "close": 337.74,
    "volume": 1044430,
    "change": 3.19919333,
    "_rsi": 62.58680158,
    "_rsi1": 59.7585547,
    "_stock_k": 82.09417696,
    "_stock_d": 68.63800711,
    "_stock_k1": 66.17182415,
    "_stock_d1": 58.60130137,
    "_macd_blue": 14.85468264,
    "_macd_orange": 14.97144273,
    "_cci20": 119.54246371,
    "_cci201": 100.89117885,
    "_ema10": 320.94832203,
    "_ema20": 309.72744964,
    "_ema30": 300.52684165,
    "_ema50": 291.36867088,
    "_ema100": 286.9000806,
    "_ema200": 281.67707706,
    "_psar": 293.333184,
    "_wr": -4.5841785,
    "_mom": 22.61,
    "_mom1": 0.29,
    "stock_diff": 13.46,
    "rsi_diff": 2.83
}
