{
    "open": 56.29,
    "low": 56.1,
    "high": 57.1871,
    "close": 57.12,
    "volume": 4078003,
    "change": 1.90900981,
    "_rsi": 54.45544927,
    "_rsi1": 50.10062833,
    "_stock_k": 73.03370787,
    "_stock_d": 74.31175952,
    "_stock_k1": 72.40948814,
    "_stock_d1": 78.82384399,
    "_macd_blue": -0.48079714,
    "_macd_orange": -0.11329213,
    "_cci20": 91.2548588,
    "_cci201": 42.22543154,
    "_ema10": 56.04997028,
    "_ema20": 55.94477621,
    "_ema30": 56.18716526,
    "_ema50": 56.69185502,
    "_ema100": 57.3262277,
    "_ema200": 56.79716921,
    "_psar": 54.90471212,
    "_wr": -12.35955056,
    "_mom": 4.47,
    "_mom1": 3.06,
    "stock_diff": -1.28,
    "rsi_diff": 4.35
}
