{
    "open": 11.22,
    "low": 11.15,
    "high": 11.3,
    "close": 11.28,
    "volume": 4076217,
    "change": 0.53475936,
    "_rsi": 46.40921201,
    "_rsi1": 44.81624503,
    "_stock_k": 60.67137371,
    "_stock_d": 69.53864446,
    "_stock_k1": 66.24550972,
    "_stock_d1": 78.57650894,
    "_macd_blue": -0.09719723,
    "_macd_orange": -0.06435859,
    "_cci20": -20.70268955,
    "_cci201": -11.51881859,
    "_ema10": 11.348076,
    "_ema20": 11.37667422,
    "_ema30": 11.43714609,
    "_ema50": 11.54285033,
    "_ema100": 11.68282942,
    "_ema200": 11.72117149,
    "_psar": 11.01545708,
    "_wr": -42.73504274,
    "_mom": 0.38,
    "_mom1": 0.13,
    "stock_diff": -8.87,
    "rsi_diff": 1.59
}
