{
    "open": 62.43,
    "low": 60.95,
    "high": 63.26,
    "close": 61.67,
    "volume": 11290699,
    "change": 1.71532245,
    "_rsi": 62.28873051,
    "_rsi1": 60.39790884,
    "_stock_k": 85.26997242,
    "_stock_d": 76.97629572,
    "_stock_k1": 76.84754522,
    "_stock_d1": 63.75538329,
    "_macd_blue": 1.42994517,
    "_macd_orange": 1.6166729,
    "_cci20": 117.70244111,
    "_cci201": 89.64424351,
    "_ema10": 58.70396901,
    "_ema20": 57.50059377,
    "_ema30": 56.35298352,
    "_ema50": 54.09854512,
    "_ema100": 49.1779238,
    "_ema200": 41.90120839,
    "_psar": 50.675992,
    "_wr": -12.17457887,
    "_mom": 2.73,
    "_mom1": 1.15,
    "stock_diff": 8.29,
    "rsi_diff": 1.89
}
