{
    "open": 226.99,
    "low": 219.02,
    "high": 227.92,
    "close": 220.31,
    "volume": 849051,
    "change": -3.76534312,
    "_rsi": 44.27744209,
    "_rsi1": 51.57649969,
    "_stock_k": 64.39030393,
    "_stock_d": 66.48619827,
    "_stock_k1": 71.0348222,
    "_stock_d1": 63.61921168,
    "_macd_blue": -5.22746437,
    "_macd_orange": -3.56513114,
    "_cci20": -9.27337489,
    "_cci201": 61.4049005,
    "_ema10": 222.82119959,
    "_ema20": 224.54548569,
    "_ema30": 227.79688696,
    "_ema50": 233.92094817,
    "_ema100": 241.57841588,
    "_ema200": 239.46354531,
    "_psar": 211.12417024,
    "_wr": -49.6124031,
    "_mom": 1.1,
    "_mom1": 18.37,
    "stock_diff": -2.1,
    "rsi_diff": -7.3
}
