{
    "open": 118.55,
    "low": 116.91,
    "high": 118.65,
    "close": 117.04,
    "volume": 350165,
    "change": -1.33198449,
    "_rsi": 43.62581878,
    "_rsi1": 47.99740724,
    "_stock_k": 40.98360656,
    "_stock_d": 40.51305404,
    "_stock_k1": 42.53187614,
    "_stock_d1": 40.01214329,
    "_macd_blue": -1.4108857,
    "_macd_orange": -1.15455866,
    "_cci20": -36.18578818,
    "_cci201": 49.78709957,
    "_ema10": 117.744288,
    "_ema20": 118.40644357,
    "_ema30": 119.40489599,
    "_ema50": 121.20837273,
    "_ema100": 122.72356116,
    "_ema200": 120.18390833,
    "_psar": 121.29670023,
    "_wr": -67.75956284,
    "_mom": -2.36,
    "_mom1": -0.08,
    "stock_diff": 0.47,
    "rsi_diff": -4.37
}
