{
    "open": 914.98,
    "low": 907.09,
    "high": 942.85,
    "close": 920.49,
    "volume": 23305493,
    "change": 1.66778957,
    "_rsi": 57.5405098,
    "_rsi1": 55.9220784,
    "_stock_k": 90.91735784,
    "_stock_d": 80.36472984,
    "_stock_k1": 82.54164033,
    "_stock_d1": 66.89420258,
    "_macd_blue": -21.15576524,
    "_macd_orange": -6.45507677,
    "_cci20": 194.41732085,
    "_cci201": 151.91957748,
    "_ema10": 858.18057136,
    "_ema20": 855.38600498,
    "_ema30": 866.89099765,
    "_ema50": 892.12833437,
    "_ema100": 907.83055577,
    "_ema200": 857.08153881,
    "_psar": 750.41770758,
    "_wr": -11.96938065,
    "_mom": 115.91,
    "_mom1": 67.1,
    "stock_diff": 10.55,
    "rsi_diff": 1.62
}
