{
    "open": 210.04,
    "low": 209.32,
    "high": 210.87,
    "close": 210.69,
    "volume": 945564,
    "change": 0.64007643,
    "_rsi": 44.65991171,
    "_rsi1": 42.07009763,
    "_stock_k": 65.58251222,
    "_stock_d": 64.6459754,
    "_stock_k1": 63.1586089,
    "_stock_d1": 63.37764252,
    "_macd_blue": -4.01666725,
    "_macd_orange": -2.85891968,
    "_cci20": -8.28478926,
    "_cci201": -6.00314002,
    "_ema10": 210.44626604,
    "_ema20": 211.86528401,
    "_ema30": 214.4721379,
    "_ema50": 219.13224166,
    "_ema100": 224.33671007,
    "_ema200": 224.44839173,
    "_psar": 204.0636478,
    "_wr": -29.16105877,
    "_mom": 4.49,
    "_mom1": 1.58,
    "stock_diff": 0.94,
    "rsi_diff": 2.59
}
