{
    "open": 64.09,
    "low": 63.84,
    "high": 64.73,
    "close": 64.7,
    "volume": 3938681,
    "change": 0.95178655,
    "_rsi": 65.84268239,
    "_rsi1": 63.99953586,
    "_stock_k": 91.80339547,
    "_stock_d": 88.77313032,
    "_stock_k1": 87.21659431,
    "_stock_d1": 87.63570441,
    "_macd_blue": 0.67396599,
    "_macd_orange": 1.15881799,
    "_cci20": 131.79870336,
    "_cci201": 134.67334142,
    "_ema10": 62.70455208,
    "_ema20": 61.61871433,
    "_ema30": 61.04609688,
    "_ema50": 60.31190259,
    "_ema100": 59.62401769,
    "_ema200": 59.28837944,
    "_psar": 60.52383479,
    "_wr": -0.42194093,
    "_mom": 3.79,
    "_mom1": 3.46,
    "stock_diff": 3.03,
    "rsi_diff": 1.84
}
