{
    "open": 88.09,
    "low": 87.225,
    "high": 88.32,
    "close": 87.44,
    "volume": 1342122,
    "change": -0.74914869,
    "_rsi": 49.89307809,
    "_rsi1": 52.47398395,
    "_stock_k": 55.81573849,
    "_stock_d": 69.23756042,
    "_stock_k1": 70.90561862,
    "_stock_d1": 76.97691284,
    "_macd_blue": 0.1352711,
    "_macd_orange": 0.32342054,
    "_cci20": 29.9159961,
    "_cci201": 82.37509371,
    "_ema10": 87.89626191,
    "_ema20": 87.53045908,
    "_ema30": 87.46216979,
    "_ema50": 87.45932174,
    "_ema100": 86.76821252,
    "_ema200": 83.75876435,
    "_psar": 86.93047734,
    "_wr": -64.64208243,
    "_mom": -0.34,
    "_mom1": 2.02,
    "stock_diff": -13.42,
    "rsi_diff": -2.58
}
