{
    "open": 18.35,
    "low": 18.32,
    "high": 19.07,
    "close": 19.07,
    "volume": 25109697,
    "change": 4.20765027,
    "_rsi": 66.08822923,
    "_rsi1": 58.32066404,
    "_stock_k": 71.17558718,
    "_stock_d": 58.49702112,
    "_stock_k1": 53.86904762,
    "_stock_d1": 47.81746032,
    "_macd_blue": 0.17212831,
    "_macd_orange": 0.23698034,
    "_cci20": 113.69263007,
    "_cci201": 50.59278189,
    "_ema10": 18.13673824,
    "_ema20": 17.93980225,
    "_ema30": 17.79434802,
    "_ema50": 17.56568178,
    "_ema100": 17.26922749,
    "_ema200": 17.00008828,
    "_psar": 16.91,
    "_wr": -2.54466703,
    "_mom": 0.97,
    "_mom1": -0.25,
    "stock_diff": 12.68,
    "rsi_diff": 7.77
}
