{
    "open": 332.92,
    "low": 331.97,
    "high": 337.97,
    "close": 337.5,
    "volume": 393882,
    "change": 1.69951184,
    "_rsi": 61.24379264,
    "_rsi1": 58.31247053,
    "_stock_k": 75.06000282,
    "_stock_d": 78.39314867,
    "_stock_k1": 74.94705633,
    "_stock_d1": 83.97990045,
    "_macd_blue": 7.10140027,
    "_macd_orange": 8.44660541,
    "_cci20": 94.07744442,
    "_cci201": 95.28445171,
    "_ema10": 331.24855154,
    "_ema20": 324.33127307,
    "_ema30": 319.45872981,
    "_ema50": 313.1861963,
    "_ema100": 303.34343355,
    "_ema200": 286.37613178,
    "_psar": 326.0934196,
    "_wr": -21.43159678,
    "_mom": 21.28,
    "_mom1": 19.61,
    "stock_diff": -3.33,
    "rsi_diff": 2.93
}
