{
    "open": 70.01,
    "low": 69.08,
    "high": 71.16,
    "close": 71.14,
    "volume": 991848,
    "change": 2.40391536,
    "_rsi": 55.2410861,
    "_rsi1": 51.36588105,
    "_stock_k": 85.44652701,
    "_stock_d": 87.43109151,
    "_stock_k1": 84.12348401,
    "_stock_d1": 89.91759039,
    "_macd_blue": -0.53620208,
    "_macd_orange": 0.20437397,
    "_cci20": 82.98260621,
    "_cci201": 70.02683768,
    "_ema10": 69.49010954,
    "_ema20": 68.89130689,
    "_ema30": 69.28317255,
    "_ema50": 71.09171828,
    "_ema100": 75.11562505,
    "_ema200": 76.99951019,
    "_psar": 65.18768966,
    "_wr": -8.93054024,
    "_mom": 4.53,
    "_mom1": 1.76,
    "stock_diff": -1.98,
    "rsi_diff": 3.88
}
