{
    "open": 356.25,
    "low": 352.07,
    "high": 359.58,
    "close": 358.98,
    "volume": 559598,
    "change": 1.28375138,
    "_rsi": 66.7548927,
    "_rsi1": 64.93955551,
    "_stock_k": 94.55107452,
    "_stock_d": 95.08585915,
    "_stock_k1": 94.63724227,
    "_stock_d1": 95.57533838,
    "_macd_blue": 5.44512046,
    "_macd_orange": 9.63992892,
    "_cci20": 137.03438675,
    "_cci201": 157.14756505,
    "_ema10": 344.15976579,
    "_ema20": 334.79087318,
    "_ema30": 330.78939878,
    "_ema50": 329.21424917,
    "_ema100": 331.85833146,
    "_ema200": 326.17363759,
    "_psar": 337.52587117,
    "_wr": -3.3348561,
    "_mom": 37.73,
    "_mom1": 38.64,
    "stock_diff": -0.53,
    "rsi_diff": 1.82
}
