{
    "open": 66.69,
    "low": 66.53,
    "high": 67.47,
    "close": 66.96,
    "volume": 2875777,
    "change": 0.54054054,
    "_rsi": 64.22945879,
    "_rsi1": 62.717812,
    "_stock_k": 79.3686901,
    "_stock_d": 67.97179677,
    "_stock_k1": 69.89052183,
    "_stock_d1": 62.25129037,
    "_macd_blue": 0.89854316,
    "_macd_orange": 1.00332268,
    "_cci20": 140.3983596,
    "_cci201": 83.91533317,
    "_ema10": 65.83976636,
    "_ema20": 65.01046268,
    "_ema30": 64.49177355,
    "_ema50": 64.05150539,
    "_ema100": 63.32031772,
    "_ema200": 62.00460063,
    "_psar": 64.54,
    "_wr": -16.29392971,
    "_mom": 1.2,
    "_mom1": 1.13,
    "stock_diff": 11.4,
    "rsi_diff": 1.51
}
