{
    "open": 164.33,
    "low": 163.895,
    "high": 167.09,
    "close": 166.21,
    "volume": 888751,
    "change": 0.95972787,
    "_rsi": 47.90529482,
    "_rsi1": 46.21434077,
    "_stock_k": 61.21145776,
    "_stock_d": 70.43813529,
    "_stock_k1": 67.59018191,
    "_stock_d1": 76.42535137,
    "_macd_blue": -2.59856147,
    "_macd_orange": -1.5714885,
    "_cci20": -3.11702123,
    "_cci201": 1.21817723,
    "_ema10": 166.4543992,
    "_ema20": 166.9403944,
    "_ema30": 168.82006647,
    "_ema50": 173.80589989,
    "_ema100": 182.69751434,
    "_ema200": 184.71981812,
    "_psar": 159.37548447,
    "_wr": -43.78762999,
    "_mom": 2.42,
    "_mom1": -0.17,
    "stock_diff": -9.23,
    "rsi_diff": 1.69
}
