{
    "open": 162.45,
    "low": 161.45,
    "high": 164.175,
    "close": 162.55,
    "volume": 2285138,
    "change": -0.15356265,
    "_rsi": 62.7058385,
    "_rsi1": 63.31420225,
    "_stock_k": 92.23470913,
    "_stock_d": 93.62830458,
    "_stock_k1": 93.70792958,
    "_stock_d1": 95.1093789,
    "_macd_blue": 0.51273497,
    "_macd_orange": 1.8803831,
    "_cci20": 147.31287302,
    "_cci201": 162.63541581,
    "_ema10": 158.96324368,
    "_ema20": 156.82626269,
    "_ema30": 156.38011888,
    "_ema50": 157.03322893,
    "_ema100": 157.83656489,
    "_ema200": 153.26613451,
    "_psar": 151.34404348,
    "_wr": -9.75682978,
    "_mom": 10.23,
    "_mom1": 14.87,
    "stock_diff": -1.39,
    "rsi_diff": -0.61
}
