{
    "open": 4885,
    "low": 4775.06,
    "high": 4906,
    "close": 4793.17,
    "volume": 21865,
    "change": -2.22589851,
    "_rsi": 44.43244134,
    "_rsi1": 48.75384994,
    "_stock_k": 62.76502991,
    "_stock_d": 70.29989395,
    "_stock_k1": 73.3264891,
    "_stock_d1": 73.47810324,
    "_macd_blue": -86.24545523,
    "_macd_orange": -59.28548012,
    "_cci20": -11.01445214,
    "_cci201": 48.23404944,
    "_ema10": 4854.33813971,
    "_ema20": 4881.68783842,
    "_ema30": 4938.24142,
    "_ema50": 5039.84327335,
    "_ema100": 5132.35959014,
    "_ema200": 5063.35378308,
    "_psar": 4996.61576354,
    "_wr": -46.42007452,
    "_mom": -20.99,
    "_mom1": 253.86,
    "stock_diff": -7.53,
    "rsi_diff": -4.32
}
