{
    "open": 449.21,
    "low": 446.12,
    "high": 456,
    "close": 454.64,
    "volume": 386848,
    "change": 1.07378671,
    "_rsi": 63.72973123,
    "_rsi1": 61.57341247,
    "_stock_k": 93.96646175,
    "_stock_d": 80.92618167,
    "_stock_k1": 81.91113676,
    "_stock_d1": 65.59128293,
    "_macd_blue": 3.26208658,
    "_macd_orange": 5.60216735,
    "_cci20": 150.18947336,
    "_cci201": 140.8688409,
    "_ema10": 439.95829733,
    "_ema20": 434.74236913,
    "_ema30": 432.04636794,
    "_ema50": 429.86616571,
    "_ema100": 429.49054098,
    "_ema200": 425.21871788,
    "_psar": 417.97872,
    "_wr": -3.38983051,
    "_mom": 13.22,
    "_mom1": 19.25,
    "stock_diff": 13.04,
    "rsi_diff": 2.16
}
