{
    "open": 217.71,
    "low": 216.525,
    "high": 219.07,
    "close": 219.04,
    "volume": 1181616,
    "change": 0.96335561,
    "_rsi": 63.06042374,
    "_rsi1": 60.5611153,
    "_stock_k": 87.54700429,
    "_stock_d": 81.07406155,
    "_stock_k1": 82.54482396,
    "_stock_d1": 78.04210327,
    "_macd_blue": 0.94652316,
    "_macd_orange": 2.18401953,
    "_cci20": 155.89295209,
    "_cci201": 128.40680876,
    "_ema10": 213.90621866,
    "_ema20": 211.4823989,
    "_ema30": 211.07140496,
    "_ema50": 212.55542293,
    "_ema100": 214.74639359,
    "_ema200": 210.38319371,
    "_psar": 210.60431025,
    "_wr": -0.21231423,
    "_mom": 11.77,
    "_mom1": 7.52,
    "stock_diff": 6.47,
    "rsi_diff": 2.5
}
