{
    "open": 208.12,
    "low": 204.69,
    "high": 209.15,
    "close": 204.74,
    "volume": 430474,
    "change": -2.26741133,
    "_rsi": 53.02728003,
    "_rsi1": 58.70619219,
    "_stock_k": 90.7514725,
    "_stock_d": 91.61884116,
    "_stock_k1": 95.52188481,
    "_stock_d1": 86.01569668,
    "_macd_blue": -2.18113399,
    "_macd_orange": -0.27118642,
    "_cci20": 139.69016892,
    "_cci201": 204.69952062,
    "_ema10": 202.03649289,
    "_ema20": 201.15096147,
    "_ema30": 202.496329,
    "_ema50": 206.20921129,
    "_ema100": 210.19014165,
    "_ema200": 206.68853678,
    "_psar": 190.83701184,
    "_wr": -24.83143455,
    "_mom": 5.14,
    "_mom1": 14.9,
    "stock_diff": -0.87,
    "rsi_diff": -5.68
}
