{
    "open": 74.06,
    "low": 73.47,
    "high": 74.37,
    "close": 73.57,
    "volume": 1094778,
    "change": -0.25759219,
    "_rsi": 55.8544736,
    "_rsi1": 56.94971736,
    "_stock_k": 81.74427199,
    "_stock_d": 76.85551754,
    "_stock_k1": 78.65061768,
    "_stock_d1": 71.12021206,
    "_macd_blue": 0.122333,
    "_macd_orange": 0.28503878,
    "_cci20": 123.66394868,
    "_cci201": 129.43882706,
    "_ema10": 72.88207351,
    "_ema20": 72.6158543,
    "_ema30": 72.43635398,
    "_ema50": 71.87471675,
    "_ema100": 70.11848069,
    "_ema200": 66.99536417,
    "_psar": 71.51536605,
    "_wr": -19.29046563,
    "_mom": 1.64,
    "_mom1": 0.5,
    "stock_diff": 4.89,
    "rsi_diff": -1.1
}
