{
    "open": 305.23,
    "low": 299.2855,
    "high": 305.5,
    "close": 303.68,
    "volume": 22561567,
    "change": -0.13811246,
    "_rsi": 56.29017846,
    "_rsi1": 56.64653471,
    "_stock_k": 92.18631791,
    "_stock_d": 91.68303171,
    "_stock_k1": 93,
    "_stock_d1": 91.75220081,
    "_macd_blue": -1.13542179,
    "_macd_orange": 1.41671445,
    "_cci20": 98.47198023,
    "_cci201": 100.72856966,
    "_ema10": 298.11919671,
    "_ema20": 295.65630876,
    "_ema30": 296.21281347,
    "_ema50": 299.45519761,
    "_ema100": 303.22584994,
    "_ema200": 295.06276455,
    "_psar": 278.34028315,
    "_wr": -5.12676056,
    "_mom": 23.61,
    "_mom1": 18.51,
    "stock_diff": 0.5,
    "rsi_diff": -0.36
}
