{
    "open": 85.55,
    "low": 84.39,
    "high": 86.03,
    "close": 85.5,
    "volume": 1555139,
    "change": 0.44642857,
    "_rsi": 35.86264402,
    "_rsi1": 34.60434461,
    "_stock_k": 13.33318326,
    "_stock_d": 19.28030679,
    "_stock_k1": 17.90631361,
    "_stock_d1": 23.63311153,
    "_macd_blue": -1.83355178,
    "_macd_orange": -2.07198641,
    "_cci20": -121.62718189,
    "_cci201": -109.17355467,
    "_ema10": 88.12944325,
    "_ema20": 89.77318654,
    "_ema30": 91.02631231,
    "_ema50": 92.70535649,
    "_ema100": 94.45325394,
    "_ema200": 94.86084063,
    "_psar": 90.5328,
    "_wr": -86.22828784,
    "_mom": -3.49,
    "_mom1": -4.81,
    "stock_diff": -5.95,
    "rsi_diff": 1.26
}
