{
    "open": 2835.08,
    "low": 2793.99,
    "high": 2839.19,
    "close": 2830.43,
    "volume": 946138,
    "change": 0.14825351,
    "_rsi": 60.57477548,
    "_rsi1": 60.31085396,
    "_stock_k": 92.30568741,
    "_stock_d": 90.26028619,
    "_stock_k1": 90.60696645,
    "_stock_d1": 90.79743679,
    "_macd_blue": 1.8718861,
    "_macd_orange": 28.74009055,
    "_cci20": 155.23197655,
    "_cci201": 162.50167261,
    "_ema10": 2747.10679566,
    "_ema20": 2711.90900362,
    "_ema30": 2706.71563062,
    "_ema50": 2720.06434314,
    "_ema100": 2743.54382724,
    "_ema200": 2665.39229652,
    "_psar": 2616.65462738,
    "_wr": -2.72070813,
    "_mom": 220.92,
    "_mom1": 172.6,
    "stock_diff": 2.05,
    "rsi_diff": 0.26
}
