{
    "open": 699,
    "low": 653.0301,
    "high": 713.05,
    "close": 682.04,
    "volume": 6062896,
    "change": -12.55897436,
    "_rsi": 49.41199131,
    "_rsi1": 57.73606961,
    "_stock_k": 78.99092399,
    "_stock_d": 68.53131938,
    "_stock_k1": 76.37145485,
    "_stock_d1": 50.94495953,
    "_macd_blue": -76.49385335,
    "_macd_orange": -45.9939764,
    "_cci20": 83.69406291,
    "_cci201": 158.76108526,
    "_ema10": 640.01963002,
    "_ema20": 657.23377356,
    "_ema30": 705.1883453,
    "_ema50": 813.55040708,
    "_ema100": 1006.12755252,
    "_ema200": 1140.51111668,
    "_psar": 533.82915656,
    "_wr": -36.2841692,
    "_mom": 121.24,
    "_mom1": 179.16,
    "stock_diff": 10.46,
    "rsi_diff": -8.32
}
