{
    "open": 433.59,
    "low": 433.19,
    "high": 441.07,
    "close": 441.07,
    "volume": 102676870,
    "change": 1.2510904,
    "_rsi": 54.71949723,
    "_rsi1": 51.51617863,
    "_stock_k": 76.56358367,
    "_stock_d": 53.68866959,
    "_stock_k1": 50.2392154,
    "_stock_d1": 39.33693133,
    "_macd_blue": -5.63640564,
    "_macd_orange": -3.7976981,
    "_cci20": 104.70384034,
    "_cci201": 24.61762652,
    "_ema10": 429.64304775,
    "_ema20": 431.5779091,
    "_ema30": 434.81743491,
    "_ema50": 440.25264738,
    "_ema100": 445.10941859,
    "_ema200": 438.05251994,
    "_psar": 415.79,
    "_wr": -0.15390535,
    "_mom": 5.36,
    "_mom1": -2.27,
    "stock_diff": 22.87,
    "rsi_diff": 3.2
}
