{
    "open": 115.57,
    "low": 115.34,
    "high": 116.71,
    "close": 115.49,
    "volume": 659500,
    "change": 0.6010453,
    "_rsi": 52.46596248,
    "_rsi1": 50.71591653,
    "_stock_k": 71.63272597,
    "_stock_d": 55.59282377,
    "_stock_k1": 54.62948952,
    "_stock_d1": 44.56927894,
    "_macd_blue": -0.12685864,
    "_macd_orange": -0.18941295,
    "_cci20": 35.40164389,
    "_cci201": -15.32674891,
    "_ema10": 114.37026171,
    "_ema20": 114.61381481,
    "_ema30": 114.54700305,
    "_ema50": 113.81676263,
    "_ema100": 111.29120257,
    "_ema200": 105.56958652,
    "_psar": 110.1164,
    "_wr": -23.79421222,
    "stock_diff": 16.04,
    "rsi_diff": 1.75
}
