{
    "open": 115.57,
    "low": 115.57,
    "high": 116.71,
    "close": 116.21,
    "change": 1.228223,
    "_rsi": 54.16432276,
    "_rsi1": 50.71591653,
    "_stock_k": 74.20507324,
    "_stock_d": 56.45027286,
    "_stock_k1": 54.62948952,
    "_stock_d1": 44.56927894,
    "_macd_blue": -0.11537146,
    "_macd_orange": -0.13197706,
    "_cci20": 46.62274582,
    "_cci201": -15.32674891,
    "_ema10": 114.50117081,
    "_ema20": 114.68238624,
    "_ema30": 114.59345467,
    "_ema50": 113.84499792,
    "_ema100": 111.30545999,
    "_ema200": 105.5767507,
    "_psar": 110.1164,
    "_wrr": -16.07717042,
    "stock_diff": 17.75,
    "rsi_diff": 3.45
}
