{
    "open": 115.57,
    "low": 115.49,
    "high": 116.71,
    "close": 115.865,
    "change": 0.92770035,
    "_rsi": 53.3659329,
    "_rsi1": 50.71591653,
    "_stock_k": 72.97249018,
    "_stock_d": 56.03941183,
    "_stock_k1": 54.62948952,
    "_stock_d1": 44.56927894,
    "_macd_blue": -0.12087574,
    "_macd_orange": -0.15949842,
    "_cci20": 41.63079616,
    "_cci201": -15.32674891,
    "_ema10": 114.43844353,
    "_ema20": 114.64952909,
    "_ema30": 114.5711966,
    "_ema50": 113.83146851,
    "_ema100": 111.29862831,
    "_ema200": 105.57331786,
    "_psar": 110.1164,
    "_wrr": -19.77491961,
    "stock_diff": 16.93,
    "rsi_diff": 2.65
}
