{
    "open": 92.25,
    "low": 92.04,
    "high": 93.48,
    "close": 93.45,
    "volume": 3158906,
    "change": 0.9397278,
    "_rsi": 41.88237959,
    "_rsi1": 39.20721966,
    "_stock_k": 43.9776917,
    "_stock_d": 36.98657528,
    "_stock_k1": 34.74105533,
    "_stock_d1": 34.61679082,
    "_macd_blue": -2.6945402,
    "_macd_orange": -2.56552108,
    "_cci20": -42.93007911,
    "_cci201": -57.71562107,
    "_ema10": 93.38432029,
    "_ema20": 95.32885227,
    "_ema30": 96.78316298,
    "_ema50": 97.91502499,
    "_ema100": 98.00836506,
    "_ema200": 96.5370078,
    "_psar": 89.88559953,
    "_wr": -36.42052566,
    "_mom": 4.58,
    "_mom1": 0.69,
    "stock_diff": 6.99,
    "rsi_diff": 2.68
}
