{
    "open": 86.66,
    "low": 85.21,
    "high": 86.66,
    "close": 85.69,
    "volume": 1291722,
    "change": -0.70683662,
    "_rsi": 51.44483678,
    "_rsi1": 52.94507532,
    "_stock_k": 68.25173671,
    "_stock_d": 74.00075158,
    "_stock_k1": 73.83616522,
    "_stock_d1": 80.45737729,
    "_macd_blue": -0.18833271,
    "_macd_orange": 0.47936034,
    "_cci20": 62.34527082,
    "_cci201": 65.51506733,
    "_ema10": 85.83232708,
    "_ema20": 85.07609656,
    "_ema30": 85.19022634,
    "_ema50": 85.92089601,
    "_ema100": 86.73346714,
    "_ema200": 84.37039978,
    "_psar": 80.31674904,
    "_wr": -38.22033898,
    "_mom": 1.59,
    "_mom1": 3.68,
    "stock_diff": -5.75,
    "rsi_diff": -1.5
}
