{
    "open": 240.83,
    "low": 240.364,
    "high": 244.44,
    "close": 244.36,
    "volume": 1127654,
    "change": 1.39419087,
    "_rsi": 65.94392345,
    "_rsi1": 63.04638336,
    "_stock_k": 63.14245022,
    "_stock_d": 52.2086789,
    "_stock_k1": 49.4256628,
    "_stock_d1": 42.41384942,
    "_macd_blue": 4.82688276,
    "_macd_orange": 4.90081664,
    "_cci20": 117.3317388,
    "_cci201": 96.2989062,
    "_ema10": 237.61762259,
    "_ema20": 234.09276325,
    "_ema30": 230.68790993,
    "_ema50": 225.16242483,
    "_ema100": 216.48846161,
    "_ema200": 205.53263007,
    "_psar": 224.375,
    "_wr": -14.90059316,
    "_mom": 11.88,
    "_mom1": 5.48,
    "stock_diff": 10.93,
    "rsi_diff": 2.9
}
