{
    "open": 168.98,
    "low": 164.29,
    "high": 172,
    "close": 170.78,
    "volume": 8122316,
    "change": 2.4167916,
    "_rsi": 27.23398351,
    "_rsi1": 25.3062309,
    "_stock_k": 2.80574099,
    "_stock_d": 6.52696627,
    "_stock_k1": 5.35396558,
    "_stock_d1": 10.14481342,
    "_macd_blue": -22.15059052,
    "_macd_orange": -29.32274126,
    "_cci20": -119.09997305,
    "_cci201": -133.45688328,
    "_ema10": 199.76524473,
    "_ema20": 225.00038647,
    "_ema30": 241.05165852,
    "_ema50": 262.18362078,
    "_ema100": 284.88266007,
    "_ema200": 291.1963979,
    "_psar": 210.54728976,
    "_wr": -94.18484835,
    "_mom": -92.41,
    "_mom1": -98.91,
    "stock_diff": -3.72,
    "rsi_diff": 1.93
}
