{
    "open": 145.39,
    "low": 144.93,
    "high": 146.94,
    "close": 145.8328,
    "volume": 3001891,
    "change": 0.03621896,
    "_rsi": 64.76576422,
    "_rsi1": 64.67618279,
    "_stock_k": 94.2485982,
    "_stock_d": 91.79686975,
    "_stock_k1": 91.56919915,
    "_stock_d1": 86.9431773,
    "_macd_blue": 0.6569789,
    "_macd_orange": 1.6662368,
    "_cci20": 150.82262218,
    "_cci201": 159.82019225,
    "_ema10": 142.34935603,
    "_ema20": 140.57437,
    "_ema30": 140.0308303,
    "_ema50": 140.05812576,
    "_ema100": 140.87667647,
    "_ema200": 141.14859424,
    "_psar": 137.79705001,
    "_wr": -8.40698557,
    "_mom": 9.6728,
    "_mom1": 9.79,
    "stock_diff": 2.45,
    "rsi_diff": 0.09
}
