{
    "open": 37.23,
    "low": 37.16,
    "high": 38.46,
    "close": 37.62,
    "volume": 8950088,
    "change": 0.50761421,
    "_rsi": 63.93066011,
    "_rsi1": 63.35295734,
    "_stock_k": 80.76984127,
    "_stock_d": 85.32278649,
    "_stock_k1": 84.79849282,
    "_stock_d1": 91.0666704,
    "_macd_blue": 0.83993773,
    "_macd_orange": 1.25159369,
    "_cci20": 121.43405122,
    "_cci201": 115.17411484,
    "_ema10": 36.10139692,
    "_ema20": 34.95064329,
    "_ema30": 34.36196299,
    "_ema50": 33.89692382,
    "_ema100": 34.38074602,
    "_ema200": 36.26558472,
    "_psar": 32.07514098,
    "_wr": -14.5,
    "_mom": 3.88,
    "_mom1": 3.68,
    "stock_diff": -4.55,
    "rsi_diff": 0.58
}
