{
    "open": 16.75,
    "low": 16.57,
    "high": 17.19,
    "close": 17.16,
    "volume": 4896478,
    "change": 1.00058858,
    "_rsi": 52.68638094,
    "_rsi1": 51.56897116,
    "_stock_k": 72.09119497,
    "_stock_d": 60.35115304,
    "_stock_k1": 60.8490566,
    "_stock_d1": 50.18343816,
    "_macd_blue": -0.80387174,
    "_macd_orange": -0.54763027,
    "_cci20": 61.5097705,
    "_cci201": 44.67864793,
    "_ema10": 16.18425473,
    "_ema20": 16.46484999,
    "_ema30": 16.9384655,
    "_ema50": 17.85664701,
    "_ema100": 19.32606538,
    "_ema200": 20.12594596,
    "_psar": 13.766,
    "_wr": -18.39622642,
    "_mom": 0.71,
    "_mom1": -0.33,
    "stock_diff": 11.74,
    "rsi_diff": 1.12
}
