{
    "open": 56.5,
    "low": 55.86,
    "high": 57.49,
    "close": 55.89,
    "volume": 5620957,
    "change": -2.1019443,
    "_rsi": 66.26826787,
    "_rsi1": 70.80678834,
    "_stock_k": 66.69753404,
    "_stock_d": 66.90903271,
    "_stock_k1": 66.38886031,
    "_stock_d1": 71.33387519,
    "_macd_blue": 2.11487209,
    "_macd_orange": 2.99327084,
    "_cci20": 93.28501239,
    "_cci201": 110.89253862,
    "_ema10": 54.04048807,
    "_ema20": 51.34658831,
    "_ema30": 49.86528904,
    "_ema50": 48.1960754,
    "_ema100": 45.97187649,
    "_ema200": 43.28004939,
    "_psar": 52.73628995,
    "_wr": -34.4171211,
    "stock_diff": -0.21,
    "rsi_diff": -4.54
}
