{
    "open": 56.5,
    "low": 56.09,
    "high": 57.49,
    "close": 56.425,
    "change": -1.16482747,
    "_rsi": 68.21770412,
    "_rsi1": 70.80678834,
    "_stock_k": 67.61498097,
    "_stock_d": 67.21484835,
    "_stock_k1": 66.38886031,
    "_stock_d1": 71.33387519,
    "_macd_blue": 2.12340771,
    "_macd_orange": 3.0359489,
    "_cci20": 96.30544358,
    "_cci201": 110.89253862,
    "_ema10": 54.1377608,
    "_ema20": 51.39754069,
    "_ema30": 49.89980517,
    "_ema50": 48.21705579,
    "_ema100": 45.98247054,
    "_ema200": 43.28537277,
    "_psar": 52.73628995,
    "_wrr": -31.66478033,
    "stock_diff": 0.4,
    "rsi_diff": -2.59
}
