{
    "open": 56.5,
    "low": 56.09,
    "high": 57.49,
    "close": 56.66,
    "change": -0.75319671,
    "_rsi": 69.11072778,
    "_rsi1": 70.80678834,
    "_stock_k": 68.01797167,
    "_stock_d": 67.34917858,
    "_stock_k1": 66.38886031,
    "_stock_d1": 71.33387519,
    "_macd_blue": 2.12715699,
    "_macd_orange": 3.05469534,
    "_cci20": 97.22913496,
    "_cci201": 110.89253862,
    "_ema10": 54.18048807,
    "_ema20": 51.41992165,
    "_ema30": 49.91496646,
    "_ema50": 48.22627148,
    "_ema100": 45.98712401,
    "_ema200": 43.28771108,
    "_psar": 52.73628995,
    "_wrr": -30.45580821,
    "stock_diff": 0.67,
    "rsi_diff": -1.7
}
