{
    "open": 173.33,
    "low": 172.55,
    "high": 176.52,
    "close": 176.14,
    "volume": 10504958,
    "change": 2.59188072,
    "_rsi": 65.43081185,
    "_rsi1": 58.43302366,
    "_stock_k": 87.76662951,
    "_stock_d": 82.82008034,
    "_stock_k1": 81.74725137,
    "_stock_d1": 79.47769171,
    "_macd_blue": 0.2178512,
    "_macd_orange": 1.23052221,
    "_cci20": 170.53224281,
    "_cci201": 132.47781314,
    "_ema10": 170.27844251,
    "_ema20": 168.8816082,
    "_ema30": 168.48062376,
    "_ema50": 168.09294721,
    "_ema100": 167.44237316,
    "_ema200": 165.97562551,
    "_psar": 163.83319493,
    "_wr": -1.82692308,
    "_mom": 12.14,
    "_mom1": 7.12,
    "stock_diff": 4.95,
    "rsi_diff": 7.0
}
