{
    "open": 17.34,
    "low": 17.1,
    "high": 17.73,
    "close": 17.13,
    "volume": 6992609,
    "change": 0.05841121,
    "_rsi": 52.03851555,
    "_rsi1": 51.96524042,
    "_stock_k": 88.35000687,
    "_stock_d": 86.37294784,
    "_stock_k1": 87.18071056,
    "_stock_d1": 80.95334387,
    "_macd_blue": -0.56217428,
    "_macd_orange": -0.24256187,
    "_cci20": 72.64570672,
    "_cci201": 63.35847101,
    "_ema10": 16.65555349,
    "_ema20": 16.66535213,
    "_ema30": 16.9934831,
    "_ema50": 17.78748508,
    "_ema100": 19.20501769,
    "_ema200": 20.04091183,
    "_psar": 14.32980346,
    "_wr": -14.88833747,
    "_mom": 2.94,
    "_mom1": 3.29,
    "stock_diff": 1.98,
    "rsi_diff": 0.07
}
