{
    "open": 564.74,
    "low": 557.56,
    "high": 571.52,
    "close": 559.32,
    "volume": 1365686,
    "change": -0.11964499,
    "_rsi": 41.16122728,
    "_rsi1": 41.44694031,
    "_stock_k": 44.93097072,
    "_stock_d": 47.53653016,
    "_stock_k1": 45.98426297,
    "_stock_d1": 49.08430251,
    "_macd_blue": -7.79424293,
    "_macd_orange": -6.90190809,
    "_cci20": -55.42573156,
    "_cci201": -44.61188711,
    "_ema10": 567.08871361,
    "_ema20": 571.55175423,
    "_ema30": 576.94166516,
    "_ema50": 588.94729255,
    "_ema100": 617.60273988,
    "_ema200": 643.01532141,
    "_psar": 551.05920756,
    "_wr": -63.55821829,
    "_mom": -2.81,
    "_mom1": 2.24,
    "stock_diff": -2.61,
    "rsi_diff": -0.29
}
