{
    "open": 335.36,
    "low": 332.2,
    "high": 337.41,
    "close": 335.23,
    "volume": 228659,
    "change": -0.12513034,
    "_rsi": 51.69923738,
    "_rsi1": 52.13786658,
    "_stock_k": 49.25134234,
    "_stock_d": 62.98886551,
    "_stock_k1": 63.08839111,
    "_stock_d1": 74.11965821,
    "_macd_blue": 2.8436113,
    "_macd_orange": 2.92577273,
    "_cci20": 10.46886355,
    "_cci201": 33.74616391,
    "_ema10": 337.16208424,
    "_ema20": 334.6773599,
    "_ema30": 333.41816805,
    "_ema50": 333.27274578,
    "_ema100": 332.82538362,
    "_ema200": 323.90632658,
    "_psar": 348.28,
    "_wr": -60.89594027,
    "_mom": -7.14,
    "_mom1": -1.19,
    "stock_diff": -13.74,
    "rsi_diff": -0.44
}
