{
    "open": 299.92,
    "low": 298.49,
    "high": 303.05,
    "close": 300.02,
    "volume": 1093560,
    "change": 0.03334222,
    "_rsi": 75.65875079,
    "_rsi1": 75.59281597,
    "_stock_k": 83.37669847,
    "_stock_d": 88.3526736,
    "_stock_k1": 88.23288398,
    "_stock_d1": 92.67744244,
    "_macd_blue": 7.16510959,
    "_macd_orange": 8.59781111,
    "_cci20": 127.84398244,
    "_cci201": 153.96924141,
    "_ema10": 293.11754214,
    "_ema20": 286.18629191,
    "_ema30": 280.87278994,
    "_ema50": 271.86527213,
    "_ema100": 254.64984761,
    "_ema200": 233.14233069,
    "_psar": 290.74793909,
    "_wr": -16.44984099,
    "_mom": 23.49,
    "_mom1": 27.17,
    "stock_diff": -4.98,
    "rsi_diff": 0.07
}
