{
    "open": 60.64,
    "low": 59.42,
    "high": 60.73,
    "close": 59.48,
    "volume": 8240831,
    "change": -2.69916571,
    "_rsi": 36.4073997,
    "_rsi1": 40.5855979,
    "_stock_k": 30.79497551,
    "_stock_d": 37.05534908,
    "_stock_k1": 39.23925668,
    "_stock_d1": 42.283801,
    "_macd_blue": -1.82472158,
    "_macd_orange": -1.7389314,
    "_cci20": -108.88416228,
    "_cci201": -54.06146507,
    "_ema10": 61.44271132,
    "_ema20": 62.66141557,
    "_ema30": 63.8704014,
    "_ema50": 65.64345606,
    "_ema100": 67.49685043,
    "_ema200": 67.79747721,
    "_psar": 63.96393499,
    "_wr": -78.54195323,
    "_mom": -1.71,
    "_mom1": 1.13,
    "stock_diff": -6.26,
    "rsi_diff": -4.18
}
