{
    "open": 208.89,
    "low": 206.56,
    "high": 210.3,
    "close": 207.76,
    "volume": 652172,
    "change": -0.25924148,
    "_rsi": 55.26258638,
    "_rsi1": 56.51125429,
    "_stock_k": 41.20171674,
    "_stock_d": 39.92402304,
    "_stock_k1": 39.69073986,
    "_stock_d1": 39.05002033,
    "_macd_blue": 1.71469465,
    "_macd_orange": 1.54618786,
    "_cci20": 57.20127523,
    "_cci201": 53.23334722,
    "_ema10": 207.219497,
    "_ema20": 206.23082638,
    "_ema30": 204.97184982,
    "_ema50": 202.09722206,
    "_ema100": 195.58507991,
    "_ema200": 186.08732542,
    "_psar": 215.0456365,
    "_wr": -61.51645207,
    "_mom": 2.88,
    "_mom1": 4.29,
    "stock_diff": 1.28,
    "rsi_diff": -1.25
}
