{
    "open": 136.01,
    "low": 133.16,
    "high": 136.01,
    "close": 134.1,
    "volume": 1062209,
    "change": -1.24456882,
    "_rsi": 38.37076831,
    "_rsi1": 40.80933242,
    "_stock_k": 40.64127604,
    "_stock_d": 39.33919271,
    "_stock_k1": 40.28320312,
    "_stock_d1": 36.36067708,
    "_macd_blue": -5.48609515,
    "_macd_orange": -4.61911264,
    "_cci20": -41.06710722,
    "_cci201": -18.71264023,
    "_ema10": 134.79832344,
    "_ema20": 137.69676292,
    "_ema30": 141.27506301,
    "_ema50": 147.32073979,
    "_ema100": 155.8159991,
    "_ema200": 164.70603708,
    "_psar": 127.663296,
    "_wr": -65.4296875,
    "_mom": 0.65,
    "_mom1": -1.48,
    "stock_diff": 1.3,
    "rsi_diff": -2.44
}
