{
    "open": 76.99,
    "low": 76.52,
    "high": 77.36,
    "close": 77.36,
    "volume": 21172,
    "change": 1.09775222,
    "_rsi": 55.43112497,
    "_rsi1": 52.04795517,
    "_stock_k": 84.39716312,
    "_stock_d": 87.06206452,
    "_stock_k1": 85.8208305,
    "_stock_d1": 86.31365308,
    "_macd_blue": -0.39261548,
    "_macd_orange": 0.05142042,
    "_cci20": 101.89247381,
    "_cci201": 94.90203766,
    "_ema10": 76.31387675,
    "_ema20": 76.03497544,
    "_ema30": 76.24607092,
    "_ema50": 76.93141189,
    "_ema100": 77.82076061,
    "_ema200": 76.94716783,
    "_psar": 73.58804733,
    "_wr": -12.37911025,
    "_mom": 2.79,
    "_mom1": 1.4,
    "stock_diff": -2.66,
    "rsi_diff": 3.38
}
