{
    "open": 560.14,
    "low": 550.84,
    "high": 566.75,
    "close": 554.02,
    "volume": 2057770,
    "change": -1.30578071,
    "_rsi": 64.52767029,
    "_rsi1": 70.31946706,
    "_stock_k": 91.19024739,
    "_stock_d": 92.12571178,
    "_stock_k1": 92.99392557,
    "_stock_d1": 89.11208505,
    "_macd_blue": 6.33146964,
    "_macd_orange": 9.73153298,
    "_cci20": 161.3741621,
    "_cci201": 186.41752619,
    "_ema10": 542.46831282,
    "_ema20": 533.45686595,
    "_ema30": 528.97130369,
    "_ema50": 524.73032857,
    "_ema100": 513.12092216,
    "_ema200": 482.69971664,
    "_psar": 528.77109524,
    "_wr": -23.15808623,
    "_mom": 25.5,
    "_mom1": 35.85,
    "stock_diff": -0.94,
    "rsi_diff": -5.79
}
