{
    "open": 115.53,
    "low": 114.09,
    "high": 117.36,
    "close": 114.65,
    "volume": 14430565,
    "change": -2.7318232,
    "_rsi": 51.48208639,
    "_rsi1": 54.74732997,
    "_stock_k": 86.52168571,
    "_stock_d": 89.79703322,
    "_stock_k1": 91.58373265,
    "_stock_d1": 90.39108669,
    "_macd_blue": -6.88219408,
    "_macd_orange": -2.87042827,
    "_cci20": 108.07053702,
    "_cci201": 145.23260021,
    "_ema10": 110.48623396,
    "_ema20": 110.18132951,
    "_ema30": 114.83057145,
    "_ema50": 127.93703108,
    "_ema100": 158.35142494,
    "_ema200": 190.79518284,
    "_psar": 95.72976809,
    "_wr": -17.43457427,
    "_mom": 14.43,
    "_mom1": 22.97,
    "stock_diff": -3.28,
    "rsi_diff": -3.27
}
