{
    "open": 71.02,
    "low": 70.69,
    "high": 71.81,
    "close": 71.64,
    "volume": 2562152,
    "change": 1.07223476,
    "_rsi": 57.79071365,
    "_rsi1": 55.2654369,
    "_stock_k": 82.46284501,
    "_stock_d": 85.3852477,
    "_stock_k1": 83.05434005,
    "_stock_d1": 89.24747787,
    "_macd_blue": -0.12611014,
    "_macd_orange": 0.40448987,
    "_cci20": 111.7813534,
    "_cci201": 117.33008725,
    "_ema10": 70.29952236,
    "_ema20": 69.73947294,
    "_ema30": 69.6967659,
    "_ema50": 69.78778573,
    "_ema100": 69.62091336,
    "_ema200": 67.54119345,
    "_psar": 67.42814911,
    "_wr": -14.9044586,
    "_mom": 4.78,
    "_mom1": 2.99,
    "stock_diff": -2.92,
    "rsi_diff": 2.53
}
