{
    "open": 27.02,
    "low": 26.65,
    "high": 27.33,
    "close": 27.27,
    "volume": 366896,
    "change": 1.94392523,
    "_rsi": 60.6329733,
    "_rsi1": 57.44805306,
    "_stock_k": 54.1037912,
    "_stock_d": 57.16661281,
    "_stock_k1": 55.7992141,
    "_stock_d1": 57.17117358,
    "_macd_blue": 1.16154712,
    "_macd_orange": 0.97742078,
    "_cci20": 35.96614951,
    "_cci201": 28.29852679,
    "_ema10": 27.03643481,
    "_ema20": 26.40293933,
    "_ema30": 25.69889749,
    "_ema50": 24.67430855,
    "_ema100": 23.34341968,
    "_ema200": 22.4251381,
    "_psar": 28.29695843,
    "_wr": -43.27868852,
    "_mom": -0.35,
    "_mom1": -0.78,
    "stock_diff": -3.06,
    "rsi_diff": 3.18
}
