{
    "open": 118.21,
    "low": 117.93,
    "high": 119.22,
    "close": 118.79,
    "volume": 779645,
    "change": 0.87466033,
    "_rsi": 54.94405602,
    "_rsi1": 52.49265,
    "_stock_k": 75.79028527,
    "_stock_d": 85.19115681,
    "_stock_k1": 83.8650064,
    "_stock_d1": 92.23723051,
    "_macd_blue": 1.01264611,
    "_macd_orange": 1.38882202,
    "_cci20": 58.4026173,
    "_cci201": 53.20566607,
    "_ema10": 118.72473869,
    "_ema20": 117.50570138,
    "_ema30": 116.75054624,
    "_ema50": 115.49803351,
    "_ema100": 112.6160317,
    "_ema200": 106.75221342,
    "_psar": 116.46130082,
    "_wr": -30.68619892,
    "_mom": 3.99,
    "_mom1": 2.86,
    "stock_diff": -9.4,
    "rsi_diff": 2.45
}
