{
    "open": 78.265,
    "low": 75.13,
    "high": 78.3,
    "close": 78.1,
    "volume": 22226315,
    "change": -0.14064698,
    "_rsi": 45.9065301,
    "_rsi1": 46.04852114,
    "_stock_k": 60.55690984,
    "_stock_d": 50.56243425,
    "_stock_k1": 50.32521508,
    "_stock_d1": 44.50200567,
    "_macd_blue": -2.57956437,
    "_macd_orange": -2.30830352,
    "_cci20": -37.64404058,
    "_cci201": -38.79356471,
    "_ema10": 78.09528924,
    "_ema20": 79.73332869,
    "_ema30": 81.19808862,
    "_ema50": 82.70277767,
    "_ema100": 82.74282634,
    "_ema200": 80.62520554,
    "_psar": 70.91391035,
    "_wr": -24.10575428,
    "_mom": 5.28,
    "_mom1": 2.49,
    "stock_diff": 9.99,
    "rsi_diff": -0.14
}
