{
    "open": 86.74,
    "low": 85.77,
    "high": 87.22,
    "close": 86.34,
    "volume": 1075578,
    "change": -0.231107,
    "_rsi": 43.15613888,
    "_rsi1": 43.60707857,
    "_stock_k": 70.87912088,
    "_stock_d": 77.03275407,
    "_stock_k1": 76.9585355,
    "_stock_d1": 79.4680007,
    "_macd_blue": -2.61329822,
    "_macd_orange": -1.76547425,
    "_cci20": -1.95764617,
    "_cci201": 24.27947284,
    "_ema10": 86.81826783,
    "_ema20": 87.54223238,
    "_ema30": 89.43928913,
    "_ema50": 94.12435226,
    "_ema100": 103.04308039,
    "_ema200": 108.71266161,
    "_psar": 83.56849111,
    "_wr": -40.7967033,
    "_mom": 3.11,
    "_mom1": 0.95,
    "stock_diff": -6.15,
    "rsi_diff": -0.45
}
