{
    "open": 41.2,
    "low": 41.12,
    "high": 41.45,
    "close": 41.45,
    "volume": 655515,
    "change": 0.41182171,
    "_rsi": 55.49809907,
    "_rsi1": 53.91176833,
    "_stock_k": 83.17610063,
    "_stock_d": 68.54713367,
    "_stock_k1": 68.80828454,
    "_stock_d1": 56.77004265,
    "_macd_blue": -0.16854094,
    "_macd_orange": -0.08989406,
    "_cci20": 78.77629063,
    "_cci201": 42.34873392,
    "_ema10": 40.8596322,
    "_ema20": 40.91566382,
    "_ema30": 40.94281193,
    "_ema50": 40.75400914,
    "_ema100": 39.8985532,
    "_ema200": 38.07261531,
    "_psar": 39.69241597,
    "_wr": 0,
    "_mom": 0.61,
    "_mom1": 0.28,
    "stock_diff": 14.63,
    "rsi_diff": 1.59
}
