{
    "open": 37.93,
    "low": 37.93,
    "high": 38.74,
    "close": 38.72,
    "volume": 11992292,
    "change": 1.12300862,
    "_rsi": 71.22750787,
    "_rsi1": 70.18465845,
    "_stock_k": 84.61678301,
    "_stock_d": 82.69028828,
    "_stock_k1": 82.16922484,
    "_stock_d1": 79.53081003,
    "_macd_blue": 2.03387843,
    "_macd_orange": 2.21061725,
    "_cci20": 112.357963,
    "_cci201": 118.25908379,
    "_ema10": 36.58284743,
    "_ema20": 34.86997227,
    "_ema30": 33.4955354,
    "_ema50": 31.5461598,
    "_ema100": 28.90423424,
    "_ema200": 26.42124865,
    "_psar": 32.973696,
    "_wr": -14.72222222,
    "_mom": 1.08,
    "_mom1": 1.55,
    "stock_diff": 1.93,
    "rsi_diff": 1.04
}
