{
    "open": 67.04,
    "low": 66.37,
    "high": 67.36,
    "close": 66.8,
    "volume": 2297746,
    "change": -0.44709389,
    "_rsi": 53.12033507,
    "_rsi1": 55.13451874,
    "_stock_k": 65.20821394,
    "_stock_d": 69.68819634,
    "_stock_k1": 68.22784724,
    "_stock_d1": 74.50726851,
    "_macd_blue": 0.39622207,
    "_macd_orange": 0.46353467,
    "_cci20": 39.5726123,
    "_cci201": 64.93562544,
    "_ema10": 66.8986643,
    "_ema20": 66.5089559,
    "_ema30": 66.25862487,
    "_ema50": 65.89394089,
    "_ema100": 65.09751933,
    "_ema200": 63.68786616,
    "_psar": 66.1788,
    "_wr": -44.98567335,
    "_mom": 0.98,
    "_mom1": 0.42,
    "stock_diff": -4.48,
    "rsi_diff": -2.01
}
