{
    "open": 4770,
    "low": 4621.3,
    "high": 4777,
    "close": 4668.04,
    "volume": 27178,
    "change": -1.51087106,
    "_rsi": 39.87549526,
    "_rsi1": 42.44524013,
    "_stock_k": 40.21412219,
    "_stock_d": 52.48644839,
    "_stock_k1": 54.48019308,
    "_stock_d1": 63.52390403,
    "_macd_blue": -80.0338044,
    "_macd_orange": -72.88816567,
    "_cci20": -111.57479094,
    "_cci201": -80.26259205,
    "_ema10": 4803.4047051,
    "_ema20": 4849.10133712,
    "_ema30": 4908.82332385,
    "_ema50": 5013.95212584,
    "_ema100": 5115.54270395,
    "_ema200": 5056.23142852,
    "_psar": 4979.1059993,
    "_wr": -74.50509494,
    "_mom": -84.5,
    "_mom1": -36.91,
    "stock_diff": -12.27,
    "rsi_diff": -2.57
}
