{
    "open": 128.22,
    "low": 127.45,
    "high": 128.87,
    "close": 128.09,
    "volume": 524311,
    "change": 0.47062515,
    "_rsi": 55.0176246,
    "_rsi1": 53.67241099,
    "_stock_k": 82.36122852,
    "_stock_d": 84.53860366,
    "_stock_k1": 82.89659059,
    "_stock_d1": 88.00220651,
    "_macd_blue": -0.62606761,
    "_macd_orange": 0.31121616,
    "_cci20": 102.10612392,
    "_cci201": 94.81275403,
    "_ema10": 126.73650212,
    "_ema20": 125.95954207,
    "_ema30": 126.32958714,
    "_ema50": 127.56855439,
    "_ema100": 128.7830376,
    "_ema200": 126.62738498,
    "_psar": 121.38267237,
    "_wr": -16.14539307,
    "_mom": 5.33,
    "_mom1": 5.98,
    "stock_diff": -2.18,
    "rsi_diff": 1.35
}
