{
    "open": 7.18,
    "low": 7.06,
    "high": 7.22,
    "close": 7.13,
    "volume": 3451649,
    "change": 0.70621469,
    "_rsi": 51.82054539,
    "_rsi1": 50.73830549,
    "_stock_k": 64.03181535,
    "_stock_d": 65.64681832,
    "_stock_k1": 63.89071493,
    "_stock_d1": 65.74278037,
    "_macd_blue": 0.00059802,
    "_macd_orange": 0.01782947,
    "_cci20": 65.31862745,
    "_cci201": 54.16666667,
    "_ema10": 7.07804054,
    "_ema20": 7.05522149,
    "_ema30": 7.05436426,
    "_ema50": 7.08471661,
    "_ema100": 7.22603688,
    "_ema200": 7.57955132,
    "_psar": 6.55214798,
    "_wr": -39.66480447,
    "_mom": -0.08,
    "_mom1": -0.16,
    "stock_diff": -1.62,
    "rsi_diff": 1.08
}
