{
    "open": 49.67,
    "low": 48.885,
    "high": 50,
    "close": 49.1301,
    "change": 0.24505203,
    "_rsi": 40.08502247,
    "_rsi1": 39.64827624,
    "_stock_k": 30.29343534,
    "_stock_d": 20.99378178,
    "_stock_k1": 21.2262432,
    "_stock_d1": 12.12698291,
    "_macd_blue": -1.33725913,
    "_macd_orange": -1.87799853,
    "_cci20": -73.23098638,
    "_cci201": -90.29348603,
    "_ema10": 49.81183327,
    "_ema20": 51.55677462,
    "_ema30": 52.35036296,
    "_ema50": 52.62627187,
    "_ema100": 51.60582337,
    "_ema200": 48.70116644,
    "_psar": 50.64319122,
    "_wrr": -67.5352657,
    "stock_diff": 9.3,
    "rsi_diff": 0.44
}
