{
    "open": 106.4,
    "low": 106.06,
    "high": 108.07,
    "close": 108.05,
    "volume": 3618148,
    "change": 1.74199623,
    "_rsi": 59.07241721,
    "_rsi1": 53.48185576,
    "_stock_k": 70.58139535,
    "_stock_d": 71.44630503,
    "_stock_k1": 68.02325581,
    "_stock_d1": 76.2264787,
    "_macd_blue": 0.61316841,
    "_macd_orange": 0.91686691,
    "_cci20": 91.7795514,
    "_cci201": 76.42149492,
    "_ema10": 106.63691546,
    "_ema20": 105.80522074,
    "_ema30": 105.31880641,
    "_ema50": 104.23808434,
    "_ema100": 100.68199879,
    "_ema200": 94.25694145,
    "_psar": 103.1359306,
    "_wr": -19.06976744,
    "_mom": 3.97,
    "_mom1": 2.6,
    "stock_diff": -0.86,
    "rsi_diff": 5.59
}
