{
    "open": 234.87,
    "low": 234.36,
    "high": 238,
    "close": 236.45,
    "volume": 1495387,
    "change": 1.66831492,
    "_rsi": 45.63305578,
    "_rsi1": 39.98463016,
    "_stock_k": 43.06946816,
    "_stock_d": 31.59322418,
    "_stock_k1": 31.70134455,
    "_stock_d1": 21.45040433,
    "_macd_blue": -7.04897784,
    "_macd_orange": -6.80898705,
    "_cci20": -14.16243719,
    "_cci201": -50.55300151,
    "_ema10": 231.63788694,
    "_ema20": 236.73473224,
    "_ema30": 240.89546396,
    "_ema50": 245.70721183,
    "_ema100": 248.33309664,
    "_ema200": 244.25125997,
    "_psar": 218.557288,
    "_wr": -41.06105792,
    "_mom": -4.49,
    "_mom1": -6.95,
    "stock_diff": 11.48,
    "rsi_diff": 5.65
}
