{
    "open": 99.07,
    "low": 98.7,
    "high": 100.58,
    "close": 99.28,
    "volume": 1436844,
    "change": 0.36393045,
    "_rsi": 40.23006618,
    "_rsi1": 39.3554265,
    "_stock_k": 25.89597786,
    "_stock_d": 39.1309039,
    "_stock_k1": 37.35442753,
    "_stock_d1": 48.11630304,
    "_macd_blue": -2.23066948,
    "_macd_orange": -1.99240646,
    "_cci20": -96.81179469,
    "_cci201": -89.83119764,
    "_ema10": 101.42549056,
    "_ema20": 102.66199491,
    "_ema30": 104.36410321,
    "_ema50": 108.45854165,
    "_ema100": 116.29291356,
    "_ema200": 120.8246251,
    "_psar": 97.95130528,
    "_wr": -85.97402597,
    "_mom": -1.47,
    "_mom1": -2.97,
    "stock_diff": -13.23,
    "rsi_diff": 0.87
}
