{
    "open": 80.87,
    "low": 77.85,
    "high": 80.9,
    "close": 78.05,
    "volume": 2561739,
    "change": -3.99753998,
    "_rsi": 46.30974894,
    "_rsi1": 52.94916508,
    "_stock_k": 63.02873152,
    "_stock_d": 62.84972736,
    "_stock_k1": 67.12546492,
    "_stock_d1": 58.89345215,
    "_macd_blue": -1.95392161,
    "_macd_orange": -1.30855508,
    "_cci20": 0.86468348,
    "_cci201": 39.52792563,
    "_ema10": 78.3832601,
    "_ema20": 79.02452184,
    "_ema30": 80.17809977,
    "_ema50": 82.23262049,
    "_ema100": 85.27929095,
    "_ema200": 87.30701026,
    "_psar": 71.9745,
    "_wr": -43.79758173,
    "_mom": 1.37,
    "_mom1": 8.81,
    "stock_diff": 0.18,
    "rsi_diff": -6.64
}
