{
    "open": 93.6,
    "low": 93.51,
    "high": 93.745,
    "close": 93.62,
    "volume": 2461660,
    "change": -0.03203417,
    "_rsi": 63.81071157,
    "_rsi1": 64.70761321,
    "_stock_k": 73.11827957,
    "_stock_d": 73.3572282,
    "_stock_k1": 74.19354839,
    "_stock_d1": 74.7311828,
    "_macd_blue": 0.48101217,
    "_macd_orange": 0.41076946,
    "_cci20": 80.77185792,
    "_cci201": 96.35362198,
    "_ema10": 93.55569124,
    "_ema20": 93.31465179,
    "_ema30": 92.92958758,
    "_ema50": 91.64594988,
    "_ema100": 88.00186866,
    "_ema200": 83.57768913,
    "_psar": 93.843864,
    "_wr": -26.88172043,
    "_mom": 0.22,
    "_mom1": 0.65,
    "stock_diff": -0.24,
    "rsi_diff": -0.9
}
