{
    "open": 185.05,
    "low": 183.44,
    "high": 188.54,
    "close": 183.59,
    "volume": 1865360,
    "change": -2.21571238,
    "_rsi": 46.77856159,
    "_rsi1": 49.84511088,
    "_stock_k": 75.71798013,
    "_stock_d": 85.18431699,
    "_stock_k1": 88.24448446,
    "_stock_d1": 89.10301345,
    "_macd_blue": -3.74459541,
    "_macd_orange": -2.05183181,
    "_cci20": 19.72005988,
    "_cci201": 70.38415391,
    "_ema10": 185.50186568,
    "_ema20": 186.02168334,
    "_ema30": 188.43714929,
    "_ema50": 193.581741,
    "_ema100": 200.25760874,
    "_ema200": 199.66914718,
    "_psar": 177.38689016,
    "_wr": -39.36300531,
    "_mom": 0.24,
    "_mom1": 10.85,
    "stock_diff": -9.47,
    "rsi_diff": -3.07
}
