{
    "open": 95.8,
    "low": 95.0799,
    "high": 96.08,
    "close": 95.31,
    "change": -0.01049098,
    "_rsi": 42.88455082,
    "_rsi1": 42.91001694,
    "_stock_k": 49.89104062,
    "_stock_d": 39.41010307,
    "_stock_k1": 38.77270039,
    "_stock_d1": 33.12501671,
    "_macd_blue": -1.36120652,
    "_macd_orange": -1.41354795,
    "_cci20": -63.11814731,
    "_cci201": -90.72373471,
    "_ema10": 95.8131172,
    "_ema20": 96.86526694,
    "_ema30": 97.80457793,
    "_ema50": 99.23690193,
    "_ema100": 100.66230247,
    "_ema200": 99.42380801,
    "_psar": 93.0456,
    "_wrr": -50.4867872,
    "stock_diff": 10.48,
    "rsi_diff": -0.03
}
