{
    "open": 95.8,
    "low": 94.74,
    "high": 96.08,
    "close": 94.98,
    "change": -0.35669324,
    "_rsi": 42.06080046,
    "_rsi1": 42.91001694,
    "_stock_k": 48.36113798,
    "_stock_d": 38.90013552,
    "_stock_k1": 38.77270039,
    "_stock_d1": 33.12501671,
    "_macd_blue": -1.36647148,
    "_macd_orange": -1.43987273,
    "_cci20": -71.73211622,
    "_cci201": -90.72373471,
    "_ema10": 95.7531172,
    "_ema20": 96.83383837,
    "_ema30": 97.7832876,
    "_ema50": 99.22396076,
    "_ema100": 100.65576782,
    "_ema200": 99.42052443,
    "_psar": 93.0456,
    "_wrr": -55.07649513,
    "stock_diff": 9.46,
    "rsi_diff": -0.85
}
