{
    "open": 95.8,
    "low": 93.89,
    "high": 96.08,
    "close": 93.99,
    "volume": 2311329,
    "change": -1.39530004,
    "_rsi": 39.76908046,
    "_rsi1": 42.91001694,
    "_stock_k": 43.77143005,
    "_stock_d": 37.37023288,
    "_stock_k1": 38.77270039,
    "_stock_d1": 33.12501671,
    "_macd_blue": -1.38226635,
    "_macd_orange": -1.51884709,
    "_cci20": -94.76970233,
    "_cci201": -90.72373471,
    "_ema10": 95.5731172,
    "_ema20": 96.73955265,
    "_ema30": 97.71941664,
    "_ema50": 99.18513723,
    "_ema100": 100.63616386,
    "_ema200": 99.41067368,
    "_psar": 93.0456,
    "_wr": -68.84561892,
    "stock_diff": 6.4,
    "rsi_diff": -3.14
}
