{
    "open": 108.96,
    "low": 108.1,
    "high": 109.74,
    "close": 108.53,
    "volume": 1741073,
    "change": 0.13840192,
    "_rsi": 43.95751001,
    "_rsi1": 43.26732411,
    "_stock_k": 57.24637681,
    "_stock_d": 57.91305016,
    "_stock_k1": 60.50724638,
    "_stock_d1": 56.40652637,
    "_macd_blue": -0.63968514,
    "_macd_orange": -0.70421402,
    "_cci20": -56.56575877,
    "_cci201": -56.93863871,
    "_ema10": 109.05287616,
    "_ema20": 109.61523786,
    "_ema30": 110.01223436,
    "_ema50": 110.3096491,
    "_ema100": 109.80322641,
    "_ema200": 107.33078554,
    "_psar": 106.64010049,
    "_wr": -44.40993789,
    "_mom": -1.35,
    "_mom1": -2.09,
    "stock_diff": -0.67,
    "rsi_diff": 0.69
}
