{
    "open": 158.56,
    "low": 156.2402,
    "high": 158.78,
    "close": 157.85,
    "volume": 5285829,
    "change": -0.29056914,
    "_rsi": 56.86809838,
    "_rsi1": 57.59006319,
    "_stock_k": 91.69234744,
    "_stock_d": 90.96823102,
    "_stock_k1": 91.80151419,
    "_stock_d1": 91.99005365,
    "_macd_blue": -1.11924811,
    "_macd_orange": 0.46538671,
    "_cci20": 118.56002561,
    "_cci201": 119.65624172,
    "_ema10": 154.06733425,
    "_ema20": 152.88052815,
    "_ema30": 153.40476495,
    "_ema50": 155.27332528,
    "_ema100": 157.36186681,
    "_ema200": 154.31384818,
    "_psar": 143.73410386,
    "_wr": -5.2247191,
    "_mom": 13.79,
    "_mom1": 11.67,
    "stock_diff": 0.72,
    "rsi_diff": -0.72
}
