{
    "open": 16.87,
    "low": 16.33,
    "high": 17.1055,
    "close": 16.4162,
    "volume": 50534948,
    "change": -2.63226572,
    "_rsi": 42.65760372,
    "_rsi1": 46.11040764,
    "_stock_k": 40.46472019,
    "_stock_d": 38.54906732,
    "_stock_k1": 42.45742092,
    "_stock_d1": 32.56285483,
    "_macd_blue": -0.75221717,
    "_macd_orange": -0.6136741,
    "_cci20": -17.7742004,
    "_cci201": -16.93222197,
    "_ema10": 16.51231927,
    "_ema20": 16.88619835,
    "_ema30": 17.36378914,
    "_ema50": 18.03132066,
    "_ema100": 18.17197109,
    "_ema200": 16.86463792,
    "_psar": 15.51,
    "_wr": -66.9270073,
    "_mom": 0.4462,
    "_mom1": 0.01,
    "stock_diff": 1.92,
    "rsi_diff": -3.45
}
