{
    "open": 10.93,
    "low": 10.765,
    "high": 11.005,
    "close": 10.95,
    "volume": 10573620,
    "change": 0.64338235,
    "_rsi": 41.272276,
    "_rsi1": 40.05965071,
    "_stock_k": 89.20008601,
    "_stock_d": 86.66854134,
    "_stock_k1": 88.75710555,
    "_stock_d1": 76.86020273,
    "_macd_blue": -0.9226333,
    "_macd_orange": -0.70037056,
    "_cci20": 31.80129991,
    "_cci201": 9.86971194,
    "_ema10": 10.71741423,
    "_ema20": 11.13768451,
    "_ema30": 11.65492651,
    "_ema50": 12.33590664,
    "_ema100": 13.04055998,
    "_ema200": 13.68869563,
    "_psar": 9.92431242,
    "_wr": -9.15492958,
    "_mom": 0.83,
    "_mom1": 0.6,
    "stock_diff": 2.53,
    "rsi_diff": 1.21
}
