{
    "open": 145,
    "low": 141.44,
    "high": 149.21,
    "close": 142.47,
    "volume": 2502876,
    "change": -3.89881956,
    "_rsi": 50.00617623,
    "_rsi1": 53.23002633,
    "_stock_k": 59.17890186,
    "_stock_d": 59.47136208,
    "_stock_k1": 61.97445832,
    "_stock_d1": 56.80872435,
    "_macd_blue": -3.67365265,
    "_macd_orange": -1.79807365,
    "_cci20": 18.37009529,
    "_cci201": 42.47858662,
    "_ema10": 140.59406742,
    "_ema20": 140.6958793,
    "_ema30": 143.55350511,
    "_ema50": 153.28570413,
    "_ema100": 173.35536529,
    "_ema200": 184.87038969,
    "_psar": 118.062346,
    "_wr": -42.48051353,
    "_mom": -2.25,
    "_mom1": 9.82,
    "stock_diff": -0.29,
    "rsi_diff": -3.22
}
