{
    "open": 71.66,
    "low": 70.44,
    "high": 72.65,
    "close": 71.82,
    "volume": 62250237,
    "change": -3.66197183,
    "_rsi": 51.34724835,
    "_rsi1": 60.02041082,
    "_stock_k": 60.87668529,
    "_stock_d": 69.79010102,
    "_stock_k1": 73.551383,
    "_stock_d1": 74.99457867,
    "_macd_blue": 2.46637567,
    "_macd_orange": 2.33935141,
    "_cci20": -1.61931867,
    "_cci201": 60.36328256,
    "_ema10": 74.15488582,
    "_ema20": 72.49039325,
    "_ema30": 70.88091746,
    "_ema50": 68.16850429,
    "_ema100": 63.62197882,
    "_ema200": 58.45104049,
    "_psar": 80.0866,
    "_wr": -56.53139511,
    "_mom": 0.53,
    "_mom1": 3.97,
    "stock_diff": -8.91,
    "rsi_diff": -8.67
}
