{
    "open": 165.59,
    "low": 164.83,
    "high": 170.96,
    "close": 169.6,
    "change": 0.56329677,
    "_rsi": 40.77954635,
    "_rsi1": 39.77533717,
    "_stock_k": 24.5556163,
    "_stock_d": 14.64978711,
    "_stock_k1": 13.58878892,
    "_stock_d1": 8.82369444,
    "_macd_blue": -4.04558001,
    "_macd_orange": -0.68304963,
    "_cci20": -108.42240101,
    "_cci201": -122.80462846,
    "_ema10": 173.74960186,
    "_ema20": 178.59273725,
    "_ema30": 179.39244559,
    "_ema50": 178.27189841,
    "_ema100": 174.80307613,
    "_ema200": 167.27685878
}
