{
    "open": 71.16,
    "low": 71.02,
    "high": 71.93,
    "close": 71.42,
    "volume": 15915221,
    "change": 0.42182227,
    "_rsi": 63.57098945,
    "_rsi1": 62.19996363,
    "_stock_k": 83.14147849,
    "_stock_d": 80.91241339,
    "_stock_k1": 80.53601188,
    "_stock_d1": 78.7548985,
    "_macd_blue": 0.63932975,
    "_macd_orange": 0.91258715,
    "_cci20": 85.77195461,
    "_cci201": 75.95227603,
    "_ema10": 70.49383627,
    "_ema20": 69.64922772,
    "_ema30": 69.24342321,
    "_ema50": 68.89305604,
    "_ema100": 68.36421844,
    "_ema200": 67.32554229,
    "_psar": 72.3248,
    "_wr": -17.16350497,
    "_mom": 2.06,
    "_mom1": 2.96,
    "stock_diff": 2.23,
    "rsi_diff": 1.37
}
