{
    "open": 222,
    "low": 210,
    "high": 227.71,
    "close": 227.57,
    "volume": 4723074,
    "change": 2.39830814,
    "_rsi": 49.43873816,
    "_rsi1": 47.63103913,
    "_stock_k": 91.13210827,
    "_stock_d": 75.98888614,
    "_stock_k1": 74.27689197,
    "_stock_d1": 61.28313328,
    "_macd_blue": -18.85864365,
    "_macd_orange": -12.87769426,
    "_cci20": 17.04489303,
    "_cci201": 12.78058086,
    "_ema10": 214.92700464,
    "_ema20": 221.66685361,
    "_ema30": 232.3985391,
    "_ema50": 251.25049059,
    "_ema100": 276.02578299,
    "_ema200": 286.17498118,
    "_psar": 176.85408139,
    "_wr": -2.72098386,
    "_mom": 29.72,
    "_mom1": 14.68,
    "stock_diff": 15.14,
    "rsi_diff": 1.81
}
