{
    "open": 336.44,
    "low": 334.3,
    "high": 337.5,
    "close": 336.23,
    "volume": 1943657,
    "change": 0.18473824,
    "_rsi": 46.45516822,
    "_rsi1": 45.97253779,
    "_stock_k": 69.93915766,
    "_stock_d": 75.96825959,
    "_stock_k1": 73.21164865,
    "_stock_d1": 82.13482771,
    "_macd_blue": -5.23279356,
    "_macd_orange": -3.26491071,
    "_cci20": 17.26697833,
    "_cci201": 30.9608653,
    "_ema10": 337.25334738,
    "_ema20": 338.48836557,
    "_ema30": 341.92474448,
    "_ema50": 349.6012905,
    "_ema100": 362.1862275,
    "_ema200": 361.95929755,
    "_psar": 329.19139197,
    "_wr": -37.33829523,
    "_mom": 6.33,
    "_mom1": 2.02,
    "stock_diff": -6.03,
    "rsi_diff": 0.48
}
