{
    "open": 416.39,
    "low": 406.15,
    "high": 416.39,
    "close": 407.12,
    "volume": 284662,
    "change": -2.74479826,
    "_rsi": 52.23755407,
    "_rsi1": 59.41444221,
    "_stock_k": 70.13011152,
    "_stock_d": 75.82817018,
    "_stock_k1": 78.92193309,
    "_stock_d1": 76.33415944,
    "_macd_blue": 1.42945931,
    "_macd_orange": 3.51433809,
    "_cci20": 34.68011601,
    "_cci201": 83.50886746,
    "_ema10": 407.86208975,
    "_ema20": 404.25297303,
    "_ema30": 402.88027986,
    "_ema50": 402.39574326,
    "_ema100": 403.99098526,
    "_ema200": 401.60382917,
    "_psar": 382.92630198,
    "_wr": -43.7732342,
    "_mom": 20.39,
    "_mom1": 38.22,
    "stock_diff": -5.7,
    "rsi_diff": -7.18
}
