{
    "open": 94.02,
    "low": 92.8,
    "high": 94.81,
    "close": 93.09,
    "volume": 3283364,
    "change": -0.95754868,
    "_rsi": 37.75511588,
    "_rsi1": 39.76908046,
    "_stock_k": 33.14789059,
    "_stock_d": 38.56400701,
    "_stock_k1": 43.77143005,
    "_stock_d1": 37.37023288,
    "_macd_blue": -1.43076202,
    "_macd_orange": -1.62474468,
    "_cci20": -125.11816525,
    "_cci201": -94.76970233,
    "_ema10": 95.12164134,
    "_ema20": 96.39197621,
    "_ema30": 97.4207446,
    "_ema50": 98.94611224,
    "_ema100": 100.48673487,
    "_ema200": 99.34778141,
    "_psar": 98.94,
    "_wr": -81.36300417,
    "_mom": -4.99,
    "_mom1": -4.22,
    "stock_diff": -5.42,
    "rsi_diff": -2.01
}
