{
    "open": 27.34,
    "low": 27,
    "high": 27.34,
    "close": 27,
    "volume": 7360,
    "change": -2.35081374,
    "_rsi": 46.25415018,
    "_rsi1": 52.15655513,
    "_stock_k": 70.81487338,
    "_stock_d": 71.50007256,
    "_stock_k1": 76.67919366,
    "_stock_d1": 69.65803513,
    "_macd_blue": -0.27843947,
    "_macd_orange": -0.18953834,
    "_cci20": -6.91144708,
    "_cci201": 69.65732524,
    "_ema10": 27.19053507,
    "_ema20": 27.2875668,
    "_ema30": 27.44612942,
    "_ema50": 27.672715,
    "_ema100": 27.67481313,
    "_ema200": 26.77491742,
    "_psar": 26.2872094,
    "_wr": -40.95744681,
    "_mom": -0.01,
    "_mom1": 1.7,
    "stock_diff": -0.69,
    "rsi_diff": -5.9
}
