{
    "open": 46.03,
    "low": 45.84,
    "high": 46.885,
    "close": 46.76,
    "volume": 5510053,
    "change": 1.98473282,
    "_rsi": 52.38955804,
    "_rsi1": 48.82001357,
    "_stock_k": 70.16460905,
    "_stock_d": 73.92394204,
    "_stock_k1": 73.50823045,
    "_stock_d1": 78.7885998,
    "_macd_blue": -0.17325444,
    "_macd_orange": -0.00193208,
    "_cci20": 55.73187828,
    "_cci201": 11.37483886,
    "_ema10": 46.22097325,
    "_ema20": 46.14482349,
    "_ema30": 46.19142747,
    "_ema50": 46.10484198,
    "_ema100": 45.22308804,
    "_ema200": 42.77235254,
    "_psar": 44.31823515,
    "_wr": -19.59876543,
    "_mom": 2.76,
    "_mom1": 1.37,
    "stock_diff": -3.76,
    "rsi_diff": 3.57
}
