{
    "open": 95.2,
    "low": 95.04,
    "high": 96.475,
    "close": 96.01,
    "volume": 2989528,
    "change": 0.79790026,
    "_rsi": 62.69886854,
    "_rsi1": 60.3526659,
    "_stock_k": 57.559159,
    "_stock_d": 57.39291929,
    "_stock_k1": 55.63781001,
    "_stock_d1": 59.4850866,
    "_macd_blue": 1.68974046,
    "_macd_orange": 1.62386415,
    "_cci20": 60.92553222,
    "_cci201": 43.77630525,
    "_ema10": 94.92443364,
    "_ema20": 93.7249921,
    "_ema30": 92.70269147,
    "_ema50": 91.26304958,
    "_ema100": 89.2861987,
    "_ema200": 87.64717548,
    "_psar": 97.69266299,
    "_wr": -42.29249012,
    "_mom": 1,
    "_mom1": 0,
    "stock_diff": 0.17,
    "rsi_diff": 2.35
}
