{
    "open": 451.26,
    "low": 428.06,
    "high": 453.11,
    "close": 431.24,
    "volume": 425162,
    "change": -4.27949925,
    "_rsi": 39.7829506,
    "_rsi1": 45.6522577,
    "_stock_k": 26.04144059,
    "_stock_d": 47.4288692,
    "_stock_k1": 50.10458262,
    "_stock_d1": 66.55891488,
    "_macd_blue": -0.67363497,
    "_macd_orange": -1.62971378,
    "_cci20": -134.88429588,
    "_cci201": -46.04709498,
    "_ema10": 457.39934897,
    "_ema20": 458.35186969,
    "_ema30": 460.59111382,
    "_ema50": 468.39252468,
    "_ema100": 479.49227003,
    "_ema200": 469.49124646,
    "_psar": 488.75,
    "_wr": -94.76025704,
    "_mom": -10.86,
    "_mom1": -1.56,
    "stock_diff": -21.39,
    "rsi_diff": -5.87
}
