{
    "open": 235,
    "low": 231.72,
    "high": 245.97,
    "close": 243.34,
    "volume": 29465861,
    "change": 5.92434597,
    "_rsi": 53.07278065,
    "_rsi1": 47.40956503,
    "_stock_k": 55.51681196,
    "_stock_d": 41.86894982,
    "_stock_k1": 36.96969697,
    "_stock_d1": 37.63684966,
    "_macd_blue": -7.08022046,
    "_macd_orange": -5.85011333,
    "_cci20": 53.46590023,
    "_cci201": -63.31897068,
    "_ema10": 229.28784664,
    "_ema20": 232.97050945,
    "_ema30": 237.49364089,
    "_ema50": 245.12667287,
    "_ema100": 248.98856418,
    "_ema200": 232.22110258,
    "_psar": 207.9672596,
    "_wr": -8.24408468,
    "_mom": 1.14,
    "_mom1": -5.04,
    "stock_diff": 13.65,
    "rsi_diff": 5.66
}
