{
    "open": 77.86,
    "low": 75.075,
    "high": 78.22,
    "close": 75.65,
    "volume": 28059682,
    "change": -4.38574317,
    "_rsi": 42.18398647,
    "_rsi1": 46.36401999,
    "_stock_k": 40.80517784,
    "_stock_d": 42.08976163,
    "_stock_k1": 42.37562409,
    "_stock_d1": 43.42088536,
    "_macd_blue": -2.69271326,
    "_macd_orange": -2.64271041,
    "_cci20": -55.76443284,
    "_cci201": -30.23748641,
    "_ema10": 78.0685185,
    "_ema20": 80.08370623,
    "_ema30": 81.63256024,
    "_ema50": 83.08169293,
    "_ema100": 82.93008789,
    "_ema200": 80.67511298,
    "_psar": 70.03887841,
    "_wr": -61.68763103,
    "_mom": -3.79,
    "_mom1": 1.96,
    "stock_diff": -1.28,
    "rsi_diff": -4.18
}
