{
    "open": 119.79,
    "low": 117.86,
    "high": 121.68,
    "close": 120.74,
    "volume": 2420012,
    "change": 0.21580345,
    "_rsi": 52.62594752,
    "_rsi1": 51.96829703,
    "_stock_k": 69.12975228,
    "_stock_d": 64.32865504,
    "_stock_k1": 61.67971254,
    "_stock_d1": 61.54791454,
    "_macd_blue": 0.31005799,
    "_macd_orange": 0.45988823,
    "_cci20": -5.69157669,
    "_cci201": 20.06948,
    "_ema10": 120.39245479,
    "_ema20": 119.9509615,
    "_ema30": 119.80190881,
    "_ema50": 120.34617554,
    "_ema100": 124.15119215,
    "_ema200": 131.10515179,
    "_psar": 122.478,
    "_wr": -24.32748538,
    "_mom": 3.1,
    "_mom1": 4.73,
    "stock_diff": 4.8,
    "rsi_diff": 0.66
}
