{
    "open": 0.8,
    "low": 0.8,
    "high": 0.83,
    "close": 0.83,
    "volume": 102457,
    "change": 3.75,
    "_rsi": 68.70170043,
    "_rsi1": 66.16468833,
    "_stock_k": 95.55555556,
    "_stock_d": 82.24664225,
    "_stock_k1": 82.73504274,
    "_stock_d1": 68.34350834,
    "_macd_blue": 0.0264682,
    "_macd_orange": 0.03900468,
    "_cci20": 215.12798389,
    "_cci201": 192.97408997,
    "_ema10": 0.74082242,
    "_ema20": 0.70595412,
    "_ema30": 0.68607904,
    "_ema50": 0.66500554,
    "_ema100": 0.64575347,
    "_ema200": 0.6573774,
    "_psar": 0.64977085,
    "_wr": 0,
    "_mom": 0.12,
    "_mom1": 0.06,
    "stock_diff": 13.31,
    "rsi_diff": 2.54
}
