{
    "open": 33.68,
    "low": 33.47,
    "high": 33.92,
    "close": 33.81,
    "volume": 597762,
    "change": 0.80500894,
    "_rsi": 57.83711211,
    "_rsi1": 55.60985607,
    "_stock_k": 64.84716157,
    "_stock_d": 65.28384279,
    "_stock_k1": 63.3915575,
    "_stock_d1": 70.10249209,
    "_macd_blue": 0.48504963,
    "_macd_orange": 0.46838977,
    "_cci20": 50.37998776,
    "_cci201": 27.20661304,
    "_ema10": 33.58467637,
    "_ema20": 33.23210312,
    "_ema30": 32.96083236,
    "_ema50": 32.80574706,
    "_ema100": 33.26905264,
    "_ema200": 34.06584322,
    "_psar": 32.71042481,
    "_wr": -25.54585153,
    "_mom": 1.61,
    "_mom1": 0.94,
    "stock_diff": -0.44,
    "rsi_diff": 2.23
}
