{
    "open": 70.84,
    "low": 70.49,
    "high": 71.42,
    "close": 71.01,
    "volume": 13994982,
    "change": 0.14102383,
    "_rsi": 60.05409996,
    "_rsi1": 59.46060361,
    "_stock_k": 63.89201366,
    "_stock_d": 68.85308178,
    "_stock_k1": 68.11086666,
    "_stock_d1": 73.67689921,
    "_macd_blue": 0.75741927,
    "_macd_orange": 0.8100478,
    "_cci20": 52.64187241,
    "_cci201": 48.20622331,
    "_ema10": 70.71955876,
    "_ema20": 70.05983518,
    "_ema30": 69.62917163,
    "_ema50": 69.18813389,
    "_ema100": 68.55816646,
    "_ema200": 67.46514612,
    "_psar": 72.152861,
    "_wr": -40.84084084,
    "_mom": 0.81,
    "_mom1": 0.21,
    "stock_diff": -4.96,
    "rsi_diff": 0.59
}
