{
    "open": 35.28,
    "low": 34.76,
    "high": 35.45,
    "close": 35.3,
    "volume": 1306789,
    "change": -0.11318619,
    "_rsi": 50.90334929,
    "_rsi1": 51.1422723,
    "_stock_k": 49.23694672,
    "_stock_d": 46.82295247,
    "_stock_k1": 46.4454356,
    "_stock_d1": 43.73553675,
    "_macd_blue": 0.10139417,
    "_macd_orange": -0.0566595,
    "_cci20": -32.78260623,
    "_cci201": -26.91364761,
    "_ema10": 35.05962289,
    "_ema20": 35.23740639,
    "_ema30": 35.09140459,
    "_ema50": 34.57264832,
    "_ema100": 33.74688038,
    "_ema200": 33.11409434,
    "_psar": 37.16388708,
    "_wr": -51.14475821,
    "_mom": -0.68,
    "_mom1": -1.12,
    "stock_diff": 2.41,
    "rsi_diff": -0.24
}
