{
    "open": 196.05,
    "low": 190.85,
    "high": 196.75,
    "close": 191.23,
    "volume": 2115294,
    "change": -2.86976839,
    "_rsi": 46.88576546,
    "_rsi1": 54.34857708,
    "_stock_k": 81.01840727,
    "_stock_d": 85.37742102,
    "_stock_k1": 90.77824927,
    "_stock_d1": 84.56126942,
    "_macd_blue": -2.23932007,
    "_macd_orange": -1.11063454,
    "_cci20": 28.66537024,
    "_cci201": 89.13442759,
    "_ema10": 192.48421738,
    "_ema20": 192.61262681,
    "_ema30": 194.15184192,
    "_ema50": 197.97694652,
    "_ema100": 202.57638082,
    "_ema200": 199.22723667,
    "_psar": 182.41666592,
    "_wr": -37.89700894,
    "_mom": 1.65,
    "_mom1": 15.49,
    "stock_diff": -4.36,
    "rsi_diff": -7.46
}
