{
    "open": 82.48,
    "low": 82.01,
    "high": 83.1,
    "close": 82.57,
    "volume": 6125879,
    "change": -0.33796017,
    "_rsi": 59.0914167,
    "_rsi1": 60.29495855,
    "_stock_k": 61.99643454,
    "_stock_d": 63.75630607,
    "_stock_k1": 64.21449639,
    "_stock_d1": 66.11182836,
    "_macd_blue": 0.89480933,
    "_macd_orange": 1.20939705,
    "_cci20": 74.75178346,
    "_cci201": 77.37481015,
    "_ema10": 81.71117789,
    "_ema20": 80.56777677,
    "_ema30": 80.14131303,
    "_ema50": 80.43726664,
    "_ema100": 81.40651779,
    "_ema200": 80.87178144,
    "_psar": 81.42,
    "_wr": -40.66091954,
    "_mom": 2.25,
    "_mom1": 0.9,
    "stock_diff": -1.76,
    "rsi_diff": -1.2
}
