{
    "open": 91.68,
    "low": 91.5,
    "high": 92.95,
    "close": 92.68,
    "volume": 1564162,
    "change": 1.38934471,
    "_rsi": 68.90215664,
    "_rsi1": 65.28439407,
    "_stock_k": 86.94072917,
    "_stock_d": 75.99476732,
    "_stock_k1": 74.71951707,
    "_stock_d1": 69.00701892,
    "_macd_blue": 1.34664733,
    "_macd_orange": 1.49181431,
    "_cci20": 198.06670531,
    "_cci201": 114.66645538,
    "_ema10": 90.23598041,
    "_ema20": 89.06892034,
    "_ema30": 88.14719964,
    "_ema50": 86.71692184,
    "_ema100": 84.06888635,
    "_ema200": 81.08651291,
    "_psar": 88.1666,
    "_wr": -5.47667343,
    "_mom": 3.34,
    "_mom1": 1.94,
    "stock_diff": 10.95,
    "rsi_diff": 3.62
}
