{
    "open": 90.39,
    "low": 90.36,
    "high": 93.5,
    "close": 93.49,
    "volume": 4800131,
    "change": 3.3838328,
    "_rsi": 80.53390712,
    "_rsi1": 76.6631225,
    "_stock_k": 96.41735737,
    "_stock_d": 94.92254601,
    "_stock_k1": 94.64365227,
    "_stock_d1": 90.2775089,
    "_macd_blue": 2.76119868,
    "_macd_orange": 3.49067074,
    "_cci20": 205.86802975,
    "_cci201": 192.36846943,
    "_ema10": 87.41461095,
    "_ema20": 84.54079702,
    "_ema30": 82.44670615,
    "_ema50": 79.23809307,
    "_ema100": 74.1702229,
    "_ema200": 68.62571584,
    "_psar": 81.82510416,
    "_wr": -0.07418453,
    "_mom": 9.89,
    "_mom1": 6.12,
    "stock_diff": 1.49,
    "rsi_diff": 3.87
}
