{
    "open": 83.06,
    "low": 80.5,
    "high": 83.45,
    "close": 81.88,
    "volume": 37057838,
    "change": -3.57983985,
    "_rsi": 54.05237906,
    "_rsi1": 62.49986286,
    "_stock_k": 57.35813066,
    "_stock_d": 60.33381021,
    "_stock_k1": 59.09394373,
    "_stock_d1": 66.54546177,
    "_macd_blue": 2.29351996,
    "_macd_orange": 2.35660453,
    "_cci20": 32.40204931,
    "_cci201": 106.09335305,
    "_ema10": 83.06522991,
    "_ema20": 81.34282708,
    "_ema30": 79.69928487,
    "_ema50": 76.71315204,
    "_ema100": 71.55418894,
    "_ema200": 65.8496951,
    "_psar": 91.505,
    "_wr": -55.07868383,
    "_mom": 3.46,
    "_mom1": 7.08,
    "stock_diff": -2.98,
    "rsi_diff": -8.45
}
