{
    "open": 73.46,
    "low": 73.285,
    "high": 74.15,
    "close": 74.02,
    "volume": 14484621,
    "change": 0.69378316,
    "_rsi": 48.72172754,
    "_rsi1": 45.91157077,
    "_stock_k": 46.54594232,
    "_stock_d": 32.08137715,
    "_stock_k1": 31.79074447,
    "_stock_d1": 19.46348524,
    "_macd_blue": -0.63538528,
    "_macd_orange": -0.67100309,
    "_cci20": -21.20907906,
    "_cci201": -53.77652592,
    "_ema10": 73.43823122,
    "_ema20": 73.97672299,
    "_ema30": 74.34136521,
    "_ema50": 74.58499841,
    "_ema100": 74.14211209,
    "_ema200": 72.6399974,
    "_psar": 74.95806713,
    "_wr": -46.07645875,
    "_mom": -1.84,
    "_mom1": -1.74,
    "stock_diff": 14.46,
    "rsi_diff": 2.81
}
