{
    "open": 59.18,
    "low": 58.8,
    "high": 59.435,
    "close": 58.91,
    "volume": 9230612,
    "change": -0.38890768,
    "_rsi": 39.13821143,
    "_rsi1": 40.40827892,
    "_stock_k": 40.41814279,
    "_stock_d": 42.75866359,
    "_stock_k1": 42.21783481,
    "_stock_d1": 45.74969837,
    "_macd_blue": -1.32914477,
    "_macd_orange": -1.04757518,
    "_cci20": -33.96847287,
    "_cci201": -32.18082259,
    "_ema10": 59.17373156,
    "_ema20": 59.76100529,
    "_ema30": 60.66940561,
    "_ema50": 62.39851235,
    "_ema100": 64.866238,
    "_ema200": 66.33629227,
    "_psar": 60.3,
    "_wr": -50.21645022,
    "_mom": 0.91,
    "_mom1": 1.22,
    "stock_diff": -2.34,
    "rsi_diff": -1.27
}
