{
    "open": 360.01,
    "low": 358.83,
    "high": 364.4999,
    "close": 363.67,
    "volume": 599235,
    "change": 1.30647947,
    "_rsi": 68.56183075,
    "_rsi1": 66.7548927,
    "_stock_k": 95.02504563,
    "_stock_d": 94.73778747,
    "_stock_k1": 94.55107452,
    "_stock_d1": 95.08585915,
    "_macd_blue": 6.49311956,
    "_macd_orange": 10.68511595,
    "_cci20": 137.81281753,
    "_cci201": 137.03438675,
    "_ema10": 347.7070811,
    "_ema20": 337.54126621,
    "_ema30": 332.91072789,
    "_ema50": 330.56545508,
    "_ema100": 332.4882655,
    "_ema200": 326.54673572,
    "_psar": 342.25469694,
    "_wr": -1.32656862,
    "_mom": 40.92,
    "_mom1": 37.73,
    "stock_diff": 0.29,
    "rsi_diff": 1.81
}
