{
    "open": 267.27,
    "low": 260.72,
    "high": 272.38,
    "close": 265.24,
    "volume": 54585195,
    "change": -0.78551657,
    "_rsi": 60.37697674,
    "_rsi1": 61.48446397,
    "_stock_k": 93.59128028,
    "_stock_d": 95.84341936,
    "_stock_k1": 96.5995836,
    "_stock_d1": 92.62808591,
    "_macd_blue": -2.58378587,
    "_macd_orange": 3.1086435,
    "_cci20": 173.1412141,
    "_cci201": 210.451302,
    "_ema10": 247.73623486,
    "_ema20": 242.6052888,
    "_ema30": 243.22854752,
    "_ema50": 247.59703161,
    "_ema100": 249.96709402,
    "_ema200": 233.3752973,
    "_psar": 221.67137761,
    "_wr": -10.83788707,
    "_mom": 50.1,
    "_mom1": 53.82,
    "stock_diff": -2.25,
    "rsi_diff": -1.11
}
