{
    "open": 211.76,
    "low": 207.8,
    "high": 213.2899,
    "close": 208.44,
    "volume": 750932,
    "change": -0.82786183,
    "_rsi": 55.83080731,
    "_rsi1": 57.99661012,
    "_stock_k": 72.86364195,
    "_stock_d": 79.39259806,
    "_stock_k1": 79.65080536,
    "_stock_d1": 84.65510882,
    "_macd_blue": 3.79383843,
    "_macd_orange": 4.50888964,
    "_cci20": 59.84481398,
    "_cci201": 85.41173857,
    "_ema10": 208.98191671,
    "_ema20": 205.16403914,
    "_ema30": 202.81283925,
    "_ema50": 200.25253474,
    "_ema100": 195.67254446,
    "_ema200": 186.20441164,
    "_psar": 197.71390769,
    "_wr": -35.92770195,
    "_mom": 6.56,
    "_mom1": 10.81,
    "stock_diff": -6.53,
    "rsi_diff": -2.17
}
