{
    "open": 68.25,
    "low": 67.29,
    "high": 69.445,
    "close": 69.41,
    "volume": 626670,
    "change": 2.11858173,
    "_rsi": 51.19491145,
    "_rsi1": 48.726793,
    "_stock_k": 80.15286038,
    "_stock_d": 75.52750702,
    "_stock_k1": 72.88972889,
    "_stock_d1": 69.98301818,
    "_macd_blue": -2.57178487,
    "_macd_orange": -1.43210709,
    "_cci20": 40.24571765,
    "_cci201": 34.74532071,
    "_ema10": 67.231688,
    "_ema20": 67.61335135,
    "_ema30": 69.35439401,
    "_ema50": 74.16575344,
    "_ema100": 84.00309787,
    "_ema200": 90.97408398,
    "_psar": 59.54612825,
    "_wr": -12.97709924,
    "_mom": 5.37,
    "_mom1": 1.93,
    "stock_diff": 4.63,
    "rsi_diff": 2.47
}
