{
    "open": 55.4,
    "low": 54.56,
    "high": 56.19,
    "close": 54.8,
    "volume": 1254190,
    "change": -1.65111271,
    "_rsi": 41.78055053,
    "_rsi1": 44.12489269,
    "_stock_k": 41.33661023,
    "_stock_d": 34.66830956,
    "_stock_k1": 34.7209941,
    "_stock_d1": 28.56900654,
    "_macd_blue": -2.92686442,
    "_macd_orange": -2.56933074,
    "_cci20": -20.77280643,
    "_cci201": -24.60284807,
    "_ema10": 54.435342,
    "_ema20": 56.26548784,
    "_ema30": 57.85199384,
    "_ema50": 59.48320088,
    "_ema100": 61.07432816,
    "_ema200": 63.81653282,
    "_psar": 50.064736,
    "_wr": -50.86872587,
    "_mom": 1.48,
    "_mom1": 3.96,
    "stock_diff": 6.67,
    "rsi_diff": -2.34
}
