{
    "open": 3136.26,
    "low": 3120.22,
    "high": 3231.88,
    "close": 3225.01,
    "volume": 5148077,
    "change": 2.55121185,
    "_rsi": 60.99694573,
    "_rsi1": 57.81165835,
    "_stock_k": 97.08080977,
    "_stock_d": 83.22979392,
    "_stock_k1": 86.17980099,
    "_stock_d1": 68.97859942,
    "_macd_blue": -39.03035485,
    "_macd_orange": -0.18593101,
    "_cci20": 168.94951538,
    "_cci201": 115.56431953,
    "_ema10": 3016.0068157,
    "_ema20": 2998.14446955,
    "_ema30": 3014.24373788,
    "_ema50": 3065.38680819,
    "_ema100": 3166.3303071,
    "_ema200": 3227.1551283,
    "_psar": 2768.06906146,
    "_wr": -1.22584444,
    "_mom": 312.19,
    "_mom1": 186.81,
    "stock_diff": 13.85,
    "rsi_diff": 3.19
}
