{
    "open": 209.44,
    "low": 204.58,
    "high": 209.93,
    "close": 209.19,
    "volume": 772828,
    "change": 0.35981577,
    "_rsi": 56.58341502,
    "_rsi1": 55.83080731,
    "_stock_k": 67.13389893,
    "_stock_d": 73.21611541,
    "_stock_k1": 72.86364195,
    "_stock_d1": 79.39259806,
    "_macd_blue": 3.88715911,
    "_macd_orange": 4.26044181,
    "_cci20": 31.96631686,
    "_cci201": 59.84481398,
    "_ema10": 209.01975004,
    "_ema20": 205.54746398,
    "_ema30": 203.22426897,
    "_ema50": 200.60302358,
    "_ema100": 195.94021685,
    "_ema200": 186.43312396,
    "_psar": 198.53255138,
    "_wr": -33.16119513,
    "_mom": 10.84,
    "_mom1": 6.56,
    "stock_diff": -6.08,
    "rsi_diff": 0.75
}
