{
    "open": 72.47,
    "low": 72.3,
    "high": 73.52,
    "close": 73.43,
    "volume": 17073360,
    "change": 2.2417154,
    "_rsi": 45.47634232,
    "_rsi1": 35.82650998,
    "_stock_k": 17.90744467,
    "_stock_d": 12.78935383,
    "_stock_k1": 8.69226659,
    "_stock_d1": 11.29962449,
    "_macd_blue": -0.58993365,
    "_macd_orange": -0.83926676,
    "_cci20": -71.97128607,
    "_cci201": -150.9914535,
    "_ema10": 73.26427133,
    "_ema20": 74.02081673,
    "_ema30": 74.42239235,
    "_ema50": 74.65287832,
    "_ema100": 74.15739878,
    "_ema200": 72.61724489,
    "_psar": 75.43468892,
    "_wr": -57.94768612,
    "_mom": -1.03,
    "_mom1": -3.08,
    "stock_diff": 5.12,
    "rsi_diff": 9.65
}
