{
    "open": 394.9,
    "low": 386.555,
    "high": 394.9,
    "close": 393.2,
    "volume": 289004,
    "change": -0.18784586,
    "_rsi": 39.99050012,
    "_rsi1": 40.29688052,
    "_stock_k": 33.8895628,
    "_stock_d": 37.0305605,
    "_stock_k1": 35.81140861,
    "_stock_d1": 40.21233369,
    "_macd_blue": -11.73363192,
    "_macd_orange": -10.16196653,
    "_cci20": -79.57625444,
    "_cci201": -73.37085488,
    "_ema10": 399.27252121,
    "_ema20": 405.58765688,
    "_ema30": 413.86690016,
    "_ema50": 430.12313673,
    "_ema100": 453.65589577,
    "_ema200": 459.54122825,
    "_psar": 383.43236224,
    "_wr": -67.91845494,
    "_mom": 0.06,
    "_mom1": -3.25,
    "stock_diff": -3.14,
    "rsi_diff": -0.31
}
