{
    "open": 42.97,
    "low": 42.61,
    "high": 44,
    "close": 43.92,
    "volume": 4528221,
    "change": 2.44926522,
    "_rsi": 55.16552519,
    "_rsi1": 50.78018888,
    "_stock_k": 93.54942327,
    "_stock_d": 92.0997464,
    "_stock_k1": 90.40586449,
    "_stock_d1": 89.72809064,
    "_macd_blue": -0.54531064,
    "_macd_orange": -0.15882828,
    "_cci20": 77.78334482,
    "_cci201": 51.34786947,
    "_ema10": 42.68577203,
    "_ema20": 42.62715713,
    "_ema30": 42.86433246,
    "_ema50": 43.36176135,
    "_ema100": 44.75345592,
    "_ema200": 46.77642302,
    "_psar": 38.3295134,
    "_wr": -1.10344828,
    "_mom": 2.89,
    "_mom1": 2.21,
    "stock_diff": 1.45,
    "rsi_diff": 4.39
}
