{
    "open": 72.45,
    "low": 71.6,
    "high": 72.73,
    "close": 72.28,
    "change": -0.94559408,
    "_rsi": 36.23856425,
    "_rsi1": 38.91961478,
    "_stock_k": 13.43825666,
    "_stock_d": 30.41431262,
    "_stock_k1": 27.19935432,
    "_stock_d1": 51.89669088,
    "_macd_blue": -0.63820181,
    "_macd_orange": -0.33956256,
    "_cci20": -222.61958328,
    "_cci201": -197.23184585,
    "_ema10": 74.00692064,
    "_ema20": 74.62450558,
    "_ema30": 74.89813401,
    "_ema50": 74.95843452,
    "_ema100": 74.2757645,
    "_ema200": 72.62883613,
    "_psar": 76.156352,
    "stock_diff": -16.98,
    "rsi_diff": -2.68
}
