{
    "open": 27.12,
    "low": 26.95,
    "high": 27.625,
    "close": 27.35,
    "volume": 3526786,
    "change": 0.8480826,
    "_rsi": 54.2982387,
    "_rsi1": 52.89810616,
    "_stock_k": 79.69721349,
    "_stock_d": 66.09231751,
    "_stock_k1": 66.798653,
    "_stock_d1": 54.89241043,
    "_macd_blue": -0.49731452,
    "_macd_orange": -0.24788567,
    "_cci20": 53.66399623,
    "_cci201": 28.39690797,
    "_ema10": 26.49460375,
    "_ema20": 26.590041,
    "_ema30": 26.77728229,
    "_ema50": 26.87123624,
    "_ema100": 26.97870979,
    "_ema200": 28.05976381,
    "_psar": 24.33800094,
    "_wr": -7.71175727,
    "_mom": 3.36,
    "_mom1": 2.04,
    "stock_diff": 13.6,
    "rsi_diff": 1.4
}
