{
    "open": 49.66,
    "low": 49.295,
    "high": 50.3771,
    "close": 49.86,
    "volume": 28009340,
    "change": 2.86775325,
    "_rsi": 43.37173889,
    "_rsi1": 38.3900375,
    "_stock_k": 31.85947888,
    "_stock_d": 27.0844105,
    "_stock_k1": 28.16750941,
    "_stock_d1": 20.28513981,
    "_macd_blue": -1.44022219,
    "_macd_orange": -1.80994841,
    "_cci20": -56.40417199,
    "_cci201": -79.90823385,
    "_ema10": 49.72239416,
    "_ema20": 51.33829767,
    "_ema30": 52.14985484,
    "_ema50": 52.49291949,
    "_ema100": 51.55844016,
    "_ema200": 48.70619432,
    "_psar": 45.77,
    "_wr": -60.09756098,
    "_mom": -3.51,
    "_mom1": -5.64,
    "stock_diff": 4.78,
    "rsi_diff": 4.98
}
