{
    "open": 23.24,
    "low": 23.16,
    "high": 23.35,
    "close": 23.33,
    "volume": 28091888,
    "change": 0.51701853,
    "_rsi": 45.15687676,
    "_rsi1": 42.28061941,
    "_stock_k": 39.15151374,
    "_stock_d": 33.68107895,
    "_stock_k1": 31.80093193,
    "_stock_d1": 30.48790252,
    "_macd_blue": -0.31987933,
    "_macd_orange": -0.2595902,
    "_cci20": -28.90541926,
    "_cci201": -25.78811018,
    "_ema10": 23.2458002,
    "_ema20": 23.4034324,
    "_ema30": 23.60612154,
    "_ema50": 23.9395703,
    "_ema100": 24.60018894,
    "_ema200": 25.76042733,
    "_psar": 23.91301426,
    "_wr": -50.71090047,
    "_mom": 0.14,
    "_mom1": -0.05,
    "stock_diff": 5.47,
    "rsi_diff": 2.88
}
