{
    "open": 55.07,
    "low": 54.78,
    "high": 58.18,
    "close": 57.81,
    "volume": 7079198,
    "change": -0.06914434,
    "_rsi": 58.05396514,
    "_rsi1": 58.21344049,
    "_stock_k": 72.25325885,
    "_stock_d": 77.31222843,
    "_stock_k1": 79.73308504,
    "_stock_d1": 78.65714877,
    "_macd_blue": 2.11277768,
    "_macd_orange": 2.09345344,
    "_cci20": 20.13472516,
    "_cci201": 62.25444644,
    "_ema10": 58.1599424,
    "_ema20": 56.63406534,
    "_ema30": 55.21353094,
    "_ema50": 52.75462758,
    "_ema100": 48.29811221,
    "_ema200": 42.67897976,
    "_psar": 61.7351,
    "_wr": -37.4301676,
    "_mom": 1.82,
    "_mom1": 2.02,
    "stock_diff": -5.06,
    "rsi_diff": -0.16
}
