{
    "open": 84.33,
    "low": 83.92,
    "high": 85.35,
    "close": 84.68,
    "volume": 1685312,
    "change": 0.57007126,
    "_rsi": 52.56882672,
    "_rsi1": 50.48864033,
    "_stock_k": 58.65232077,
    "_stock_d": 59.94745675,
    "_stock_k1": 59.36209251,
    "_stock_d1": 60.27422199,
    "_macd_blue": -0.23944573,
    "_macd_orange": -0.03304497,
    "_cci20": 57.90804055,
    "_cci201": 43.36978557,
    "_ema10": 84.13518006,
    "_ema20": 84.01906079,
    "_ema30": 84.20742577,
    "_ema50": 84.70762305,
    "_ema100": 85.33862633,
    "_ema200": 85.58121829,
    "_psar": 83.12253696,
    "_wr": -48.90350877,
    "_mom": 0.49,
    "_mom1": -0.89,
    "stock_diff": -1.3,
    "rsi_diff": 2.08
}
