{
    "open": 88.71,
    "low": 87.72,
    "high": 89.07,
    "close": 87.93,
    "volume": 1446021,
    "change": -1.3795424,
    "_rsi": 45.20733575,
    "_rsi1": 48.70103345,
    "_stock_k": 60.56355527,
    "_stock_d": 61.74317892,
    "_stock_k1": 60.43165468,
    "_stock_d1": 64.41194504,
    "_macd_blue": -1.10341557,
    "_macd_orange": -0.84442117,
    "_cci20": -14.88585316,
    "_cci201": 15.80406282,
    "_ema10": 88.50389472,
    "_ema20": 89.03604162,
    "_ema30": 89.59837056,
    "_ema50": 90.00770981,
    "_ema100": 89.54327356,
    "_ema200": 88.6622733,
    "_psar": 84.37323062,
    "_wr": -41.02259215,
    "_mom": 0.61,
    "_mom1": 5.65,
    "stock_diff": -1.18,
    "rsi_diff": -3.49
}
