{
    "open": 541.41,
    "low": 510.02,
    "high": 553.225,
    "close": 512.55,
    "volume": 2490527,
    "change": -5.84528905,
    "_rsi": 30.15256035,
    "_rsi1": 32.1604237,
    "_stock_k": 12.94581134,
    "_stock_d": 18.65347027,
    "_stock_k1": 24.05539921,
    "_stock_d1": 18.43963426,
    "_macd_blue": -99.87625831,
    "_macd_orange": -98.86952078,
    "_cci20": -124.78035499,
    "_cci201": -101.97577031,
    "_ema10": 580.65783493,
    "_ema20": 650.85169651,
    "_ema30": 721.3091212,
    "_ema50": 847.03749461,
    "_ema100": 1042.4582605,
    "_ema200": 1165.15416111,
    "_psar": 595.93498621,
    "_wr": -98.74226343,
    "_mom": -181.71,
    "_mom1": -132.58,
    "stock_diff": -5.71,
    "rsi_diff": -2.01
}
