{
    "open": 278.29,
    "low": 276.16,
    "high": 280.87,
    "close": 277.23,
    "volume": 1149751,
    "change": -0.61659796,
    "_rsi": 55.5686556,
    "_rsi1": 57.45648964,
    "_stock_k": 60.12580155,
    "_stock_d": 59.72327659,
    "_stock_k1": 60.46497887,
    "_stock_d1": 58.07296363,
    "_macd_blue": 0.11360408,
    "_macd_orange": 1.61150111,
    "_cci20": 91.42795713,
    "_cci201": 97.35052791,
    "_ema10": 274.06921315,
    "_ema20": 272.01528678,
    "_ema30": 271.88668469,
    "_ema50": 272.93056136,
    "_ema100": 273.55388472,
    "_ema200": 269.24915706,
    "_psar": 285.70943107,
    "_wr": -44.15584416,
    "_mom": 13.44,
    "_mom1": 13.28,
    "stock_diff": 0.4,
    "rsi_diff": -1.89
}
