{
    "open": 677.43,
    "low": 671.96,
    "high": 684.62,
    "close": 675.53,
    "volume": 192742,
    "change": -0.02515909,
    "_rsi": 58.65104876,
    "_rsi1": 58.71193649,
    "_stock_k": 91.56064479,
    "_stock_d": 89.06190169,
    "_stock_k1": 92.33821468,
    "_stock_d1": 85.67562902,
    "_macd_blue": 4.76075721,
    "_macd_orange": 8.65118858,
    "_cci20": 102.6548366,
    "_cci201": 87.92259431,
    "_ema10": 660.52816789,
    "_ema20": 652.36826682,
    "_ema30": 648.08431829,
    "_ema50": 642.66607914,
    "_ema100": 635.93386691,
    "_ema200": 625.52975549,
    "_psar": 611.19633716,
    "_wr": -9.29542898,
    "_mom": 51.54,
    "_mom1": 42.02,
    "stock_diff": 2.5,
    "rsi_diff": -0.06
}
