{
    "open": 69.22,
    "low": 68.6,
    "high": 69.77,
    "close": 69.3,
    "volume": 2511334,
    "change": 0.13003901,
    "_rsi": 52.69251384,
    "_rsi1": 52.19900986,
    "_stock_k": 36.17612189,
    "_stock_d": 41.63415104,
    "_stock_k1": 40.52441641,
    "_stock_d1": 46.51117765,
    "_macd_blue": 0.50126981,
    "_macd_orange": 0.42296782,
    "_cci20": 13.51559576,
    "_cci201": 21.68927993,
    "_ema10": 69.35612147,
    "_ema20": 69.06105732,
    "_ema30": 68.79005974,
    "_ema50": 68.37547069,
    "_ema100": 67.72877478,
    "_ema200": 67.29068941,
    "_psar": 71.6615708,
    "_wr": -71.1790393,
    "_mom": -0.54,
    "_mom1": -0.98,
    "stock_diff": -5.46,
    "rsi_diff": 0.49
}
