{
    "open": 88.82,
    "low": 85.05,
    "high": 88.82,
    "close": 85.12,
    "volume": 1024698,
    "change": -4.54188628,
    "_rsi": 34.60434461,
    "_rsi1": 42.94195255,
    "_stock_k": 17.90631361,
    "_stock_d": 23.63311153,
    "_stock_k1": 26.60142349,
    "_stock_d1": 26.39400677,
    "_macd_blue": -1.77394313,
    "_macd_orange": -1.93298377,
    "_cci20": -109.17355467,
    "_cci201": -41.37581394,
    "_ema10": 88.71376397,
    "_ema20": 90.22299565,
    "_ema30": 91.4074373,
    "_ema50": 92.99945267,
    "_ema100": 94.63412776,
    "_ema200": 94.95491943,
    "_psar": 90.5328,
    "_wr": -99.21700224,
    "_mom": -4.81,
    "_mom1": 1.08,
    "stock_diff": -5.73,
    "rsi_diff": -8.34
}
