{
    "open": 4.5,
    "low": 4.49,
    "high": 4.5,
    "close": 4.5,
    "volume": 2063,
    "change": -1.0989011,
    "_rsi": 22.4008361,
    "_rsi1": 23.45397807,
    "_stock_k": 17.79935275,
    "_stock_d": 25.13484358,
    "_stock_k1": 25.56634304,
    "_stock_d1": 30.52858684,
    "_macd_blue": -0.13152595,
    "_macd_orange": -0.20570945,
    "_cci20": -134.43072702,
    "_cci201": -146.21245514,
    "_ema10": 4.80574911,
    "_ema20": 4.99438866,
    "_ema30": 5.09693228,
    "_ema50": 5.22796169,
    "_ema100": 5.41417202,
    "_ema200": 5.47860384,
    "_psar": 5.26584949,
    "_wr": -90.29126214,
    "_mom": -0.8,
    "_mom1": -0.75,
    "stock_diff": -7.34,
    "rsi_diff": -1.05
}
