{
    "open": 46.69,
    "low": 46.03,
    "high": 46.73,
    "close": 46.17,
    "volume": 2676510,
    "change": -0.75236457,
    "_rsi": 51.14558911,
    "_rsi1": 52.87353466,
    "_stock_k": 76.30718954,
    "_stock_d": 85.00667915,
    "_stock_k1": 84.89907445,
    "_stock_d1": 91.81170603,
    "_macd_blue": -0.16912702,
    "_macd_orange": 0.20398652,
    "_cci20": 57.05388004,
    "_cci201": 89.42831902,
    "_ema10": 46.26015816,
    "_ema20": 45.86943112,
    "_ema30": 46.02627172,
    "_ema50": 46.9010545,
    "_ema100": 48.66103123,
    "_ema200": 48.41988878,
    "_psar": 44.53491764,
    "_wr": -34.60784314,
    "_mom": 2.36,
    "_mom1": 1.93,
    "stock_diff": -8.7,
    "rsi_diff": -1.73
}
