{
    "open": 432.23,
    "low": 417.16,
    "high": 439.4999,
    "close": 419.39,
    "volume": 528982,
    "change": -1.75689288,
    "_rsi": 49.95842794,
    "_rsi1": 55.55560101,
    "_stock_k": 61.13890278,
    "_stock_d": 75.42607234,
    "_stock_k1": 76.25479406,
    "_stock_d1": 86.46683085,
    "_macd_blue": 1.67888096,
    "_macd_orange": 3.68407562,
    "_cci20": 62.78244265,
    "_cci201": 104.37442571,
    "_ema10": 424.26717814,
    "_ema20": 420.13655952,
    "_ema30": 419.5333294,
    "_ema50": 422.03385728,
    "_ema100": 422.27643101,
    "_ema200": 405.88515491,
    "_psar": 442.9,
    "_wr": -58.8044022,
    "_mom": 12.39,
    "_mom1": 11.93,
    "stock_diff": -14.29,
    "rsi_diff": -5.6
}
