{
    "open": 27.37,
    "low": 27.24,
    "high": 27.68,
    "close": 27.37,
    "volume": 332823,
    "change": 0.32991202,
    "_rsi": 63.19209149,
    "_rsi1": 62.69431867,
    "_stock_k": 61.38979381,
    "_stock_d": 56.74477842,
    "_stock_k1": 54.11747349,
    "_stock_d1": 56.34857917,
    "_macd_blue": 1.25353261,
    "_macd_orange": 1.11648483,
    "_cci20": 69.7295536,
    "_cci201": 52.38792151,
    "_ema10": 27.03301317,
    "_ema20": 26.263625,
    "_ema30": 25.50929289,
    "_ema50": 24.4785312,
    "_ema100": 23.19327646,
    "_ema200": 22.3322917,
    "_psar": 28.4106356,
    "_wr": -37.88819876,
    "_mom": 0.25,
    "_mom1": 0.7,
    "stock_diff": 4.65,
    "rsi_diff": 0.5
}
