{
    "open": 108.92,
    "low": 107.79,
    "high": 110.05,
    "close": 108.47,
    "volume": 880197,
    "change": 0.08304115,
    "_rsi": 45.21794844,
    "_rsi1": 44.9061797,
    "_stock_k": 51.98815567,
    "_stock_d": 43.02037671,
    "_stock_k1": 46.05558206,
    "_stock_d1": 31.4851761,
    "_macd_blue": -1.15223512,
    "_macd_orange": -1.25871137,
    "_cci20": -35.27709469,
    "_cci201": -37.99980234,
    "_ema10": 108.35665018,
    "_ema20": 109.43001572,
    "_ema30": 109.99006069,
    "_ema50": 109.93051383,
    "_ema100": 108.24609284,
    "_ema200": 104.17350294,
    "_psar": 104.392,
    "_wr": -46.82741117,
    "_mom": -1.95,
    "_mom1": -2.11,
    "stock_diff": 8.97,
    "rsi_diff": 0.31
}
