{
    "open": 140.22,
    "low": 138.25,
    "high": 142.85,
    "close": 142.64,
    "volume": 2748800,
    "change": 3.85147434,
    "_rsi": 61.45819283,
    "_rsi1": 56.79809831,
    "_stock_k": 93.10846768,
    "_stock_d": 80.60445824,
    "_stock_k1": 77.75332205,
    "_stock_d1": 65.58504515,
    "_macd_blue": 1.28518983,
    "_macd_orange": 2.05128071,
    "_cci20": 141.05612396,
    "_cci201": 95.19141462,
    "_ema10": 134.87692671,
    "_ema20": 133.16421099,
    "_ema30": 131.76882831,
    "_ema50": 128.57600575,
    "_ema100": 120.41401809,
    "_ema200": 107.13210894,
    "_psar": 120.2673374,
    "_wr": -0.89680354,
    "_mom": 12.59,
    "_mom1": 2.91,
    "stock_diff": 12.5,
    "rsi_diff": 4.66
}
