{
    "open": 69.92,
    "low": 69.38,
    "high": 70.75,
    "close": 69.42,
    "volume": 3812377,
    "change": -1.27986348,
    "_rsi": 59.12806771,
    "_rsi1": 63.22768405,
    "_stock_k": 88.62448458,
    "_stock_d": 93.41175538,
    "_stock_k1": 94.41387338,
    "_stock_d1": 95.10086944,
    "_macd_blue": -0.15144932,
    "_macd_orange": 0.47107767,
    "_cci20": 136.93400782,
    "_cci201": 164.68452425,
    "_ema10": 67.78351586,
    "_ema20": 67.17752975,
    "_ema30": 67.02263127,
    "_ema50": 66.61878553,
    "_ema100": 65.4458965,
    "_ema200": 63.07818302,
    "_psar": 65.09407973,
    "_wr": -18.23899371,
    "_mom": 4.98,
    "_mom1": 8.36,
    "stock_diff": -4.79,
    "rsi_diff": -4.1
}
