{
    "open": 77.65,
    "low": 77.58,
    "high": 78.62,
    "close": 78.59,
    "volume": 3049036,
    "change": 0.88575096,
    "_rsi": 56.7019801,
    "_rsi1": 53.61476732,
    "_stock_k": 87.45708991,
    "_stock_d": 73.10454408,
    "_stock_k1": 72.80692669,
    "_stock_d1": 61.32930633,
    "_macd_blue": -0.48422612,
    "_macd_orange": -0.21125355,
    "_cci20": 170.47509008,
    "_cci201": 80.82950142,
    "_ema10": 77.10469364,
    "_ema20": 77.13228314,
    "_ema30": 77.37421588,
    "_ema50": 77.74486446,
    "_ema100": 77.82205865,
    "_ema200": 76.3360053,
    "_psar": 75.15658877,
    "_wr": -0.91324201,
    "_mom": 0.8,
    "_mom1": 0.4,
    "stock_diff": 14.35,
    "rsi_diff": 3.09
}
