{
    "open": 60.13,
    "low": 59.9,
    "high": 61.38,
    "close": 61.35,
    "volume": 2192191,
    "change": 2.01197207,
    "_rsi": 75.44461116,
    "_rsi1": 71.79279359,
    "_stock_k": 92.56393987,
    "_stock_d": 90.09332469,
    "_stock_k1": 88.60896994,
    "_stock_d1": 88.62528975,
    "_macd_blue": 1.78485089,
    "_macd_orange": 1.97175884,
    "_cci20": 120.09768967,
    "_cci201": 98.21796207,
    "_ema10": 59.35297211,
    "_ema20": 57.79103313,
    "_ema30": 56.62337098,
    "_ema50": 55.21173803,
    "_ema100": 54.1242744,
    "_ema200": 53.65273578,
    "_psar": 58.94431068,
    "_wr": -0.48076923,
    "_mom": 2.49,
    "_mom1": 2.33,
    "stock_diff": 2.47,
    "rsi_diff": 3.65
}
