{
    "open": 194.89,
    "low": 192.61,
    "high": 197.2,
    "close": 192.67,
    "volume": 1535795,
    "change": -2.38131428,
    "_rsi": 48.58638076,
    "_rsi1": 54.11950318,
    "_stock_k": 81.02510335,
    "_stock_d": 79.78862102,
    "_stock_k1": 82.70546323,
    "_stock_d1": 74.58547445,
    "_macd_blue": -3.87315842,
    "_macd_orange": -2.20798931,
    "_cci20": 57.50729272,
    "_cci201": 92.83919654,
    "_ema10": 191.5877055,
    "_ema20": 192.43428379,
    "_ema30": 194.48171888,
    "_ema50": 197.49747162,
    "_ema100": 199.38358897,
    "_ema200": 194.24888123,
    "_psar": 183.42468223,
    "_wr": -32.56262042,
    "_mom": 5.92,
    "_mom1": 15.77,
    "stock_diff": 1.24,
    "rsi_diff": -5.53
}
