{
    "open": 179.5,
    "low": 178.27,
    "high": 183.07,
    "close": 182.87,
    "volume": 437499,
    "change": 2.17913617,
    "_rsi": 76.40904468,
    "_rsi1": 71.96306582,
    "_stock_k": 90.61690131,
    "_stock_d": 91.48080176,
    "_stock_k1": 89.47803432,
    "_stock_d1": 93.92157578,
    "_macd_blue": 4.0244843,
    "_macd_orange": 4.75302152,
    "_cci20": 159.19009297,
    "_cci201": 143.09077269,
    "_ema10": 176.71127365,
    "_ema20": 172.88706448,
    "_ema30": 170.03624489,
    "_ema50": 166.35745308,
    "_ema100": 162.58891756,
    "_ema200": 158.29759021,
    "_psar": 174.63006659,
    "_wr": -1.16414435,
    "_mom": 13.47,
    "_mom1": 10.2,
    "stock_diff": -0.86,
    "rsi_diff": 4.45
}
