{
    "open": 73.66,
    "low": 73.165,
    "high": 74.01,
    "close": 73.65,
    "volume": 3539528,
    "change": 0.02716284,
    "_rsi": 39.49900218,
    "_rsi1": 39.39952357,
    "_stock_k": 31.96998388,
    "_stock_d": 30.1601856,
    "_stock_k1": 33.74367315,
    "_stock_d1": 27.63395525,
    "_macd_blue": -1.50084928,
    "_macd_orange": -1.4409303,
    "_cci20": -99.12052782,
    "_cci201": -85.50062547,
    "_ema10": 74.29953286,
    "_ema20": 75.32813669,
    "_ema30": 76.29385935,
    "_ema50": 77.5462227,
    "_ema100": 78.58978584,
    "_ema200": 78.97740341,
    "_psar": 75.81307153,
    "_wr": -71.23015873,
    "_mom": -0.19,
    "_mom1": -1.91,
    "stock_diff": 1.81,
    "rsi_diff": 0.1
}
