{
    "open": 95.38,
    "low": 94.67,
    "high": 96.06,
    "close": 95.48,
    "volume": 1484532,
    "change": 0.11534025,
    "_rsi": 58.25326369,
    "_rsi1": 57.85090713,
    "_stock_k": 84.18434407,
    "_stock_d": 85.14014701,
    "_stock_k1": 83.6525952,
    "_stock_d1": 85.14792317,
    "_macd_blue": 0.46402836,
    "_macd_orange": 0.78884559,
    "_cci20": 79.1586075,
    "_cci201": 80.87634444,
    "_ema10": 94.73272095,
    "_ema20": 93.94136137,
    "_ema30": 93.66156502,
    "_ema50": 93.52246776,
    "_ema100": 93.30350957,
    "_ema200": 93.0191698,
    "_psar": 94.1274218,
    "_wr": -19.65065502,
    "_mom": 2.88,
    "_mom1": 1.37,
    "stock_diff": -0.96,
    "rsi_diff": 0.4
}
