{
    "open": 81.41,
    "low": 80.23,
    "high": 81.52,
    "close": 80.42,
    "volume": 1951261,
    "change": -1.79509098,
    "_rsi": 52.10717919,
    "_rsi1": 58.16131724,
    "_stock_k": 87.46985816,
    "_stock_d": 92.02317446,
    "_stock_k1": 94.46147752,
    "_stock_d1": 90.65454782,
    "_macd_blue": -0.44283991,
    "_macd_orange": 0.04050432,
    "_cci20": 69.46085995,
    "_cci201": 112.73240661,
    "_ema10": 80.03559164,
    "_ema20": 79.81804374,
    "_ema30": 79.8704059,
    "_ema50": 79.51937265,
    "_ema100": 77.55044512,
    "_ema200": 73.63077331,
    "_psar": 77.54465034,
    "_wr": -26.33451957,
    "_mom": 3.57,
    "_mom1": 7.2,
    "stock_diff": -4.55,
    "rsi_diff": -6.05
}
