{
    "open": 240.68,
    "low": 240.5,
    "high": 243.35,
    "close": 243.2,
    "volume": 390722,
    "change": 0.72895958,
    "_rsi": 51.18401201,
    "_rsi1": 48.55001317,
    "_stock_k": 42.25908373,
    "_stock_d": 51.29707853,
    "_stock_k1": 49.07050614,
    "_stock_d1": 61.51264886,
    "_macd_blue": 0.23739068,
    "_macd_orange": 0.40933214,
    "_cci20": 1.80317246,
    "_cci201": -5.02613808,
    "_ema10": 242.968694,
    "_ema20": 242.51427035,
    "_ema30": 242.45095327,
    "_ema50": 242.45759619,
    "_ema100": 240.14163104,
    "_ema200": 230.51223335,
    "_psar": 240.415,
    "_wr": -52.76461295,
    "_mom": -0.82,
    "_mom1": -3.02,
    "stock_diff": -9.04,
    "rsi_diff": 2.63
}
