{
    "open": 505,
    "low": 503.86,
    "high": 515.78,
    "close": 513.46,
    "volume": 2789164,
    "change": 2.03286767,
    "_rsi": 64.54685957,
    "_rsi1": 59.51138684,
    "_stock_k": 84.22992666,
    "_stock_d": 83.97149618,
    "_stock_k1": 81.68595307,
    "_stock_d1": 86.59150571,
    "_macd_blue": 6.50935389,
    "_macd_orange": 8.4667008,
    "_cci20": 127.04047585,
    "_cci201": 94.04206393,
    "_ema10": 501.88776029,
    "_ema20": 494.57877367,
    "_ema30": 490.07689173,
    "_ema50": 484.07048619,
    "_ema100": 471.11852793,
    "_ema200": 446.5562666,
    "_psar": 499.96145482,
    "_wr": -5.24175328,
    "_mom": 22.02,
    "_mom1": 17.66,
    "stock_diff": 0.26,
    "rsi_diff": 5.04
}
