{
    "open": 26.27,
    "low": 26.12,
    "high": 26.43,
    "close": 26.14,
    "volume": 4251397,
    "change": -0.75930144,
    "_rsi": 54.70878486,
    "_rsi1": 56.96762792,
    "_stock_k": 88.73009278,
    "_stock_d": 90.65059531,
    "_stock_k1": 90.01214407,
    "_stock_d1": 88.94747082,
    "_macd_blue": -0.15393507,
    "_macd_orange": -0.01515209,
    "_cci20": 171.0353082,
    "_cci201": 191.65584697,
    "_ema10": 25.71488267,
    "_ema20": 25.67536146,
    "_ema30": 25.70298617,
    "_ema50": 25.64475175,
    "_ema100": 25.38566878,
    "_ema200": 24.98291714,
    "_psar": 24.70547555,
    "_wr": -20,
    "_mom": 0.97,
    "_mom1": 1.48,
    "stock_diff": -1.92,
    "rsi_diff": -2.26
}
