{
    "open": 396.56,
    "low": 390.14,
    "high": 397.71,
    "close": 393.94,
    "volume": 322612,
    "change": -0.72827155,
    "_rsi": 40.29688052,
    "_rsi1": 41.44846018,
    "_stock_k": 35.81140861,
    "_stock_d": 40.21233369,
    "_stock_k1": 41.39071009,
    "_stock_d1": 42.52201995,
    "_macd_blue": -12.12654827,
    "_macd_orange": -10.25379015,
    "_cci20": -73.37085488,
    "_cci201": -57.08598729,
    "_ema10": 400.62197037,
    "_ema20": 406.89162076,
    "_ema30": 415.29220362,
    "_ema50": 431.63020353,
    "_ema100": 454.877227,
    "_ema200": 460.20797426,
    "_psar": 382.716288,
    "_wr": -65.93347639,
    "_mom": -3.25,
    "_mom1": 3.68,
    "stock_diff": -4.4,
    "rsi_diff": -1.15
}
