{
    "open": 35.7,
    "low": 35.34,
    "high": 36.62,
    "close": 36.52,
    "volume": 6467565,
    "change": 2.41166573,
    "_rsi": 65.39879424,
    "_rsi1": 60.59618841,
    "_stock_k": 90.16922243,
    "_stock_d": 88.98113866,
    "_stock_k1": 89.70814132,
    "_stock_d1": 90.21930255,
    "_macd_blue": 0.23722769,
    "_macd_orange": 0.50122001,
    "_cci20": 166.69962034,
    "_cci201": 135.440453,
    "_ema10": 35.16668359,
    "_ema20": 34.66912438,
    "_ema30": 34.44722469,
    "_ema50": 34.12533039,
    "_ema100": 33.15445124,
    "_ema200": 31.26752129,
    "_psar": 33.66353392,
    "_wr": -2.45700246,
    "_mom": 3.38,
    "_mom1": 2.41,
    "stock_diff": 1.19,
    "rsi_diff": 4.8
}
