{
    "open": 46.86,
    "low": 46.45,
    "high": 47.29,
    "close": 46.52,
    "volume": 2633696,
    "change": -2.04253527,
    "_rsi": 52.87353466,
    "_rsi1": 57.90833121,
    "_stock_k": 84.89907445,
    "_stock_d": 91.81170603,
    "_stock_k1": 93.81377346,
    "_stock_d1": 96.160985,
    "_macd_blue": -0.26240541,
    "_macd_orange": 0.21561435,
    "_cci20": 89.42831902,
    "_cci201": 147.8053656,
    "_ema10": 46.2801933,
    "_ema20": 45.83779229,
    "_ema30": 46.01635943,
    "_ema50": 46.93089346,
    "_ema100": 48.7113551,
    "_ema200": 48.44250073,
    "_psar": 44.15713072,
    "_wr": -27.74509804,
    "_mom": 1.93,
    "_mom1": 3.91,
    "stock_diff": -6.91,
    "rsi_diff": -5.03
}
