{
    "open": 220.73,
    "low": 211.39,
    "high": 220.96,
    "close": 212.92,
    "volume": 6832572,
    "change": -2.85166766,
    "_rsi": 35.1198817,
    "_rsi1": 40.53555484,
    "_stock_k": 7.030345,
    "_stock_d": 20.8272014,
    "_stock_k1": 21.35720665,
    "_stock_d1": 39.52311201,
    "_macd_blue": -0.74674336,
    "_macd_orange": -1.69202378,
    "_cci20": -188.50245276,
    "_cci201": -108.20971415,
    "_ema10": 223.56229318,
    "_ema20": 225.00799451,
    "_ema30": 226.25057712,
    "_ema50": 228.73529794,
    "_ema100": 229.30442055,
    "_ema200": 220.1247365,
    "_psar": 237.19763392,
    "_wr": -94.32913269,
    "_mom": -9.29,
    "_mom1": -5,
    "stock_diff": -13.8,
    "rsi_diff": -5.42
}
