{
    "open": 158.94,
    "low": 158.87,
    "high": 162.57,
    "close": 162.46,
    "volume": 1425937,
    "change": 2.26614629,
    "_rsi": 79.2284236,
    "_rsi1": 74.86751778,
    "_stock_k": 92.53346378,
    "_stock_d": 91.4080833,
    "_stock_k1": 88.8430026,
    "_stock_d1": 91.67295508,
    "_macd_blue": 4.96640579,
    "_macd_orange": 5.22098244,
    "_cci20": 145.78371491,
    "_cci201": 96.6979355,
    "_ema10": 157.55914543,
    "_ema20": 153.57055805,
    "_ema30": 150.29785037,
    "_ema50": 145.64939981,
    "_ema100": 139.72538853,
    "_ema200": 135.58670556,
    "_psar": 157.15,
    "_wr": -1.02040816,
    "_mom": 8.25,
    "_mom1": 3.58,
    "stock_diff": 1.13,
    "rsi_diff": 4.36
}
