{
    "open": 80.81,
    "low": 80.21,
    "high": 81.755,
    "close": 81.53,
    "volume": 1350608,
    "change": 1.36764889,
    "_rsi": 51.5796534,
    "_rsi1": 48.56905726,
    "_stock_k": 51.74725287,
    "_stock_d": 45.47425957,
    "_stock_k1": 43.0926509,
    "_stock_d1": 40.97237566,
    "_macd_blue": -0.3905801,
    "_macd_orange": -0.34061906,
    "_cci20": -10.03195842,
    "_cci201": -29.75159679,
    "_ema10": 80.59083761,
    "_ema20": 80.90348709,
    "_ema30": 80.96530629,
    "_ema50": 80.5674736,
    "_ema100": 79.5522013,
    "_ema200": 78.24539215,
    "_psar": 75.23,
    "_wr": -34.57943925,
    "_mom": 1.55,
    "_mom1": 0.67,
    "stock_diff": 6.27,
    "rsi_diff": 3.01
}
