{
    "open": 343.4,
    "low": 341.75,
    "high": 346.73,
    "close": 342.18,
    "volume": 2528000,
    "change": -2.10282379,
    "_rsi": 46.89317441,
    "_rsi1": 51.54124125,
    "_stock_k": 83.80242387,
    "_stock_d": 82.13490818,
    "_stock_k1": 85.06231863,
    "_stock_d1": 77.10569045,
    "_macd_blue": -7.06836076,
    "_macd_orange": -4.39931555,
    "_cci20": 18.03476605,
    "_cci201": 43.57030888,
    "_ema10": 342.21128579,
    "_ema20": 344.35897226,
    "_ema30": 347.82351621,
    "_ema50": 351.62998509,
    "_ema100": 354.0100905,
    "_ema200": 353.98743522,
    "_psar": 322.25934559,
    "_wr": -24.3067053,
    "_mom": 14.05,
    "_mom1": 35.2,
    "stock_diff": 1.67,
    "rsi_diff": -4.65
}
