{
    "open": 195.35,
    "low": 195.32,
    "high": 198.36,
    "close": 197.79,
    "volume": 2526711,
    "change": 1.5922749,
    "_rsi": 60.57573481,
    "_rsi1": 56.71928444,
    "_stock_k": 87.30172506,
    "_stock_d": 86.00122504,
    "_stock_k1": 86.33093525,
    "_stock_d1": 87.71376697,
    "_macd_blue": -0.56594104,
    "_macd_orange": 1.0919738,
    "_cci20": 154.88201962,
    "_cci201": 115.78666716,
    "_ema10": 192.60966144,
    "_ema20": 190.81957925,
    "_ema30": 191.19838259,
    "_ema50": 193.84207652,
    "_ema100": 200.45243217,
    "_ema200": 205.75498059,
    "_psar": 189.17073516,
    "_wr": -3.49050827,
    "_mom": 15.55,
    "_mom1": 10.33,
    "stock_diff": 1.3,
    "rsi_diff": 3.86
}
