{
    "open": 61.12,
    "low": 60.295,
    "high": 61.165,
    "close": 60.85,
    "volume": 10921003,
    "change": 0.11516946,
    "_rsi": 38.99659499,
    "_rsi1": 38.5425804,
    "_stock_k": 37.20268503,
    "_stock_d": 37.23883039,
    "_stock_k1": 36.44064797,
    "_stock_d1": 38.36817077,
    "_macd_blue": -1.271494,
    "_macd_orange": -1.19394774,
    "_cci20": -61.59601082,
    "_cci201": -49.8884956,
    "_ema10": 61.36793311,
    "_ema20": 62.23610557,
    "_ema30": 62.97985634,
    "_ema50": 63.71144516,
    "_ema100": 63.76907228,
    "_ema200": 62.77031287,
    "_psar": 59.0808,
    "_wr": -61.39240506,
    "_mom": 0.69,
    "_mom1": -0.51,
    "stock_diff": -0.04,
    "rsi_diff": 0.45
}
