{
    "open": 577.88,
    "low": 568.27,
    "high": 581.05,
    "close": 574.29,
    "volume": 1037292,
    "change": 0.1045861,
    "_rsi": 55.26742188,
    "_rsi1": 55.0173594,
    "_stock_k": 71.14274992,
    "_stock_d": 77.94485247,
    "_stock_k1": 76.96805841,
    "_stock_d1": 86.04432568,
    "_macd_blue": -0.16372163,
    "_macd_orange": 4.44785064,
    "_cci20": 75.27478633,
    "_cci201": 74.44481569,
    "_ema10": 570.01781918,
    "_ema20": 563.81236245,
    "_ema30": 564.30441832,
    "_ema50": 571.02093082,
    "_ema100": 579.46913833,
    "_ema200": 565.52450377,
    "_psar": 544.90882068,
    "_wr": -27.26164148,
    "_mom": 44.48,
    "_mom1": 35.44,
    "stock_diff": -6.8,
    "rsi_diff": 0.25
}
