{
    "open": 155.16,
    "low": 154.64,
    "high": 158.35,
    "close": 158.31,
    "volume": 7131733,
    "change": 2.59883344,
    "_rsi": 57.59006319,
    "_rsi1": 52.73258285,
    "_stock_k": 91.80151419,
    "_stock_d": 91.99005365,
    "_stock_k1": 89.41083143,
    "_stock_d1": 90.77040339,
    "_macd_blue": -1.51540681,
    "_macd_orange": 0.06657803,
    "_cci20": 119.65624172,
    "_cci201": 96.55277127,
    "_ema10": 153.22674187,
    "_ema20": 152.35742585,
    "_ema30": 153.09819702,
    "_ema50": 155.16815488,
    "_ema100": 157.35200553,
    "_ema200": 154.27830897,
    "_psar": 142.80117432,
    "_wr": -0.2302821,
    "_mom": 11.67,
    "_mom1": 5.05,
    "stock_diff": -0.19,
    "rsi_diff": 4.86
}
