{
    "open": 176.45,
    "low": 174.79,
    "high": 177.86,
    "close": 177.58,
    "volume": 1422509,
    "change": 1.29484912,
    "_rsi": 56.53049457,
    "_rsi1": 52.47076995,
    "_stock_k": 53.3339698,
    "_stock_d": 45.82426821,
    "_stock_k1": 41.12682176,
    "_stock_d1": 45.63342383,
    "_macd_blue": -0.19364181,
    "_macd_orange": 0.37122585,
    "_cci20": 85.22070966,
    "_cci201": 19.24093991,
    "_ema10": 174.89717241,
    "_ema20": 174.1892769,
    "_ema30": 174.54784948,
    "_ema50": 176.38783327,
    "_ema100": 179.80549596,
    "_ema200": 180.93014742,
    "_psar": 171.1460958,
    "_wr": -24.7064829,
    "_mom": 3.95,
    "_mom1": -0.86,
    "stock_diff": 7.51,
    "rsi_diff": 4.06
}
