{
    "open": 135.63,
    "low": 134.725,
    "high": 136.35,
    "close": 136.19,
    "volume": 1745280,
    "change": 0.93381754,
    "_rsi": 53.70057111,
    "_rsi1": 51.63835102,
    "_stock_k": 81.2316884,
    "_stock_d": 82.77084714,
    "_stock_k1": 82.68704161,
    "_stock_d1": 85.25779658,
    "_macd_blue": -1.76151593,
    "_macd_orange": -0.51562527,
    "_cci20": 92.95133184,
    "_cci201": 69.73457881,
    "_ema10": 133.81967695,
    "_ema20": 133.57381355,
    "_ema30": 134.42964413,
    "_ema50": 135.98406122,
    "_ema100": 140.51928175,
    "_ema200": 151.22237085,
    "_psar": 126.27011858,
    "_wr": -12.62135922,
    "_mom": 9.2,
    "_mom1": 7.81,
    "stock_diff": -1.54,
    "rsi_diff": 2.06
}
