{
    "open": 93.27,
    "low": 92.92,
    "high": 94.79,
    "close": 94.23,
    "volume": 1846680,
    "change": 1.37708445,
    "_rsi": 59.11142788,
    "_rsi1": 56.14181224,
    "_stock_k": 82.51456424,
    "_stock_d": 84.46295834,
    "_stock_k1": 82.77830637,
    "_stock_d1": 89.37158178,
    "_macd_blue": 0.15593214,
    "_macd_orange": 0.77266184,
    "_cci20": 136.13951519,
    "_cci201": 83.32142079,
    "_ema10": 92.09887102,
    "_ema20": 91.20605515,
    "_ema30": 91.00313565,
    "_ema50": 91.05335812,
    "_ema100": 91.12444775,
    "_ema200": 90.24234412,
    "_psar": 88.21203417,
    "_wr": -5.26315789,
    "_mom": 8.67,
    "_mom1": 5.89,
    "stock_diff": -1.95,
    "rsi_diff": 2.97
}
