{
    "open": 105.16,
    "low": 104.92,
    "high": 108.02,
    "close": 107.91,
    "volume": 888330,
    "change": 2.79100781,
    "_rsi": 58.98911343,
    "_rsi1": 54.58268238,
    "_stock_k": 77.5564409,
    "_stock_d": 80.01011826,
    "_stock_k1": 77.29083665,
    "_stock_d1": 84.40313463,
    "_macd_blue": 0.04970254,
    "_macd_orange": 1.2978168,
    "_cci20": 104.02174877,
    "_cci201": 84.64847842,
    "_ema10": 104.68061052,
    "_ema20": 102.98561223,
    "_ema30": 102.98767336,
    "_ema50": 105.02337182,
    "_ema100": 110.40575897,
    "_ema200": 112.95049188,
    "_psar": 97.89705101,
    "_wr": -16.84689812,
    "_mom": 9.58,
    "_mom1": 6.29,
    "stock_diff": -2.45,
    "rsi_diff": 4.41
}
