{
    "open": 79.25,
    "low": 78.9,
    "high": 80.13,
    "close": 79.33,
    "volume": 790253,
    "change": 1.36723741,
    "_rsi": 50.25528415,
    "_rsi1": 46.51415681,
    "_stock_k": 46.75775776,
    "_stock_d": 37.35506253,
    "_stock_k1": 36.04094743,
    "_stock_d1": 30.82321618,
    "_macd_blue": -0.97165662,
    "_macd_orange": -1.01422105,
    "_cci20": -1.20440762,
    "_cci201": -51.95064068,
    "_ema10": 78.03820559,
    "_ema20": 78.90744609,
    "_ema30": 79.33266839,
    "_ema50": 79.13926292,
    "_ema100": 77.16229165,
    "_ema200": 73.24045651,
    "_psar": 74.61480704,
    "_wr": -39.08387864,
    "_mom": -0.99,
    "_mom1": 0.66,
    "stock_diff": 9.4,
    "rsi_diff": 3.74
}
