{
    "open": 92.48,
    "low": 91.985,
    "high": 93.97,
    "close": 92.38,
    "volume": 6586761,
    "change": 0.27135569,
    "_rsi": 50.27138994,
    "_rsi1": 49.73160707,
    "_stock_k": 79.80422463,
    "_stock_d": 83.37626653,
    "_stock_k1": 84.54404946,
    "_stock_d1": 87.4720403,
    "_macd_blue": -1.71859827,
    "_macd_orange": -0.69880515,
    "_cci20": 77.90322826,
    "_cci201": 67.01429429,
    "_ema10": 91.6449654,
    "_ema20": 91.61453129,
    "_ema30": 92.57008643,
    "_ema50": 94.34393409,
    "_ema100": 96.21059473,
    "_ema200": 94.12275509,
    "_psar": 87.96235593,
    "_wr": -19.55177743,
    "_mom": 7.2,
    "_mom1": 6.27,
    "stock_diff": -3.57,
    "rsi_diff": 0.54
}
