{
    "open": 499.9,
    "low": 495.26,
    "high": 505.9,
    "close": 504.82,
    "volume": 432147,
    "change": 0.41772756,
    "_rsi": 60.02422082,
    "_rsi1": 58.96770379,
    "_stock_k": 91.83485956,
    "_stock_d": 90.2301336,
    "_stock_k1": 90.57228803,
    "_stock_d1": 85.33443637,
    "_macd_blue": 2.72267267,
    "_macd_orange": 5.49495565,
    "_cci20": 97.52365036,
    "_cci201": 118.0126735,
    "_ema10": 496.85032684,
    "_ema20": 491.1981724,
    "_ema30": 489.27809577,
    "_ema50": 488.00599718,
    "_ema100": 481.6761753,
    "_ema200": 464.15735738,
    "_psar": 474.25425779,
    "_wr": -8.18852027,
    "_mom": 17.41,
    "_mom1": 12.64,
    "stock_diff": 1.6,
    "rsi_diff": 1.06
}
