{
    "open": 44,
    "low": 43.77,
    "high": 44.52,
    "close": 43.78,
    "volume": 15142284,
    "change": -1.75044883,
    "_rsi": 44.87873331,
    "_rsi1": 47.27027453,
    "_stock_k": 65.68052705,
    "_stock_d": 63.82388402,
    "_stock_k1": 65.52217454,
    "_stock_d1": 61.78143497,
    "_macd_blue": -2.07564053,
    "_macd_orange": -1.46929394,
    "_cci20": 17.75554861,
    "_cci201": 34.04629984,
    "_ema10": 43.5967057,
    "_ema20": 44.34310638,
    "_ema30": 45.65120104,
    "_ema50": 48.06969321,
    "_ema100": 51.33325479,
    "_ema200": 52.53085338,
    "_psar": 40.17190464,
    "_wr": -26.99275362,
    "_mom": 1.5,
    "_mom1": 4.36,
    "stock_diff": 1.86,
    "rsi_diff": -2.39
}
