{
    "open": 287.96,
    "low": 284.93,
    "high": 289.51,
    "close": 286.12,
    "change": 0.18558073,
    "_rsi": 44.0671672,
    "_rsi1": 43.65648395,
    "_stock_k": 50.51816078,
    "_stock_d": 40.99854308,
    "_stock_k1": 40.18512929,
    "_stock_d1": 35.16537879,
    "_macd_blue": -4.94065,
    "_macd_orange": -5.12567697,
    "_cci20": -51.20246497,
    "_cci201": -87.29261773,
    "_ema10": 287.87230485,
    "_ema20": 291.62745453,
    "_ema30": 295.16482492,
    "_ema50": 300.79240947,
    "_ema100": 304.7636974,
    "_ema200": 294.95939835,
    "_psar": 298.87601357,
    "_wrr": -51.34319348,
    "stock_diff": 9.52,
    "rsi_diff": 0.41
}
