{
    "open": 717.12,
    "low": 700.55,
    "high": 717.74,
    "close": 710.14,
    "volume": 365347,
    "change": -0.20937847,
    "_rsi": 50.35079743,
    "_rsi1": 50.91166338,
    "_stock_k": 56.63367453,
    "_stock_d": 61.15293874,
    "_stock_k1": 61.68682853,
    "_stock_d1": 68.69997615,
    "_macd_blue": -0.32000563,
    "_macd_orange": 1.31247013,
    "_cci20": 12.37330674,
    "_cci201": 6.57363984,
    "_ema10": 711.05962473,
    "_ema20": 708.65615657,
    "_ema30": 710.04514644,
    "_ema50": 719.27024387,
    "_ema100": 741.872242,
    "_ema200": 755.82922722,
    "_psar": 686.2872577,
    "_wr": -42.89823196,
    "_mom": 16.59,
    "_mom1": 5.15,
    "stock_diff": -4.52,
    "rsi_diff": -0.56
}
