{
    "open": 110.39,
    "low": 108.98,
    "high": 110.56,
    "close": 109.52,
    "volume": 555155,
    "change": -0.83303151,
    "_rsi": 55.94667671,
    "_rsi1": 59.35558854,
    "_stock_k": 52.01875295,
    "_stock_d": 60.2497833,
    "_stock_k1": 62.55962095,
    "_stock_d1": 67.67613949,
    "_macd_blue": 3.08875868,
    "_macd_orange": 2.5877438,
    "_cci20": 13.46172191,
    "_cci201": 31.46392343,
    "_ema10": 110.75696065,
    "_ema20": 109.00972928,
    "_ema30": 107.27684878,
    "_ema50": 104.86090928,
    "_ema100": 100.64662302,
    "_ema200": 93.73934646,
    "_psar": 115.57519814,
    "_wr": -64.15176625,
    "_mom": -5.35,
    "_mom1": -2.25,
    "stock_diff": -8.23,
    "rsi_diff": -3.41
}
