{
    "open": 239.58,
    "low": 234.22,
    "high": 240.09,
    "close": 234.28,
    "volume": 1929995,
    "change": -1.94207266,
    "_rsi": 43.40129641,
    "_rsi1": 48.95134194,
    "_stock_k": 72.928943,
    "_stock_d": 68.57292883,
    "_stock_k1": 72.26110162,
    "_stock_d1": 59.20924717,
    "_macd_blue": -6.05057145,
    "_macd_orange": -4.59472092,
    "_cci20": 1.57204451,
    "_cci201": 10.78472777,
    "_ema10": 234.07970052,
    "_ema20": 236.865777,
    "_ema30": 240.24529282,
    "_ema50": 244.76394866,
    "_ema100": 247.69695108,
    "_ema200": 244.04970374,
    "_psar": 222.31247458,
    "_wr": -33.75224417,
    "_mom": 9.95,
    "_mom1": 3.11,
    "stock_diff": 4.36,
    "rsi_diff": -5.55
}
