{
    "open": 193.84,
    "low": 193.19,
    "high": 195.05,
    "close": 194.86,
    "volume": 403941,
    "change": 0.67162637,
    "_rsi": 49.48316668,
    "_rsi1": 47.35905636,
    "_stock_k": 49.93333333,
    "_stock_d": 52.14074074,
    "_stock_k1": 52.28888889,
    "_stock_d1": 54.05537576,
    "_macd_blue": -0.717058,
    "_macd_orange": -0.45156831,
    "_cci20": -9.15745658,
    "_cci201": -9.55261001,
    "_ema10": 194.66279738,
    "_ema20": 194.76250858,
    "_ema30": 195.3958253,
    "_ema50": 196.76505819,
    "_ema100": 195.8079656,
    "_ema200": 185.20827205,
    "_psar": 200.251883,
    "_wr": -49.13333333,
    "_mom": -1.42,
    "_mom1": -4.41,
    "stock_diff": -2.21,
    "rsi_diff": 2.12
}
