{
    "open": 24.37,
    "low": 24.085,
    "high": 24.4,
    "close": 24.37,
    "volume": 5146750,
    "change": 0.53630363,
    "_rsi": 67.99919876,
    "_rsi1": 67.15563764,
    "_stock_k": 92.90672681,
    "_stock_d": 90.12622313,
    "_stock_k1": 90.52598022,
    "_stock_d1": 89.94251307,
    "_macd_blue": 0.32183775,
    "_macd_orange": 0.57307915,
    "_cci20": 138.75781804,
    "_cci201": 135.09999005,
    "_ema10": 23.4214785,
    "_ema20": 22.8540841,
    "_ema30": 22.63681584,
    "_ema50": 22.61674913,
    "_ema100": 23.00233701,
    "_ema200": 23.40963832,
    "_psar": 23.29288651,
    "_wr": -1.05448155,
    "_mom": 2.17,
    "_mom1": 1.89,
    "stock_diff": 2.78,
    "rsi_diff": 0.84
}
