{
    "open": 21.63,
    "low": 21.42,
    "high": 21.89,
    "close": 21.83,
    "volume": 4019255,
    "change": 1.53488372,
    "_rsi": 56.39000207,
    "_rsi1": 53.49215365,
    "_stock_k": 91.07981221,
    "_stock_d": 90.36751398,
    "_stock_k1": 88.67919592,
    "_stock_d1": 90.4398208,
    "_macd_blue": -0.33051965,
    "_macd_orange": -0.05427357,
    "_cci20": 99.30552588,
    "_cci201": 91.46653413,
    "_ema10": 21.19570453,
    "_ema20": 21.09169871,
    "_ema30": 21.26266207,
    "_ema50": 21.70379046,
    "_ema100": 22.57043939,
    "_ema200": 23.01333716,
    "_psar": 20.13845804,
    "_wr": -3.94366197,
    "_mom": 1.77,
    "_mom1": 1.43,
    "stock_diff": 0.71,
    "rsi_diff": 2.9
}
