{
    "open": 36.44,
    "low": 36.14,
    "high": 36.59,
    "close": 36.45,
    "volume": 2384958,
    "change": 0.41322314,
    "_rsi": 38.83134786,
    "_rsi1": 37.61001579,
    "_stock_k": 12.58260808,
    "_stock_d": 21.05281048,
    "_stock_k1": 16.78331084,
    "_stock_d1": 32.86531678,
    "_macd_blue": -0.31455325,
    "_macd_orange": -0.43792618,
    "_cci20": -160.83817759,
    "_cci201": -153.42365857,
    "_ema10": 37.48159917,
    "_ema20": 37.84132372,
    "_ema30": 38.11739911,
    "_ema50": 38.52790202,
    "_ema100": 39.05918298,
    "_ema200": 39.11289379,
    "_psar": 39.6906,
    "_wr": -91.43646409,
    "_mom": -1.2,
    "_mom1": -1.6,
    "stock_diff": -8.47,
    "rsi_diff": 1.22
}
