{
    "open": 135.02,
    "low": 133.47,
    "high": 138.51,
    "close": 138.43,
    "volume": 1363574,
    "change": 3.84846212,
    "_rsi": 54.01848919,
    "_rsi1": 48.38710585,
    "_stock_k": 88.16002683,
    "_stock_d": 84.80177834,
    "_stock_k1": 81.57142536,
    "_stock_d1": 80.72220752,
    "_macd_blue": -2.22767856,
    "_macd_orange": -0.98256427,
    "_cci20": 74.46722689,
    "_cci201": 36.92720109,
    "_ema10": 133.98954816,
    "_ema20": 134.05628737,
    "_ema30": 135.37287302,
    "_ema50": 138.76568393,
    "_ema100": 146.55330325,
    "_ema200": 154.46631539,
    "_psar": 123.62554596,
    "_wr": -1.6194332,
    "_mom": 6.96,
    "_mom1": -0.86,
    "stock_diff": 3.36,
    "rsi_diff": 5.63
}
