{
    "open": 229.39,
    "low": 226.695,
    "high": 229.45,
    "close": 228.95,
    "volume": 248090,
    "change": -0.6207136,
    "_rsi": 53.53378359,
    "_rsi1": 55.2452444,
    "_stock_k": 87.99512105,
    "_stock_d": 89.1136356,
    "_stock_k1": 92.48115825,
    "_stock_d1": 84.79303362,
    "_macd_blue": -1.99541088,
    "_macd_orange": -0.27124105,
    "_cci20": 79.71856723,
    "_cci201": 122.05934348,
    "_ema10": 225.94568201,
    "_ema20": 225.22084082,
    "_ema30": 226.35936894,
    "_ema50": 229.85046849,
    "_ema100": 234.89037951,
    "_ema200": 232.55489918,
    "_psar": 216.26654047,
    "_wr": -16.31205674,
    "_mom": 6.5,
    "_mom1": 15.12,
    "stock_diff": -1.12,
    "rsi_diff": -1.71
}
