{
    "open": 43.39,
    "low": 43.39,
    "high": 44.16,
    "close": 43.91,
    "volume": 3017596,
    "change": 0.91932889,
    "_rsi": 59.51682596,
    "_rsi1": 56.1918103,
    "_stock_k": 52.55254112,
    "_stock_d": 55.23894556,
    "_stock_k1": 56.28710902,
    "_stock_d1": 59.06243848,
    "_macd_blue": 0.61830548,
    "_macd_orange": 0.55467071,
    "_cci20": 40.09942021,
    "_cci201": 27.93088269,
    "_ema10": 43.63415131,
    "_ema20": 43.24637917,
    "_ema30": 42.87325818,
    "_ema50": 42.26557652,
    "_ema100": 41.11648778,
    "_ema200": 39.582216,
    "_psar": 44.9454,
    "_wr": -49.53703704,
    "_mom": -0.12,
    "_mom1": -0.57,
    "stock_diff": -2.69,
    "rsi_diff": 3.33
}
