{
    "open": 60.3,
    "low": 59.705,
    "high": 60.3,
    "close": 60.1,
    "volume": 30197775,
    "change": 0.0166417,
    "_rsi": 48.70737869,
    "_rsi1": 48.6481273,
    "_stock_k": 43.1763285,
    "_stock_d": 38.12399356,
    "_stock_k1": 40.27777778,
    "_stock_d1": 30.93800322,
    "_macd_blue": -0.31601866,
    "_macd_orange": -0.42629978,
    "_cci20": -29.32684885,
    "_cci201": -42.77547007,
    "_ema10": 59.77549506,
    "_ema20": 60.18909118,
    "_ema30": 60.32150613,
    "_ema50": 60.08823746,
    "_ema100": 58.98785194,
    "_ema200": 57.2577686,
    "_psar": 61.68350537,
    "_wr": -52.89855072,
    "_mom": -2.47,
    "_mom1": -2.38,
    "stock_diff": 5.05,
    "rsi_diff": 0.06
}
