{
    "open": 42.15,
    "low": 41.8601,
    "high": 42.47,
    "close": 42.2,
    "volume": 2619871,
    "change": 0.09487666,
    "_rsi": 50.88682822,
    "_rsi1": 50.73143751,
    "_stock_k": 86.57683217,
    "_stock_d": 77.11239611,
    "_stock_k1": 77.22102395,
    "_stock_d1": 69.53905636,
    "_macd_blue": -0.57298359,
    "_macd_orange": -0.307026,
    "_cci20": 42.222973,
    "_cci201": 17.69429008,
    "_ema10": 41.68157531,
    "_ema20": 41.78763739,
    "_ema30": 42.07590753,
    "_ema50": 42.52052343,
    "_ema100": 42.89593644,
    "_ema200": 41.82276942,
    "_psar": 38.18292608,
    "_wr": -8.30670927,
    "_mom": 2.09,
    "_mom1": 1.27,
    "stock_diff": 9.46,
    "rsi_diff": 0.16
}
