{
    "open": 163.92,
    "low": 163.57,
    "high": 166.5984,
    "close": 164.77,
    "volume": 34110253,
    "change": -0.31459858,
    "_rsi": 43.63599976,
    "_rsi1": 44.27480827,
    "_stock_k": 14.64143171,
    "_stock_d": 16.38697938,
    "_stock_k1": 17.25043012,
    "_stock_d1": 17.31963328,
    "_macd_blue": 1.26935654,
    "_macd_orange": 0.0679294,
    "_cci20": -125.8161461,
    "_cci201": -79.15740071,
    "_ema10": 168.83016567,
    "_ema20": 169.28219842,
    "_ema30": 168.92149752,
    "_ema50": 168.29650087,
    "_ema100": 165.65431111,
    "_ema200": 157.77685786,
    "_psar": 174.52773672,
    "_wr": -92.51870324,
    "_mom": -9.54,
    "_mom1": -9.32,
    "stock_diff": -1.75,
    "rsi_diff": -0.64,
    "_ao": 0.64859882,
    "_ao1": 1.76385294,
    "_ao2": 2.60556176
}
