{
    "open": 55.74,
    "low": 54.655,
    "high": 56.23,
    "close": 56.19,
    "volume": 6074630,
    "change": 1.38939011,
    "_rsi": 66.09834838,
    "_rsi1": 64.52380916,
    "_stock_k": 65.29135371,
    "_stock_d": 66.2745367,
    "_stock_k1": 66.83472237,
    "_stock_d1": 66.64037224,
    "_macd_blue": 2.40696155,
    "_macd_orange": 2.91862807,
    "_cci20": 66.0299447,
    "_cci201": 67.51370874,
    "_ema10": 54.63652507,
    "_ema20": 52.15886254,
    "_ema30": 50.60858281,
    "_ema50": 48.78174435,
    "_ema100": 46.35760234,
    "_ema200": 43.52810019,
    "_psar": 62.58,
    "_wr": -32.87375244,
    "_mom": 7.84,
    "_mom1": 8.62,
    "stock_diff": -0.98,
    "rsi_diff": 1.57
}
