{
    "open": 71.62,
    "low": 71.49,
    "high": 72.6,
    "close": 72.41,
    "volume": 12981715,
    "change": 1.44298123,
    "_rsi": 76.38492993,
    "_rsi1": 72.21224506,
    "_stock_k": 85.28300061,
    "_stock_d": 82.93898918,
    "_stock_k1": 79.37346005,
    "_stock_d1": 84.85715171,
    "_macd_blue": 1.12905856,
    "_macd_orange": 1.29050827,
    "_cci20": 181.95360594,
    "_cci201": 143.87440164,
    "_ema10": 70.65000712,
    "_ema20": 69.65031315,
    "_ema30": 68.80249649,
    "_ema50": 67.34347989,
    "_ema100": 65.26476638,
    "_ema200": 63.99225041,
    "_psar": 69.13182811,
    "_wr": -3.60189573,
    "_mom": 3.99,
    "_mom1": 3.25,
    "stock_diff": 2.34,
    "rsi_diff": 4.17
}
