{
    "open": 83.94,
    "low": 78.48,
    "high": 84.17,
    "close": 79.45,
    "volume": 131927,
    "change": -7.44408201,
    "_rsi": 61.38148066,
    "_rsi1": 74.66389689,
    "_stock_k": 84.50059102,
    "_stock_d": 86.29594245,
    "_stock_k1": 86.58392435,
    "_stock_d1": 87.30705777,
    "_macd_blue": 5.72312441,
    "_macd_orange": 6.16609953,
    "_cci20": 85.8595385,
    "_cci201": 162.58689243,
    "_ema10": 79.40976798,
    "_ema20": 74.65906647,
    "_ema30": 70.78747131,
    "_ema50": 65.30536077,
    "_ema100": 58.13524701,
    "_ema200": 50.77999711,
    "_psar": 75.07233,
    "_wr": -34.2641844,
    "_mom": 5.5,
    "_mom1": 18.42,
    "stock_diff": -1.8,
    "rsi_diff": -13.28
}
