{
    "open": 114.12,
    "low": 113.01,
    "high": 115.64,
    "close": 114.73,
    "volume": 633477,
    "change": 0.9058927,
    "_rsi": 45.33357724,
    "_rsi1": 42.72831946,
    "_stock_k": 31.55638257,
    "_stock_d": 45.1699851,
    "_stock_k1": 47.76931447,
    "_stock_d1": 55.2049329,
    "_macd_blue": -0.95498186,
    "_macd_orange": -0.86853582,
    "_cci20": -71.68892998,
    "_cci201": -97.94335184,
    "_ema10": 115.6532524,
    "_ema20": 116.2092217,
    "_ema30": 116.91540783,
    "_ema50": 118.42631112,
    "_ema100": 120.57238368,
    "_ema200": 119.34821205,
    "_psar": 113.00305379,
    "_wr": -64.85207101,
    "_mom": 0.73,
    "_mom1": -0.42,
    "stock_diff": -13.61,
    "rsi_diff": 2.61
}
