{
    "open": 112.14,
    "low": 109.71,
    "high": 114.27,
    "close": 111.69,
    "volume": 103201364,
    "change": -3.18973737,
    "_rsi": 48.40414568,
    "_rsi1": 51.35457305,
    "_stock_k": 49.12352222,
    "_stock_d": 35.55283779,
    "_stock_k1": 36.29569235,
    "_stock_d1": 24.95810119,
    "_macd_blue": -3.7281702,
    "_macd_orange": -3.08452582,
    "_cci20": 3.22160113,
    "_cci201": 24.13054452,
    "_ema10": 109.98338422,
    "_ema20": 111.9179901,
    "_ema30": 114.30858378,
    "_ema50": 118.34145352,
    "_ema100": 120.97282314,
    "_ema200": 114.98179737,
    "_psar": 100.3868,
    "_wr": -52.67019976,
    "_mom": -0.29,
    "_mom1": -2.91,
    "stock_diff": 13.57,
    "rsi_diff": -2.95
}
