{
    "open": 264,
    "low": 262.61,
    "high": 266.25,
    "close": 266,
    "volume": 829688,
    "change": 1.1368389,
    "_rsi": 56.22571827,
    "_rsi1": 53.9929269,
    "_stock_k": 72.22442768,
    "_stock_d": 71.49348602,
    "_stock_k1": 70.82489114,
    "_stock_d1": 75.37008267,
    "_macd_blue": 1.10224902,
    "_macd_orange": 1.99805559,
    "_cci20": 62.04224178,
    "_cci201": 21.11584619,
    "_ema10": 261.47837954,
    "_ema20": 259.53163871,
    "_ema30": 258.70021659,
    "_ema50": 258.38009064,
    "_ema100": 259.15328264,
    "_ema200": 257.38550078,
    "_psar": 249.47953281,
    "_wr": -9.88487495,
    "_mom": 18.23,
    "_mom1": 14.64,
    "stock_diff": 0.73,
    "rsi_diff": 2.23
}
