{
    "open": 138.63,
    "low": 134.8,
    "high": 138.99,
    "close": 137.06,
    "volume": 6075068,
    "change": -1.10397576,
    "_rsi": 54.94582872,
    "_rsi1": 56.69825179,
    "_stock_k": 86.51850423,
    "_stock_d": 85.47524602,
    "_stock_k1": 86.37426168,
    "_stock_d1": 87.52581685,
    "_macd_blue": -1.42395295,
    "_macd_orange": 0.27496868,
    "_cci20": 113.1774429,
    "_cci201": 105.96535121,
    "_ema10": 133.20155767,
    "_ema20": 132.07480977,
    "_ema30": 132.82476275,
    "_ema50": 135.1828749,
    "_ema100": 137.99346483,
    "_ema200": 134.7707204,
    "_psar": 126.93153588,
    "_wr": -9.26993276,
    "_mom": 13.42,
    "_mom1": 13.62,
    "stock_diff": 1.04,
    "rsi_diff": -1.75
}
