{
    "open": 23.5,
    "low": 22.8,
    "high": 23.75,
    "close": 23.23,
    "volume": 9766831,
    "change": 0,
    "_rsi": 66.8025986,
    "_rsi1": 66.8025986,
    "_stock_k": 70.89605735,
    "_stock_d": 74.61170848,
    "_stock_k1": 75.23297491,
    "_stock_d1": 77.64635603,
    "_macd_blue": 0.93629767,
    "_macd_orange": 1.44920646,
    "_cci20": 88.53772885,
    "_cci201": 92.83768169,
    "_ema10": 22.21449498,
    "_ema20": 20.8432389,
    "_ema30": 20.21980403,
    "_ema50": 19.82953425,
    "_ema100": 19.98936104,
    "_ema200": 20.57274768,
    "_psar": 18.66587321,
    "_wr": -27.41935484,
    "_mom": 5.09,
    "_mom1": 5.95,
    "stock_diff": -3.72,
    "rsi_diff": 0.0
}
