{
    "open": 394.46,
    "low": 391.5,
    "high": 404.6,
    "close": 401.34,
    "volume": 696738,
    "change": 2.1221374,
    "_rsi": 62.40611515,
    "_rsi1": 57.64335916,
    "_stock_k": 79.55086783,
    "_stock_d": 82.75174397,
    "_stock_k1": 80.25980642,
    "_stock_d1": 88.51231159,
    "_macd_blue": 0.29620139,
    "_macd_orange": 3.73074371,
    "_cci20": 154.30106442,
    "_cci201": 131.59054725,
    "_ema10": 389.44449798,
    "_ema20": 384.71394819,
    "_ema30": 384.46846686,
    "_ema50": 388.39279576,
    "_ema100": 395.58703507,
    "_ema200": 391.38059693,
    "_psar": 377.983487,
    "_wr": -7.90878214,
    "_mom": 27.18,
    "_mom1": 25.49,
    "stock_diff": -3.2,
    "rsi_diff": 4.76
}
