{
    "open": 73.5,
    "low": 72.83,
    "high": 73.99,
    "close": 73.1,
    "volume": 46826,
    "change": -0.29325513,
    "_rsi": 37.61162947,
    "_rsi1": 38.31292804,
    "_stock_k": 31.5804118,
    "_stock_d": 39.46822224,
    "_stock_k1": 42.82136895,
    "_stock_d1": 41.46599408,
    "_macd_blue": -0.9902355,
    "_macd_orange": -1.11486648,
    "_cci20": -133.55116436,
    "_cci201": -115.91626248,
    "_ema10": 74.42446796,
    "_ema20": 75.28904386,
    "_ema30": 76.00541403,
    "_ema50": 77.07872786,
    "_ema100": 78.04912635,
    "_ema200": 76.98556097,
    "_psar": 72.7658509,
    "_wr": -77.79632721,
    "_mom": -3.05,
    "_mom1": -3.025,
    "stock_diff": -7.89,
    "rsi_diff": -0.7
}
