{
    "open": 83.94,
    "low": 83.88,
    "high": 85.75,
    "close": 85.68,
    "volume": 1377099,
    "change": 2.0121443,
    "_rsi": 60.53563948,
    "_rsi1": 56.87872944,
    "_stock_k": 87.81624858,
    "_stock_d": 85.31623776,
    "_stock_k1": 84.33767644,
    "_stock_d1": 85.48678972,
    "_macd_blue": 0.62768788,
    "_macd_orange": 1.07767048,
    "_cci20": 88.45994147,
    "_cci201": 55.47996262,
    "_ema10": 83.19564426,
    "_ema20": 82.23330731,
    "_ema30": 81.58721698,
    "_ema50": 80.2787549,
    "_ema100": 77.97346415,
    "_ema200": 75.70417064,
    "_psar": 78.67681117,
    "_wr": -0.55776892,
    "_mom": 9.43,
    "_mom1": 7.05,
    "stock_diff": 2.5,
    "rsi_diff": 3.66
}
