{
    "open": 60.27,
    "low": 57.085,
    "high": 60.51,
    "close": 57.85,
    "volume": 5637747,
    "change": -4.99260962,
    "_rsi": 58.21344049,
    "_rsi1": 72.21266438,
    "_stock_k": 79.73308504,
    "_stock_d": 78.65714877,
    "_stock_k1": 79.9503414,
    "_stock_d1": 77.93882519,
    "_macd_blue": 2.11760874,
    "_macd_orange": 2.26597728,
    "_cci20": 62.25444644,
    "_cci201": 117.734709,
    "_ema10": 58.23770738,
    "_ema20": 56.51028274,
    "_ema30": 55.03446411,
    "_ema50": 52.54828585,
    "_ema100": 48.10595286,
    "_ema200": 42.5269092,
    "_psar": 61.83,
    "_wr": -37.05772812,
    "_mom": 2.02,
    "_mom1": 6.13,
    "stock_diff": 1.08,
    "rsi_diff": -14.0
}
