{
    "open": 299.14,
    "low": 298.315,
    "high": 304.2,
    "close": 304.1,
    "volume": 24483856,
    "change": 1.53928345,
    "_rsi": 56.64653471,
    "_rsi1": 53.65626962,
    "_stock_k": 93,
    "_stock_d": 91.75220081,
    "_stock_k1": 89.86277723,
    "_stock_d1": 89.19570619,
    "_macd_blue": -1.77345585,
    "_macd_orange": 0.87144218,
    "_cci20": 100.72856966,
    "_cci201": 91.83224468,
    "_ema10": 296.88346265,
    "_ema20": 294.81170968,
    "_ema30": 295.69783509,
    "_ema50": 299.28275669,
    "_ema100": 303.21667519,
    "_ema200": 294.97615917,
    "_psar": 276.63859909,
    "_wr": -2.57142857,
    "_mom": 18.51,
    "_mom1": 10.99,
    "stock_diff": 1.25,
    "rsi_diff": 2.99
}
