{
    "open": 213.32,
    "low": 210.1,
    "high": 213.49,
    "close": 210.18,
    "volume": 661824,
    "change": -1.71615618,
    "_rsi": 57.99661012,
    "_rsi1": 62.76527226,
    "_stock_k": 79.65080536,
    "_stock_d": 84.65510882,
    "_stock_k1": 85.66334686,
    "_stock_d1": 89.33946709,
    "_macd_blue": 3.61507563,
    "_macd_orange": 4.8367792,
    "_cci20": 85.41173857,
    "_cci201": 122.34220266,
    "_ema10": 209.10234265,
    "_ema20": 204.81920115,
    "_ema30": 202.4247592,
    "_ema50": 199.91835249,
    "_ema100": 195.41461607,
    "_ema200": 185.98093839,
    "_psar": 196.86115384,
    "_wr": -29.50940612,
    "_mom": 10.81,
    "_mom1": 19.97,
    "stock_diff": -5.0,
    "rsi_diff": -4.77
}
