{
    "open": 291.32,
    "low": 285.43,
    "high": 291.355,
    "close": 286.05,
    "volume": 2256420,
    "change": -2.67097652,
    "_rsi": 56.43041998,
    "_rsi1": 63.71478464,
    "_stock_k": 88.10581782,
    "_stock_d": 92.22002101,
    "_stock_k1": 93.93636501,
    "_stock_d1": 94.7168945,
    "_macd_blue": -0.75566696,
    "_macd_orange": 2.60596682,
    "_cci20": 121.07887415,
    "_cci201": 182.30968944,
    "_ema10": 281.69412524,
    "_ema20": 277.92880786,
    "_ema30": 278.13275442,
    "_ema50": 281.72264357,
    "_ema100": 288.46180926,
    "_ema200": 285.11900084,
    "_psar": 263.31789252,
    "_wr": -21.76514585,
    "_mom": 21.23,
    "_mom1": 36.63,
    "stock_diff": -4.11,
    "rsi_diff": -7.28
}
