{
    "open": 54.82,
    "low": 53.32,
    "high": 54.82,
    "close": 53.36,
    "volume": 1813188,
    "change": -3.33333333,
    "_rsi": 38.30229217,
    "_rsi1": 44.27135877,
    "_stock_k": 51.69740711,
    "_stock_d": 69.8056418,
    "_stock_k1": 73.29591018,
    "_stock_d1": 81.67334937,
    "_macd_blue": -1.33088018,
    "_macd_orange": -1.00000815,
    "_cci20": -77.35137623,
    "_cci201": 17.45434209,
    "_ema10": 55.18050014,
    "_ema20": 55.68633325,
    "_ema30": 56.62094499,
    "_ema50": 58.39675818,
    "_ema100": 60.43497252,
    "_ema200": 60.64570623,
    "_psar": 52.51362898,
    "_wr": -71.61186848,
    "_mom": -0.75,
    "_mom1": 2.72,
    "stock_diff": -18.11,
    "rsi_diff": -5.97
}
