{
    "open": 175.31,
    "low": 174.2,
    "high": 176.0199,
    "close": 175.28,
    "volume": 463664,
    "change": 0.37221554,
    "_rsi": 52.87563101,
    "_rsi1": 51.75343215,
    "_stock_k": 70.04195271,
    "_stock_d": 74.79023646,
    "_stock_k1": 74.29443173,
    "_stock_d1": 81.35647089,
    "_macd_blue": -0.78842989,
    "_macd_orange": 0.25379359,
    "_cci20": 69.55481843,
    "_cci201": 60.60586083,
    "_ema10": 174.28838378,
    "_ema20": 173.41286121,
    "_ema30": 174.10714888,
    "_ema50": 177.17585992,
    "_ema100": 182.73074873,
    "_ema200": 181.28420109,
    "_psar": 169.57631819,
    "_wr": -26.54462243,
    "_mom": 10.41,
    "_mom1": 8.15,
    "stock_diff": -4.75,
    "rsi_diff": 1.12
}
