{
    "open": 32.96,
    "low": 32.8,
    "high": 33.66,
    "close": 33.54,
    "volume": 1456473,
    "change": 2.3497101,
    "_rsi": 54.54352085,
    "_rsi1": 51.10622223,
    "_stock_k": 82.08866567,
    "_stock_d": 82.24854344,
    "_stock_k1": 81.56618157,
    "_stock_d1": 84.39259463,
    "_macd_blue": -0.36408115,
    "_macd_orange": -0.06612761,
    "_cci20": 91.80341768,
    "_cci201": 47.84195069,
    "_ema10": 32.60719249,
    "_ema20": 32.5293238,
    "_ema30": 32.64914499,
    "_ema50": 32.78524328,
    "_ema100": 33.07354342,
    "_ema200": 33.00971422,
    "_psar": 30.2276973,
    "_wr": -3.83795309,
    "_mom": 2.98,
    "_mom1": 2.66,
    "stock_diff": -0.16,
    "rsi_diff": 3.44
}
