{
    "open": 293.29,
    "low": 289.37,
    "high": 295.61,
    "close": 295.22,
    "volume": 30816633,
    "change": 0.28193892,
    "_rsi": 51.91612604,
    "_rsi1": 51.39534078,
    "_stock_k": 67.16973539,
    "_stock_d": 49.77026528,
    "_stock_k1": 48.27447429,
    "_stock_d1": 38.14602408,
    "_macd_blue": -4.8202813,
    "_macd_orange": -3.52870772,
    "_cci20": 57.54899442,
    "_cci201": 20.02356025,
    "_ema10": 288.45850503,
    "_ema20": 290.40120352,
    "_ema30": 293.38117733,
    "_ema50": 298.78963281,
    "_ema100": 303.39945886,
    "_ema200": 294.6435503,
    "_psar": 270,
    "_wr": -23.87564141,
    "_mom": -0.7,
    "_mom1": -5.8,
    "stock_diff": 17.4,
    "rsi_diff": 0.52
}
