{
    "open": 183.4,
    "low": 181,
    "high": 183.815,
    "close": 182.79,
    "volume": 1030963,
    "change": -0.01094032,
    "_rsi": 37.78884329,
    "_rsi1": 37.80321105,
    "_stock_k": 9.4996935,
    "_stock_d": 15.11960974,
    "_stock_k1": 11.09345438,
    "_stock_d1": 22.85987853,
    "_macd_blue": -4.25204974,
    "_macd_orange": -4.81073779,
    "_cci20": -131.41020229,
    "_cci201": -123.12234992,
    "_ema10": 188.7678375,
    "_ema20": 192.49106349,
    "_ema30": 195.62589787,
    "_ema50": 200.71110744,
    "_ema100": 207.65345401,
    "_ema200": 210.41206384,
    "_psar": 193.4648,
    "_wr": -91.98387819,
    "_mom": -5.32,
    "_mom1": -13.59,
    "stock_diff": -5.62,
    "rsi_diff": -0.01
}
