{
    "open": 333,
    "low": 322.03,
    "high": 336.15,
    "close": 332.73,
    "volume": 858029,
    "change": -0.88767091,
    "_rsi": 58.33824193,
    "_rsi1": 59.64721739,
    "_stock_k": 89.30926999,
    "_stock_d": 80.21667349,
    "_stock_k1": 81.9323419,
    "_stock_d1": 72.17252805,
    "_macd_blue": -0.34336696,
    "_macd_orange": 4.14857344,
    "_cci20": 63.3152189,
    "_cci201": 65.7957698,
    "_ema10": 317.69975543,
    "_ema20": 312.58714236,
    "_ema30": 311.5738492,
    "_ema50": 312.1069599,
    "_ema100": 310.95838238,
    "_ema200": 291.86515416,
    "_psar": 273.06628224,
    "_wr": -5.0932114,
    "_mom": 53.6,
    "_mom1": 48.95,
    "stock_diff": 9.09,
    "rsi_diff": -1.31
}
