{
    "open": 467.02,
    "low": 464.45,
    "high": 495.8,
    "close": 494.62,
    "volume": 498817,
    "change": 6.66350384,
    "_rsi": 63.15274942,
    "_rsi1": 57.12187893,
    "_stock_k": 90.24266828,
    "_stock_d": 90.46015774,
    "_stock_k1": 87.93801018,
    "_stock_d1": 91.37586612,
    "_macd_blue": 3.03251433,
    "_macd_orange": 10.96995875,
    "_cci20": 131.33369764,
    "_cci201": 102.26022986,
    "_ema10": 455.88769346,
    "_ema20": 443.90642384,
    "_ema30": 440.41960003,
    "_ema50": 442.62380543,
    "_ema100": 452.00264816,
    "_ema200": 442.49087504,
    "_psar": 413.85933749,
    "_wr": -0.9655511,
    "_mom": 85.56,
    "_mom1": 45.56,
    "stock_diff": -0.22,
    "rsi_diff": 6.03
}
