{
    "open": 128.09,
    "low": 127.73,
    "high": 129.85,
    "close": 129.85,
    "volume": 513213,
    "change": 1.61201972,
    "_rsi": 66.19511122,
    "_rsi1": 61.39485153,
    "_stock_k": 80.81481481,
    "_stock_d": 70.38188072,
    "_stock_k1": 64.7974988,
    "_stock_d1": 66.46613416,
    "_macd_blue": 1.98331707,
    "_macd_orange": 1.98457521,
    "_cci20": 126.4815156,
    "_cci201": 71.79730987,
    "_ema10": 127.26245318,
    "_ema20": 125.79106847,
    "_ema30": 124.51383895,
    "_ema50": 122.66355617,
    "_ema100": 120.1201319,
    "_ema200": 117.35821004,
    "_psar": 125.13,
    "_wr": 0,
    "_mom": 2.88,
    "_mom1": 0.49,
    "stock_diff": 10.43,
    "rsi_diff": 4.8
}
