{
    "open": 80.64,
    "low": 80.07,
    "high": 81.3,
    "close": 80.92,
    "volume": 1828685,
    "change": -0.06175127,
    "_rsi": 55.14184431,
    "_rsi1": 55.32954848,
    "_stock_k": 83.36397826,
    "_stock_d": 66.48939441,
    "_stock_k1": 67.87906669,
    "_stock_d1": 50.7150508,
    "_macd_blue": -0.82264469,
    "_macd_orange": -0.46596594,
    "_cci20": 55.439777,
    "_cci201": 37.28566232,
    "_ema10": 79.04333672,
    "_ema20": 79.30568932,
    "_ema30": 79.55478626,
    "_ema50": 79.29146802,
    "_ema100": 77.31764825,
    "_ema200": 73.39662416,
    "_psar": 75.42926113,
    "_wr": -5.3596615,
    "_mom": 3.47,
    "_mom1": 3.48,
    "stock_diff": 16.87,
    "rsi_diff": -0.19
}
