{
    "open": 326.9,
    "low": 315.85,
    "high": 328.19,
    "close": 317.05,
    "volume": 5207746,
    "change": -3.84557062,
    "_rsi": 38.62201264,
    "_rsi1": 47.08467818,
    "_stock_k": 51.99436478,
    "_stock_d": 72.27545183,
    "_stock_k1": 76.67970228,
    "_stock_d1": 86.99714157,
    "_macd_blue": -6.73878908,
    "_macd_orange": -4.64119113,
    "_cci20": -26.9445415,
    "_cci201": 62.06641838,
    "_ema10": 326.76061362,
    "_ema20": 328.76134409,
    "_ema30": 333.49105717,
    "_ema50": 342.89985784,
    "_ema100": 352.18430108,
    "_ema200": 345.700242,
    "_psar": 315.31058893,
    "_wr": -74.05601248,
    "_mom": -0.15,
    "_mom1": 12.99,
    "stock_diff": -20.28,
    "rsi_diff": -8.46
}
