{
    "open": 74.08,
    "low": 72.34,
    "high": 74.16,
    "close": 72.37,
    "volume": 2031860,
    "change": -2.96326093,
    "_rsi": 48.72863116,
    "_rsi1": 60.54263578,
    "_stock_k": 76.71129974,
    "_stock_d": 82.77331649,
    "_stock_k1": 88.38618113,
    "_stock_d1": 83.4197558,
    "_macd_blue": 0.21308938,
    "_macd_orange": 0.32913461,
    "_cci20": 35.35804687,
    "_cci201": 152.76060261,
    "_ema10": 73.06589594,
    "_ema20": 72.77727799,
    "_ema30": 72.57274226,
    "_ema50": 72.00330884,
    "_ema100": 70.2534678,
    "_ema200": 67.12551185,
    "_psar": 71.94117656,
    "_wr": -50.10224949,
    "_mom": 0.05,
    "_mom1": 4.4,
    "stock_diff": -6.06,
    "rsi_diff": -11.81
}
