{
    "open": 225.78,
    "low": 225.595,
    "high": 228.15,
    "close": 227.73,
    "volume": 3265974,
    "change": 1.22683024,
    "_rsi": 59.68337159,
    "_rsi1": 56.73235831,
    "_stock_k": 96.28049574,
    "_stock_d": 93.98826617,
    "_stock_k1": 95.79191986,
    "_stock_d1": 85.96047533,
    "_macd_blue": -1.77656791,
    "_macd_orange": 0.10006612,
    "_cci20": 163.74200338,
    "_cci201": 148.28942598,
    "_ema10": 220.97366773,
    "_ema20": 219.96485465,
    "_ema30": 220.76588974,
    "_ema50": 223.10439374,
    "_ema100": 226.27366071,
    "_ema200": 224.08862878,
    "_psar": 211.13474784,
    "_wr": -2.22457627,
    "_mom": 17.68,
    "_mom1": 13.73,
    "stock_diff": 2.29,
    "rsi_diff": 2.95
}
