{
    "open": 43.61,
    "low": 42.12,
    "high": 43.86,
    "close": 42.21,
    "volume": 3038322,
    "change": -4.02455662,
    "_rsi": 42.00275961,
    "_rsi1": 46.159046,
    "_stock_k": 34.35002907,
    "_stock_d": 38.03525638,
    "_stock_k1": 38.68288179,
    "_stock_d1": 41.57501629,
    "_macd_blue": -1.01630156,
    "_macd_orange": -1.12225414,
    "_cci20": -60.97894674,
    "_cci201": -36.11440011,
    "_ema10": 43.74953252,
    "_ema20": 44.65889613,
    "_ema30": 45.31077662,
    "_ema50": 46.64966594,
    "_ema100": 51.37513797,
    "_ema200": 59.15091681,
    "_psar": 47.0636219,
    "_wr": -67.92249731,
    "_mom": -1.62,
    "_mom1": 2.23,
    "stock_diff": -3.69,
    "rsi_diff": -4.16
}
