{
    "open": 69.5,
    "low": 69.38,
    "high": 70.93,
    "close": 70.93,
    "volume": 5845640,
    "change": 2.35209235,
    "_rsi": 68.09227203,
    "_rsi1": 61.10737515,
    "_stock_k": 88.81141107,
    "_stock_d": 84.90045323,
    "_stock_k1": 83.11696662,
    "_stock_d1": 82.5801187,
    "_macd_blue": 0.60867211,
    "_macd_orange": 0.85577944,
    "_cci20": 133.24184731,
    "_cci201": 79.09934543,
    "_ema10": 68.96576196,
    "_ema20": 68.19089828,
    "_ema30": 67.78072096,
    "_ema50": 67.30310458,
    "_ema100": 66.44231005,
    "_ema200": 65.14409264,
    "_psar": 68.07195554,
    "_wr": 0,
    "_mom": 2.24,
    "_mom1": 0.69,
    "stock_diff": 3.91,
    "rsi_diff": 6.98
}
