{
    "open": 176.92,
    "low": 175.77,
    "high": 178.68,
    "close": 177.59,
    "volume": 1474908,
    "change": 0.75456712,
    "_rsi": 53.82942087,
    "_rsi1": 52.30170017,
    "_stock_k": 87.88613806,
    "_stock_d": 85.57923129,
    "_stock_k1": 86.15757779,
    "_stock_d1": 83.61203468,
    "_macd_blue": -4.37684636,
    "_macd_orange": -1.89681887,
    "_cci20": 113.08490619,
    "_cci201": 91.77926341,
    "_ema10": 172.83863215,
    "_ema20": 172.77736106,
    "_ema30": 175.65030132,
    "_ema50": 183.03484396,
    "_ema100": 195.8900451,
    "_ema200": 205.18239112,
    "_psar": 165.15736458,
    "_wr": -4.89294078,
    "_mom": 18.74,
    "_mom1": 13.78,
    "stock_diff": 2.31,
    "rsi_diff": 1.53
}
