{
    "open": 64.1,
    "low": 63.94,
    "high": 64.77,
    "close": 64.61,
    "volume": 740364,
    "change": 1.11111111,
    "_rsi": 63.78592279,
    "_rsi1": 60.93964962,
    "_stock_k": 89.42001275,
    "_stock_d": 91.13356781,
    "_stock_k1": 90.88693552,
    "_stock_d1": 93.14421192,
    "_macd_blue": 0.69590196,
    "_macd_orange": 0.98438934,
    "_cci20": 128.43288594,
    "_cci201": 131.6247834,
    "_ema10": 63.37139694,
    "_ema20": 62.50982233,
    "_ema30": 61.96833649,
    "_ema50": 61.13741898,
    "_ema100": 59.60194467,
    "_ema200": 57.18422941,
    "_psar": 62.28959118,
    "_wr": -5.54493308,
    "_mom": 3.71,
    "_mom1": 2.87,
    "stock_diff": -1.71,
    "rsi_diff": 2.85
}
