{
    "open": 96.54,
    "low": 95.89,
    "high": 97.82,
    "close": 97.45,
    "volume": 2859323,
    "change": 1.07872627,
    "_rsi": 51.73229411,
    "_rsi1": 49.61486835,
    "_stock_k": 85.17138599,
    "_stock_d": 84.75426099,
    "_stock_k1": 83.87978142,
    "_stock_d1": 86.86626215,
    "_macd_blue": -2.74622695,
    "_macd_orange": -1.39724307,
    "_cci20": 98.85725256,
    "_cci201": 78.15516384,
    "_ema10": 95.25632142,
    "_ema20": 95.54022387,
    "_ema30": 97.18201492,
    "_ema50": 100.47482634,
    "_ema100": 106.86559407,
    "_ema200": 115.94154341,
    "_psar": 92.11767707,
    "_wr": -7.22801788,
    "_mom": 8.11,
    "_mom1": 6,
    "stock_diff": 0.42,
    "rsi_diff": 2.12
}
