{
    "open": 89.99,
    "low": 89.23,
    "high": 91.47,
    "close": 91.36,
    "volume": 6893197,
    "change": 0.47289124,
    "_rsi": 60.50534006,
    "_rsi1": 59.80754222,
    "_stock_k": 87.37071312,
    "_stock_d": 88.42728347,
    "_stock_k1": 88.8949374,
    "_stock_d1": 90.41146051,
    "_macd_blue": 0.30605044,
    "_macd_orange": 1.537305,
    "_cci20": 94.2767911,
    "_cci201": 107.1595385,
    "_ema10": 88.65795508,
    "_ema20": 86.86682258,
    "_ema30": 86.46220562,
    "_ema50": 86.17300618,
    "_ema100": 84.44019799,
    "_ema200": 79.36911017,
    "_psar": 85.50979918,
    "_wr": -8.92759935,
    "_mom": 11.12,
    "_mom1": 11.28,
    "stock_diff": -1.06,
    "rsi_diff": 0.7
}
