{
    "open": 147.94,
    "low": 145.955,
    "high": 148.31,
    "close": 146.175,
    "change": -0.31710311,
    "_rsi": 40.32097002,
    "_rsi1": 40.83638398,
    "_stock_k": 39.6768535,
    "_stock_d": 32.4075092,
    "_stock_k1": 32.48137947,
    "_stock_d1": 27.18842201,
    "_macd_blue": -3.09348443,
    "_macd_orange": -3.41183782,
    "_cci20": -96.31842812,
    "_cci201": -121.05221387,
    "_ema10": 148.59926553,
    "_ema20": 151.24279535,
    "_ema30": 153.39678196,
    "_ema50": 156.36259662,
    "_ema100": 158.37564585,
    "_ema200": 154.48965253,
    "_psar": 154.73963104,
    "_wrr": -66.5368272,
    "stock_diff": 7.27,
    "rsi_diff": -0.52
}
