{
    "open": 18.44,
    "low": 18.34,
    "high": 18.62,
    "close": 18.36,
    "volume": 7904754,
    "change": -1.29032258,
    "_rsi": 51.95693294,
    "_rsi1": 54.68739385,
    "_stock_k": 76.13636364,
    "_stock_d": 83.34713805,
    "_stock_k1": 84.5959596,
    "_stock_d1": 90.02929293,
    "_macd_blue": 0.13193054,
    "_macd_orange": 0.17958393,
    "_cci20": 49.47014502,
    "_cci201": 77.32210772,
    "_ema10": 18.41436335,
    "_ema20": 18.26322444,
    "_ema30": 18.15342844,
    "_ema50": 17.95597922,
    "_ema100": 17.59002676,
    "_ema200": 17.06586037,
    "_psar": 17.47816779,
    "_wr": -28.03030303,
    "_mom": 0.29,
    "_mom1": 1.16,
    "stock_diff": -7.21,
    "rsi_diff": -2.73
}
