{
    "open": 157.77,
    "low": 157.46,
    "high": 159.11,
    "close": 158.86,
    "volume": 1310088,
    "change": -0.35127337,
    "_rsi": 74.86751778,
    "_rsi1": 77.20891747,
    "_stock_k": 88.8430026,
    "_stock_d": 91.67295508,
    "_stock_k1": 92.84778354,
    "_stock_d1": 93.61254477,
    "_macd_blue": 4.90276163,
    "_macd_orange": 5.05564694,
    "_cci20": 96.6979355,
    "_cci201": 100.77079208,
    "_ema10": 156.47006664,
    "_ema20": 152.63482732,
    "_ema30": 149.45908143,
    "_ema50": 144.96325286,
    "_ema100": 139.26610345,
    "_ema200": 135.3166222,
    "_psar": 156.584928,
    "_wr": -13.76015289,
    "_mom": 3.58,
    "_mom1": 7.12,
    "stock_diff": -2.83,
    "rsi_diff": -2.34
}
