{
    "open": 30.9,
    "low": 30.55,
    "high": 31.09,
    "close": 30.91,
    "volume": 1687439,
    "change": 0.03236246,
    "_rsi": 49.97232776,
    "_rsi1": 49.90874184,
    "_stock_k": 63.80638064,
    "_stock_d": 70.09450945,
    "_stock_k1": 71.50715072,
    "_stock_d1": 75.20287743,
    "_macd_blue": -0.08780987,
    "_macd_orange": 0.02657452,
    "_cci20": -4.10403712,
    "_cci201": 2.85144563,
    "_ema10": 30.96666779,
    "_ema20": 30.86806874,
    "_ema30": 30.95471477,
    "_ema50": 31.44332321,
    "_ema100": 33.19829856,
    "_ema200": 35.2008873,
    "_psar": 29.8275021,
    "_wr": -39.6039604,
    "_mom": 0.86,
    "_mom1": 0.39,
    "stock_diff": -6.29,
    "rsi_diff": 0.06
}
