{
    "open": 567.2,
    "low": 545.25,
    "high": 571.9799,
    "close": 553.18,
    "change": -5.86573641,
    "_rsi": 32.72059676,
    "_rsi1": 34.93111228,
    "_stock_k": 18.95920024,
    "_stock_d": 11.2531365,
    "_stock_k1": 12.30430333,
    "_stock_d1": 7.55003199,
    "_macd_blue": -99.68630113,
    "_macd_orange": -100.55141767,
    "_cci20": -102.94083998,
    "_cci201": -91.92488557,
    "_ema10": 607.22022256,
    "_ema20": 678.15079823,
    "_ema30": 748.90190901,
    "_ema50": 873.60106768,
    "_ema100": 1063.44213401,
    "_ema200": 1178.01795164,
    "_psar": 631.28926618,
    "stock_diff": 7.71,
    "rsi_diff": -2.21
}
