{
    "open": 337.43,
    "low": 335.48,
    "high": 341.83,
    "close": 337.49,
    "volume": 1581076,
    "change": 0.37474348,
    "_rsi": 47.48193634,
    "_rsi1": 46.45516822,
    "_stock_k": 63.41780377,
    "_stock_d": 68.85620336,
    "_stock_k1": 69.93915766,
    "_stock_d1": 75.96825959,
    "_macd_blue": -4.78576561,
    "_macd_orange": -2.9976538,
    "_cci20": 52.60334141,
    "_cci201": 17.26697833,
    "_ema10": 337.29637513,
    "_ema20": 338.39328314,
    "_ema30": 341.63863193,
    "_ema50": 349.12633794,
    "_ema100": 361.69719329,
    "_ema200": 361.71582195,
    "_psar": 330.59728061,
    "_wr": -32.8725855,
    "_mom": 10.49,
    "_mom1": 6.33,
    "stock_diff": -5.44,
    "rsi_diff": 1.03
}
