{
    "open": 318.22,
    "low": 315.355,
    "high": 325.57,
    "close": 325.56,
    "volume": 696450,
    "change": 2.88206295,
    "_rsi": 58.33278525,
    "_rsi1": 54.73193227,
    "_stock_k": 93.14805284,
    "_stock_d": 91.50486511,
    "_stock_k1": 88.42188793,
    "_stock_d1": 87.65190542,
    "_macd_blue": -0.52234548,
    "_macd_orange": 3.03309645,
    "_cci20": 126.28269099,
    "_cci201": 114.76930713,
    "_ema10": 312.21094499,
    "_ema20": 308.0873278,
    "_ema30": 308.03959768,
    "_ema50": 311.27225821,
    "_ema100": 315.40026994,
    "_ema200": 306.37092929,
    "_psar": 282.5547333,
    "_wr": -0.36026763,
    "_mom": 24.72,
    "_mom1": 8.65,
    "stock_diff": 1.64,
    "rsi_diff": 3.6
}
