{
    "open": 104.17,
    "low": 103.62,
    "high": 105.18,
    "close": 104.71,
    "change": 0.60530361,
    "_rsi": 52.45375078,
    "_rsi1": 50.53121807,
    "_stock_k": 67.90500485,
    "_stock_d": 62.2895018,
    "_stock_k1": 58.52365497,
    "_stock_d1": 63.28267382,
    "_macd_blue": -0.18527876,
    "_macd_orange": -0.07774374,
    "_cci20": 93.05965487,
    "_cci201": 22.23945654,
    "_ema10": 103.91624506,
    "_ema20": 103.97243826,
    "_ema30": 103.92678944,
    "_ema50": 103.05478041,
    "_ema100": 99.44901653,
    "_ema200": 93.06482463,
    "_psar": 100.82874324,
    "_wrr": -25.14880418,
    "stock_diff": 5.62,
    "rsi_diff": 1.92
}
