{
    "open": 104.17,
    "low": 103.62,
    "high": 105.18,
    "close": 104.46,
    "change": 0.36510377,
    "_rsi": 51.70900485,
    "_rsi1": 50.53121807,
    "_stock_k": 66.90698891,
    "_stock_d": 61.95682982,
    "_stock_k1": 58.52365497,
    "_stock_d1": 63.28267382,
    "_macd_blue": -0.18926736,
    "_macd_orange": -0.09768676,
    "_cci20": 87.35205084,
    "_cci201": 22.23945654,
    "_ema10": 103.87079051,
    "_ema20": 103.94862873,
    "_ema30": 103.91066041,
    "_ema50": 103.04497649,
    "_ema100": 99.44406603,
    "_ema200": 93.06233707,
    "_psar": 100.82874324,
    "_wrr": -28.14285201,
    "stock_diff": 4.95,
    "rsi_diff": 1.18
}
