{
    "open": 104.17,
    "low": 103.39,
    "high": 105.18,
    "close": 103.47,
    "volume": 4798553,
    "change": -0.58608762,
    "_rsi": 48.62739003,
    "_rsi1": 50.53121807,
    "_stock_k": 62.95484577,
    "_stock_d": 60.63944878,
    "_stock_k1": 58.52365497,
    "_stock_d1": 63.28267382,
    "_macd_blue": -0.20506224,
    "_macd_orange": -0.17666112,
    "_cci20": 58.85974936,
    "_cci201": 22.23945654,
    "_ema10": 103.69079051,
    "_ema20": 103.85434302,
    "_ema30": 103.84678944,
    "_ema50": 103.00615296,
    "_ema100": 99.42446207,
    "_ema200": 93.05248632,
    "_psar": 100.82874324,
    "_wr": -39.99928143,
    "stock_diff": 2.32,
    "rsi_diff": -1.9
}
