{
    "open": 60.75,
    "low": 59.995,
    "high": 60.98,
    "close": 60.4,
    "volume": 15529244,
    "change": -0.65789474,
    "_rsi": 50.24361677,
    "_rsi1": 52.90296913,
    "_stock_k": 57.51805662,
    "_stock_d": 53.89490776,
    "_stock_k1": 54.22705314,
    "_stock_d1": 49.11433172,
    "_macd_blue": -0.28602969,
    "_macd_orange": -0.20625786,
    "_cci20": 1.43552817,
    "_cci201": 5.49277267,
    "_ema10": 60.13936581,
    "_ema20": 60.29229418,
    "_ema30": 60.37004373,
    "_ema50": 60.14508303,
    "_ema100": 59.08128024,
    "_ema200": 57.35633241,
    "_psar": 61.2012978,
    "_wr": -43.02554028,
    "_mom": 1.44,
    "_mom1": 2.14,
    "stock_diff": 3.62,
    "rsi_diff": -2.66
}
