{
    "open": 55.88,
    "low": 55.6,
    "high": 58.195,
    "close": 58.01,
    "volume": 59355480,
    "change": 9.47348556,
    "_rsi": 70.50379991,
    "_rsi1": 62.97221966,
    "_stock_k": 79.53735818,
    "_stock_d": 79.75608167,
    "_stock_k1": 75.95527633,
    "_stock_d1": 82.98330284,
    "_macd_blue": 4.42425111,
    "_macd_orange": 4.68088908,
    "_cci20": 83.68254623,
    "_cci201": 56.58543612,
    "_ema10": 54.32301274,
    "_ema20": 50.69134902,
    "_ema30": 47.83594028,
    "_ema50": 43.91555429,
    "_ema100": 38.7467916,
    "_ema200": 33.96883653,
    "_psar": 52.23113802,
    "_wr": -7.44382022,
    "_mom": 10.26,
    "_mom1": 4.62,
    "stock_diff": -0.22,
    "rsi_diff": 7.53
}
