{
    "open": 47,
    "low": 46.93,
    "high": 47.62,
    "close": 47.18,
    "volume": 1694538,
    "change": 1.07112254,
    "_rsi": 70.54306489,
    "_rsi1": 67.90234635,
    "_stock_k": 67.21014493,
    "_stock_d": 62.43123727,
    "_stock_k1": 60.68329718,
    "_stock_d1": 59.82139759,
    "_macd_blue": 1.23404439,
    "_macd_orange": 1.16650731,
    "_cci20": 92.351698,
    "_cci201": 66.40074616,
    "_ema10": 46.25604242,
    "_ema20": 45.43704196,
    "_ema30": 44.63335775,
    "_ema50": 43.44602015,
    "_ema100": 41.97078845,
    "_ema200": 40.53286376,
    "_psar": 44.36,
    "_wr": -23.36956522,
    "_mom": 0.86,
    "_mom1": -0.51,
    "stock_diff": 4.78,
    "rsi_diff": 2.64
}
