{
    "open": 26.61,
    "low": 26.48,
    "high": 27.17,
    "close": 27.12,
    "volume": 5121414,
    "change": 1.878287,
    "_rsi": 52.89810616,
    "_rsi1": 49.79314088,
    "_stock_k": 66.798653,
    "_stock_d": 54.89241043,
    "_stock_k1": 51.78108605,
    "_stock_d1": 45.81300595,
    "_macd_blue": -0.55967174,
    "_macd_orange": -0.3576108,
    "_cci20": 28.39690797,
    "_cci201": 29.49532185,
    "_ema10": 26.30451569,
    "_ema20": 26.51004531,
    "_ema30": 26.73778451,
    "_ema50": 26.85169486,
    "_ema100": 26.97120897,
    "_ema200": 28.06689712,
    "_psar": 24.1262776,
    "_wr": -13.52718078,
    "_mom": 2.04,
    "_mom1": 1.25,
    "stock_diff": 11.91,
    "rsi_diff": 3.1
}
