{
    "open": 166,
    "low": 164.94,
    "high": 167.3463,
    "close": 165.86,
    "volume": 10754998,
    "change": 1.07867634,
    "_rsi": 65.63161049,
    "_rsi1": 63.96758394,
    "_stock_k": 55.80906991,
    "_stock_d": 56.977336,
    "_stock_k1": 56.44237935,
    "_stock_d1": 57.66827088,
    "_macd_blue": 7.35359496,
    "_macd_orange": 6.69378793,
    "_cci20": 67.44954662,
    "_cci201": 54.73535986,
    "_ema10": 162.67859606,
    "_ema20": 158.06098158,
    "_ema30": 153.39946085,
    "_ema50": 145.93757378,
    "_ema100": 134.12524067,
    "_ema200": 122.0937623,
    "_psar": 172.53392643,
    "_wr": -45.24656838,
    "_mom": -0.41,
    "_mom1": -6.44,
    "stock_diff": -1.17,
    "rsi_diff": 1.66
}
