{
    "open": 76.47,
    "low": 75.6341,
    "high": 76.85,
    "close": 75.7,
    "volume": 2801606,
    "change": -0.56482333,
    "_rsi": 42.11755108,
    "_rsi1": 43.92844125,
    "_stock_k": 55.69531796,
    "_stock_d": 54.40399805,
    "_stock_k1": 53.65478686,
    "_stock_d1": 55.771552,
    "_macd_blue": -0.60811182,
    "_macd_orange": -0.63842764,
    "_cci20": -77.80995534,
    "_cci201": -93.40281862,
    "_ema10": 76.45048919,
    "_ema20": 76.93331541,
    "_ema30": 77.3349114,
    "_ema50": 77.79156946,
    "_ema100": 77.85259902,
    "_ema200": 76.29073798,
    "_psar": 74.60434527,
    "_wr": -53.87840671,
    "stock_diff": 1.29,
    "rsi_diff": -1.81
}
