{
    "open": 76.47,
    "low": 76.23,
    "high": 76.85,
    "close": 76.4089,
    "change": 0.36634704,
    "_rsi": 45.4497106,
    "_rsi1": 43.92844125,
    "_stock_k": 60.64919637,
    "_stock_d": 56.05529085,
    "_stock_k1": 53.65478686,
    "_stock_d1": 55.771552,
    "_macd_blue": -0.59680173,
    "_macd_orange": -0.58187722,
    "_cci20": -38.52124879,
    "_cci201": -93.40281862,
    "_ema10": 76.5793801,
    "_ema20": 77.00082969,
    "_ema30": 77.38064688,
    "_ema50": 77.81936946,
    "_ema100": 77.86663664,
    "_ema200": 76.29779172,
    "_psar": 74.60434527,
    "_wrr": -39.01677149,
    "stock_diff": 4.59,
    "rsi_diff": 1.52
}
