{
    "open": 76.47,
    "low": 76.39,
    "high": 76.85,
    "close": 76.6004,
    "change": 0.61789045,
    "_rsi": 46.44732998,
    "_rsi1": 43.92844125,
    "_stock_k": 61.98742138,
    "_stock_d": 56.50136586,
    "_stock_k1": 53.65478686,
    "_stock_d1": 55.771552,
    "_macd_blue": -0.59374646,
    "_macd_orange": -0.56660086,
    "_cci20": -27.53707958,
    "_cci201": -93.40281862,
    "_ema10": 76.61419828,
    "_ema20": 77.01906779,
    "_ema30": 77.39300172,
    "_ema50": 77.82687927,
    "_ema100": 77.87042872,
    "_ema200": 76.29969719,
    "_psar": 74.60434527,
    "_wrr": -35.00209644,
    "stock_diff": 5.49,
    "rsi_diff": 2.52
}
