{
    "open": 85.93,
    "low": 85.53,
    "high": 86.68,
    "close": 86.66,
    "volume": 969178,
    "change": 1.45165067,
    "_rsi": 60.32961525,
    "_rsi1": 55.66162993,
    "_stock_k": 71.04877579,
    "_stock_d": 62.72316325,
    "_stock_k1": 58.46839321,
    "_stock_d1": 58.82760216,
    "_macd_blue": -0.08902738,
    "_macd_orange": 0.26003935,
    "_cci20": 140.27309899,
    "_cci201": 82.0338337,
    "_ema10": 84.78536847,
    "_ema20": 84.39129466,
    "_ema30": 84.43883983,
    "_ema50": 84.81102766,
    "_ema100": 85.3663716,
    "_ema200": 85.59036423,
    "_psar": 83.56339766,
    "_wr": -5.27472527,
    "_mom": 2.85,
    "_mom1": 1.06,
    "stock_diff": 8.33,
    "rsi_diff": 4.67
}
