{
    "open": 37.72,
    "low": 37.34,
    "high": 37.9699,
    "close": 37.89,
    "volume": 5347552,
    "change": 0.71770335,
    "_rsi": 64.78032124,
    "_rsi1": 63.93066011,
    "_stock_k": 85.94444444,
    "_stock_d": 83.83759284,
    "_stock_k1": 80.76984127,
    "_stock_d1": 85.32278649,
    "_macd_blue": 0.936976,
    "_macd_orange": 1.32512906,
    "_cci20": 115.24719409,
    "_cci201": 121.43405122,
    "_ema10": 36.42659748,
    "_ema20": 35.23058202,
    "_ema30": 34.58957828,
    "_ema50": 34.05351505,
    "_ema100": 34.4502362,
    "_ema200": 36.28174806,
    "_psar": 32.84492407,
    "_wr": -10,
    "_mom": 4.66,
    "_mom1": 3.88,
    "stock_diff": 2.11,
    "rsi_diff": 0.85
}
