{
    "open": 507.7,
    "low": 498.56,
    "high": 509.14,
    "close": 501.24,
    "volume": 307314,
    "change": -0.70916366,
    "_rsi": 57.31486307,
    "_rsi1": 60.02422082,
    "_stock_k": 85.97850997,
    "_stock_d": 89.46188585,
    "_stock_k1": 91.83485956,
    "_stock_d1": 90.2301336,
    "_macd_blue": 3.29076756,
    "_macd_orange": 5.56314712,
    "_cci20": 96.33825691,
    "_cci201": 97.52365036,
    "_ema10": 497.64844923,
    "_ema20": 492.15453693,
    "_ema30": 490.04983152,
    "_ema50": 488.52497769,
    "_ema100": 482.06357777,
    "_ema200": 464.5263389,
    "_psar": 475.60128747,
    "_wr": -20.15820362,
    "_mom": 16.49,
    "_mom1": 17.41,
    "stock_diff": -3.48,
    "rsi_diff": -2.71
}
