{
    "open": 15.25,
    "low": 14.71,
    "high": 15.25,
    "close": 14.73,
    "volume": 4184527,
    "change": -1.47157191,
    "_rsi": 42.75291651,
    "_rsi1": 44.85549135,
    "_stock_k": 22.09690894,
    "_stock_d": 35.7877719,
    "_stock_k1": 37.58122157,
    "_stock_d1": 48.48386398,
    "_macd_blue": 0.27860292,
    "_macd_orange": 0.10647578,
    "_cci20": -131.06548476,
    "_cci201": -185.42695848,
    "_ema10": 15.45571531,
    "_ema20": 15.46839434,
    "_ema30": 15.30291005,
    "_ema50": 14.83688895,
    "_ema100": 13.66896914,
    "_ema200": 11.91659534,
    "_psar": 16.694816,
    "_wr": -79.32330827,
    "_mom": -1.13,
    "_mom1": -0.49,
    "stock_diff": -13.69,
    "rsi_diff": -2.1
}
