{
    "open": 133.75,
    "low": 131.2,
    "high": 134.19,
    "close": 132.08,
    "volume": 5842435,
    "change": -0.69172932,
    "_rsi": 49.42256781,
    "_rsi1": 50.72375802,
    "_stock_k": 71.79026217,
    "_stock_d": 71.29056261,
    "_stock_k1": 71.16810969,
    "_stock_d1": 68.31438059,
    "_macd_blue": -4.2055172,
    "_macd_orange": -2.54946778,
    "_cci20": 44.0584452,
    "_cci201": 50.73525109,
    "_ema10": 129.73328081,
    "_ema20": 130.76674521,
    "_ema30": 133.25133445,
    "_ema50": 138.26969127,
    "_ema100": 145.81417396,
    "_ema200": 148.19278393,
    "_psar": 121.58877981,
    "_wr": -31.1011236,
    "_mom": 6.05,
    "_mom1": 6.05,
    "stock_diff": 0.5,
    "rsi_diff": -1.3
}
