{
    "open": 111.28,
    "low": 110.55,
    "high": 114.93,
    "close": 113.46,
    "volume": 105833448,
    "change": 1.58474349,
    "_rsi": 49.89520601,
    "_rsi1": 48.40414568,
    "_stock_k": 56.50913687,
    "_stock_d": 47.30945048,
    "_stock_k1": 49.12352222,
    "_stock_d1": 35.55283779,
    "_macd_blue": -3.50272755,
    "_macd_orange": -2.60095696,
    "_cci20": 21.22383758,
    "_cci201": 3.22160113,
    "_ema10": 110.61549618,
    "_ema20": 112.06484819,
    "_ema30": 114.25383644,
    "_ema50": 118.15002397,
    "_ema100": 120.82405437,
    "_ema200": 114.96665511,
    "_psar": 100.687464,
    "_wr": -40.13422819,
    "_mom": 5.05,
    "_mom1": -0.29,
    "stock_diff": 9.2,
    "rsi_diff": 1.49
}
