{
    "open": 254.42,
    "low": 251.79,
    "high": 256.03,
    "close": 255.26,
    "volume": 1055627,
    "change": 1.29767054,
    "_rsi": 58.12569215,
    "_rsi1": 56.05741292,
    "_stock_k": 31.39892728,
    "_stock_d": 26.49927013,
    "_stock_k1": 23.65251033,
    "_stock_d1": 24.15732506,
    "_macd_blue": 7.28896487,
    "_macd_orange": 6.00995191,
    "_cci20": 25.02368473,
    "_cci201": 6.14707223,
    "_ema10": 251.74103995,
    "_ema20": 247.94311596,
    "_ema30": 243.51418969,
    "_ema50": 237.13717533,
    "_ema100": 230.15822609,
    "_ema200": 223.52360244,
    "_psar": 262.91972061,
    "_wr": -64.49485624,
    "_mom": -0.27,
    "_mom1": -9.87,
    "stock_diff": 4.9,
    "rsi_diff": 2.07
}
