{
    "open": 43.48,
    "low": 43.39,
    "high": 44.55,
    "close": 44.53,
    "volume": 1946206,
    "change": 2.79316713,
    "_rsi": 57.22141866,
    "_rsi1": 48.98570131,
    "_stock_k": 46.92155243,
    "_stock_d": 35.50031571,
    "_stock_k1": 33.23610132,
    "_stock_d1": 27.06808178,
    "_macd_blue": -0.33622774,
    "_macd_orange": -0.21829864,
    "_cci20": 38.46197847,
    "_cci201": -21.81300602,
    "_ema10": 43.28999771,
    "_ema20": 43.41660609,
    "_ema30": 43.55938356,
    "_ema50": 43.62898571,
    "_ema100": 43.53141821,
    "_ema200": 43.95165547,
    "_psar": 41.725,
    "_wr": -28.71664549,
    "_mom": 2.36,
    "_mom1": 1.45,
    "stock_diff": 11.42,
    "rsi_diff": 8.24
}
