{
    "open": 138.9,
    "low": 135.91,
    "high": 139.02,
    "close": 138,
    "volume": 1073681,
    "change": -0.31062631,
    "_rsi": 53.49164931,
    "_rsi1": 54.01848919,
    "_stock_k": 88.56907789,
    "_stock_d": 86.10017669,
    "_stock_k1": 88.16002683,
    "_stock_d1": 84.80177834,
    "_macd_blue": -1.8970293,
    "_macd_orange": -0.57443228,
    "_cci20": 93.0753998,
    "_cci201": 74.46722689,
    "_ema10": 134.71872123,
    "_ema20": 134.43187905,
    "_ema30": 135.54236508,
    "_ema50": 138.73565711,
    "_ema100": 146.38393091,
    "_ema200": 154.30247145,
    "_psar": 124.83550228,
    "_wr": -5.09236146,
    "_mom": 10.46,
    "_mom1": 6.96,
    "stock_diff": 2.47,
    "rsi_diff": -0.53
}
