{
    "open": 224.46,
    "low": 221.3375,
    "high": 225.85,
    "close": 222.71,
    "volume": 2460041,
    "change": -0.44700729,
    "_rsi": 70.43814247,
    "_rsi1": 72.40229162,
    "_stock_k": 92.70976168,
    "_stock_d": 95.19895943,
    "_stock_k1": 96.58262892,
    "_stock_d1": 96.05317701,
    "_macd_blue": 3.42582632,
    "_macd_orange": 5.97338277,
    "_cci20": 95.32800554,
    "_cci201": 109.06489032,
    "_ema10": 216.47107411,
    "_ema20": 210.57624579,
    "_ema30": 208.22595896,
    "_ema50": 206.76474276,
    "_ema100": 206.28434867,
    "_ema200": 205.10204014,
    "_psar": 210.22275501,
    "_wr": -11.81305969,
    "_mom": 12.71,
    "_mom1": 27.01,
    "stock_diff": -2.49,
    "rsi_diff": -1.96
}
