{
    "open": 215.32,
    "low": 214.34,
    "high": 221.78,
    "close": 221.7,
    "volume": 3600411,
    "change": 2.60088856,
    "_rsi": 71.71367856,
    "_rsi1": 67.18109962,
    "_stock_k": 95.2724144,
    "_stock_d": 93.69150222,
    "_stock_k1": 92.72424391,
    "_stock_d1": 91.85687137,
    "_macd_blue": 1.32451897,
    "_macd_orange": 4.52178512,
    "_cci20": 114.07064578,
    "_cci201": 107.74453228,
    "_ema10": 211.44743434,
    "_ema20": 206.40017383,
    "_ema30": 205.06825714,
    "_ema50": 204.76247203,
    "_ema100": 205.28436173,
    "_ema200": 204.57373258,
    "_psar": 200.16572779,
    "_wr": -0.19445795,
    "_mom": 26.85,
    "_mom1": 23.47,
    "stock_diff": 1.58,
    "rsi_diff": 4.53
}
