{
    "open": 138.86,
    "low": 138.75,
    "high": 141.82,
    "close": 141.8,
    "volume": 1897974,
    "change": 2.1981982,
    "_rsi": 77.04057418,
    "_rsi1": 73.92032015,
    "_stock_k": 97.80604948,
    "_stock_d": 96.95927468,
    "_stock_k1": 96.92382621,
    "_stock_d1": 96.8689538,
    "_macd_blue": 2.65496968,
    "_macd_orange": 4.18841721,
    "_cci20": 164.990757,
    "_cci201": 165.1764609,
    "_ema10": 134.39871313,
    "_ema20": 130.57004459,
    "_ema30": 128.45863498,
    "_ema50": 126.00277925,
    "_ema100": 123.98573322,
    "_ema200": 122.63020816,
    "_psar": 128.93509008,
    "_wr": -0.0981836,
    "_mom": 18.42,
    "_mom1": 15.84,
    "stock_diff": 0.85,
    "rsi_diff": 3.12
}
