{
    "open": 363.4,
    "low": 359.37,
    "high": 368.88,
    "close": 366.44,
    "volume": 940163,
    "change": 0.1503184,
    "_rsi": 54.90217384,
    "_rsi1": 54.71978163,
    "_stock_k": 87.73516149,
    "_stock_d": 84.60968999,
    "_stock_k1": 85.9137283,
    "_stock_d1": 85.33699262,
    "_macd_blue": -5.82823079,
    "_macd_orange": -0.58838414,
    "_cci20": 125.24124904,
    "_cci201": 107.86219168,
    "_ema10": 354.40744231,
    "_ema20": 351.96147874,
    "_ema30": 355.2154961,
    "_ema50": 363.16691313,
    "_ema100": 369.57137679,
    "_ema200": 357.23400424,
    "_psar": 327.27796287,
    "_wr": -4.18309618,
    "_mom": 43.17,
    "_mom1": 37.1,
    "stock_diff": 3.13,
    "rsi_diff": 0.18
}
