{
    "open": 284.52,
    "low": 274.52,
    "high": 284.52,
    "close": 275.2,
    "volume": 1639565,
    "change": -3.92403296,
    "_rsi": 44.64494739,
    "_rsi1": 50.86742011,
    "_stock_k": 45.33807829,
    "_stock_d": 52.27889812,
    "_stock_k1": 57.12930012,
    "_stock_d1": 53.85791485,
    "_macd_blue": -3.54156976,
    "_macd_orange": -2.89238211,
    "_cci20": -46.78389629,
    "_cci201": 11.24323396,
    "_ema10": 280.92466468,
    "_ema20": 282.56622387,
    "_ema30": 285.24106018,
    "_ema50": 292.16470145,
    "_ema100": 304.67901537,
    "_ema200": 306.4029522,
    "_psar": 292.62323663,
    "_wr": -69.94068802,
    "_mom": -3.62,
    "_mom1": 17.12,
    "stock_diff": -6.94,
    "rsi_diff": -6.22
}
