{
    "open": 83.63,
    "low": 82.47,
    "high": 83.96,
    "close": 82.55,
    "volume": 1151989,
    "change": -1.87804588,
    "_rsi": 53.46711205,
    "_rsi1": 58.15486521,
    "_stock_k": 83.79478827,
    "_stock_d": 87.36880203,
    "_stock_k1": 88.32790445,
    "_stock_d1": 90.18085117,
    "_macd_blue": 0.42320924,
    "_macd_orange": 0.79403971,
    "_cci20": 45.95974468,
    "_cci201": 76.68349226,
    "_ema10": 82.34435747,
    "_ema20": 81.64739204,
    "_ema30": 81.11978064,
    "_ema50": 79.8978182,
    "_ema100": 77.69308517,
    "_ema200": 75.51962875,
    "_psar": 77.44220601,
    "_wr": -23.85993485,
    "_mom": 5.66,
    "_mom1": 9.24,
    "stock_diff": -3.57,
    "rsi_diff": -4.69
}
