{
    "open": 58.48,
    "low": 57.5,
    "high": 58.66,
    "close": 57.88,
    "change": -1.83175034,
    "_rsi": 34.54254614,
    "_rsi1": 38.60404637,
    "_stock_k": 5.60544596,
    "_stock_d": 23.82015387,
    "_stock_k1": 19.62654944,
    "_stock_d1": 46.68851399,
    "_macd_blue": -0.30547498,
    "_macd_orange": 0.20565976,
    "_cci20": -221.36303607,
    "_cci201": -190.48540419,
    "_ema10": 60.35037768,
    "_ema20": 60.82764033,
    "_ema30": 60.78848966,
    "_ema50": 60.29145464,
    "_ema100": 58.94628417,
    "_ema200": 57.13141305
}
