{
    "open": 2677.68,
    "low": 2658.64,
    "high": 2738.27,
    "close": 2736.03,
    "volume": 2294985,
    "change": 1.63520938,
    "_rsi": 55.39001069,
    "_rsi1": 52.35807786,
    "_stock_k": 83.88603891,
    "_stock_d": 63.88443173,
    "_stock_k1": 64.54818925,
    "_stock_d1": 47.62324853,
    "_macd_blue": -27.36359869,
    "_macd_orange": -13.01528525,
    "_cci20": 115.94367252,
    "_cci201": 73.55489566,
    "_ema10": 2654.08130178,
    "_ema20": 2656.80903172,
    "_ema30": 2671.65111788,
    "_ema50": 2703.66090313,
    "_ema100": 2738.3150056,
    "_ema200": 2658.85907298,
    "_psar": 2535.418318,
    "_wr": -1.01332248,
    "_mom": 93.59,
    "_mom1": 5.85,
    "stock_diff": 20.0,
    "rsi_diff": 3.03
}
