{
    "open": 71.39,
    "low": 70.9,
    "high": 72,
    "close": 71.6,
    "volume": 795892,
    "change": 0.64661231,
    "_rsi": 56.27459338,
    "_rsi1": 55.2410861,
    "_stock_k": 86.44686873,
    "_stock_d": 85.33895992,
    "_stock_k1": 85.44652701,
    "_stock_d1": 87.43109151,
    "_macd_blue": -0.35368151,
    "_macd_orange": 0.37640076,
    "_cci20": 108.77381281,
    "_cci201": 82.98260621,
    "_ema10": 69.87372599,
    "_ema20": 69.14927766,
    "_ema30": 69.43264529,
    "_ema50": 71.1116509,
    "_ema100": 75.04600871,
    "_ema200": 76.94578372,
    "_psar": 65.59342828,
    "_wr": -4.38596491,
    "_mom": 6.13,
    "_mom1": 4.53,
    "stock_diff": 1.11,
    "rsi_diff": 1.03
}
