{
    "open": 36.46,
    "low": 36.24,
    "high": 37.34,
    "close": 37.03,
    "volume": 2807884,
    "change": 1.59122085,
    "_rsi": 43.44172503,
    "_rsi1": 38.83134786,
    "_stock_k": 11.14578524,
    "_stock_d": 13.50390138,
    "_stock_k1": 12.58260808,
    "_stock_d1": 21.05281048,
    "_macd_blue": -0.34142614,
    "_macd_orange": -0.4489177,
    "_cci20": -96.13019543,
    "_cci201": -160.83817759,
    "_ema10": 37.39949023,
    "_ema20": 37.76405479,
    "_ema30": 38.04724433,
    "_ema50": 38.46916076,
    "_ema100": 39.01900114,
    "_ema200": 39.09216848,
    "_psar": 39.548576,
    "_wr": -75.41436464,
    "_mom": -1.45,
    "_mom1": -1.2,
    "stock_diff": -2.36,
    "rsi_diff": 4.61
}
