{
    "open": 40.61,
    "low": 40.54,
    "high": 41.01,
    "close": 40.75,
    "volume": 620563,
    "change": 0.86633663,
    "_rsi": 48.60843009,
    "_rsi1": 45.00509593,
    "_stock_k": 47.84482759,
    "_stock_d": 40.46507088,
    "_stock_k1": 42.45506792,
    "_stock_d1": 30.67577748,
    "_macd_blue": -0.18862394,
    "_macd_orange": -0.25285755,
    "_cci20": -25.13464991,
    "_cci201": -52.68647625,
    "_ema10": 40.57384151,
    "_ema20": 40.82200359,
    "_ema30": 40.89128173,
    "_ema50": 40.70105336,
    "_ema100": 39.82025893,
    "_ema200": 37.97851865,
    "_psar": 39.4586,
    "_wr": -43.10344828,
    "_mom": -0.215,
    "_mom1": -0.99,
    "stock_diff": 7.38,
    "rsi_diff": 3.6
}
