{
    "open": 113.13,
    "low": 111.54,
    "high": 113.31,
    "close": 111.71,
    "volume": 822523,
    "change": -1.85380425,
    "_rsi": 52.99895906,
    "_rsi1": 61.33578372,
    "_stock_k": 87.87347864,
    "_stock_d": 93.98055819,
    "_stock_k1": 95.93151947,
    "_stock_d1": 96.39876117,
    "_macd_blue": -0.27583195,
    "_macd_orange": 0.35572269,
    "_cci20": 97.32134318,
    "_cci201": 176.13603158,
    "_ema10": 111.42546164,
    "_ema20": 110.87569564,
    "_ema30": 110.83314045,
    "_ema50": 110.48662354,
    "_ema100": 108.75920864,
    "_ema200": 104.71319087,
    "_psar": 108.40460675,
    "_wr": -27.6533593,
    "_mom": 4.08,
    "_mom1": 8.8,
    "stock_diff": -6.11,
    "rsi_diff": -8.34
}
