{
    "open": 106.56,
    "low": 105.69,
    "high": 107.37,
    "close": 106.83,
    "volume": 944273,
    "change": 0.38526593,
    "_rsi": 65.75039444,
    "_rsi1": 65.04306135,
    "_stock_k": 69.35483871,
    "_stock_d": 64.87357628,
    "_stock_k1": 64.51612903,
    "_stock_d1": 59.88185333,
    "_macd_blue": 3.20481779,
    "_macd_orange": 3.17377815,
    "_cci20": 99.53515326,
    "_cci201": 97.97454344,
    "_ema10": 104.72217077,
    "_ema20": 102.38488824,
    "_ema30": 100.35009352,
    "_ema50": 97.79433272,
    "_ema100": 95.89737269,
    "_ema200": 96.08861108,
    "_psar": 108.0025,
    "_wr": -27.52688172,
    "_mom": 3.94,
    "_mom1": 4.22,
    "stock_diff": 4.48,
    "rsi_diff": 0.71
}
