{
    "open": 117.4,
    "low": 116.05,
    "high": 117.49,
    "close": 117.12,
    "volume": 656493,
    "change": 0.56671819,
    "_rsi": 52.08798206,
    "_rsi1": 51.00410898,
    "_stock_k": 74.14529915,
    "_stock_d": 78.88572333,
    "_stock_k1": 76.63817664,
    "_stock_d1": 83.10629139,
    "_macd_blue": -0.150113,
    "_macd_orange": 0.30928534,
    "_cci20": 35.54625535,
    "_cci201": 40.58822416,
    "_ema10": 116.45263472,
    "_ema20": 116.0611312,
    "_ema30": 115.90610656,
    "_ema50": 115.3068323,
    "_ema100": 112.79069283,
    "_ema200": 105.65735735,
    "_psar": 111.65072951,
    "_wr": -26.85185185,
    "_mom": 4.78,
    "_mom1": 4.29,
    "stock_diff": -4.74,
    "rsi_diff": 1.08
}
