{
    "open": 37.97,
    "low": 37.13,
    "high": 38.225,
    "close": 37.41,
    "volume": 2349027,
    "change": -2.70481144,
    "_rsi": 40.66365175,
    "_rsi1": 44.7490172,
    "_stock_k": 59.83013276,
    "_stock_d": 59.03926766,
    "_stock_k1": 60.27172248,
    "_stock_d1": 56.43877109,
    "_macd_blue": -1.56332485,
    "_macd_orange": -1.25393179,
    "_cci20": -31.90229195,
    "_cci201": 2.47235135,
    "_ema10": 37.93992993,
    "_ema20": 38.71763541,
    "_ema30": 39.65449898,
    "_ema50": 41.07385053,
    "_ema100": 42.87542956,
    "_ema200": 43.93946884,
    "_psar": 35.66092825,
    "_wr": -39.62264151,
    "_mom": -0.05,
    "_mom1": 2.33,
    "stock_diff": 0.79,
    "rsi_diff": -4.09
}
