{
    "open": 133.68,
    "low": 133.68,
    "high": 136.63,
    "close": 136.55,
    "volume": 907640,
    "change": 2.01718341,
    "_rsi": 75.96095383,
    "_rsi1": 73.0888458,
    "_stock_k": 96.37153,
    "_stock_d": 93.58010998,
    "_stock_k1": 92.07827366,
    "_stock_d1": 93.00876863,
    "_macd_blue": 3.95461264,
    "_macd_orange": 4.80004885,
    "_cci20": 144.68591059,
    "_cci201": 129.28980674,
    "_ema10": 130.34144855,
    "_ema20": 126.39722356,
    "_ema30": 123.59200914,
    "_ema50": 119.58427296,
    "_ema100": 113.79091341,
    "_ema200": 109.72708252,
    "_psar": 129.2,
    "_wr": -0.38314176,
    "_mom": 13.28,
    "_mom1": 9.43,
    "stock_diff": 2.79,
    "rsi_diff": 2.87
}
