{
    "open": 75.9,
    "low": 75.32,
    "high": 78.535,
    "close": 78.21,
    "volume": 23335562,
    "change": 3.38400529,
    "_rsi": 46.04852114,
    "_rsi1": 42.18398647,
    "_stock_k": 50.32521508,
    "_stock_d": 44.50200567,
    "_stock_k1": 40.80517784,
    "_stock_d1": 42.08976163,
    "_macd_blue": -2.64737958,
    "_macd_orange": -2.46604485,
    "_cci20": -38.79356471,
    "_cci201": -55.76443284,
    "_ema10": 78.09424241,
    "_ema20": 79.90525802,
    "_ema30": 81.4117499,
    "_ema50": 82.89064615,
    "_ema100": 82.83662081,
    "_ema200": 80.65058449,
    "_psar": 70.48532328,
    "_wr": -32.53588517,
    "_mom": 2.49,
    "_mom1": -3.79,
    "stock_diff": 5.82,
    "rsi_diff": 3.86
}
