{
    "open": 2774.05,
    "low": 2756.7,
    "high": 2791.77,
    "close": 2765.51,
    "volume": 1257619,
    "change": -1.13857351,
    "_rsi": 56.85734594,
    "_rsi1": 59.74428646,
    "_stock_k": 88.95465807,
    "_stock_d": 90.48258584,
    "_stock_k1": 93.87982912,
    "_stock_d1": 88.11992232,
    "_macd_blue": -13.9592553,
    "_macd_orange": 9.83975724,
    "_cci20": 150.36896114,
    "_cci201": 184.30286674,
    "_ema10": 2698.54734736,
    "_ema20": 2679.44587977,
    "_ema30": 2683.98409242,
    "_ema50": 2706.36479424,
    "_ema100": 2732.81953669,
    "_ema200": 2649.36254509,
    "_psar": 2537.24417024,
    "_wr": -17.58795563,
    "_mom": 97.11,
    "_mom1": 255.27,
    "stock_diff": -1.53,
    "rsi_diff": -2.89
}
