{
    "open": 187.63,
    "low": 182.72,
    "high": 188.49,
    "close": 182.81,
    "volume": 820110,
    "change": -3.19317941,
    "_rsi": 37.80321105,
    "_rsi1": 42.30656045,
    "_stock_k": 11.09345438,
    "_stock_d": 22.85987853,
    "_stock_k1": 24.76568133,
    "_stock_d1": 32.78458704,
    "_macd_blue": -4.11237773,
    "_macd_orange": -4.50171406,
    "_cci20": -123.12234992,
    "_cci201": -77.83922899,
    "_ema10": 190.09624584,
    "_ema20": 193.51222806,
    "_ema30": 196.51113221,
    "_ema50": 201.44258122,
    "_ema100": 208.15574601,
    "_ema200": 210.68967252,
    "_psar": 194.93,
    "_wr": -99.66844723,
    "_mom": -13.59,
    "_mom1": -3.65,
    "stock_diff": -11.77,
    "rsi_diff": -4.5
}
