{
    "open": 76,
    "low": 75.09,
    "high": 77.08,
    "close": 75.46,
    "volume": 3186795,
    "change": -1.87256177,
    "_rsi": 50.56470239,
    "_rsi1": 53.26574452,
    "_stock_k": 90.33651977,
    "_stock_d": 86.1038902,
    "_stock_k1": 88.9337158,
    "_stock_d1": 78.80056275,
    "_macd_blue": -2.01887214,
    "_macd_orange": -1.02623829,
    "_cci20": 45.55134765,
    "_cci201": 49.26276786,
    "_ema10": 74.15528598,
    "_ema20": 74.50002418,
    "_ema30": 75.42424445,
    "_ema50": 76.71863616,
    "_ema100": 78.44762337,
    "_ema200": 79.52849001,
    "_psar": 67.6332746,
    "_wr": -14.04907975,
    "_mom": 7.4,
    "_mom1": 12.36,
    "stock_diff": 4.23,
    "rsi_diff": -2.7
}
