{
    "open": 202.89,
    "low": 202.4,
    "high": 206.2,
    "close": 203.59,
    "volume": 221281,
    "change": 0.27088258,
    "_rsi": 54.74726098,
    "_rsi1": 54.17546995,
    "_stock_k": 32.89631534,
    "_stock_d": 28.55755498,
    "_stock_k1": 30.39417309,
    "_stock_d1": 23.99314482,
    "_macd_blue": 2.68298707,
    "_macd_orange": 1.78194747,
    "_cci20": -9.94638021,
    "_cci201": -10.41912361,
    "_ema10": 201.64963706,
    "_ema20": 200.82574039,
    "_ema30": 199.2303003,
    "_ema50": 196.85065786,
    "_ema100": 195.27530363,
    "_ema200": 195.01361496,
    "_psar": 210.80331473,
    "_wr": -64.44730077,
    "_mom": -7.08,
    "_mom1": -5.11,
    "stock_diff": 4.34,
    "rsi_diff": 0.57
}
