{
    "open": 50.13,
    "low": 49.68,
    "high": 50.445,
    "close": 49.93,
    "volume": 1386767,
    "change": 0.40217173,
    "_rsi": 54.39948133,
    "_rsi1": 53.04648929,
    "_stock_k": 31.88989594,
    "_stock_d": 30.48024765,
    "_stock_k1": 28.0640967,
    "_stock_d1": 30.81787908,
    "_macd_blue": 0.47452307,
    "_macd_orange": 0.35603418,
    "_cci20": 16.8777201,
    "_cci201": -1.00049022,
    "_ema10": 49.7670434,
    "_ema20": 49.56128062,
    "_ema30": 49.27728432,
    "_ema50": 48.70299477,
    "_ema100": 47.57807233,
    "_ema200": 46.83418614,
    "_psar": 52.0515211,
    "_wr": -65.55891239,
    "_mom": 0.02,
    "_mom1": -0.55,
    "stock_diff": 1.41,
    "rsi_diff": 1.35
}
