{
    "open": 126.53,
    "low": 126.53,
    "high": 129.89,
    "close": 129.78,
    "volume": 760661,
    "change": 2.9019981,
    "_rsi": 67.34881907,
    "_rsi1": 60.38237427,
    "_stock_k": 76.04031614,
    "_stock_d": 70.88945391,
    "_stock_k1": 68.17844241,
    "_stock_d1": 71.51694537,
    "_macd_blue": 1.55510244,
    "_macd_orange": 1.83756779,
    "_cci20": 259.86061761,
    "_cci201": 109.31270641,
    "_ema10": 125.35515228,
    "_ema20": 123.88128182,
    "_ema30": 122.77190313,
    "_ema50": 121.23104495,
    "_ema100": 119.00018199,
    "_ema200": 115.79489229,
    "_psar": 122.961,
    "_wr": -1.16402116,
    "_mom": 6.34,
    "_mom1": 1.15,
    "stock_diff": 5.15,
    "rsi_diff": 6.97
}
