{
    "open": 90.45,
    "low": 88.65,
    "high": 90.45,
    "close": 90.24,
    "volume": 1826117,
    "change": 0.19986676,
    "_rsi": 44.13188293,
    "_rsi1": 43.63162701,
    "_stock_k": 64.55765487,
    "_stock_d": 55.55773751,
    "_stock_k1": 56.31201308,
    "_stock_d1": 48.8223407,
    "_macd_blue": -2.46865046,
    "_macd_orange": -1.95171892,
    "_cci20": -22.56575238,
    "_cci201": -32.2015027,
    "_ema10": 90.20745778,
    "_ema20": 91.38628328,
    "_ema30": 92.88625812,
    "_ema50": 95.17011937,
    "_ema100": 97.09582242,
    "_ema200": 94.21209908,
    "_psar": 86.94869444,
    "_wr": -26.72750978,
    "_mom": 2.67,
    "_mom1": 2.18,
    "stock_diff": 9.0,
    "rsi_diff": 0.5
}
