{
    "open": 78.44,
    "low": 76.39,
    "high": 79.12,
    "close": 78.83,
    "volume": 4271988,
    "change": 0.3692386,
    "_rsi": 41.4057307,
    "_rsi1": 40.77784303,
    "_stock_k": 33.25908818,
    "_stock_d": 45.52576521,
    "_stock_k1": 42.567262,
    "_stock_d1": 55.05888744,
    "_macd_blue": -1.54143756,
    "_macd_orange": -1.51201044,
    "_cci20": -138.55408828,
    "_cci201": -92.96442919,
    "_ema10": 81.35705502,
    "_ema20": 82.3594672,
    "_ema30": 83.58123531,
    "_ema50": 86.02264348,
    "_ema100": 89.27885946,
    "_ema200": 89.57827635,
    "_psar": 85.324032,
    "_wr": -74.43991853,
    "_mom": -3.57,
    "_mom1": -4.11,
    "stock_diff": -12.27,
    "rsi_diff": 0.63
}
