{
    "open": 106.5,
    "low": 106.305,
    "high": 109.56,
    "close": 109.51,
    "volume": 1159404,
    "change": 2.95196014,
    "_rsi": 67.28448761,
    "_rsi1": 62.14704433,
    "_stock_k": 86.4719374,
    "_stock_d": 82.16381336,
    "_stock_k1": 81.73248822,
    "_stock_d1": 79.69554147,
    "_macd_blue": 1.73833229,
    "_macd_orange": 2.3363658,
    "_cci20": 163.41215931,
    "_cci201": 99.25188146,
    "_ema10": 105.02049878,
    "_ema20": 102.93891727,
    "_ema30": 101.8276312,
    "_ema50": 100.87822998,
    "_ema100": 99.50719258,
    "_ema200": 97.53869955,
    "_psar": 98.0993776,
    "_wr": -0.40866367,
    "_mom": 7.27,
    "_mom1": 4.06,
    "stock_diff": 4.31,
    "rsi_diff": 5.14
}
