{
    "open": 235.6,
    "low": 234.42,
    "high": 239.45,
    "close": 235.24,
    "volume": 1393522,
    "change": -0.54958992,
    "_rsi": 48.62961101,
    "_rsi1": 49.97006634,
    "_stock_k": 83.05155472,
    "_stock_d": 77.61069156,
    "_stock_k1": 80.67164903,
    "_stock_d1": 67.93087811,
    "_macd_blue": -8.46062293,
    "_macd_orange": -5.29739352,
    "_cci20": 90.72225824,
    "_cci201": 90.77458378,
    "_ema10": 230.72649554,
    "_ema20": 232.86689415,
    "_ema30": 238.15778237,
    "_ema50": 248.53165971,
    "_ema100": 263.09809047,
    "_ema200": 272.08363263,
    "_psar": 218.4855136,
    "_wr": -18.1387333,
    "_mom": 8.24,
    "_mom1": 17.77,
    "stock_diff": 5.44,
    "rsi_diff": -1.34
}
