{
    "open": 26.83,
    "low": 26.5,
    "high": 27.67,
    "close": 26.69,
    "volume": 7315948,
    "change": -1.00148368,
    "_rsi": 50.75642655,
    "_rsi1": 52.51312437,
    "_stock_k": 54.01582218,
    "_stock_d": 47.66677722,
    "_stock_k1": 48.07802639,
    "_stock_d1": 42.24517116,
    "_macd_blue": -0.51986429,
    "_macd_orange": -0.38319197,
    "_cci20": 32.78911763,
    "_cci201": 17.90185848,
    "_ema10": 26.15192367,
    "_ema20": 26.41665032,
    "_ema30": 26.61671615,
    "_ema50": 26.61983919,
    "_ema100": 26.44477224,
    "_ema200": 26.8978558,
    "_psar": 23.7702,
    "_wr": -36.91983122,
    "_mom": 1.38,
    "_mom1": 1.73,
    "stock_diff": 6.35,
    "rsi_diff": -1.76
}
