{
    "open": 56.6,
    "low": 56.42,
    "high": 57.88,
    "close": 56.75,
    "volume": 8267026,
    "change": 0.53144376,
    "_rsi": 65.34879158,
    "_rsi1": 64.52824637,
    "_stock_k": 32.76756793,
    "_stock_d": 40.97863956,
    "_stock_k1": 40.30820668,
    "_stock_d1": 48.56933827,
    "_macd_blue": 2.44969066,
    "_macd_orange": 2.31445699,
    "_cci20": 60.13630029,
    "_cci201": 52.76364586,
    "_ema10": 55.8137421,
    "_ema20": 54.14184876,
    "_ema30": 52.64223101,
    "_ema50": 50.55254781,
    "_ema100": 47.61868356,
    "_ema200": 44.37124619,
    "_psar": 60.68323645,
    "_wr": -70.24096386,
    "_mom": -0.34,
    "_mom1": 1.11,
    "stock_diff": -8.21,
    "rsi_diff": 0.82
}
