{
    "open": 276.23,
    "low": 270.09,
    "high": 276.71,
    "close": 271.69,
    "volume": 1014458,
    "change": -2.07252018,
    "_rsi": 49.76815845,
    "_rsi1": 58.64025122,
    "_stock_k": 76.93352795,
    "_stock_d": 86.49213002,
    "_stock_k1": 89.91517007,
    "_stock_d1": 90.40602386,
    "_macd_blue": -0.74523957,
    "_macd_orange": 0.45226212,
    "_cci20": 51.97422055,
    "_cci201": 162.22513099,
    "_ema10": 272.6381275,
    "_ema20": 271.59280338,
    "_ema30": 272.09937979,
    "_ema50": 274.3812307,
    "_ema100": 278.21558709,
    "_ema200": 274.78315467,
    "_psar": 263.03498737,
    "_wr": -42.33673923,
    "_mom": 6.06,
    "_mom1": 17.62,
    "stock_diff": -9.56,
    "rsi_diff": -8.87
}
