{
    "open": 88.24,
    "low": 83.13,
    "high": 88.4,
    "close": 84.41,
    "volume": 6114927,
    "change": -6.7807841,
    "_rsi": 46.97709027,
    "_rsi1": 58.42865183,
    "_stock_k": 66.04628967,
    "_stock_d": 73.23527592,
    "_stock_k1": 80.20905023,
    "_stock_d1": 75.47239465,
    "_macd_blue": 0.92697862,
    "_macd_orange": 1.01255737,
    "_cci20": -36.05509104,
    "_cci201": 113.7790634,
    "_ema10": 87.42908784,
    "_ema20": 86.71134778,
    "_ema30": 85.91052553,
    "_ema50": 84.08815831,
    "_ema100": 80.53787926,
    "_ema200": 76.47806297,
    "_psar": 82.72272603,
    "_wr": -65.9269864,
    "_mom": 3.78,
    "_mom1": 7.04,
    "stock_diff": -7.19,
    "rsi_diff": -11.45
}
