{
    "open": 105.88,
    "low": 102.37,
    "high": 107.24,
    "close": 107.06,
    "volume": 2221960,
    "change": 4.45897161,
    "_rsi": 54.64622874,
    "_rsi1": 50.56779616,
    "_stock_k": 85.25920101,
    "_stock_d": 74.18972449,
    "_stock_k1": 71.86799515,
    "_stock_d1": 63.34569239,
    "_macd_blue": -4.27181282,
    "_macd_orange": -2.13136869,
    "_cci20": 60.02762101,
    "_cci201": 40.35306424,
    "_ema10": 100.16337941,
    "_ema20": 100.70195278,
    "_ema30": 103.03488551,
    "_ema50": 108.25681631,
    "_ema100": 118.92177536,
    "_ema200": 128.53347815,
    "_psar": 88.65159134,
    "_wr": -0.78125,
    "_mom": 12.15,
    "_mom1": 3.56,
    "stock_diff": 11.07,
    "rsi_diff": 4.08
}
