{
    "open": 56.35,
    "low": 55.56,
    "high": 56.74,
    "close": 55.64,
    "volume": 3012299,
    "change": -1.88679245,
    "_rsi": 42.87715767,
    "_rsi1": 46.61712641,
    "_stock_k": 77.31958763,
    "_stock_d": 82.73868839,
    "_stock_k1": 85.84998085,
    "_stock_d1": 84.1639625,
    "_macd_blue": -1.95643753,
    "_macd_orange": -1.30309802,
    "_cci20": 14.86318623,
    "_cci201": 51.65184314,
    "_ema10": 55.96226157,
    "_ema20": 56.53667737,
    "_ema30": 57.81252089,
    "_ema50": 60.44155211,
    "_ema100": 64.99152859,
    "_ema200": 69.59861813,
    "_psar": 51.67237779,
    "_wr": -31.95876289,
    "_mom": 2.15,
    "_mom1": 4.76,
    "stock_diff": -5.42,
    "rsi_diff": -3.74
}
