{
    "open": 79.01,
    "low": 78.45,
    "high": 79.6,
    "close": 78.51,
    "volume": 2349988,
    "change": -0.31742001,
    "_rsi": 55.91663277,
    "_rsi1": 57.45332095,
    "_stock_k": 89.54175355,
    "_stock_d": 90.36455673,
    "_stock_k1": 94.09482673,
    "_stock_d1": 84.78628111,
    "_macd_blue": -0.31178543,
    "_macd_orange": 0.03879793,
    "_cci20": 179.99543605,
    "_cci201": 178.22188932,
    "_ema10": 77.60644781,
    "_ema20": 77.40375105,
    "_ema30": 77.53112961,
    "_ema50": 77.81311787,
    "_ema100": 77.85388656,
    "_ema200": 76.38151645,
    "_psar": 75.64804196,
    "_wr": -26.26569315,
    "_mom": 2.25,
    "_mom1": 1.12,
    "stock_diff": -0.82,
    "rsi_diff": -1.54
}
