{
    "open": 16.11,
    "low": 15.76,
    "high": 16.405,
    "close": 16.33,
    "change": -0.24434942,
    "_rsi": 38.65131851,
    "_rsi1": 38.87298005,
    "_stock_k": 17.5633999,
    "_stock_d": 14.51691959,
    "_stock_k1": 10.77612558,
    "_stock_d1": 19.90557727,
    "_macd_blue": -0.85525934,
    "_macd_orange": -0.8534389,
    "_cci20": -136.5080694,
    "_cci201": -117.55192264,
    "_ema10": 16.77665159,
    "_ema20": 17.40122435,
    "_ema30": 17.9601497,
    "_ema50": 18.57561596,
    "_ema100": 18.44784608,
    "_ema200": 16.90335225
}
