{
    "open": 114.29,
    "low": 112.21,
    "high": 117.55,
    "close": 113.92,
    "volume": 90577621,
    "change": -0.74925945,
    "_rsi": 50.09398538,
    "_rsi1": 50.91899813,
    "_stock_k": 79.9852692,
    "_stock_d": 72.3526896,
    "_stock_k1": 74.12444739,
    "_stock_d1": 64.52731215,
    "_macd_blue": -2.56806639,
    "_macd_orange": -1.32329227,
    "_cci20": 41.89809885,
    "_cci201": 59.21403658,
    "_ema10": 112.48145508,
    "_ema20": 112.77604079,
    "_ema30": 114.35812618,
    "_ema50": 117.7764381,
    "_ema100": 120.47672403,
    "_ema200": 114.96370003,
    "_psar": 102.62389232,
    "_wr": -22.55176273,
    "_mom": 2.87,
    "_mom1": 9.25,
    "stock_diff": 7.63,
    "rsi_diff": -0.83
}
