{
    "open": 102.99,
    "low": 101.04,
    "high": 105.2397,
    "close": 102.25,
    "volume": 89631889,
    "change": -1.956084,
    "_rsi": 39.64484196,
    "_rsi1": 41.02179031,
    "_stock_k": 17.33931241,
    "_stock_d": 25.87308058,
    "_stock_k1": 29.29745889,
    "_stock_d1": 27.59720385,
    "_macd_blue": -3.91491894,
    "_macd_orange": -4.67623262,
    "_cci20": -146.38707912,
    "_cci201": -127.98164073,
    "_ema10": 108.09901838,
    "_ema20": 111.81810852,
    "_ema30": 114.78004508,
    "_ema50": 119.12960459,
    "_ema100": 121.51869203,
    "_ema200": 115.06841034,
    "_psar": 111.05302823,
    "_wr": -91.15368936,
    "_mom": -21.09,
    "_mom1": -16.77,
    "stock_diff": -8.53,
    "rsi_diff": -1.38
}
