{
    "open": 407.66,
    "low": 404.0801,
    "high": 414.9299,
    "close": 413.15,
    "volume": 2941712,
    "change": 1.72350117,
    "_rsi": 66.17992715,
    "_rsi1": 63.8531806,
    "_stock_k": 89.95009561,
    "_stock_d": 84.31646769,
    "_stock_k1": 83.66736845,
    "_stock_d1": 81.364401,
    "_macd_blue": 3.51349949,
    "_macd_orange": 7.79993733,
    "_cci20": 159.362801,
    "_cci201": 125.46493902,
    "_ema10": 390.86445804,
    "_ema20": 383.12020728,
    "_ema30": 379.58116666,
    "_ema50": 375.03613231,
    "_ema100": 368.07144846,
    "_ema200": 355.75624274,
    "_psar": 372.55340352,
    "_wr": -2.76726177,
    "_mom": 23.08,
    "_mom1": 24.22,
    "stock_diff": 5.63,
    "rsi_diff": 2.33
}
