{
    "open": 77.13,
    "low": 76.25,
    "high": 77.6099,
    "close": 76.44,
    "volume": 1675320,
    "change": -1.40590739,
    "_rsi": 47.85223854,
    "_rsi1": 51.33854729,
    "_stock_k": 68.60785408,
    "_stock_d": 67.59532013,
    "_stock_k1": 69.09538895,
    "_stock_d1": 64.27314326,
    "_macd_blue": -1.33549739,
    "_macd_orange": -0.80045275,
    "_cci20": 23.5679639,
    "_cci201": 65.86923216,
    "_ema10": 76.22805105,
    "_ema20": 76.54188434,
    "_ema30": 77.3236009,
    "_ema50": 78.76842943,
    "_ema100": 80.69846912,
    "_ema200": 80.29609763,
    "_psar": 71.6479168,
    "_wr": -28.49533955,
    "_mom": 1.18,
    "_mom1": 4.03,
    "stock_diff": 1.01,
    "rsi_diff": -3.49
}
