{
    "open": 42.68,
    "low": 42.44,
    "high": 43.7,
    "close": 42.85,
    "change": -1.26728111,
    "_rsi": 59.06093809,
    "_rsi1": 61.09431232,
    "_stock_k": 65.27777778,
    "_stock_d": 71.61529704,
    "_stock_k1": 73.02083333,
    "_stock_d1": 72.779496,
    "_macd_blue": 0.97692494,
    "_macd_orange": 1.26297992,
    "_cci20": 113.16370952,
    "_cci201": 136.75468273,
    "_ema10": 41.66825021,
    "_ema20": 40.65203675,
    "_ema30": 39.8249992,
    "_ema50": 38.33769169,
    "_ema100": 35.8310809,
    "_ema200": 33.05457723,
    "_psar": 37.89561987,
    "_wrr": -35.625,
    "stock_diff": -6.34,
    "rsi_diff": -2.03
}
