{
    "open": 42.68,
    "low": 42.44,
    "high": 43.7,
    "close": 43.02,
    "change": -0.87557604,
    "_rsi": 59.67483292,
    "_rsi1": 61.09431232,
    "_stock_k": 65.86805556,
    "_stock_d": 71.8120563,
    "_stock_k1": 73.02083333,
    "_stock_d1": 72.779496,
    "_macd_blue": 0.97963719,
    "_macd_orange": 1.27654117,
    "_cci20": 115.22703431,
    "_cci201": 136.75468273,
    "_ema10": 41.6991593,
    "_ema20": 40.66822722,
    "_ema30": 39.83596695,
    "_ema50": 38.34435836,
    "_ema100": 35.83444724,
    "_ema200": 33.05626877,
    "_psar": 37.89561987,
    "_wrr": -33.85416667,
    "stock_diff": -5.94,
    "rsi_diff": -1.42
}
