{
    "open": 42.68,
    "low": 42.44,
    "high": 43.7,
    "close": 42.9,
    "volume": 13052123,
    "change": -1.15207373,
    "_rsi": 59.24018027,
    "_rsi1": 61.09431232,
    "_stock_k": 65.45138889,
    "_stock_d": 71.67316741,
    "_stock_k1": 73.02083333,
    "_stock_d1": 72.779496,
    "_macd_blue": 0.97772266,
    "_macd_orange": 1.26696852,
    "_cci20": 113.77159782,
    "_cci201": 136.75468273,
    "_ema10": 41.67734112,
    "_ema20": 40.65679865,
    "_ema30": 39.82822501,
    "_ema50": 38.33965248,
    "_ema100": 35.832071,
    "_ema200": 33.05507474,
    "_psar": 37.89561987,
    "_wr": -35.10416667,
    "stock_diff": -6.22,
    "rsi_diff": -1.85
}
