{
    "open": 78.45,
    "low": 77.86,
    "high": 78.68,
    "close": 78.46,
    "volume": 1034101,
    "change": 0.3453127,
    "_rsi": 72.14808588,
    "_rsi1": 71.50700969,
    "_stock_k": 91.98772634,
    "_stock_d": 93.15950626,
    "_stock_k1": 92.8353435,
    "_stock_d1": 94.27176808,
    "_macd_blue": 1.37063623,
    "_macd_orange": 2.02416537,
    "_cci20": 126.09200565,
    "_cci201": 135.36456433,
    "_ema10": 76.10636553,
    "_ema20": 74.23884888,
    "_ema30": 73.30345266,
    "_ema50": 72.4143801,
    "_ema100": 71.89594346,
    "_ema200": 73.57292594,
    "_psar": 75.87081833,
    "_wr": -4.595186,
    "_mom": 4.52,
    "_mom1": 4.72,
    "stock_diff": -1.17,
    "rsi_diff": 0.64
}
