{
    "open": 240.54,
    "low": 239.43,
    "high": 241.85,
    "close": 241.58,
    "volume": 2134970,
    "change": 0.54940481,
    "_rsi": 53.14485148,
    "_rsi1": 51.49394682,
    "_stock_k": 92.61115439,
    "_stock_d": 86.14137547,
    "_stock_k1": 87.28393694,
    "_stock_d1": 81.41035613,
    "_macd_blue": -4.21856831,
    "_macd_orange": -2.20307679,
    "_cci20": 79.09233719,
    "_cci201": 53.47661027,
    "_ema10": 237.09818869,
    "_ema20": 237.70392146,
    "_ema30": 240.03851029,
    "_ema50": 243.96014843,
    "_ema100": 247.05162811,
    "_ema200": 243.86314041,
    "_psar": 228.79936189,
    "_wr": -1.11685626,
    "_mom": 14.71,
    "_mom1": 18.26,
    "stock_diff": 6.47,
    "rsi_diff": 1.65
}
