{
    "open": 225.99,
    "low": 223.955,
    "high": 227.05,
    "close": 226.56,
    "volume": 1453030,
    "change": 0.63965885,
    "_rsi": 52.74364176,
    "_rsi1": 51.63767266,
    "_stock_k": 83.440294,
    "_stock_d": 82.36520213,
    "_stock_k1": 83.45126433,
    "_stock_d1": 80.35031905,
    "_macd_blue": -3.14873342,
    "_macd_orange": -1.03193685,
    "_cci20": 105.89298381,
    "_cci201": 86.21123603,
    "_ema10": 222.54692736,
    "_ema20": 222.07367971,
    "_ema30": 224.03707038,
    "_ema50": 228.5649973,
    "_ema100": 236.66981743,
    "_ema200": 245.0906038,
    "_psar": 206.05343721,
    "_wr": -9.39608359,
    "_mom": 13.38,
    "_mom1": 5.84,
    "stock_diff": 1.08,
    "rsi_diff": 1.11
}
