{
    "open": 70.44,
    "low": 70.42,
    "high": 71.1401,
    "close": 70.685,
    "volume": 12882299,
    "change": -0.17652874,
    "_rsi": 57.95248283,
    "_rsi1": 58.89348775,
    "_stock_k": 73.72882446,
    "_stock_d": 78.4112563,
    "_stock_k1": 78.36346595,
    "_stock_d1": 80.68031877,
    "_macd_blue": 0.72047026,
    "_macd_orange": 0.84688901,
    "_cci20": 51.54190304,
    "_cci201": 67.24241952,
    "_ema10": 70.57562593,
    "_ema20": 69.8478939,
    "_ema30": 69.43097702,
    "_ema50": 69.03555462,
    "_ema100": 68.45764679,
    "_ema200": 67.39329596,
    "_psar": 72.23709392,
    "_wr": -33.46573982,
    "_mom": -1.125,
    "_mom1": -0.08,
    "stock_diff": -4.68,
    "rsi_diff": -0.94
}
