{
    "open": 56.53,
    "low": 56.1,
    "high": 57.77,
    "close": 57.44,
    "volume": 2196197,
    "change": 2.6814444,
    "_rsi": 60.5564902,
    "_rsi1": 57.26396755,
    "_stock_k": 95.05641561,
    "_stock_d": 92.01001309,
    "_stock_k1": 92.93732005,
    "_stock_d1": 90.51079546,
    "_macd_blue": -0.34237223,
    "_macd_orange": 0.44581147,
    "_cci20": 123.52398501,
    "_cci201": 80.93138032,
    "_ema10": 54.34170484,
    "_ema20": 53.65003126,
    "_ema30": 53.63430027,
    "_ema50": 53.75315227,
    "_ema100": 54.31998055,
    "_ema200": 55.26796932,
    "_psar": 47.68002557,
    "_wr": -2.30607966,
    "_mom": 8.62,
    "_mom1": 6.79,
    "stock_diff": 3.05,
    "rsi_diff": 3.29
}
