{
    "open": 408.95,
    "low": 407.89,
    "high": 413.85,
    "close": 413.47,
    "volume": 2033299,
    "change": 1.42271936,
    "_rsi": 58.37720616,
    "_rsi1": 55.54472488,
    "_stock_k": 82.51441753,
    "_stock_d": 83.12832163,
    "_stock_k1": 83.1372549,
    "_stock_d1": 85.7182897,
    "_macd_blue": -0.39174259,
    "_macd_orange": 3.11364107,
    "_cci20": 108.36773612,
    "_cci201": 95.21352337,
    "_ema10": 403.74828619,
    "_ema20": 399.30266638,
    "_ema30": 399.78570104,
    "_ema50": 405.74458889,
    "_ema100": 417.19398544,
    "_ema200": 415.70601956,
    "_psar": 379.53677428,
    "_wr": -7.05882353,
    "_mom": 33.79,
    "_mom1": 24.92,
    "stock_diff": -0.61,
    "rsi_diff": 2.83
}
