{
    "open": 214.75,
    "low": 213.32,
    "high": 215.46,
    "close": 214.66,
    "volume": 1882515,
    "change": 0.03728213,
    "_rsi": 52.57102804,
    "_rsi1": 52.47819647,
    "_stock_k": 72.19911259,
    "_stock_d": 78.20761693,
    "_stock_k1": 77.6067665,
    "_stock_d1": 84.21612128,
    "_macd_blue": 0.65582417,
    "_macd_orange": 1.53784284,
    "_cci20": 47.13109051,
    "_cci201": 68.23223739,
    "_ema10": 214.76483902,
    "_ema20": 213.16674219,
    "_ema30": 212.55975665,
    "_ema50": 211.68626703,
    "_ema100": 208.98849201,
    "_ema200": 202.11267804,
    "_psar": 200.83974404,
    "_wr": -32.90349418,
    "_mom": 7.48,
    "_mom1": 7.8,
    "stock_diff": -6.01,
    "rsi_diff": 0.09
}
