{
    "open": 318.48,
    "low": 308.3,
    "high": 318.8,
    "close": 310.68,
    "volume": 5126303,
    "change": -1.61504845,
    "_rsi": 35.00825976,
    "_rsi1": 37.88751095,
    "_stock_k": 18.418173,
    "_stock_d": 36.0819725,
    "_stock_k1": 37.8333797,
    "_stock_d1": 55.50248225,
    "_macd_blue": -6.33052412,
    "_macd_orange": -5.94619206,
    "_cci20": -123.64032374,
    "_cci201": -79.48080782,
    "_ema10": 322.20338598,
    "_ema20": 325.92073745,
    "_ema30": 330.95044649,
    "_ema50": 340.61451698,
    "_ema100": 350.65583128,
    "_ema200": 345.05703036,
    "_psar": 340.2112,
    "_wr": -92.66337855,
    "_mom": -6.11,
    "_mom1": -2.16,
    "stock_diff": -17.66,
    "rsi_diff": -2.88
}
