{
    "open": 172,
    "low": 170.75,
    "high": 173.69,
    "close": 171.52,
    "volume": 1428086,
    "change": -0.26747296,
    "_rsi": 55.42393517,
    "_rsi1": 56.03826381,
    "_stock_k": 88.55150598,
    "_stock_d": 87.14311759,
    "_stock_k1": 87.67507003,
    "_stock_d1": 87.4639711,
    "_macd_blue": 0.50453159,
    "_macd_orange": 1.32624233,
    "_cci20": 87.84576841,
    "_cci201": 65.47597922,
    "_ema10": 169.09348104,
    "_ema20": 167.7612343,
    "_ema30": 167.1076713,
    "_ema50": 165.78037601,
    "_ema100": 162.00811035,
    "_ema200": 154.81363774,
    "_psar": 158.35464227,
    "_wr": -7.85662563,
    "_mom": 9.88,
    "_mom1": 9.42,
    "stock_diff": 1.41,
    "rsi_diff": -0.61
}
