{
    "open": 95.9,
    "low": 95.26,
    "high": 96.82,
    "close": 96.41,
    "volume": 2320913,
    "change": 1.02693073,
    "_rsi": 49.61486835,
    "_rsi1": 47.60364327,
    "_stock_k": 83.87978142,
    "_stock_d": 86.86626215,
    "_stock_k1": 85.21161557,
    "_stock_d1": 89.32678301,
    "_macd_blue": -3.08347292,
    "_macd_orange": -1.74998623,
    "_cci20": 78.15516384,
    "_cci201": 70.67843988,
    "_ema10": 94.76883729,
    "_ema20": 95.3391948,
    "_ema30": 97.16353319,
    "_ema50": 100.59828864,
    "_ema100": 107.05580809,
    "_ema200": 116.12738806,
    "_psar": 91.25826939,
    "_wr": -14.97764531,
    "_mom": 6,
    "_mom1": 3.45,
    "stock_diff": -2.99,
    "rsi_diff": 2.01
}
