{
    "open": 94.39,
    "low": 93.65,
    "high": 94.42,
    "close": 94.12,
    "volume": 5332285,
    "change": 0.44823906,
    "_rsi": 50.3701654,
    "_rsi1": 49.21660898,
    "_stock_k": 81.80987203,
    "_stock_d": 85.89975001,
    "_stock_k1": 84.8176609,
    "_stock_d1": 89.79104772,
    "_macd_blue": -0.61780554,
    "_macd_orange": -0.1641905,
    "_cci20": 40.86348134,
    "_cci201": 41.20314033,
    "_ema10": 93.89403118,
    "_ema20": 93.77076549,
    "_ema30": 94.110119,
    "_ema50": 94.95832637,
    "_ema100": 96.8158188,
    "_ema200": 97.49360439,
    "_psar": 89.58755694,
    "_wr": -19.28702011,
    "_mom": 2.79,
    "_mom1": 2.45,
    "stock_diff": -4.09,
    "rsi_diff": 1.15
}
