{
    "open": 82.38,
    "low": 78.33,
    "high": 82.79,
    "close": 78.54,
    "volume": 4896150,
    "change": -5.13347023,
    "_rsi": 40.77784303,
    "_rsi1": 47.73946822,
    "_stock_k": 42.567262,
    "_stock_d": 55.05888744,
    "_stock_k1": 60.75094543,
    "_stock_d1": 60.42679633,
    "_macd_blue": -1.54879434,
    "_macd_orange": -1.35524758,
    "_cci20": -92.96442919,
    "_cci201": 7.73860369,
    "_ema10": 81.9186228,
    "_ema20": 82.73099006,
    "_ema30": 83.90890671,
    "_ema50": 86.31622076,
    "_ema100": 89.48994753,
    "_ema200": 89.68629922,
    "_psar": 85.6992,
    "_wr": -78.21393523,
    "_mom": -4.11,
    "_mom1": 2.43,
    "stock_diff": -12.49,
    "rsi_diff": -6.96
}
