{
    "open": 36.61,
    "low": 36.03,
    "high": 36.775,
    "close": 36.4,
    "volume": 6269698,
    "change": 0.16510732,
    "_rsi": 40.00689491,
    "_rsi1": 39.70184024,
    "_stock_k": 57.19474806,
    "_stock_d": 52.10750653,
    "_stock_k1": 51.54179746,
    "_stock_d1": 46.84210941,
    "_macd_blue": -1.74472224,
    "_macd_orange": -1.48317583,
    "_cci20": -44.5069317,
    "_cci201": -39.95207495,
    "_ema10": 36.86597785,
    "_ema20": 37.8265669,
    "_ema30": 38.91756675,
    "_ema50": 40.6830379,
    "_ema100": 43.14455597,
    "_ema200": 43.91257286,
    "_psar": 34.28412056,
    "_wr": -42.93419633,
    "_mom": 0.97,
    "_mom1": 0.14,
    "stock_diff": 5.09,
    "rsi_diff": 0.31
}
