{
    "open": 570,
    "low": 562.31,
    "high": 582.73,
    "close": 581.09,
    "volume": 984541,
    "change": 2.31178252,
    "_rsi": 54.646565,
    "_rsi1": 52.14675669,
    "_stock_k": 82.61455104,
    "_stock_d": 82.05294441,
    "_stock_k1": 80.14121111,
    "_stock_d1": 79.88738815,
    "_macd_blue": -3.75768686,
    "_macd_orange": 2.36151213,
    "_cci20": 63.80212634,
    "_cci201": 53.56853642,
    "_ema10": 563.55929641,
    "_ema20": 558.84057667,
    "_ema30": 560.06243609,
    "_ema50": 567.44465534,
    "_ema100": 583.11591334,
    "_ema200": 581.81149686,
    "_psar": 503.03157509,
    "_wr": -15.64408531,
    "_mom": 47.5,
    "_mom1": 8.38,
    "stock_diff": 0.56,
    "rsi_diff": 2.5
}
