{
    "open": 45.77,
    "low": 45.2,
    "high": 45.95,
    "close": 45.8,
    "volume": 1597418,
    "change": 0.88105727,
    "_rsi": 43.95147542,
    "_rsi1": 42.15295289,
    "_stock_k": 63.33333333,
    "_stock_d": 66.04798065,
    "_stock_k1": 66.52121212,
    "_stock_d1": 69.2144855,
    "_macd_blue": -1.60523115,
    "_macd_orange": -1.20231544,
    "_cci20": -2.42270392,
    "_cci201": -14.23742388,
    "_ema10": 45.87614281,
    "_ema20": 46.51570676,
    "_ema30": 47.56835806,
    "_ema50": 49.43157344,
    "_ema100": 51.49693422,
    "_ema200": 50.85879344,
    "_psar": 44.79222363,
    "_wr": -31.2,
    "_mom": 1.75,
    "_mom1": 0.95,
    "stock_diff": -2.71,
    "rsi_diff": 1.8
}
