{
    "open": 234.87,
    "low": 233.89,
    "high": 238.38,
    "close": 237.99,
    "volume": 482797,
    "change": 1.40611019,
    "_rsi": 61.38392515,
    "_rsi1": 58.31695428,
    "_stock_k": 88.79783963,
    "_stock_d": 85.01748273,
    "_stock_k1": 85.54182028,
    "_stock_d1": 84.6561586,
    "_macd_blue": 1.20339632,
    "_macd_orange": 2.70169321,
    "_cci20": 130.84902493,
    "_cci201": 118.27352948,
    "_ema10": 232.0849173,
    "_ema20": 229.24835413,
    "_ema30": 228.35721943,
    "_ema50": 228.40314587,
    "_ema100": 229.59072739,
    "_ema200": 229.43369328,
    "_psar": 225.93109203,
    "_wr": -1.59607121,
    "_mom": 17.26,
    "_mom1": 10.17,
    "stock_diff": 3.78,
    "rsi_diff": 3.07
}
