{
    "open": 38.73,
    "low": 38.27,
    "high": 39.77,
    "close": 39.73,
    "volume": 6849393,
    "change": 4.0869793,
    "_rsi": 50.17355164,
    "_rsi1": 46.08926095,
    "_stock_k": 71.21886533,
    "_stock_d": 62.8664138,
    "_stock_k1": 59.88513705,
    "_stock_d1": 56.46968534,
    "_macd_blue": -1.57621676,
    "_macd_orange": -1.21290418,
    "_cci20": 11.7408421,
    "_cci201": -15.22792124,
    "_ema10": 38.29414655,
    "_ema20": 39.09970758,
    "_ema30": 39.84615969,
    "_ema50": 40.43431569,
    "_ema100": 40.94638528,
    "_ema200": 43.06744167,
    "_psar": 32.21386695,
    "_wr": -11.39893122,
    "_mom": 1.13,
    "_mom1": -0.6,
    "stock_diff": 8.35,
    "rsi_diff": 4.08
}
