{
    "open": 420.77,
    "low": 410.68,
    "high": 421,
    "close": 414.18,
    "volume": 403062,
    "change": -1.24228045,
    "_rsi": 46.45694005,
    "_rsi1": 49.95842794,
    "_stock_k": 43.10488578,
    "_stock_d": 60.16619421,
    "_stock_k1": 61.13890278,
    "_stock_d1": 75.42607234,
    "_macd_blue": 1.88231052,
    "_macd_orange": 2.69602876,
    "_cci20": -21.42800105,
    "_cci201": 62.78244265,
    "_ema10": 422.43314575,
    "_ema20": 419.56926813,
    "_ema30": 419.18795331,
    "_ema50": 421.72586288,
    "_ema100": 422.11610565,
    "_ema200": 405.96769068,
    "_psar": 442.3852,
    "_wr": -71.83591796,
    "_mom": 6.39,
    "_mom1": 12.39,
    "stock_diff": -17.06,
    "rsi_diff": -3.5
}
