{
    "open": 38.27,
    "low": 38.1105,
    "high": 38.73,
    "close": 38.63,
    "volume": 4538703,
    "change": 0.91431557,
    "_rsi": 56.81459332,
    "_rsi1": 53.94934673,
    "_stock_k": 31.92797541,
    "_stock_d": 24.08139365,
    "_stock_k1": 23.05665349,
    "_stock_d1": 18.4221835,
    "_macd_blue": 0.24365623,
    "_macd_orange": 0.16383385,
    "_cci20": 2.13888484,
    "_cci201": -15.24639061,
    "_ema10": 38.09984906,
    "_ema20": 38.04095958,
    "_ema30": 37.8583928,
    "_ema50": 37.49242188,
    "_ema100": 37.1274547,
    "_ema200": 37.04236833,
    "_psar": 39.37288924,
    "_wr": -59.02503294,
    "_mom": 1.09,
    "_mom1": 0.1,
    "stock_diff": 7.85,
    "rsi_diff": 2.87
}
