{
    "open": 77.4,
    "low": 76.52,
    "high": 77.4,
    "close": 76.52,
    "volume": 64417,
    "change": -1.51866152,
    "_rsi": 52.04795517,
    "_rsi1": 57.76797166,
    "_stock_k": 85.8208305,
    "_stock_d": 86.31365308,
    "_stock_k1": 90.96819993,
    "_stock_d1": 81.32627235,
    "_macd_blue": -0.50362445,
    "_macd_orange": -0.06411232,
    "_cci20": 94.90203766,
    "_cci201": 152.91119606,
    "_ema10": 76.08140491,
    "_ema20": 75.89549917,
    "_ema30": 76.16924822,
    "_ema50": 76.9139185,
    "_ema100": 77.83006891,
    "_ema200": 76.94301876,
    "_psar": 73.40421597,
    "_wr": -28.62669246,
    "_mom": 1.4,
    "_mom1": 4.07,
    "stock_diff": -0.49,
    "rsi_diff": -5.72
}
