{
    "open": 18.31,
    "low": 17.83,
    "high": 18.52,
    "close": 18.49,
    "volume": 31232391,
    "change": 1.03825137,
    "_rsi": 46.54450917,
    "_rsi1": 45.30327028,
    "_stock_k": 77.92936725,
    "_stock_d": 81.19486613,
    "_stock_k1": 80.20126666,
    "_stock_d1": 82.42047224,
    "_macd_blue": -0.61054254,
    "_macd_orange": -0.42423142,
    "_cci20": -3.3984546,
    "_cci201": 3.85571088,
    "_ema10": 18.55893386,
    "_ema20": 18.78730636,
    "_ema30": 19.12233657,
    "_ema50": 19.61806577,
    "_ema100": 20.4824336,
    "_ema200": 21.57049825,
    "_psar": 16.73785316,
    "_wr": -22.82608696,
    "_mom": 0.84,
    "_mom1": 1.03,
    "stock_diff": -3.27,
    "rsi_diff": 1.24
}
