{
    "open": 345.47,
    "low": 338.52,
    "high": 348.98,
    "close": 348.85,
    "volume": 207642,
    "change": 1.32740792,
    "_rsi": 56.39624226,
    "_rsi1": 54.84258262,
    "_stock_k": 82.01825013,
    "_stock_d": 86.05367701,
    "_stock_k1": 84.4007937,
    "_stock_d1": 90.11614633,
    "_macd_blue": -1.09229053,
    "_macd_orange": 4.19817765,
    "_cci20": 73.91987437,
    "_cci201": 89.36893845,
    "_ema10": 339.20595137,
    "_ema20": 333.16966037,
    "_ema30": 333.66277212,
    "_ema50": 343.03762819,
    "_ema100": 370.25645149,
    "_ema200": 389.24601485,
    "_psar": 299.66289709,
    "_wr": -19.55902391,
    "_mom": 39.18,
    "_mom1": 33.07,
    "stock_diff": -4.04,
    "rsi_diff": 1.55
}
