{
    "open": 86.81,
    "low": 84.9,
    "high": 87.33,
    "close": 85.73,
    "volume": 2295461,
    "change": -1.20995621,
    "_rsi": 36.24037861,
    "_rsi1": 38.82816992,
    "_stock_k": 25.47186909,
    "_stock_d": 28.67580821,
    "_stock_k1": 27.97979798,
    "_stock_d1": 31.58249158,
    "_macd_blue": -1.25168652,
    "_macd_orange": -1.71218074,
    "_cci20": -91.46039608,
    "_cci201": -89.0740731,
    "_ema10": 87.60173553,
    "_ema20": 89.16926306,
    "_ema30": 89.90438987,
    "_ema50": 89.95568925,
    "_ema100": 87.89025162,
    "_ema200": 83.70702401,
    "_psar": 89.21017892,
    "_wr": -77.22075638,
    "_mom": -4.91,
    "_mom1": -5.54,
    "stock_diff": -3.2,
    "rsi_diff": -2.59
}
