{
    "open": 58.97,
    "low": 58.77,
    "high": 59.54,
    "close": 59.14,
    "volume": 7939890,
    "change": 0.49277825,
    "_rsi": 40.40827892,
    "_rsi1": 38.05475127,
    "_stock_k": 42.21783481,
    "_stock_d": 45.74969837,
    "_stock_k1": 45.64001316,
    "_stock_d1": 46.42974663,
    "_macd_blue": -1.39953716,
    "_macd_orange": -1.09727636,
    "_cci20": -32.18082259,
    "_cci201": -25.37289253,
    "_ema10": 59.23233858,
    "_ema20": 59.85058479,
    "_ema30": 60.79074393,
    "_ema50": 62.54090061,
    "_ema100": 64.98656604,
    "_ema200": 66.41092837,
    "_psar": 60.32178,
    "_wr": -61.4017769,
    "_mom": 1.22,
    "_mom1": -0.15,
    "stock_diff": -3.53,
    "rsi_diff": 2.35
}
