{
    "open": 22.04,
    "low": 21.87,
    "high": 22.12,
    "close": 21.92,
    "volume": 1836703,
    "change": -1.43884892,
    "_rsi": 51.20904792,
    "_rsi1": 54.41767276,
    "_stock_k": 79.07665242,
    "_stock_d": 81.0298658,
    "_stock_k1": 80.84142395,
    "_stock_d1": 80.798274,
    "_macd_blue": -0.15557283,
    "_macd_orange": -0.02267409,
    "_cci20": 52.05952497,
    "_cci201": 89.91421129,
    "_ema10": 21.80097918,
    "_ema20": 21.75750072,
    "_ema30": 21.81802889,
    "_ema50": 21.94959089,
    "_ema100": 22.2777988,
    "_ema200": 22.42879293,
    "_psar": 20.32675725,
    "_wr": -23.93509128,
    "_mom": 0.79,
    "_mom1": 1.91,
    "stock_diff": -1.95,
    "rsi_diff": -3.21
}
