{
    "open": 104.17,
    "low": 103.82,
    "high": 107.52,
    "close": 107.5,
    "volume": 7834408,
    "change": 2.83145208,
    "_rsi": 70.74976725,
    "_rsi1": 66.91158757,
    "_stock_k": 95.0227077,
    "_stock_d": 89.69210253,
    "_stock_k1": 87.72333302,
    "_stock_d1": 82.9261908,
    "_macd_blue": 2.88411228,
    "_macd_orange": 3.47356996,
    "_cci20": 174.50818728,
    "_cci201": 153.04383749,
    "_ema10": 102.00970073,
    "_ema20": 99.24770612,
    "_ema30": 97.02388308,
    "_ema50": 93.12011325,
    "_ema100": 85.61671663,
    "_ema200": 75.84083114,
    "_psar": 94.02563322,
    "_wr": -0.13157895,
    "_mom": 9.09,
    "_mom1": 4.82,
    "stock_diff": 5.33,
    "rsi_diff": 3.84
}
