{
    "open": 295.37,
    "low": 292.73,
    "high": 301,
    "close": 300.43,
    "volume": 43389625,
    "change": 1.76478558,
    "_rsi": 55.16367079,
    "_rsi1": 51.91612604,
    "_stock_k": 80.53124057,
    "_stock_d": 65.32515008,
    "_stock_k1": 67.16973539,
    "_stock_d1": 49.77026528,
    "_macd_blue": -4.32142866,
    "_macd_orange": -2.32601809,
    "_cci20": 107.04850471,
    "_cci201": 57.54899442,
    "_ema10": 290.63514048,
    "_ema20": 291.356327,
    "_ema30": 293.83594008,
    "_ema50": 298.85396093,
    "_ema100": 303.34065769,
    "_ema200": 294.70112692,
    "_psar": 270.5122,
    "_wr": -8.14971325,
    "_mom": 10.57,
    "_mom1": -0.7,
    "stock_diff": 15.21,
    "rsi_diff": 3.25
}
