{
    "open": 175.69,
    "low": 175.22,
    "high": 177.7,
    "close": 176.92,
    "volume": 4809960,
    "change": 0.95868523,
    "_rsi": 62.39640731,
    "_rsi1": 59.41580666,
    "_stock_k": 81.70166919,
    "_stock_d": 80.09104517,
    "_stock_k1": 77.70995955,
    "_stock_d1": 81.20538604,
    "_macd_blue": 1.81170518,
    "_macd_orange": 2.27016114,
    "_cci20": 97.3400896,
    "_cci201": 76.45629744,
    "_ema10": 174.49001433,
    "_ema20": 172.51982531,
    "_ema30": 171.36931129,
    "_ema50": 170.1090067,
    "_ema100": 168.62562579,
    "_ema200": 166.70332427,
    "_psar": 173.81195872,
    "_wr": -7.95107034,
    "_mom": 7.57,
    "_mom1": 5.58,
    "stock_diff": 1.61,
    "rsi_diff": 2.98
}
