{
    "open": 163.38,
    "low": 158.79,
    "high": 164.3081,
    "close": 159.14,
    "volume": 3409911,
    "change": -3.41688414,
    "_rsi": 50.90995447,
    "_rsi1": 57.63393662,
    "_stock_k": 85.84144876,
    "_stock_d": 92.2765514,
    "_stock_k1": 95.83252529,
    "_stock_d1": 93.47383588,
    "_macd_blue": -1.43842174,
    "_macd_orange": 0.10513046,
    "_cci20": 65.05399009,
    "_cci201": 127.92184335,
    "_ema10": 158.77745578,
    "_ema20": 157.90406852,
    "_ema30": 158.60879278,
    "_ema50": 160.92554502,
    "_ema100": 164.73530172,
    "_ema200": 164.35393952,
    "_psar": 149.31387461,
    "_wr": -32.40740741,
    "_mom": 5.52,
    "_mom1": 16.25,
    "stock_diff": -6.44,
    "rsi_diff": -6.72
}
