{
    "open": 144.91,
    "low": 135.46,
    "high": 144.99,
    "close": 138.5,
    "volume": 3488032,
    "change": -4.15224913,
    "_rsi": 35.82392242,
    "_rsi1": 38.11229586,
    "_stock_k": 14.06194603,
    "_stock_d": 32.16912073,
    "_stock_k1": 33.82479419,
    "_stock_d1": 49.51799384,
    "_macd_blue": -7.35092206,
    "_macd_orange": -8.26685852,
    "_cci20": -146.60930487,
    "_cci201": -138.35691985,
    "_ema10": 154.58212097,
    "_ema20": 160.8786883,
    "_ema30": 166.4380785,
    "_ema50": 176.53390458,
    "_ema100": 195.05734377,
    "_ema200": 211.86233243,
    "_psar": 175.405,
    "_wr": -92.53529773,
    "_mom": -15.56,
    "_mom1": -21.22,
    "stock_diff": -18.11,
    "rsi_diff": -2.29
}
