{
    "open": 142.5,
    "low": 141.39,
    "high": 144.8,
    "close": 143.19,
    "volume": 2041633,
    "change": 0.38558609,
    "_rsi": 61.91813347,
    "_rsi1": 61.45819283,
    "_stock_k": 92.30820414,
    "_stock_d": 87.72333129,
    "_stock_k1": 93.10846768,
    "_stock_d1": 80.60445824,
    "_macd_blue": 1.54830535,
    "_macd_orange": 2.60076744,
    "_cci20": 153.60830358,
    "_cci201": 141.05612396,
    "_ema10": 136.38839458,
    "_ema20": 134.11904803,
    "_ema30": 132.5056781,
    "_ema50": 129.14910357,
    "_ema100": 120.86502763,
    "_ema200": 107.49089392,
    "_psar": 121.1706439,
    "_wr": -6.34695366,
    "_mom": 9.12,
    "_mom1": 12.59,
    "stock_diff": 4.58,
    "rsi_diff": 0.46
}
