{
    "open": 212.3,
    "low": 212.3,
    "high": 217.77,
    "close": 214.83,
    "volume": 4042502,
    "change": 1.43538411,
    "_rsi": 66.54583233,
    "_rsi1": 64.11395863,
    "_stock_k": 87.54524438,
    "_stock_d": 84.09551702,
    "_stock_k1": 85.48937061,
    "_stock_d1": 78.73307527,
    "_macd_blue": -1.97740802,
    "_macd_orange": 1.40679138,
    "_cci20": 150.11694986,
    "_cci201": 144.54703575,
    "_ema10": 203.50114407,
    "_ema20": 200.85898455,
    "_ema30": 201.24428031,
    "_ema50": 202.54981556,
    "_ema100": 204.26973469,
    "_ema200": 204.04852102,
    "_psar": 187.76709601,
    "_wr": -7.71653543,
    "stock_diff": 3.45,
    "rsi_diff": 2.43
}
