{
    "open": 118,
    "low": 114.78,
    "high": 119,
    "close": 116.3,
    "volume": 1381754,
    "change": -1.34034611,
    "_rsi": 53.17806234,
    "_rsi1": 55.37863808,
    "_stock_k": 89.62642242,
    "_stock_d": 84.58944898,
    "_stock_k1": 87.53636922,
    "_stock_d1": 77.59759951,
    "_macd_blue": -0.26038028,
    "_macd_orange": 0.44393338,
    "_cci20": 58.31125654,
    "_cci201": 45.92295872,
    "_ema10": 114.65474219,
    "_ema20": 114.04588025,
    "_ema30": 113.91648633,
    "_ema50": 113.42095178,
    "_ema100": 110.34167881,
    "_ema200": 102.68563026,
    "_psar": 100.64955156,
    "_wr": -12.86326822,
    "_mom": 7.75,
    "_mom1": 6.32,
    "stock_diff": 5.04,
    "rsi_diff": -2.2
}
