{
    "open": 3.7,
    "low": 3.7,
    "high": 3.7,
    "close": 3.7,
    "volume": 0,
    "change": 0,
    "_rsi": 54.31296805,
    "_rsi1": 54.31296805,
    "_stock_k": 27.14285714,
    "_stock_d": 34.07051282,
    "_stock_k1": 36.25,
    "_stock_d1": 38.81868132,
    "_macd_blue": 0.05716302,
    "_macd_orange": 0.052878,
    "_cci20": 22.36198463,
    "_cci201": 27.46933407,
    "_ema10": 3.70001836,
    "_ema20": 3.65875001,
    "_ema30": 3.63275183,
    "_ema50": 3.63157424,
    "_ema100": 3.68154413,
    "_ema200": 3.79909135,
    "_psar": 3.54271508,
    "_wr": -91.07142857,
    "_mom": -0.1,
    "_mom1": -0.32,
    "stock_diff": -6.93,
    "rsi_diff": 0.0
}
