{
    "open": 288.5,
    "low": 286.58,
    "high": 291.65,
    "close": 289.02,
    "volume": 2399405,
    "change": 0.46230317,
    "_rsi": 75.29061748,
    "_rsi1": 74.48855628,
    "_stock_k": 78.10059695,
    "_stock_d": 77.25444584,
    "_stock_k1": 75.4824388,
    "_stock_d1": 79.4923353,
    "_macd_blue": 8.8740574,
    "_macd_orange": 10.3699195,
    "_cci20": 99.96244892,
    "_cci201": 101.55338659,
    "_ema10": 281.96228595,
    "_ema20": 273.32084988,
    "_ema30": 267.77006411,
    "_ema50": 262.17052597,
    "_ema100": 255.99258693,
    "_ema200": 243.88323781,
    "_psar": 283.35,
    "_wr": -17.32564525,
    "_mom": 22.72,
    "_mom1": 21.67,
    "stock_diff": 0.85,
    "rsi_diff": 0.8
}
