{
    "open": 44.47,
    "low": 44.42,
    "high": 45.545,
    "close": 45.51,
    "volume": 5698584,
    "change": 2.33865527,
    "_rsi": 74.00939339,
    "_rsi1": 67.27210161,
    "_stock_k": 79.62004633,
    "_stock_d": 65.57262786,
    "_stock_k1": 63.28884235,
    "_stock_d1": 56.44491202,
    "_macd_blue": 0.5267786,
    "_macd_orange": 0.6124905,
    "_cci20": 260.1004132,
    "_cci201": 133.29941548,
    "_ema10": 44.01919874,
    "_ema20": 43.54394415,
    "_ema30": 43.13860508,
    "_ema50": 42.38358769,
    "_ema100": 40.71628465,
    "_ema200": 38.19852465,
    "_psar": 43.05,
    "_wr": -1.23469856,
    "_mom": 1.88,
    "_mom1": 0.87,
    "stock_diff": 14.05,
    "rsi_diff": 6.74
}
