{
    "open": 195,
    "low": 191.06,
    "high": 210.76,
    "close": 208.85,
    "volume": 8301081,
    "change": 5.56510311,
    "_rsi": 42.63172015,
    "_rsi1": 38.67827073,
    "_stock_k": 25.42669766,
    "_stock_d": 13.63312227,
    "_stock_k1": 12.66692815,
    "_stock_d1": 6.94221157,
    "_macd_blue": -23.70628206,
    "_macd_orange": -25.41025117,
    "_cci20": -46.68449074,
    "_cci201": -74.2204107,
    "_ema10": 201.13061837,
    "_ema20": 221.12190367,
    "_ema30": 236.36614445,
    "_ema50": 257.66777912,
    "_ema100": 281.68757684,
    "_ema200": 289.45735435,
    "_psar": 164.29,
    "_wr": -59.59643585,
    "_mom": -15.17,
    "_mom1": -66.85,
    "stock_diff": 11.79,
    "rsi_diff": 3.95
}
