{
    "open": 608,
    "low": 599.16,
    "high": 611.37,
    "close": 599.38,
    "volume": 1383886,
    "change": -1.95635816,
    "_rsi": 52.52990526,
    "_rsi1": 56.61134332,
    "_stock_k": 81.111984,
    "_stock_d": 85.35922891,
    "_stock_k1": 88.6643519,
    "_stock_d1": 89.61185974,
    "_macd_blue": 2.46498204,
    "_macd_orange": 5.054929,
    "_cci20": 97.93310311,
    "_cci201": 144.12835097,
    "_ema10": 598.23380574,
    "_ema20": 593.03578554,
    "_ema30": 591.23916802,
    "_ema50": 589.41760053,
    "_ema100": 577.39312989,
    "_ema200": 544.92132257,
    "_psar": 572.71990686,
    "_wr": -28.30226498,
    "_mom": 2.36,
    "_mom1": 35.39,
    "stock_diff": -4.25,
    "rsi_diff": -4.08
}
