{
    "open": 188.83,
    "low": 185.18,
    "high": 189.62,
    "close": 186.02,
    "volume": 3664595,
    "change": -2.77530967,
    "_rsi": 54.47744165,
    "_rsi1": 60.31578015,
    "_stock_k": 87.96102788,
    "_stock_d": 89.01623001,
    "_stock_k1": 91.69177216,
    "_stock_d1": 85.4825358,
    "_macd_blue": -0.48134168,
    "_macd_orange": 1.36532082,
    "_cci20": 59.90560786,
    "_cci201": 96.40796783,
    "_ema10": 183.55596358,
    "_ema20": 181.85763258,
    "_ema30": 181.27009348,
    "_ema50": 179.73138721,
    "_ema100": 176.11166236,
    "_ema200": 168.59288592,
    "_psar": 170.99711627,
    "_wr": -21.56355164,
    "_mom": 17.37,
    "_mom1": 31.28,
    "stock_diff": -1.06,
    "rsi_diff": -5.84
}
