{
    "open": 93.7,
    "low": 91.62,
    "high": 94.44,
    "close": 93.59,
    "volume": 3529285,
    "change": -0.71079992,
    "_rsi": 60.49765546,
    "_rsi1": 61.84624854,
    "_stock_k": 86.98875639,
    "_stock_d": 75.91102488,
    "_stock_k1": 79.87579044,
    "_stock_d1": 62.41624415,
    "_macd_blue": 1.18629355,
    "_macd_orange": 1.77829779,
    "_cci20": 139.53882479,
    "_cci201": 178.20187052,
    "_ema10": 89.89326752,
    "_ema20": 88.36155598,
    "_ema30": 87.28504567,
    "_ema50": 85.27604159,
    "_ema100": 81.49083917,
    "_ema200": 77.16226137,
    "_psar": 85.19975312,
    "_wr": -11.08773066,
    "_mom": 3.05,
    "_mom1": 10.25,
    "stock_diff": 11.08,
    "rsi_diff": -1.35
}
