{
    "open": 149.32,
    "low": 147.88,
    "high": 150.655,
    "close": 148.92,
    "volume": 973178,
    "change": 0.10082678,
    "_rsi": 55.17232328,
    "_rsi1": 54.95730958,
    "_stock_k": 88.0832913,
    "_stock_d": 88.77794701,
    "_stock_k1": 90.73297384,
    "_stock_d1": 89.87941505,
    "_macd_blue": -2.1231549,
    "_macd_orange": -0.26859758,
    "_cci20": 118.0510654,
    "_cci201": 104.23015229,
    "_ema10": 145.92175646,
    "_ema20": 144.92968896,
    "_ema30": 146.58136503,
    "_ema50": 152.79186567,
    "_ema100": 166.66129138,
    "_ema200": 176.08121186,
    "_psar": 138.69247893,
    "_wr": -9.86636338,
    "_mom": 12.59,
    "_mom1": 10.19,
    "stock_diff": -0.69,
    "rsi_diff": 0.22
}
