{
    "open": 106.72,
    "low": 105.43,
    "high": 107.08,
    "close": 105.7,
    "volume": 610221,
    "change": -1.76579926,
    "_rsi": 53.67949686,
    "_rsi1": 57.62604024,
    "_stock_k": 91.67979247,
    "_stock_d": 87.31311594,
    "_stock_k1": 90.24935727,
    "_stock_d1": 79.76774534,
    "_macd_blue": -1.19184263,
    "_macd_orange": -0.17290695,
    "_cci20": 58.06364277,
    "_cci201": 76.2987013,
    "_ema10": 103.83905096,
    "_ema20": 103.56516114,
    "_ema30": 103.88460847,
    "_ema50": 103.90423685,
    "_ema100": 102.0600956,
    "_ema200": 96.49131447,
    "_psar": 96.95673596,
    "_wr": -14.17729205,
    "_mom": 9.82,
    "_mom1": 14.64,
    "stock_diff": 4.37,
    "rsi_diff": -3.95
}
