{
    "open": 55.4,
    "low": 54.255,
    "high": 56,
    "close": 55.94,
    "volume": 2265815,
    "change": 3.36289727,
    "_rsi": 57.26396755,
    "_rsi1": 52.8274972,
    "_stock_k": 92.93732005,
    "_stock_d": 90.51079546,
    "_stock_k1": 88.03630363,
    "_stock_d1": 88.54760277,
    "_macd_blue": -0.53941815,
    "_macd_orange": 0.13801214,
    "_cci20": 80.93138032,
    "_cci201": 53.55779893,
    "_ema10": 53.65319481,
    "_ema20": 53.25108718,
    "_ema30": 53.37183822,
    "_ema50": 53.60266869,
    "_ema100": 54.25694986,
    "_ema200": 55.24613987,
    "_psar": 46.95654954,
    "_wr": -0.4784689,
    "_mom": 6.79,
    "_mom1": 5.49,
    "stock_diff": 2.43,
    "rsi_diff": 4.44
}
