{
    "open": 353.99,
    "low": 350.16,
    "high": 366.11,
    "close": 365.89,
    "volume": 1066880,
    "change": 4.9207123,
    "_rsi": 54.71978163,
    "_rsi1": 48.71008475,
    "_stock_k": 85.9137283,
    "_stock_d": 85.33699262,
    "_stock_k1": 80.18018018,
    "_stock_d1": 86.80938103,
    "_macd_blue": -7.13819245,
    "_macd_orange": -1.99911329,
    "_cci20": 107.86219168,
    "_cci201": 66.41668033,
    "_ema10": 351.7335406,
    "_ema20": 350.43742387,
    "_ema30": 354.44139238,
    "_ema50": 363.03331775,
    "_ema100": 369.63463693,
    "_ema200": 357.14148167,
    "_psar": 324.77953497,
    "_wr": -0.94863075,
    "_mom": 37.1,
    "_mom1": 9.17,
    "stock_diff": 0.58,
    "rsi_diff": 6.01
}
