{
    "open": 245.54,
    "low": 245.54,
    "high": 249.325,
    "close": 247.72,
    "volume": 1601839,
    "change": 1.13910097,
    "_rsi": 59.07452191,
    "_rsi1": 56.54297004,
    "_stock_k": 81.51626971,
    "_stock_d": 84.08524317,
    "_stock_k1": 81.81818182,
    "_stock_d1": 87.86472532,
    "_macd_blue": 2.14464876,
    "_macd_orange": 3.38195219,
    "_cci20": 86.54833508,
    "_cci201": 77.62964139,
    "_ema10": 244.02367779,
    "_ema20": 240.95199251,
    "_ema30": 239.16522406,
    "_ema50": 236.31850482,
    "_ema100": 230.18204833,
    "_ema200": 221.11282392,
    "_psar": 231.33475049,
    "_wr": -14.32405233,
    "_mom": 21.76,
    "_mom1": 16.97,
    "stock_diff": -2.57,
    "rsi_diff": 2.53
}
