{
    "open": 35.15,
    "low": 35.1,
    "high": 35.42,
    "close": 35.22,
    "volume": 3456,
    "change": 0.31330105,
    "_rsi": 47.73234832,
    "_rsi1": 47.06793356,
    "_stock_k": 75.73587908,
    "_stock_d": 78.8351569,
    "_stock_k1": 78.21366179,
    "_stock_d1": 78.38250422,
    "_macd_blue": -0.58075526,
    "_macd_orange": -0.36278853,
    "_cci20": 18.79930966,
    "_cci201": 23.74130669,
    "_ema10": 35.20084386,
    "_ema20": 35.36394406,
    "_ema30": 35.68205633,
    "_ema50": 36.14092673,
    "_ema100": 36.38304885,
    "_ema200": 35.41618438,
    "_psar": 33.92991969,
    "_wr": -30.54892601,
    "_mom": 1.21,
    "_mom1": 0.97,
    "stock_diff": -3.1,
    "rsi_diff": 0.66
}
