{
    "open": 47.22,
    "low": 47.14,
    "high": 48.07,
    "close": 47.96,
    "volume": 1994216,
    "change": 1.78268251,
    "_rsi": 59.71587247,
    "_rsi1": 56.70263892,
    "_stock_k": 81.0137457,
    "_stock_d": 79.69973786,
    "_stock_k1": 78.35051546,
    "_stock_d1": 82.20943589,
    "_macd_blue": 0.28213214,
    "_macd_orange": 0.63826094,
    "_cci20": 97.16707739,
    "_cci201": 75.63713706,
    "_ema10": 46.63125608,
    "_ema20": 45.97110174,
    "_ema30": 45.73262444,
    "_ema50": 45.64813561,
    "_ema100": 46.20715344,
    "_ema200": 46.9603124,
    "_psar": 44.37032603,
    "_wr": -7.4742268,
    "_mom": 4.66,
    "_mom1": 4.51,
    "stock_diff": 1.31,
    "rsi_diff": 3.01
}
