{
    "open": 192.635,
    "low": 186.67,
    "high": 193.56,
    "close": 189.43,
    "change": -2.96091389,
    "_rsi": 30.95926249,
    "_rsi1": 33.11524236,
    "_stock_k": 28.46725431,
    "_stock_d": 25.02117842,
    "_stock_k1": 28.81345415,
    "_stock_d1": 20.60888078,
    "_macd_blue": -21.58524475,
    "_macd_orange": -19.19249924,
    "_cci20": -136.88003881,
    "_cci201": -109.17751497,
    "_ema10": 198.11860449,
    "_ema20": 210.70956826,
    "_ema30": 225.02130547,
    "_ema50": 248.4873595,
    "_ema100": 280.84088636,
    "_ema200": 299.13771894,
    "_psar": 206.10733391,
    "_wrr": -87.72225674,
    "stock_diff": 3.45,
    "rsi_diff": -2.16
}
