{
    "open": 108.69,
    "low": 106.7,
    "high": 108.84,
    "close": 107.32,
    "volume": 559163,
    "change": -0.63882974,
    "_rsi": 46.00764296,
    "_rsi1": 47.173463,
    "_stock_k": 60.40790089,
    "_stock_d": 68.55314101,
    "_stock_k1": 70.24948792,
    "_stock_d1": 76.40309044,
    "_macd_blue": -1.16823971,
    "_macd_orange": -0.8288215,
    "_cci20": -18.02528603,
    "_cci201": -20.80312085,
    "_ema10": 108.45705206,
    "_ema20": 108.84437871,
    "_ema30": 109.6468212,
    "_ema50": 111.36078099,
    "_ema100": 115.05263874,
    "_ema200": 118.52790804,
    "_psar": 102.89328525,
    "_wr": -41.1115007,
    "_mom": 3.38,
    "_mom1": 1.19,
    "stock_diff": -8.15,
    "rsi_diff": -1.17
}
