{
    "open": 36.72,
    "low": 36.07,
    "high": 36.79,
    "close": 36.22,
    "volume": 12069257,
    "change": -2.05516495,
    "_rsi": 47.76116564,
    "_rsi1": 50.1661472,
    "_stock_k": 76.60524342,
    "_stock_d": 75.740158,
    "_stock_k1": 77.08714342,
    "_stock_d1": 73.42409153,
    "_macd_blue": -1.3094297,
    "_macd_orange": -0.85113941,
    "_cci20": 14.40079333,
    "_cci201": 20.16272603,
    "_ema10": 35.96058569,
    "_ema20": 36.40908125,
    "_ema30": 37.05705464,
    "_ema50": 37.8916549,
    "_ema100": 38.94216305,
    "_ema200": 39.92274077,
    "_psar": 32.19601061,
    "_wr": -20.85626911,
    "_mom": 3.46,
    "_mom1": 5.76,
    "stock_diff": 0.87,
    "rsi_diff": -2.4
}
