{
    "open": 150.88,
    "low": 150.43,
    "high": 152.2,
    "close": 151.92,
    "volume": 304776,
    "change": 0.90329437,
    "_rsi": 54.8096006,
    "_rsi1": 52.33198459,
    "_stock_k": 82.37049091,
    "_stock_d": 85.18217159,
    "_stock_k1": 82.4789802,
    "_stock_d1": 89.01410657,
    "_macd_blue": -0.50136553,
    "_macd_orange": 0.50985648,
    "_cci20": 94.96270134,
    "_cci201": 92.8983101,
    "_ema10": 150.3831771,
    "_ema20": 149.32777694,
    "_ema30": 149.85735609,
    "_ema50": 152.65695484,
    "_ema100": 158.38322964,
    "_ema200": 160.7179598,
    "_psar": 144.77845369,
    "_wr": -16.11065907,
    "_mom": 6.26,
    "_mom1": 3.49,
    "stock_diff": -2.81,
    "rsi_diff": 2.48
}
