{
    "open": 53.21,
    "low": 51.82,
    "high": 53.52,
    "close": 52.3,
    "volume": 3510672,
    "change": -1.17157974,
    "_rsi": 35.22335848,
    "_rsi1": 37.01699295,
    "_stock_k": 20.36888532,
    "_stock_d": 35.97968458,
    "_stock_k1": 35.87276129,
    "_stock_d1": 53.6220262,
    "_macd_blue": -1.27595781,
    "_macd_orange": -1.23297639,
    "_cci20": -123.90291264,
    "_cci201": -114.52006375,
    "_ema10": 54.3205001,
    "_ema20": 55.12545647,
    "_ema30": 56.11880825,
    "_ema50": 57.95131734,
    "_ema100": 60.12801937,
    "_ema200": 60.48655658,
    "_psar": 57.7211,
    "_wr": -88.61267041,
    "_mom": -1.43,
    "_mom1": -0.93,
    "stock_diff": -15.61,
    "rsi_diff": -1.79
}
