{
    "open": 43.72,
    "low": 43.03,
    "high": 44.01,
    "close": 43.09,
    "volume": 48538921,
    "change": -2.46717972,
    "_rsi": 49.27803856,
    "_rsi1": 54.51354649,
    "_stock_k": 85.41357093,
    "_stock_d": 85.88971967,
    "_stock_k1": 88.33297738,
    "_stock_d1": 82.88595662,
    "_macd_blue": -1.01224051,
    "_macd_orange": -0.56842773,
    "_cci20": 63.28997084,
    "_cci201": 93.7022392,
    "_ema10": 42.65797418,
    "_ema20": 42.87772002,
    "_ema30": 43.3908918,
    "_ema50": 44.09917585,
    "_ema100": 44.40895489,
    "_ema200": 42.95403644,
    "_psar": 40.13546731,
    "_wr": -23.83900929,
    "_mom": 2.05,
    "_mom1": 5.59,
    "stock_diff": -0.48,
    "rsi_diff": -5.24
}
