{
    "open": 97,
    "low": 96.07,
    "high": 97.82,
    "close": 97.13,
    "volume": 1387410,
    "change": 0.18566271,
    "_rsi": 60.90876803,
    "_rsi1": 60.53119778,
    "_stock_k": 85.19834221,
    "_stock_d": 81.95184527,
    "_stock_k1": 80.93546477,
    "_stock_d1": 82.35216933,
    "_macd_blue": 0.74878835,
    "_macd_orange": 1.32367426,
    "_cci20": 123.5937561,
    "_cci201": 122.05843487,
    "_ema10": 95.04269152,
    "_ema20": 93.78436252,
    "_ema30": 93.17020642,
    "_ema50": 92.56583715,
    "_ema100": 91.5755544,
    "_ema200": 88.81441546,
    "_psar": 89.76141016,
    "_wr": -10.03552398,
    "_mom": 8.09,
    "_mom1": 7.95,
    "stock_diff": 3.25,
    "rsi_diff": 0.38
}
