{
    "open": 16.57,
    "low": 16.22,
    "high": 16.69,
    "close": 16.33,
    "volume": 19099,
    "change": -1.80396873,
    "_rsi": 51.11860479,
    "_rsi1": 53.11180504,
    "_stock_k": 79.73484848,
    "_stock_d": 80.87121212,
    "_stock_k1": 84.375,
    "_stock_d1": 77.58838384,
    "_macd_blue": -0.3406369,
    "_macd_orange": -0.10065019,
    "_cci20": 70.78817075,
    "_cci201": 102.80652442,
    "_ema10": 16.09193269,
    "_ema20": 16.03434698,
    "_ema30": 16.23657091,
    "_ema50": 16.76213995,
    "_ema100": 17.56933081,
    "_ema200": 17.68249307,
    "_psar": 14.30152716,
    "_wr": -27.27272727,
    "_mom": 1.44,
    "_mom1": 2.22,
    "stock_diff": -1.14,
    "rsi_diff": -1.99
}
