{
    "open": 43.05,
    "low": 42.905,
    "high": 43.52,
    "close": 43.5,
    "volume": 6033884,
    "change": 1.46955913,
    "_rsi": 51.9197835,
    "_rsi1": 48.23809481,
    "_stock_k": 55.14511873,
    "_stock_d": 61.14070762,
    "_stock_k1": 57.25593668,
    "_stock_d1": 72.47471358,
    "_macd_blue": 0.00544173,
    "_macd_orange": 0.04019569,
    "_cci20": 15.80131689,
    "_cci201": -38.66510669,
    "_ema10": 43.24247215,
    "_ema20": 43.19924288,
    "_ema30": 43.17499625,
    "_ema50": 43.08565915,
    "_ema100": 42.92245683,
    "_ema200": 42.48504957,
    "_psar": 41.96200849,
    "_wr": -28.75989446,
    "_mom": 1.8,
    "_mom1": 1.13,
    "stock_diff": -6.0,
    "rsi_diff": 3.68
}
