{
    "open": 428.12,
    "low": 424.85,
    "high": 428.77,
    "close": 425.69,
    "change": 0.04935602,
    "_rsi": 42.86596928,
    "_rsi1": 42.70040144,
    "_stock_k": 48.25893767,
    "_stock_d": 37.81359216,
    "_stock_k1": 36.79265132,
    "_stock_d1": 32.39739111,
    "_macd_blue": -5.9832071,
    "_macd_orange": -6.1812384,
    "_cci20": -63.52529481,
    "_cci201": -92.97934129,
    "_ema10": 427.79734357,
    "_ema20": 432.40799306,
    "_ema30": 436.45633951,
    "_ema50": 442.18761342,
    "_ema100": 446.46509692,
    "_ema200": 438.43433728,
    "_psar": 416.1596,
    "_wrr": -50.60715458,
    "stock_diff": 10.45,
    "rsi_diff": 0.17
}
