{
    "open": 144.61,
    "low": 142.98,
    "high": 144.97,
    "close": 143.8,
    "volume": 6743815,
    "change": -0.29813492,
    "_rsi": 57.67771544,
    "_rsi1": 59.09283163,
    "_stock_k": 76.55079654,
    "_stock_d": 81.98158917,
    "_stock_k1": 82.49773876,
    "_stock_d1": 86.53753465,
    "_macd_blue": 1.34667006,
    "_macd_orange": 1.79537686,
    "_cci20": 66.46728309,
    "_cci201": 95.12777009,
    "_ema10": 143.49466487,
    "_ema20": 141.85796345,
    "_ema30": 141.07197196,
    "_ema50": 140.71297402,
    "_ema100": 141.15472721,
    "_ema200": 141.27985786,
    "_psar": 142.11104031,
    "_wr": -32.49534451,
    "_mom": 5.06,
    "_mom1": 2.56,
    "stock_diff": -5.43,
    "rsi_diff": -1.42
}
