{
    "open": 16.2,
    "low": 16.1,
    "high": 16.2,
    "close": 16.1,
    "volume": 200,
    "change": -2.66021765,
    "_rsi": 65.85426817,
    "_rsi1": 73.31095603,
    "_stock_k": 93.33820485,
    "_stock_d": 85.03430358,
    "_stock_k1": 95.89169001,
    "_stock_d1": 65.82633053,
    "_macd_blue": 0.1630212,
    "_macd_orange": 0.33350566,
    "_cci20": 215.85697629,
    "_cci201": 293.57853848,
    "_ema10": 15.26484246,
    "_ema20": 14.9352148,
    "_ema30": 14.7975105,
    "_ema50": 14.77596652,
    "_ema100": 15.19262336,
    "_ema200": 16.14926604,
    "_psar": 14.36408,
    "_wr": -19.56521739,
    "_mom": 1.1,
    "_mom1": 1.74,
    "stock_diff": 8.3,
    "rsi_diff": -7.46
}
