{
    "open": 55.2,
    "low": 54.72,
    "high": 55.78,
    "close": 55.76,
    "volume": 898505,
    "change": 1.75182482,
    "_rsi": 45.06066374,
    "_rsi1": 41.78055053,
    "_stock_k": 54.62065282,
    "_stock_d": 43.55941905,
    "_stock_k1": 41.33661023,
    "_stock_d1": 34.66830956,
    "_macd_blue": -2.80077916,
    "_macd_orange": -2.29643812,
    "_cci20": -12.92505477,
    "_cci201": -20.77280643,
    "_ema10": 54.67618891,
    "_ema20": 56.21734614,
    "_ema30": 57.7170265,
    "_ema50": 59.337193,
    "_ema100": 60.96909394,
    "_ema200": 63.73636832,
    "_psar": 50.43225184,
    "_wr": -26.97646349,
    "_mom": 4.43,
    "_mom1": 1.48,
    "stock_diff": 11.06,
    "rsi_diff": 3.28
}
