{
    "open": 75.93,
    "low": 75.93,
    "high": 77.11,
    "close": 77.11,
    "volume": 45229,
    "change": 1.23408166,
    "_rsi": 55.63004699,
    "_rsi1": 51.95173308,
    "_stock_k": 70.8586883,
    "_stock_d": 55.81765568,
    "_stock_k1": 55.88794035,
    "_stock_d1": 42.18696325,
    "_macd_blue": -0.83917427,
    "_macd_orange": -0.48659581,
    "_cci20": 125.13033077,
    "_cci201": 61.28119438,
    "_ema10": 75.31205753,
    "_ema20": 75.49846301,
    "_ema30": 75.97767083,
    "_ema50": 76.89810149,
    "_ema100": 77.87888307,
    "_ema200": 76.94000363,
    "_psar": 73.025228,
    "_wr": -13.18458418,
    "_mom": 1.73,
    "_mom1": 0.36,
    "stock_diff": 15.04,
    "rsi_diff": 3.68
}
