{
    "open": 65.01,
    "low": 64.39,
    "high": 65.67,
    "close": 64.76,
    "volume": 5473807,
    "change": -1.34064595,
    "_rsi": 49.19828355,
    "_rsi1": 52.43012884,
    "_stock_k": 81.18668596,
    "_stock_d": 87.86957269,
    "_stock_k1": 90.40443339,
    "_stock_d1": 90.91486759,
    "_macd_blue": -1.47452193,
    "_macd_orange": -0.71387601,
    "_cci20": 71.1745216,
    "_cci201": 113.91837643,
    "_ema10": 64.26663597,
    "_ema20": 64.36132222,
    "_ema30": 65.28191279,
    "_ema50": 67.29073747,
    "_ema100": 69.82712285,
    "_ema200": 69.00074169,
    "_psar": 61.41814148,
    "_wr": -28.50940666,
    "_mom": 1.95,
    "_mom1": 5.47,
    "stock_diff": -6.68,
    "rsi_diff": -3.23
}
