{
    "open": 195.76,
    "low": 192.14,
    "high": 195.77,
    "close": 193.56,
    "volume": 408331,
    "change": -1.11372228,
    "_rsi": 47.35905636,
    "_rsi1": 50.67709239,
    "_stock_k": 52.28888889,
    "_stock_d": 54.05537576,
    "_stock_k1": 54.2,
    "_stock_d1": 53.72047187,
    "_macd_blue": -0.78343042,
    "_macd_orange": -0.50939003,
    "_cci20": -9.55261001,
    "_cci201": 50.52785609,
    "_ema10": 194.61897457,
    "_ema20": 194.75224633,
    "_ema30": 195.43277877,
    "_ema50": 196.84281567,
    "_ema100": 195.82711642,
    "_ema200": 185.11126976,
    "_psar": 200.51763571,
    "_wr": -57.8,
    "_mom": -4.41,
    "_mom1": -0.85,
    "stock_diff": -1.77,
    "rsi_diff": -3.32
}
