{
    "open": 225.37,
    "low": 219.82,
    "high": 225.985,
    "close": 221.55,
    "volume": 1819800,
    "change": -1.99504556,
    "_rsi": 59.77507446,
    "_rsi1": 65.26458817,
    "_stock_k": 78.20136852,
    "_stock_d": 87.24270628,
    "_stock_k1": 88.77019551,
    "_stock_d1": 92.62606138,
    "_macd_blue": 2.89382275,
    "_macd_orange": 5.34112122,
    "_cci20": 102.64363537,
    "_cci201": 154.07981856,
    "_ema10": 218.76444927,
    "_ema20": 213.37025259,
    "_ema30": 211.48587238,
    "_ema50": 211.50238954,
    "_ema100": 213.90009097,
    "_ema200": 214.41178601,
    "_psar": 232.77,
    "_wr": -32.90322581,
    "_mom": 14.33,
    "_mom1": 26.8,
    "stock_diff": -9.04,
    "rsi_diff": -5.49
}
