{
    "open": 1969.38,
    "low": 1945.46,
    "high": 2014.41,
    "close": 2013.61,
    "volume": 161930,
    "change": 2.09554424,
    "_rsi": 63.33992192,
    "_rsi1": 58.5797312,
    "_stock_k": 91.73449552,
    "_stock_d": 85.8409815,
    "_stock_k1": 84.05393886,
    "_stock_d1": 83.24684441,
    "_macd_blue": 0.08064231,
    "_macd_orange": 15.83178496,
    "_cci20": 155.73162713,
    "_cci201": 126.03628813,
    "_ema10": 1947.03963699,
    "_ema20": 1926.89826866,
    "_ema30": 1924.58772779,
    "_ema50": 1925.56449171,
    "_ema100": 1892.87322594,
    "_ema200": 1778.56681699,
    "_psar": 1835.17678286,
    "_wr": -0.44994376,
    "_mom": 145.71,
    "_mom1": 87.72,
    "stock_diff": 5.89,
    "rsi_diff": 4.76
}
