{
    "open": 321.99,
    "low": 316.27,
    "high": 324.11,
    "close": 316.44,
    "volume": 846666,
    "change": -2.69971096,
    "_rsi": 54.73193227,
    "_rsi1": 59.31424723,
    "_stock_k": 88.42188793,
    "_stock_d": 87.65190542,
    "_stock_k1": 92.94465458,
    "_stock_d1": 82.02258949,
    "_macd_blue": -1.41120597,
    "_macd_orange": 1.7742175,
    "_cci20": 114.76930713,
    "_cci201": 140.43191466,
    "_ema10": 309.24448832,
    "_ema20": 306.24809915,
    "_ema30": 306.83129407,
    "_ema50": 310.68908507,
    "_ema100": 315.19502287,
    "_ema200": 306.1780743,
    "_psar": 280.75555552,
    "_wr": -19.13535769,
    "_mom": 8.65,
    "_mom1": 28.87,
    "stock_diff": 0.77,
    "rsi_diff": -4.58
}
