{
    "open": 573.64,
    "low": 562.4701,
    "high": 579.83,
    "close": 567.96,
    "volume": 1112945,
    "change": -3.51646112,
    "_rsi": 52.14675669,
    "_rsi1": 56.72377423,
    "_stock_k": 80.14121111,
    "_stock_d": 79.88738815,
    "_stock_k1": 83.40307107,
    "_stock_d1": 75.75403144,
    "_macd_blue": -5.2874866,
    "_macd_orange": 0.56484283,
    "_cci20": 53.56853642,
    "_cci201": 106.91353284,
    "_ema10": 559.6635845,
    "_ema20": 556.49853211,
    "_ema30": 558.61225926,
    "_ema50": 566.8877025,
    "_ema100": 583.15684088,
    "_ema200": 581.81874809,
    "_psar": 499.08539072,
    "_wr": -27.98083247,
    "_mom": 8.38,
    "_mom1": 70.46,
    "stock_diff": 0.25,
    "rsi_diff": -4.58
}
