{
    "open": 248.46,
    "low": 246.6,
    "high": 250.01,
    "close": 249.93,
    "volume": 1369775,
    "change": 0.92472945,
    "_rsi": 44.55238374,
    "_rsi1": 42.17080235,
    "_stock_k": 59.10795498,
    "_stock_d": 53.87700745,
    "_stock_k1": 50.73171377,
    "_stock_d1": 50.03506766,
    "_macd_blue": -9.49553813,
    "_macd_orange": -6.98314315,
    "_cci20": -0.6093787,
    "_cci201": -11.10818942,
    "_ema10": 247.61577961,
    "_ema20": 251.28483594,
    "_ema30": 257.50592676,
    "_ema50": 269.49152005,
    "_ema100": 284.94442904,
    "_ema200": 286.84553083,
    "_psar": 238.61500652,
    "_wr": -34.03494837,
    "_mom": 12.38,
    "_mom1": 5.93,
    "stock_diff": 5.23,
    "rsi_diff": 2.38
}
