{
    "open": 21.89,
    "low": 21.83,
    "high": 22.115,
    "close": 22.1,
    "volume": 3906247,
    "change": 1.23683005,
    "_rsi": 58.65964801,
    "_rsi1": 56.39000207,
    "_stock_k": 94.12415232,
    "_stock_d": 91.29438682,
    "_stock_k1": 91.07981221,
    "_stock_d1": 90.36751398,
    "_macd_blue": -0.25895986,
    "_macd_orange": 0.02727933,
    "_cci20": 120.57712199,
    "_cci201": 99.30552588,
    "_ema10": 21.36012189,
    "_ema20": 21.18772741,
    "_ema30": 21.31668388,
    "_ema50": 21.71932809,
    "_ema100": 22.56112376,
    "_ema200": 23.00424923,
    "_psar": 20.35824307,
    "_wr": -0.44444444,
    "_mom": 2.06,
    "_mom1": 1.77,
    "stock_diff": 2.83,
    "rsi_diff": 2.27
}
