{
    "open": 16,
    "low": 15.79,
    "high": 16.19,
    "close": 15.96,
    "change": 0.69400631,
    "_rsi": 56.44321859,
    "_rsi1": 55.34110207,
    "_stock_k": 66.97530864,
    "_stock_d": 75.3628442,
    "_stock_k1": 73.14814815,
    "_stock_d1": 77.26510067,
    "_macd_blue": 0.37360526,
    "_macd_orange": 0.37445032,
    "_cci20": 81.64636743,
    "_cci201": 66.71831471,
    "_ema10": 15.88110773,
    "_ema20": 15.62019797,
    "_ema30": 15.34132545,
    "_ema50": 14.77539807,
    "_ema100": 13.54129813,
    "_ema200": 11.78230418
}
