{
    "open": 568.98,
    "low": 550.75,
    "high": 580.5399,
    "close": 554.0513,
    "change": 0.1575075,
    "_rsi": 32.83629505,
    "_rsi1": 32.72059676,
    "_stock_k": 25.66915093,
    "_stock_d": 18.9775515,
    "_stock_k1": 18.95920024,
    "_stock_d1": 11.2531365,
    "_macd_blue": -99.9734832,
    "_macd_orange": -97.66174534,
    "_cci20": -97.04312796,
    "_cci201": -102.94083998,
    "_ema10": 597.55314573,
    "_ema20": 666.3317984,
    "_ema30": 736.33090198,
    "_ema50": 861.06970424,
    "_ema100": 1053.3551868,
    "_ema200": 1171.80932825,
    "_psar": 612.07498359,
    "_wrr": -78.57167146,
    "stock_diff": 6.69,
    "rsi_diff": 0.12
}
