{
    "open": 136.77,
    "low": 132.88,
    "high": 137.94,
    "close": 133.99,
    "volume": 1994708,
    "change": -3.02525874,
    "_rsi": 42.40487775,
    "_rsi1": 47.25920057,
    "_stock_k": 65.16272072,
    "_stock_d": 59.90251508,
    "_stock_k1": 62.1318441,
    "_stock_d1": 54.78726024,
    "_macd_blue": -4.06272082,
    "_macd_orange": -3.38286249,
    "_cci20": -27.48848224,
    "_cci201": 3.58360723,
    "_ema10": 135.81040966,
    "_ema20": 138.0590363,
    "_ema30": 140.35899575,
    "_ema50": 143.48918764,
    "_ema100": 147.5729039,
    "_ema200": 146.717885,
    "_psar": 128.0428916,
    "_wr": -38.41236015,
    "_mom": 2.08,
    "_mom1": 12.09,
    "stock_diff": 5.26,
    "rsi_diff": -4.85
}
