{
    "open": 184.19,
    "low": 184.04,
    "high": 187.78,
    "close": 187.75,
    "volume": 855572,
    "change": 1.91618717,
    "_rsi": 72.29276174,
    "_rsi1": 68.13869831,
    "_stock_k": 93.82795699,
    "_stock_d": 90.96927923,
    "_stock_k1": 90.36393714,
    "_stock_d1": 90.52517077,
    "_macd_blue": 3.05614823,
    "_macd_orange": 3.97078675,
    "_cci20": 140.66656979,
    "_cci201": 114.30513528,
    "_ema10": 181.54994804,
    "_ema20": 178.20130373,
    "_ema30": 175.91320456,
    "_ema50": 172.48329374,
    "_ema100": 167.16044251,
    "_ema200": 160.87824419,
    "_psar": 179.6316819,
    "_wr": -0.15384615,
    "_mom": 14.02,
    "_mom1": 12.33,
    "stock_diff": 2.86,
    "rsi_diff": 4.15
}
