{
    "open": 208,
    "low": 206.4798,
    "high": 214.68,
    "close": 214.15,
    "volume": 753062,
    "change": 2.85288891,
    "_rsi": 60.31749125,
    "_rsi1": 57.12473605,
    "_stock_k": 95.74985381,
    "_stock_d": 95.33653633,
    "_stock_k1": 94.02255112,
    "_stock_d1": 94.10500731,
    "_macd_blue": -4.73524015,
    "_macd_orange": -0.16235883,
    "_cci20": 190.09278932,
    "_cci201": 191.98531482,
    "_ema10": 199.64728259,
    "_ema20": 197.41058095,
    "_ema30": 199.75300105,
    "_ema50": 206.33634682,
    "_ema100": 215.23107568,
    "_ema200": 209.79476329,
    "_psar": 182.47580994,
    "_wr": -1.18647862,
    "_mom": 25.78,
    "_mom1": 21.08,
    "stock_diff": 0.41,
    "rsi_diff": 3.19
}
