{
    "open": 102.47,
    "low": 101.6,
    "high": 103.12,
    "close": 102.85,
    "volume": 1561571,
    "change": 0.29254022,
    "_rsi": 68.3196733,
    "_rsi1": 67.69164848,
    "_stock_k": 85.92397681,
    "_stock_d": 84.94542508,
    "_stock_k1": 85.7089024,
    "_stock_d1": 83.05815428,
    "_macd_blue": 2.13749832,
    "_macd_orange": 2.56979213,
    "_cci20": 87.49448952,
    "_cci201": 88.65798423,
    "_ema10": 100.78992181,
    "_ema20": 98.62535729,
    "_ema30": 97.25478664,
    "_ema50": 95.77300138,
    "_ema100": 94.19790007,
    "_ema200": 92.52752918,
    "_psar": 96.34616646,
    "_wr": -17.25601132,
    "_mom": 3.39,
    "_mom1": 3.72,
    "stock_diff": 0.98,
    "rsi_diff": 0.63
}
