{
    "open": 116.06,
    "low": 114.21,
    "high": 117.9,
    "close": 117.88,
    "volume": 1852135,
    "change": 2.26424915,
    "_rsi": 55.37863808,
    "_rsi1": 52.35433031,
    "_stock_k": 87.53636922,
    "_stock_d": 77.59759951,
    "_stock_k1": 76.60555531,
    "_stock_d1": 67.55819961,
    "_macd_blue": -0.43645869,
    "_macd_orange": 0.28687991,
    "_cci20": 45.92295872,
    "_cci201": 29.9562492,
    "_ema10": 114.28912935,
    "_ema20": 113.80860449,
    "_ema30": 113.75210607,
    "_ema50": 113.3034396,
    "_ema100": 110.22130869,
    "_ema200": 102.54880242,
    "_psar": 99.90828288,
    "_wr": -2.74106706,
    "_mom": 6.32,
    "_mom1": 5.37,
    "stock_diff": 9.94,
    "rsi_diff": 3.02
}
