{
    "open": 150.89,
    "low": 150.1601,
    "high": 151.56,
    "close": 151.08,
    "volume": 4203133,
    "change": 0.17239093,
    "_rsi": 47.37451267,
    "_rsi1": 46.76530975,
    "_stock_k": 67.43202325,
    "_stock_d": 64.32004429,
    "_stock_k1": 64.05759778,
    "_stock_d1": 60.31826293,
    "_macd_blue": -2.13915688,
    "_macd_orange": -1.56638112,
    "_cci20": 1.55432847,
    "_cci201": 12.9244345,
    "_ema10": 150.43157596,
    "_ema20": 151.34293479,
    "_ema30": 152.50691544,
    "_ema50": 153.72027528,
    "_ema100": 152.89760228,
    "_ema200": 148.7191793,
    "_psar": 145.53876923,
    "_wr": -29.93907746,
    "_mom": 6.14,
    "_mom1": 2.05,
    "stock_diff": 3.11,
    "rsi_diff": 0.61
}
