{
    "open": 55.74,
    "low": 55.67,
    "high": 56.6,
    "close": 56.56,
    "volume": 1658364,
    "change": 1.43472023,
    "_rsi": 50.82578523,
    "_rsi1": 45.90414687,
    "_stock_k": 17.43119266,
    "_stock_d": 28.56524796,
    "_stock_k1": 23.6907177,
    "_stock_d1": 43.45892082,
    "_macd_blue": 0.16153653,
    "_macd_orange": 0.12123507,
    "_cci20": -25.34341812,
    "_cci201": -38.04981744,
    "_ema10": 56.55820926,
    "_ema20": 56.45923173,
    "_ema30": 56.42453665,
    "_ema50": 56.47205225,
    "_ema100": 56.12338497,
    "_ema200": 54.03442781,
    "_psar": 58.40199508,
    "_wr": -71.25382263,
    "_mom": -0.74,
    "_mom1": -1.51,
    "stock_diff": -11.13,
    "rsi_diff": 4.92
}
