{
    "open": 64.65,
    "low": 64.495,
    "high": 65.5314,
    "close": 65.5,
    "volume": 1052731,
    "change": 1.37749574,
    "_rsi": 67.02921495,
    "_rsi1": 63.78592279,
    "_stock_k": 91.59684864,
    "_stock_d": 90.63459897,
    "_stock_k1": 89.42001275,
    "_stock_d1": 91.13356781,
    "_macd_blue": 0.77649114,
    "_macd_orange": 1.09884784,
    "_cci20": 141.15334716,
    "_cci201": 128.43288594,
    "_ema10": 63.75841568,
    "_ema20": 62.79460115,
    "_ema30": 62.19618575,
    "_ema50": 61.30850059,
    "_ema100": 59.71873785,
    "_ema200": 57.2669734,
    "_psar": 62.70725659,
    "_wr": -0.5440621,
    "_mom": 4.62,
    "_mom1": 3.71,
    "stock_diff": 0.96,
    "rsi_diff": 3.24
}
