{
    "open": 244.53,
    "low": 243.47,
    "high": 246.23,
    "close": 246.03,
    "volume": 173851,
    "change": 0.96023637,
    "_rsi": 60.95532067,
    "_rsi1": 58.92868934,
    "_stock_k": 91.59292014,
    "_stock_d": 90.1143449,
    "_stock_k1": 89.65807343,
    "_stock_d1": 91.17652802,
    "_macd_blue": 0.64722746,
    "_macd_orange": 2.37895512,
    "_cci20": 151.54600141,
    "_cci201": 131.7731587,
    "_ema10": 239.64778622,
    "_ema20": 237.07324401,
    "_ema30": 236.1766472,
    "_ema50": 235.54330595,
    "_ema100": 237.63240434,
    "_ema200": 244.28953352,
    "_psar": 228.24137327,
    "_wr": -0.70348224,
    "_mom": 16.49,
    "_mom1": 12.84,
    "stock_diff": 1.48,
    "rsi_diff": 2.03
}
