{
    "open": 150.08,
    "low": 149.27,
    "high": 152.06,
    "close": 151.96,
    "volume": 9259422,
    "change": 0.70912585,
    "_rsi": 50.69308767,
    "_rsi1": 49.3610538,
    "_stock_k": 59.51564999,
    "_stock_d": 37.92314125,
    "_stock_k1": 35.36668951,
    "_stock_d1": 24.53469538,
    "_macd_blue": -3.20024391,
    "_macd_orange": -2.64144904,
    "_cci20": 35.33222889,
    "_cci201": -13.73276451,
    "_ema10": 148.36150662,
    "_ema20": 150.05292239,
    "_ema30": 152.00440547,
    "_ema50": 155.02225693,
    "_ema100": 157.5150962,
    "_ema200": 154.20087273,
    "_psar": 152.91848463,
    "_wr": -24.74297464,
    "_mom": -0.46,
    "_mom1": -3.37,
    "stock_diff": 21.59,
    "rsi_diff": 1.33
}
