{
    "open": 345.81,
    "low": 334.29,
    "high": 345.81,
    "close": 341.72,
    "volume": 484875,
    "change": -0.38769859,
    "_rsi": 54.25170495,
    "_rsi1": 55.04196341,
    "_stock_k": 79.13771966,
    "_stock_d": 84.53815941,
    "_stock_k1": 84.91349952,
    "_stock_d1": 90.58484109,
    "_macd_blue": -2.18763055,
    "_macd_orange": 1.68051004,
    "_cci20": 82.46206251,
    "_cci201": 85.33818806,
    "_ema10": 337.22627148,
    "_ema20": 333.71673857,
    "_ema30": 335.08906774,
    "_ema50": 341.92525291,
    "_ema100": 360.71428932,
    "_ema200": 380.57405571,
    "_psar": 321.39237503,
    "_wr": -20.45361667,
    "_mom": 37.85,
    "_mom1": 27.01,
    "stock_diff": -5.4,
    "rsi_diff": -0.79
}
