{
    "open": 76.9,
    "low": 76.9,
    "high": 78,
    "close": 77.7,
    "volume": 21953,
    "change": 1.02717462,
    "_rsi": 57.76797166,
    "_rsi1": 54.67105421,
    "_stock_k": 90.96819993,
    "_stock_d": 81.32627235,
    "_stock_k1": 82.15192881,
    "_stock_d1": 69.63285248,
    "_macd_blue": -0.61350248,
    "_macd_orange": -0.12511428,
    "_cci20": 152.91119606,
    "_cci201": 128.90718756,
    "_ema10": 75.98393934,
    "_ema20": 75.82976224,
    "_ema30": 76.14505845,
    "_ema50": 76.9299968,
    "_ema100": 77.85653495,
    "_ema200": 76.94727021,
    "_psar": 73.21272497,
    "_wr": -5.80270793,
    "_mom": 4.07,
    "_mom1": 3.38,
    "stock_diff": 9.64,
    "rsi_diff": 3.1
}
