{
    "open": 17.05,
    "low": 16.96,
    "high": 17.2,
    "close": 16.97,
    "volume": 7361411,
    "change": -0.93403386,
    "_rsi": 54.84501232,
    "_rsi1": 57.51927224,
    "_stock_k": 82.24299065,
    "_stock_d": 84.42222999,
    "_stock_k1": 87.38656667,
    "_stock_d1": 84.42304338,
    "_macd_blue": 0.01672634,
    "_macd_orange": 0.10207232,
    "_cci20": 113.491563,
    "_cci201": 140.14295489,
    "_ema10": 16.80429295,
    "_ema20": 16.69263622,
    "_ema30": 16.64643574,
    "_ema50": 16.51847491,
    "_ema100": 16.13302301,
    "_ema200": 15.50176911,
    "_psar": 15.8072337,
    "_wr": -22.74143302,
    "_mom": 0.6,
    "_mom1": 1.04,
    "stock_diff": -2.18,
    "rsi_diff": -2.67
}
