{
    "open": 350.44,
    "low": 341.75,
    "high": 356.88,
    "close": 346.61,
    "volume": 303429,
    "change": -1.65697262,
    "_rsi": 41.82331066,
    "_rsi1": 45.53402921,
    "_stock_k": 32.5598601,
    "_stock_d": 34.38771523,
    "_stock_k1": 35.5995746,
    "_stock_d1": 35.8625683,
    "_macd_blue": -4.98417847,
    "_macd_orange": -5.15206727,
    "_cci20": -59.56111706,
    "_cci201": -54.72170321,
    "_ema10": 351.22344502,
    "_ema20": 355.19632373,
    "_ema30": 358.38347685,
    "_ema50": 363.85420302,
    "_ema100": 378.25443181,
    "_ema200": 404.93153874,
    "_psar": 339.64569857,
    "_wr": -72.76029056,
    "_mom": -1.83,
    "_mom1": 11.49,
    "stock_diff": -1.83,
    "rsi_diff": -3.71
}
