{
    "open": 118.37,
    "low": 116.22,
    "high": 118.53,
    "close": 117.44,
    "volume": 508167,
    "change": -0.11906787,
    "_rsi": 50.49560153,
    "_rsi1": 50.68226533,
    "_stock_k": 76.47277562,
    "_stock_d": 70.12404746,
    "_stock_k1": 69.94873806,
    "_stock_d1": 65.32803769,
    "_macd_blue": -1.35967437,
    "_macd_orange": -0.69262688,
    "_cci20": 14.99619509,
    "_cci201": 5.07173674,
    "_ema10": 116.41833045,
    "_ema20": 116.70505886,
    "_ema30": 117.21993942,
    "_ema50": 117.72603677,
    "_ema100": 118.10445517,
    "_ema200": 116.91140566,
    "_psar": 108.20291714,
    "_wr": -21.20509849,
    "_mom": 9.9,
    "_mom1": 8.46,
    "stock_diff": 6.35,
    "rsi_diff": -0.19
}
