{
    "open": 175.83,
    "low": 173.91,
    "high": 176.37,
    "close": 175,
    "volume": 8441293,
    "change": -0.47204686,
    "_rsi": 59.41053407,
    "_rsi1": 61.4748184,
    "_stock_k": 85.04469183,
    "_stock_d": 88.80508999,
    "_stock_k1": 91.34358264,
    "_stock_d1": 91.907592,
    "_macd_blue": 1.43927129,
    "_macd_orange": 2.2078626,
    "_cci20": 92.99444178,
    "_cci201": 111.17985627,
    "_ema10": 173.51298913,
    "_ema20": 171.44593413,
    "_ema30": 170.44165454,
    "_ema50": 169.41717998,
    "_ema100": 168.19945897,
    "_ema200": 166.4351613,
    "_psar": 171.08775556,
    "_wr": -19.92619926,
    "_mom": 6.28,
    "_mom1": 3.62,
    "stock_diff": -3.76,
    "rsi_diff": -2.06
}
