{
    "open": 111.93,
    "low": 111.2823,
    "high": 112.64,
    "close": 111.39,
    "volume": 1795236,
    "change": -0.71307603,
    "_rsi": 54.59802077,
    "_rsi1": 58.40640608,
    "_stock_k": 90.65880264,
    "_stock_d": 90.53102488,
    "_stock_k1": 94.43256794,
    "_stock_d1": 84.25976008,
    "_macd_blue": -0.31369814,
    "_macd_orange": 0.08655072,
    "_cci20": 156.73600453,
    "_cci201": 183.92089423,
    "_ema10": 110.53718365,
    "_ema20": 110.28640328,
    "_ema30": 110.37505989,
    "_ema50": 110.48346516,
    "_ema100": 109.94094823,
    "_ema200": 107.52150279,
    "_psar": 107.86149435,
    "_wr": -25.91049479,
    "_mom": 2.6,
    "_mom1": 1.53,
    "stock_diff": 0.13,
    "rsi_diff": -3.81
}
