{
    "open": 24.02,
    "low": 23.841,
    "high": 24.13,
    "close": 24.09,
    "volume": 3423977,
    "change": 0.29142381,
    "_rsi": 52.68148515,
    "_rsi1": 51.90392178,
    "_stock_k": 71.91142191,
    "_stock_d": 75.47681957,
    "_stock_k1": 73.78783235,
    "_stock_d1": 76.49498104,
    "_macd_blue": -0.0090699,
    "_macd_orange": 0.05900944,
    "_cci20": 67.79589445,
    "_cci201": 106.86704788,
    "_ema10": 23.96082758,
    "_ema20": 23.88196196,
    "_ema30": 23.87422748,
    "_ema50": 23.85288369,
    "_ema100": 23.55516241,
    "_ema200": 22.49309578,
    "_psar": 23.24414538,
    "_wr": -33.91608392,
    "_mom": 0.24,
    "_mom1": 0.09,
    "stock_diff": -3.57,
    "rsi_diff": 0.78
}
