{
    "open": 213.32,
    "low": 209.41,
    "high": 214.1163,
    "close": 210.97,
    "volume": 685944,
    "change": -0.95770152,
    "_rsi": 52.46919902,
    "_rsi1": 55.22805167,
    "_stock_k": 77.09284117,
    "_stock_d": 71.30752892,
    "_stock_k1": 72.45923027,
    "_stock_d1": 66.61013264,
    "_macd_blue": -3.14783734,
    "_macd_orange": -1.20213566,
    "_cci20": 83.17471762,
    "_cci201": 102.24022377,
    "_ema10": 208.04338452,
    "_ema20": 207.85780796,
    "_ema30": 209.77785874,
    "_ema50": 215.39530919,
    "_ema100": 231.47735587,
    "_ema200": 252.57467135,
    "_psar": 195.05239712,
    "_wr": -14.67059586,
    "_mom": 13.3,
    "_mom1": 14.37,
    "stock_diff": 5.79,
    "rsi_diff": -2.76
}
