{
    "open": 242.64,
    "low": 237.41,
    "high": 243.5,
    "close": 240.33,
    "volume": 496810,
    "change": -0.43087376,
    "_rsi": 46.53949039,
    "_rsi1": 47.19016515,
    "_stock_k": 27.42210199,
    "_stock_d": 40.8032349,
    "_stock_k1": 40.35958692,
    "_stock_d1": 59.30501373,
    "_macd_blue": 2.02718293,
    "_macd_orange": 0.88328378,
    "_cci20": -75.45035525,
    "_cci201": -84.16004806,
    "_ema10": 245.96531827,
    "_ema20": 245.70720884,
    "_ema30": 245.02451769,
    "_ema50": 245.19282936,
    "_ema100": 247.74141657,
    "_ema200": 244.9215111,
    "_psar": 261.062508,
    "_wr": -66.27592426,
    "_mom": 2.26,
    "_mom1": -1.25,
    "stock_diff": -13.38,
    "rsi_diff": -0.65
}
