{
    "open": 88.78,
    "low": 88.25,
    "high": 89.59,
    "close": 89.13,
    "volume": 1530003,
    "change": 0.62090765,
    "_rsi": 57.57864239,
    "_rsi1": 55.4664244,
    "_stock_k": 79.42050127,
    "_stock_d": 77.67436616,
    "_stock_k1": 74.63481041,
    "_stock_d1": 74.72931494,
    "_macd_blue": 0.48290498,
    "_macd_orange": 0.66041894,
    "_cci20": 83.76645877,
    "_cci201": 85.32605471,
    "_ema10": 88.33178449,
    "_ema20": 87.73461134,
    "_ema30": 87.42480598,
    "_ema50": 87.10653685,
    "_ema100": 86.51875375,
    "_ema200": 85.24621478,
    "_psar": 87.67758,
    "_wr": -19.88950276,
    "_mom": 2.39,
    "_mom1": 0.83,
    "stock_diff": 1.75,
    "rsi_diff": 2.11
}
