{
    "open": 21.19,
    "low": 21.19,
    "high": 21.71,
    "close": 21.63,
    "volume": 3460612,
    "change": 2.17288616,
    "_rsi": 58.68952531,
    "_rsi1": 54.6796398,
    "_stock_k": 70.40229885,
    "_stock_d": 73.20077706,
    "_stock_k1": 71.55172414,
    "_stock_d1": 78.3428654,
    "_macd_blue": 0.22288345,
    "_macd_orange": 0.29030201,
    "_cci20": 121.49112363,
    "_cci201": 82.30163608,
    "_ema10": 21.15932769,
    "_ema20": 20.9207187,
    "_ema30": 20.73586874,
    "_ema50": 20.36227423,
    "_ema100": 19.56387583,
    "_ema200": 18.4877488,
    "_psar": 20.23668754,
    "_wr": -15.0862069,
    "_mom": 1.32,
    "_mom1": 0.7,
    "stock_diff": -2.8,
    "rsi_diff": 4.01
}
