{
    "open": 41.29,
    "low": 41.19,
    "high": 41.695,
    "close": 41.59,
    "volume": 575314,
    "change": 0.33775633,
    "_rsi": 56.81631687,
    "_rsi1": 55.49809907,
    "_stock_k": 94.20946312,
    "_stock_d": 82.06461609,
    "_stock_k1": 83.17610063,
    "_stock_d1": 68.54713367,
    "_macd_blue": -0.13974803,
    "_macd_orange": -0.02457639,
    "_cci20": 107.60719225,
    "_cci201": 78.77629063,
    "_ema10": 40.99242635,
    "_ema20": 40.97988631,
    "_ema30": 40.98456599,
    "_ema50": 40.7867931,
    "_ema100": 39.93204719,
    "_ema200": 38.10761416,
    "_psar": 39.79787102,
    "_wr": -4.63576159,
    "_mom": 0.965,
    "_mom1": 0.61,
    "stock_diff": 12.14,
    "rsi_diff": 1.32
}
