{
    "open": 78.18,
    "low": 77.07,
    "high": 79.15,
    "close": 78.98,
    "volume": 34041894,
    "change": 2.66476017,
    "_rsi": 48.40253835,
    "_rsi1": 43.65833473,
    "_stock_k": 13.72944377,
    "_stock_d": 26.06972692,
    "_stock_k1": 22.64854959,
    "_stock_d1": 40.61262256,
    "_macd_blue": 1.78529806,
    "_macd_orange": 0.96154467,
    "_cci20": -43.97283902,
    "_cci201": -69.36585223,
    "_ema10": 80.69834155,
    "_ema20": 80.41613119,
    "_ema30": 79.3457621,
    "_ema50": 76.82856642,
    "_ema100": 71.91337339,
    "_ema200": 66.20039673,
    "_psar": 89.82200576,
    "_wr": -81.83600131,
    "_mom": -2.06,
    "_mom1": -3.6,
    "stock_diff": -12.34,
    "rsi_diff": 4.74
}
