{
    "open": 44.52,
    "low": 43.47,
    "high": 44.89,
    "close": 43.8,
    "volume": 2366691,
    "change": -1.72761947,
    "_rsi": 37.80705678,
    "_rsi1": 39.85321309,
    "_stock_k": 12.27722066,
    "_stock_d": 22.38496314,
    "_stock_k1": 23.11430088,
    "_stock_d1": 34.71559324,
    "_macd_blue": -1.0174056,
    "_macd_orange": -1.17461472,
    "_cci20": -144.66241218,
    "_cci201": -150.26731626,
    "_ema10": 45.73765099,
    "_ema20": 46.64348765,
    "_ema30": 47.41828451,
    "_ema50": 48.6012927,
    "_ema100": 49.97264842,
    "_ema200": 50.38037439,
    "_psar": 48.12824447,
    "_wr": -93.69024857,
    "_mom": -2.59,
    "_mom1": -2.58,
    "stock_diff": -10.11,
    "rsi_diff": -2.05
}
