{
    "open": 118.2,
    "low": 117.8,
    "high": 119.77,
    "close": 119.58,
    "volume": 331063,
    "change": 1.64909895,
    "_rsi": 51.69085802,
    "_rsi1": 45.65022692,
    "_stock_k": 46.53916211,
    "_stock_d": 43.23011536,
    "_stock_k1": 42.16757741,
    "_stock_d1": 41.89435337,
    "_macd_blue": -1.24907178,
    "_macd_orange": -0.86279069,
    "_cci20": 66.07382817,
    "_cci201": -49.36537457,
    "_ema10": 118.0625399,
    "_ema20": 118.45216809,
    "_ema30": 119.30967484,
    "_ema50": 121.01006648,
    "_ema100": 122.56264121,
    "_ema200": 120.15283864,
    "_psar": 121.0346789,
    "_wr": -33.06010929,
    "_mom": 1.14,
    "_mom1": -1.93,
    "stock_diff": 3.31,
    "rsi_diff": 6.04
}
