{
    "open": 94.44,
    "low": 93.411,
    "high": 94.91,
    "close": 94.02,
    "volume": 5750684,
    "change": -0.10624734,
    "_rsi": 50.07848736,
    "_rsi1": 50.3701654,
    "_stock_k": 78.96787885,
    "_stock_d": 81.86513726,
    "_stock_k1": 81.80987203,
    "_stock_d1": 85.89975001,
    "_macd_blue": -0.52100472,
    "_macd_orange": -0.13380144,
    "_cci20": 46.55429383,
    "_cci201": 40.86348134,
    "_ema10": 93.9169346,
    "_ema20": 93.79450211,
    "_ema30": 94.10430487,
    "_ema50": 94.92152926,
    "_ema100": 96.76045606,
    "_ema200": 97.45904117,
    "_psar": 90.25180125,
    "_wr": -20.68320075,
    "_mom": 1.74,
    "_mom1": 2.79,
    "stock_diff": -2.9,
    "rsi_diff": -0.29
}
