{
    "open": 62.35,
    "low": 61.82,
    "high": 62.89,
    "close": 61.85,
    "volume": 3071255,
    "change": -1.32418634,
    "_rsi": 56.92746019,
    "_rsi1": 60.05994388,
    "_stock_k": 87.60979735,
    "_stock_d": 90.22046119,
    "_stock_k1": 92.39004678,
    "_stock_d1": 87.27043139,
    "_macd_blue": -0.01484024,
    "_macd_orange": 0.48815289,
    "_cci20": 102.94449872,
    "_cci201": 132.6205595,
    "_ema10": 60.50984678,
    "_ema20": 59.94025678,
    "_ema30": 59.75214492,
    "_ema50": 59.38928001,
    "_ema100": 58.23168007,
    "_ema200": 55.34776864,
    "_psar": 56.70416065,
    "_wr": -21.07574094,
    "_mom": 3.57,
    "_mom1": 7.22,
    "stock_diff": -2.61,
    "rsi_diff": -3.13
}
