{
    "open": 88.29,
    "low": 86.29,
    "high": 89.95,
    "close": 89.58,
    "change": 2.80009181,
    "_rsi": 57.79543823,
    "_rsi1": 53.75215997,
    "_stock_k": 72.75764585,
    "_stock_d": 63.99547268,
    "_stock_k1": 60.33620762,
    "_stock_d1": 53.61711035,
    "_macd_blue": 0.86334986,
    "_macd_orange": 0.67910594,
    "_cci20": 57.51771125,
    "_cci201": 41.99381155,
    "_ema10": 86.64122896,
    "_ema20": 86.0387129,
    "_ema30": 85.28954061,
    "_ema50": 83.48995085,
    "_ema100": 80.02521953,
    "_ema200": 76.10120393
}
