{
    "open": 194.17,
    "low": 192.78,
    "high": 194.91,
    "close": 194.21,
    "volume": 371228,
    "change": 0.4188211,
    "_rsi": 48.36179507,
    "_rsi1": 47.10620912,
    "_stock_k": 63.43230824,
    "_stock_d": 71.7450218,
    "_stock_k1": 70.96147048,
    "_stock_d1": 79.59870105,
    "_macd_blue": -1.85566345,
    "_macd_orange": -0.65965435,
    "_cci20": 29.75667687,
    "_cci201": 47.51260257,
    "_ema10": 194.66696846,
    "_ema20": 194.29377664,
    "_ema30": 195.83824632,
    "_ema50": 200.45419058,
    "_ema100": 208.34343604,
    "_ema200": 211.72028409,
    "_psar": 187.83864793,
    "_wr": -40.50901379,
    "_mom": 5.37,
    "_mom1": 1.46,
    "stock_diff": -8.31,
    "rsi_diff": 1.26
}
