{
    "open": 38.01,
    "low": 36.44,
    "high": 38.49,
    "close": 37.58,
    "volume": 11774963,
    "change": -3.76440461,
    "_rsi": 58.27794408,
    "_rsi1": 65.96537986,
    "_stock_k": 79.46666667,
    "_stock_d": 81.26419753,
    "_stock_k1": 82.78518519,
    "_stock_d1": 80.33654717,
    "_macd_blue": 1.58588967,
    "_macd_orange": 1.7830841,
    "_cci20": 46.57282801,
    "_cci201": 94.27400159,
    "_ema10": 37.84321466,
    "_ema20": 36.42293195,
    "_ema30": 35.33998715,
    "_ema50": 33.64963348,
    "_ema100": 30.62574678,
    "_ema200": 26.87906645,
    "_psar": 36.22802559,
    "_wr": -32.17777778,
    "_mom": 1.95,
    "_mom1": 5.38,
    "stock_diff": -1.8,
    "rsi_diff": -7.69
}
