{
    "open": 569.7,
    "low": 557.51,
    "high": 569.7,
    "close": 564.3,
    "volume": 132301,
    "change": -0.59890787,
    "_rsi": 45.19114449,
    "_rsi1": 46.07601187,
    "_stock_k": 57.1628302,
    "_stock_d": 58.59767709,
    "_stock_k1": 60.45288888,
    "_stock_d1": 59.98286148,
    "_macd_blue": -12.57143391,
    "_macd_orange": -9.33091293,
    "_cci20": -27.58684823,
    "_cci201": -25.09305859,
    "_ema10": 569.44060352,
    "_ema20": 574.31709694,
    "_ema30": 582.90551922,
    "_ema50": 603.06058285,
    "_ema100": 640.68614766,
    "_ema200": 657.2027716,
    "_psar": 598.06326845,
    "_wr": -41.84849583,
    "_mom": 34.41,
    "_mom1": 26.36,
    "stock_diff": -1.43,
    "rsi_diff": -0.88
}
