{
    "open": 112.59,
    "low": 111.87,
    "high": 113.61,
    "close": 113.25,
    "volume": 1240557,
    "change": 1.20643432,
    "_rsi": 49.43462296,
    "_rsi1": 47.48826831,
    "_stock_k": 69.81828172,
    "_stock_d": 70.9646575,
    "_stock_k1": 71.72874306,
    "_stock_d1": 72.14743795,
    "_macd_blue": -1.93383294,
    "_macd_orange": -1.28265048,
    "_cci20": 25.14902619,
    "_cci201": -9.01577972,
    "_ema10": 112.23721516,
    "_ema20": 112.8912012,
    "_ema30": 113.92392192,
    "_ema50": 115.34900938,
    "_ema100": 116.92696721,
    "_ema200": 115.05482778,
    "_psar": 108.85793595,
    "_wr": -22.43023667,
    "_mom": 8.78,
    "_mom1": 7.1,
    "stock_diff": -1.15,
    "rsi_diff": 1.95
}
