{
    "open": 36.16,
    "low": 35.895,
    "high": 36.96,
    "close": 36.54,
    "volume": 16908184,
    "change": 0.88348978,
    "_rsi": 65.68607007,
    "_rsi1": 64.81148263,
    "_stock_k": 75.13834825,
    "_stock_d": 70.56373049,
    "_stock_k1": 71.80296009,
    "_stock_d1": 66.66456781,
    "_macd_blue": 1.93106088,
    "_macd_orange": 1.97628118,
    "_cci20": 80.04570995,
    "_cci201": 85.27381148,
    "_ema10": 35.18591211,
    "_ema20": 33.69067986,
    "_ema30": 32.44798291,
    "_ema50": 30.69577815,
    "_ema100": 28.32893099,
    "_ema200": 26.06241457,
    "_psar": 37.95740637,
    "_wr": -22.06489676,
    "_mom": 1.74,
    "_mom1": 1.44,
    "stock_diff": 4.57,
    "rsi_diff": 0.87
}
