{
    "open": 79.32,
    "low": 76.87,
    "high": 79.8,
    "close": 77,
    "volume": 1937355,
    "change": -3.83414512,
    "_rsi": 47.11084931,
    "_rsi1": 51.35081733,
    "_stock_k": 60.72094378,
    "_stock_d": 61.5123121,
    "_stock_k1": 62.37776064,
    "_stock_d1": 62.21872355,
    "_macd_blue": -1.11089299,
    "_macd_orange": -0.76411381,
    "_cci20": -18.17732101,
    "_cci201": 19.51582943,
    "_ema10": 78.13843153,
    "_ema20": 78.52447123,
    "_ema30": 79.22727755,
    "_ema50": 81.14276343,
    "_ema100": 85.86656399,
    "_ema200": 88.57966028,
    "_psar": 67.4916,
    "_wr": -37.62755102,
    "_mom": -0.59,
    "_mom1": 9.83,
    "stock_diff": -0.79,
    "rsi_diff": -4.24
}
