{
    "open": 135.48,
    "low": 134.065,
    "high": 135.65,
    "close": 135.09,
    "volume": 2553272,
    "change": 0.14084507,
    "_rsi": 58.85213758,
    "_rsi1": 58.54094343,
    "_stock_k": 84.85796195,
    "_stock_d": 88.12440275,
    "_stock_k1": 87.15142038,
    "_stock_d1": 88.29910644,
    "_macd_blue": 1.42332274,
    "_macd_orange": 2.06510051,
    "_cci20": 82.25262644,
    "_cci201": 97.68706823,
    "_ema10": 133.5528024,
    "_ema20": 131.65922928,
    "_ema30": 130.71769957,
    "_ema50": 130.06649477,
    "_ema100": 129.07830663,
    "_ema200": 125.58806091,
    "_psar": 125.60291123,
    "_wr": -18.06098514,
    "_mom": 5.53,
    "_mom1": 6.12,
    "stock_diff": -3.27,
    "rsi_diff": 0.31
}
