{
    "open": 149.69,
    "low": 147.56,
    "high": 149.78,
    "close": 147.68,
    "volume": 2637203,
    "change": -1.50726957,
    "_rsi": 45.62282116,
    "_rsi1": 49.88544852,
    "_stock_k": 81.34918211,
    "_stock_d": 82.52205097,
    "_stock_k1": 85.79484562,
    "_stock_d1": 77.57198107,
    "_macd_blue": -3.70930946,
    "_macd_orange": -2.37264544,
    "_cci20": 74.75131422,
    "_cci201": 134.5966471,
    "_ema10": 147.23617835,
    "_ema20": 148.20452792,
    "_ema30": 150.59798952,
    "_ema50": 155.55053578,
    "_ema100": 164.38701352,
    "_ema200": 172.54183983,
    "_psar": 141.0302,
    "_wr": -31.56843157,
    "_mom": 1.08,
    "_mom1": 4.54,
    "stock_diff": -1.17,
    "rsi_diff": -4.26
}
