{
    "open": 78.78,
    "low": 77.96,
    "high": 78.93,
    "close": 77.96,
    "volume": 3004881,
    "change": -1.86304129,
    "_rsi": 51.56863558,
    "_rsi1": 60.58307167,
    "_stock_k": 79.83887162,
    "_stock_d": 88.01539532,
    "_stock_k1": 91.61327841,
    "_stock_d1": 92.76738036,
    "_macd_blue": -0.12025031,
    "_macd_orange": 0.2062202,
    "_cci20": 85.8325226,
    "_cci201": 175.53849767,
    "_ema10": 77.98974079,
    "_ema20": 77.66181154,
    "_ema30": 77.69546105,
    "_ema50": 77.89393141,
    "_ema100": 77.89400375,
    "_ema200": 76.43105883,
    "_psar": 76.39891399,
    "_wr": -39.51902455,
    "_mom": 1.32,
    "_mom1": 3.96,
    "stock_diff": -8.18,
    "rsi_diff": -9.01
}
