{
    "open": 39.56,
    "low": 39.095,
    "high": 40.15,
    "close": 39.55,
    "change": -1.22377622,
    "_rsi": 68.83314015,
    "_rsi1": 71.89622438,
    "_stock_k": 84.26666667,
    "_stock_d": 80.83037433,
    "_stock_k1": 81.54074074,
    "_stock_d1": 80.48783341,
    "_macd_blue": 1.54456827,
    "_macd_orange": 1.96033774,
    "_cci20": 98.17361634,
    "_cci201": 109.88194668,
    "_ema10": 37.99261589,
    "_ema20": 36.34875436,
    "_ema30": 35.21776157,
    "_ema50": 33.5088182,
    "_ema100": 30.49515781,
    "_ema200": 26.77649451,
    "_psar": 35.55002908,
    "_wrr": -14.66666667,
    "stock_diff": 3.44,
    "rsi_diff": -3.06
}
