{
    "open": 39.56,
    "low": 39.095,
    "high": 40.15,
    "close": 39.67,
    "change": -0.92407592,
    "_rsi": 69.55889627,
    "_rsi1": 71.89622438,
    "_stock_k": 84.62222222,
    "_stock_d": 80.94889285,
    "_stock_k1": 81.54074074,
    "_stock_d1": 80.48783341,
    "_macd_blue": 1.5464828,
    "_macd_orange": 1.96991039,
    "_cci20": 98.9566099,
    "_cci201": 109.88194668,
    "_ema10": 38.01443408,
    "_ema20": 36.36018293,
    "_ema30": 35.2255035,
    "_ema50": 33.51352409,
    "_ema100": 30.49753404,
    "_ema200": 26.77768854,
    "_psar": 35.55002908,
    "_wrr": -13.6,
    "stock_diff": 3.67,
    "rsi_diff": -2.34
}
