{
    "open": 39.56,
    "low": 39,
    "high": 40.15,
    "close": 39.05,
    "volume": 8393845,
    "change": -2.47252747,
    "_rsi": 65.96537986,
    "_rsi1": 71.89622438,
    "_stock_k": 82.78518519,
    "_stock_d": 80.33654717,
    "_stock_k1": 81.54074074,
    "_stock_d1": 80.48783341,
    "_macd_blue": 1.53659106,
    "_macd_orange": 1.9204517,
    "_cci20": 94.27400159,
    "_cci201": 109.88194668,
    "_ema10": 37.9017068,
    "_ema20": 36.30113531,
    "_ema30": 35.1855035,
    "_ema50": 33.48921036,
    "_ema100": 30.48525682,
    "_ema200": 26.77151938,
    "_psar": 35.55002908,
    "_wr": -19.11111111,
    "stock_diff": 2.45,
    "rsi_diff": -5.93
}
