{
    "open": 10.98,
    "low": 10.83,
    "high": 11.14,
    "close": 10.87,
    "volume": 7396520,
    "change": -0.82116788,
    "_rsi": 50.2710604,
    "_rsi1": 52.42415295,
    "_stock_k": 65.96638655,
    "_stock_d": 69.42425843,
    "_stock_k1": 72.12885154,
    "_stock_d1": 70.87183979,
    "_macd_blue": -0.13166545,
    "_macd_orange": -0.03343029,
    "_cci20": 83.3639373,
    "_cci201": 86.40035109,
    "_ema10": 10.83760056,
    "_ema20": 10.79620736,
    "_ema30": 10.89729792,
    "_ema50": 11.18667385,
    "_ema100": 11.7023345,
    "_ema200": 12.07533595,
    "_psar": 10.40637248,
    "_wr": -39.07563025,
    "_mom": 0.25,
    "_mom1": 0.01,
    "stock_diff": -3.46,
    "rsi_diff": -2.15
}
