{
    "open": 236.85,
    "low": 235,
    "high": 238.16,
    "close": 236.53,
    "volume": 726616,
    "change": -0.03803567,
    "_rsi": 56.35654154,
    "_rsi1": 56.46986458,
    "_stock_k": 78.39656573,
    "_stock_d": 81.14630468,
    "_stock_k1": 79.91646363,
    "_stock_d1": 84.91543323,
    "_macd_blue": 0.44753232,
    "_macd_orange": 2.47897266,
    "_cci20": 85.33821661,
    "_cci201": 95.57014581,
    "_ema10": 234.5984125,
    "_ema20": 231.36154332,
    "_ema30": 231.55796115,
    "_ema50": 236.07314525,
    "_ema100": 245.23791915,
    "_ema200": 243.94955725,
    "_psar": 243.5976,
    "_wr": -25.26975287,
    "_mom": 10.32,
    "_mom1": 11.57,
    "stock_diff": -2.75,
    "rsi_diff": -0.11
}
