{
    "open": 77.61,
    "low": 76.88,
    "high": 78.44,
    "close": 77.19,
    "volume": 3082775,
    "change": 0.29885655,
    "_rsi": 42.49856524,
    "_rsi1": 41.62377063,
    "_stock_k": 29.2664824,
    "_stock_d": 25.14449446,
    "_stock_k1": 27.16221872,
    "_stock_d1": 18.87806998,
    "_macd_blue": -0.89889629,
    "_macd_orange": -1.33219165,
    "_cci20": -60.53732329,
    "_cci201": -70.17212187,
    "_ema10": 77.6380602,
    "_ema20": 78.92643691,
    "_ema30": 79.40684224,
    "_ema50": 79.16704826,
    "_ema100": 77.09543895,
    "_ema200": 73.1281923,
    "_psar": 74.2894,
    "_wr": -68.82845188,
    "_mom": -3.5,
    "_mom1": -5.47,
    "stock_diff": 4.12,
    "rsi_diff": 0.87
}
