{
    "open": 50.69,
    "low": 50.45,
    "high": 51.9783,
    "close": 51.83,
    "volume": 33247013,
    "change": 0.40681906,
    "_rsi": 67.02055535,
    "_rsi1": 66.42462601,
    "_stock_k": 91.31800734,
    "_stock_d": 86.58827342,
    "_stock_k1": 89.5774976,
    "_stock_d1": 81.60250293,
    "_macd_blue": -0.23711158,
    "_macd_orange": 0.44369428,
    "_cci20": 234.46242355,
    "_cci201": 236.56982217,
    "_ema10": 48.77091149,
    "_ema20": 48.10154843,
    "_ema30": 48.1305914,
    "_ema50": 48.60274548,
    "_ema100": 49.8072132,
    "_ema200": 51.50277226,
    "_psar": 45.19618469,
    "_wr": -1.875245,
    "_mom": 6,
    "_mom1": 4.96,
    "stock_diff": 4.73,
    "rsi_diff": 0.6
}
