{
    "open": 41.85,
    "low": 41.835,
    "high": 42.14,
    "close": 41.87,
    "volume": 502846,
    "change": 0.41971459,
    "_rsi": 59.52292609,
    "_rsi1": 57.8253514,
    "_stock_k": 93.52306867,
    "_stock_d": 94.85887789,
    "_stock_k1": 96.84410188,
    "_stock_d1": 91.40988854,
    "_macd_blue": -0.0646602,
    "_macd_orange": 0.09568902,
    "_cci20": 164.53506333,
    "_cci201": 139.7320848,
    "_ema10": 41.25650028,
    "_ema20": 41.12627882,
    "_ema30": 41.08456816,
    "_ema50": 40.86349105,
    "_ema100": 40.00464117,
    "_ema200": 38.18039104,
    "_psar": 40.1356772,
    "_wr": -9.96309963,
    "_mom": 2.21,
    "_mom1": 1.825,
    "stock_diff": -1.34,
    "rsi_diff": 1.7
}
