{
    "open": 77.73,
    "low": 75.67,
    "high": 77.99,
    "close": 77.6,
    "volume": 1770217,
    "change": 0.03867475,
    "_rsi": 33.00480882,
    "_rsi1": 32.91614034,
    "_stock_k": 8.49152335,
    "_stock_d": 15.16435834,
    "_stock_k1": 13.04881243,
    "_stock_d1": 28.98296968,
    "_macd_blue": -2.17976294,
    "_macd_orange": -2.55491384,
    "_cci20": -217.49008797,
    "_cci201": -235.64908124,
    "_ema10": 81.57901561,
    "_ema20": 83.53953162,
    "_ema30": 85.27569572,
    "_ema50": 88.27471388,
    "_ema100": 92.45090105,
    "_ema200": 94.1913524,
    "_psar": 86.869472,
    "_wr": -83.60237893,
    "_mom": -6.28,
    "_mom1": -6.72,
    "stock_diff": -6.67,
    "rsi_diff": 0.09
}
