{
    "open": 194.81,
    "low": 192.86,
    "high": 195.79,
    "close": 195.17,
    "volume": 522003,
    "change": 0.49431028,
    "_rsi": 49.88031666,
    "_rsi1": 48.36179507,
    "_stock_k": 59.75609756,
    "_stock_d": 64.71662543,
    "_stock_k1": 63.43230824,
    "_stock_d1": 71.7450218,
    "_macd_blue": -1.59457343,
    "_macd_orange": -0.55021336,
    "_cci20": 40.46648354,
    "_cci201": 29.75667687,
    "_ema10": 194.75842874,
    "_ema20": 194.37722649,
    "_ema30": 195.79513365,
    "_ema50": 200.24696742,
    "_ema100": 208.08257592,
    "_ema200": 211.55560464,
    "_psar": 188.67932906,
    "_wr": -35.41887593,
    "_mom": 5.53,
    "_mom1": 5.37,
    "stock_diff": -4.96,
    "rsi_diff": 1.52
}
