{
    "open": 76.06,
    "low": 75.52,
    "high": 77.665,
    "close": 77.47,
    "change": 3.05973128,
    "_rsi": 71.89954713,
    "_rsi1": 67.45789812,
    "_stock_k": 76.49011822,
    "_stock_d": 82.11183238,
    "_stock_k1": 79.3256123,
    "_stock_d1": 88.12100202,
    "_macd_blue": 2.87582537,
    "_macd_orange": 2.3200775,
    "_cci20": 131.84059015,
    "_cci201": 115.58341133,
    "_ema10": 74.223749,
    "_ema20": 71.87807143,
    "_ema30": 70.12476002,
    "_ema50": 67.3816014,
    "_ema100": 62.95714224,
    "_ema200": 57.96562591
}
