{
    "open": 34.83,
    "low": 34.83,
    "high": 35.8,
    "close": 35.58,
    "volume": 17371,
    "change": 3.52051207,
    "_rsi": 49.68842306,
    "_rsi1": 43.11770297,
    "_stock_k": 44.9033663,
    "_stock_d": 35.04838553,
    "_stock_k1": 31.58878505,
    "_stock_d1": 29.50207715,
    "_macd_blue": -0.90621866,
    "_macd_orange": -0.87392086,
    "_cci20": -5.76019403,
    "_cci201": -63.33513611,
    "_ema10": 34.59571674,
    "_ema20": 35.26065468,
    "_ema30": 35.77206218,
    "_ema50": 36.31294616,
    "_ema100": 36.49403186,
    "_ema200": 35.41004475,
    "_psar": 32.54281216,
    "_wr": -36.50485437,
    "_mom": -0.49,
    "_mom1": -0.24,
    "stock_diff": 9.85,
    "rsi_diff": 6.57
}
