{
    "open": 667.31,
    "low": 666.35,
    "high": 680.08,
    "close": 679.76,
    "volume": 402507,
    "change": 1.57496787,
    "_rsi": 64.040564,
    "_rsi1": 60.47875794,
    "_stock_k": 81.91169482,
    "_stock_d": 88.16534935,
    "_stock_k1": 87.07710376,
    "_stock_d1": 92.61171366,
    "_macd_blue": 13.58028258,
    "_macd_orange": 17.49740153,
    "_cci20": 70.02766184,
    "_cci201": 81.84599344,
    "_ema10": 671.21722707,
    "_ema20": 655.91679233,
    "_ema30": 647.11245242,
    "_ema50": 638.39234986,
    "_ema100": 627.77298128,
    "_ema200": 607.86018529,
    "_psar": 657.33774998,
    "_wr": -19.60227273,
    "_mom": 49.4,
    "_mom1": 45.79,
    "stock_diff": -6.25,
    "rsi_diff": 3.56
}
