{
    "open": 50.85,
    "low": 50.035,
    "high": 51.54,
    "close": 51.42,
    "volume": 60962397,
    "change": -0.11655012,
    "_rsi": 48.68124127,
    "_rsi1": 48.88440595,
    "_stock_k": 74.09275448,
    "_stock_d": 63.51321684,
    "_stock_k1": 64.04573702,
    "_stock_d1": 51.70975042,
    "_macd_blue": -1.35569581,
    "_macd_orange": -1.06900223,
    "_cci20": -4.14718449,
    "_cci201": -9.82777776,
    "_ema10": 50.55963992,
    "_ema20": 51.29205193,
    "_ema30": 51.92355446,
    "_ema50": 52.29747625,
    "_ema100": 51.52795534,
    "_ema200": 48.8023021,
    "_psar": 46.77012984,
    "_wr": -19.8012775,
    "_mom": 2.63,
    "_mom1": 0.24,
    "stock_diff": 10.58,
    "rsi_diff": -0.2
}
