{
    "open": 157.13,
    "low": 156.81,
    "high": 159.29,
    "close": 159.08,
    "volume": 915814,
    "change": 1.74608251,
    "_rsi": 51.64811456,
    "_rsi1": 48.31849554,
    "_stock_k": 75.59867156,
    "_stock_d": 81.17081919,
    "_stock_k1": 78.62258059,
    "_stock_d1": 86.09331872,
    "_macd_blue": -3.49432291,
    "_macd_orange": -1.6009948,
    "_cci20": 70.68341062,
    "_cci201": 52.01580861,
    "_ema10": 156.23433802,
    "_ema20": 156.32829775,
    "_ema30": 158.54242167,
    "_ema50": 163.62643511,
    "_ema100": 169.77094974,
    "_ema200": 167.1800046,
    "_psar": 149.84336876,
    "_wr": -19.24488726,
    "_mom": 12.59,
    "_mom1": 5.3,
    "stock_diff": -5.57,
    "rsi_diff": 3.33
}
