{
    "open": 195.23,
    "low": 192.76,
    "high": 197.28,
    "close": 193.4,
    "volume": 322412,
    "change": -1.95183777,
    "_rsi": 47.10620912,
    "_rsi1": 52.76921441,
    "_stock_k": 70.96147048,
    "_stock_d": 79.59870105,
    "_stock_k1": 80.84128667,
    "_stock_d1": 85.94414638,
    "_macd_blue": -2.15466572,
    "_macd_orange": -0.69200044,
    "_cci20": 47.51260257,
    "_cci201": 129.71670336,
    "_ema10": 194.76851701,
    "_ema20": 194.30259524,
    "_ema30": 195.95053917,
    "_ema50": 200.7090555,
    "_ema100": 208.62896,
    "_ema200": 211.89626684,
    "_psar": 186.94430631,
    "_wr": -44.8038176,
    "_mom": 1.46,
    "_mom1": 13.96,
    "stock_diff": -8.64,
    "rsi_diff": -5.66
}
