{
    "open": 107,
    "low": 105.5,
    "high": 107.3224,
    "close": 106.62,
    "volume": 1746288,
    "change": -0.3365115,
    "_rsi": 57.49564828,
    "_rsi1": 58.77691201,
    "_stock_k": 84.76102413,
    "_stock_d": 75.64805025,
    "_stock_k1": 75.6753441,
    "_stock_d1": 68.37932413,
    "_macd_blue": -0.02694327,
    "_macd_orange": 0.32940211,
    "_cci20": 192.6943363,
    "_cci201": 221.26151137,
    "_ema10": 104.80995213,
    "_ema20": 104.43662658,
    "_ema30": 104.25112308,
    "_ema50": 103.35131397,
    "_ema100": 99.80997435,
    "_ema200": 93.43624233,
    "_psar": 101.09,
    "_wr": -12.74224134,
    "_mom": 2.19,
    "_mom1": 4.93,
    "stock_diff": 9.11,
    "rsi_diff": -1.28
}
