{
    "open": 59.48,
    "low": 59.31,
    "high": 61.265,
    "close": 60.88,
    "change": 1.0959814,
    "_rsi": 72.19223814,
    "_rsi1": 70.77432358,
    "_stock_k": 79.91930478,
    "_stock_d": 77.92847965,
    "_stock_k1": 76.28801986,
    "_stock_d1": 79.24887564,
    "_macd_blue": 2.08035706,
    "_macd_orange": 2.44835031,
    "_cci20": 117.66591851,
    "_cci201": 109.42656905,
    "_ema10": 58.32204639,
    "_ema20": 56.36830749,
    "_ema30": 54.83964405,
    "_ema50": 52.3314972,
    "_ema100": 47.9089054,
    "_ema200": 42.37280879,
    "_psar": 56.80701513,
    "_wrr": -8.84543762,
    "stock_diff": 1.99,
    "rsi_diff": 1.42
}
