{
    "open": 132.64,
    "low": 131.2,
    "high": 135.4,
    "close": 133,
    "volume": 8068788,
    "change": -0.06762341,
    "_rsi": 50.72375802,
    "_rsi1": 50.84535893,
    "_stock_k": 71.16810969,
    "_stock_d": 68.31438059,
    "_stock_k1": 70.91331596,
    "_stock_d1": 62.27100203,
    "_macd_blue": -4.61952956,
    "_macd_orange": -3.00010947,
    "_cci20": 50.73525109,
    "_cci201": 68.931482,
    "_ema10": 129.21178765,
    "_ema20": 130.62850787,
    "_ema30": 133.33211614,
    "_ema50": 138.52233173,
    "_ema100": 146.09163202,
    "_ema200": 148.35472146,
    "_psar": 120.07476067,
    "_wr": -26.96629213,
    "_mom": 6.05,
    "_mom1": 11.88,
    "stock_diff": 2.85,
    "rsi_diff": -0.12
}
