{
    "open": 58.93,
    "low": 58.63,
    "high": 60.195,
    "close": 60.11,
    "volume": 7369285,
    "change": 2.24527981,
    "_rsi": 51.46600105,
    "_rsi1": 46.7783176,
    "_stock_k": 69.33202772,
    "_stock_d": 61.69928907,
    "_stock_k1": 60.50542582,
    "_stock_d1": 56.56180789,
    "_macd_blue": -0.94616584,
    "_macd_orange": -0.65031124,
    "_cci20": 65.32022827,
    "_cci201": -27.9199049,
    "_ema10": 58.98615651,
    "_ema20": 59.33425452,
    "_ema30": 59.84455657,
    "_ema50": 60.47096005,
    "_ema100": 60.64706789,
    "_ema200": 59.32360572,
    "_psar": 56.92105408,
    "_wr": -4.22885572,
    "_mom": 2.97,
    "_mom1": 1.14,
    "stock_diff": 7.63,
    "rsi_diff": 4.69
}
