{
    "open": 211.57,
    "low": 210.72,
    "high": 212.97,
    "close": 211.75,
    "volume": 609407,
    "change": 0.50310883,
    "_rsi": 46.69020398,
    "_rsi1": 44.65991171,
    "_stock_k": 70.00149544,
    "_stock_d": 66.24753885,
    "_stock_k1": 65.58251222,
    "_stock_d1": 64.6459754,
    "_macd_blue": -3.72337373,
    "_macd_orange": -2.55019964,
    "_cci20": 37.62633465,
    "_cci201": -8.28478926,
    "_ema10": 210.68330858,
    "_ema20": 211.85430458,
    "_ema30": 214.2965161,
    "_ema50": 218.84274198,
    "_ema100": 224.08746829,
    "_ema200": 224.32203958,
    "_psar": 204.45870188,
    "_wr": -19.65006729,
    "_mom": 7.89,
    "_mom1": 4.49,
    "stock_diff": 3.75,
    "rsi_diff": 2.03
}
