{
    "open": 77.81,
    "low": 76.63,
    "high": 78.62,
    "close": 77.41,
    "volume": 18105623,
    "change": 0.24605025,
    "_rsi": 44.63555002,
    "_rsi1": 44.19208603,
    "_stock_k": 23.69395959,
    "_stock_d": 40.96109255,
    "_stock_k1": 41.83118741,
    "_stock_d1": 52.76108727,
    "_macd_blue": 1.99889452,
    "_macd_orange": 1.25979492,
    "_cci20": -63.66302867,
    "_cci201": -62.88809618,
    "_ema10": 81.16746795,
    "_ema20": 80.61301718,
    "_ema30": 79.40195481,
    "_ema50": 76.75957633,
    "_ema100": 71.78011821,
    "_ema200": 66.07673463,
    "_psar": 90.688304,
    "_wr": -92.0940869,
    "_mom": -3.12,
    "_mom1": -1.95,
    "stock_diff": -17.27,
    "rsi_diff": 0.44
}
