{
    "open": 99.11,
    "low": 98.33,
    "high": 99.4,
    "close": 98.7,
    "volume": 2684078,
    "change": -0.08098805,
    "_rsi": 51.31707436,
    "_rsi1": 51.5487174,
    "_stock_k": 75.21258503,
    "_stock_d": 82.34800139,
    "_stock_k1": 80.85963005,
    "_stock_d1": 88.39778845,
    "_macd_blue": -0.57194361,
    "_macd_orange": 0.04459947,
    "_cci20": 61.59552584,
    "_cci201": 83.57308658,
    "_ema10": 98.44700941,
    "_ema20": 98.04957913,
    "_ema30": 98.40560502,
    "_ema50": 99.46968157,
    "_ema100": 101.74846238,
    "_ema200": 104.67063808,
    "_psar": 94.95740849,
    "_wr": -32.78061224,
    "_mom": 3.65,
    "_mom1": 2.51,
    "stock_diff": -7.14,
    "rsi_diff": -0.23
}
