{
    "open": 445.3,
    "low": 443.23,
    "high": 451.5,
    "close": 449.73,
    "volume": 1372570,
    "change": 1.00617631,
    "_rsi": 61.32790955,
    "_rsi1": 59.52028003,
    "_stock_k": 49.29331196,
    "_stock_d": 43.05535318,
    "_stock_k1": 44.56748749,
    "_stock_d1": 36.44988424,
    "_macd_blue": 11.81073359,
    "_macd_orange": 10.0328078,
    "_cci20": 44.054208,
    "_cci201": 32.25994953,
    "_ema10": 440.38812268,
    "_ema20": 434.16020274,
    "_ema30": 426.239387,
    "_ema50": 412.10297404,
    "_ema100": 391.65899254,
    "_ema200": 378.10636659,
    "_psar": 464.45900087,
    "_wr": -44.09150517,
    "_mom": 5.37,
    "_mom1": -3.47,
    "stock_diff": 6.24,
    "rsi_diff": 1.81
}
