{
    "open": 150.87,
    "low": 148.24,
    "high": 150.87,
    "close": 150.15,
    "volume": 15570273,
    "change": -0.05325168,
    "_rsi": 45.19130403,
    "_rsi1": 45.32596928,
    "_stock_k": 49.54761045,
    "_stock_d": 43.08883649,
    "_stock_k1": 46.21795623,
    "_stock_d1": 33.15816792,
    "_macd_blue": -2.60905847,
    "_macd_orange": -2.49315133,
    "_cci20": -40.69189079,
    "_cci201": -47.58557035,
    "_ema10": 149.58205511,
    "_ema20": 151.45063697,
    "_ema30": 152.92951206,
    "_ema50": 154.17066212,
    "_ema100": 153.0452418,
    "_ema200": 148.6209945,
    "_psar": 143.85481632,
    "_wr": -44.50506625,
    "_mom": -4.99,
    "_mom1": -4.13,
    "stock_diff": 6.46,
    "rsi_diff": -0.13
}
