{
    "open": 95,
    "low": 94.965,
    "high": 96.32,
    "close": 96.22,
    "volume": 1488681,
    "change": 1.64800338,
    "_rsi": 77.67589336,
    "_rsi1": 74.77679911,
    "_stock_k": 93.34505084,
    "_stock_d": 89.16488905,
    "_stock_k1": 87.68848437,
    "_stock_d1": 88.19042146,
    "_macd_blue": 2.22703497,
    "_macd_orange": 2.7266778,
    "_cci20": 135.50840265,
    "_cci201": 105.01339916,
    "_ema10": 92.63820366,
    "_ema20": 90.33327832,
    "_ema30": 88.87788438,
    "_ema50": 87.32478514,
    "_ema100": 85.69144241,
    "_ema200": 83.00778387,
    "_psar": 91.325,
    "_wr": -0.9905894,
    "_mom": 5.01,
    "_mom1": 4.22,
    "stock_diff": 4.18,
    "rsi_diff": 2.9
}
