{
    "open": 74.95,
    "low": 74.65,
    "high": 75.67,
    "close": 75.21,
    "volume": 642008,
    "change": 0.73667292,
    "_rsi": 59.80955872,
    "_rsi1": 58.33348897,
    "_stock_k": 82.88499025,
    "_stock_d": 83.39181287,
    "_stock_k1": 82.417154,
    "_stock_d1": 86.46077392,
    "_macd_blue": 0.7109118,
    "_macd_orange": 1.13816094,
    "_cci20": 99.52845,
    "_cci201": 78.9861377,
    "_ema10": 73.84192165,
    "_ema20": 72.74494534,
    "_ema30": 72.29270629,
    "_ema50": 72.16782991,
    "_ema100": 72.11697974,
    "_ema200": 69.64412348,
    "_psar": 70.47440916,
    "_wr": -8.65497076,
    "_mom": 6.02,
    "_mom1": 5.1,
    "stock_diff": -0.51,
    "rsi_diff": 1.48
}
