{
    "open": 36.48,
    "low": 36.275,
    "high": 36.855,
    "close": 36.67,
    "volume": 5116950,
    "change": 0.74175824,
    "_rsi": 41.44255924,
    "_rsi1": 40.00689491,
    "_stock_k": 58.57605178,
    "_stock_d": 55.77086577,
    "_stock_k1": 57.19474806,
    "_stock_d1": 52.10750653,
    "_macd_blue": -1.67585942,
    "_macd_orange": -1.40040812,
    "_cci20": -30.21741801,
    "_cci201": -44.5069317,
    "_ema10": 36.83034551,
    "_ema20": 37.71641768,
    "_ema30": 38.77256244,
    "_ema50": 40.52566387,
    "_ema100": 43.01634694,
    "_ema200": 43.84050746,
    "_psar": 34.36623815,
    "_wr": -37.10895361,
    "_mom": 1.63,
    "_mom1": 0.97,
    "stock_diff": 2.81,
    "rsi_diff": 1.44
}
