{
    "open": 70.06,
    "low": 69.86,
    "high": 70.84,
    "close": 70.7,
    "volume": 1698911,
    "change": 1.17344018,
    "_rsi": 59.93416075,
    "_rsi1": 55.85552205,
    "_stock_k": 43.23144105,
    "_stock_d": 37.93267746,
    "_stock_k1": 34.39046944,
    "_stock_d1": 37.03033591,
    "_macd_blue": 0.49235259,
    "_macd_orange": 0.50820136,
    "_cci20": 78.30962421,
    "_cci201": 32.83910945,
    "_ema10": 69.67839537,
    "_ema20": 69.28771358,
    "_ema30": 68.97906373,
    "_ema50": 68.52331608,
    "_ema100": 67.8293659,
    "_ema200": 67.35012082,
    "_psar": 71.37293565,
    "_wr": -40.61135371,
    "_mom": 0.33,
    "_mom1": -0.28,
    "stock_diff": 5.3,
    "rsi_diff": 4.08
}
