{
    "open": 93.41,
    "low": 90.795,
    "high": 93.41,
    "close": 91.41,
    "volume": 1397270,
    "change": -2.41272553,
    "_rsi": 39.98974119,
    "_rsi1": 43.25321005,
    "_stock_k": 37.07241934,
    "_stock_d": 38.43416038,
    "_stock_k1": 40.29850746,
    "_stock_d1": 37.80089452,
    "_macd_blue": -3.91144802,
    "_macd_orange": -3.67266078,
    "_cci20": -41.5995828,
    "_cci201": -34.61789119,
    "_ema10": 92.61101957,
    "_ema20": 95.31577262,
    "_ema30": 97.56712501,
    "_ema50": 99.90109332,
    "_ema100": 99.92645521,
    "_ema200": 94.94197425,
    "_psar": 95.96424601,
    "_wr": -65.3092006,
    "_mom": 1.02,
    "_mom1": 3.1,
    "stock_diff": -1.36,
    "rsi_diff": -3.26
}
