{
    "open": 69.43,
    "low": 69.36,
    "high": 70.995,
    "close": 70.43,
    "volume": 3036743,
    "change": 2.1168624,
    "_rsi": 67.62775804,
    "_rsi1": 63.79180672,
    "_stock_k": 86.90625085,
    "_stock_d": 81.50843282,
    "_stock_k1": 83.07359307,
    "_stock_d1": 75.31024531,
    "_macd_blue": 1.21264695,
    "_macd_orange": 1.47484555,
    "_cci20": 156.44949592,
    "_cci201": 112.64234103,
    "_ema10": 67.7581718,
    "_ema20": 66.56427698,
    "_ema30": 65.67653104,
    "_ema50": 64.45654167,
    "_ema100": 62.53431509,
    "_ema200": 59.1656474,
    "_psar": 62.7457056,
    "_wr": -6.4241046,
    "_mom": 2.92,
    "_mom1": 2.36,
    "stock_diff": 5.4,
    "rsi_diff": 3.84
}
