{
    "open": 158.25,
    "low": 157.61,
    "high": 159.71,
    "close": 157.83,
    "volume": 548615,
    "change": -0.97873141,
    "_rsi": 50.99428344,
    "_rsi1": 53.91106404,
    "_stock_k": 86.22942153,
    "_stock_d": 89.33186867,
    "_stock_k1": 91.50932761,
    "_stock_d1": 88.98729317,
    "_macd_blue": -2.47539905,
    "_macd_orange": -1.03890509,
    "_cci20": 86.17191093,
    "_cci201": 120.36500932,
    "_ema10": 156.34782497,
    "_ema20": 156.33171183,
    "_ema30": 157.7788399,
    "_ema50": 160.72477983,
    "_ema100": 163.75880836,
    "_ema200": 160.63992948,
    "_psar": 150.37821057,
    "_wr": -19.8679868,
    "_mom": 6.63,
    "_mom1": 13.2,
    "stock_diff": -3.1,
    "rsi_diff": -2.92
}
