{
    "open": 17.15,
    "low": 17.11,
    "high": 17.57,
    "close": 17.54,
    "volume": 11028937,
    "change": 2.87390029,
    "_rsi": 62.06000566,
    "_rsi1": 55.94785108,
    "_stock_k": 85.87158839,
    "_stock_d": 83.45252323,
    "_stock_k1": 82.24299065,
    "_stock_d1": 83.95751599,
    "_macd_blue": 0.06276528,
    "_macd_orange": 0.16662382,
    "_cci20": 150.38277195,
    "_cci201": 101.39445434,
    "_ema10": 16.97460933,
    "_ema20": 16.80413078,
    "_ema30": 16.72844168,
    "_ema50": 16.57856142,
    "_ema100": 16.17868234,
    "_ema200": 15.53730201,
    "_psar": 15.92701058,
    "_wr": -1.88679245,
    "_mom": 0.99,
    "_mom1": 0.69,
    "stock_diff": 2.42,
    "rsi_diff": 6.11
}
