{
    "open": 430.6,
    "low": 422.9223,
    "high": 436.83,
    "close": 436.6,
    "volume": 123058,
    "change": 2.00457923,
    "_rsi": 52.8990816,
    "_rsi1": 49.51265722,
    "_stock_k": 81.06181133,
    "_stock_d": 85.88575752,
    "_stock_k1": 84.10470572,
    "_stock_d1": 87.15776297,
    "_macd_blue": -8.56399887,
    "_macd_orange": -3.26827148,
    "_cci20": 82.84581222,
    "_cci201": 82.86305127,
    "_ema10": 426.86728838,
    "_ema20": 426.37540534,
    "_ema30": 431.48282629,
    "_ema50": 443.79763308,
    "_ema100": 461.90587739,
    "_ema200": 464.28600419,
    "_psar": 395.63847135,
    "_wr": -16.66961287,
    "_mom": 28.47,
    "_mom1": 9.37,
    "stock_diff": -4.82,
    "rsi_diff": 3.39
}
