{
    "open": 329.14,
    "low": 327.84,
    "high": 336.36,
    "close": 336.36,
    "volume": 3123210,
    "change": 1.6469735,
    "_rsi": 52.92647434,
    "_rsi1": 48.17851312,
    "_stock_k": 93.39036401,
    "_stock_d": 79.82083849,
    "_stock_k1": 79.98388543,
    "_stock_d1": 64.57068367,
    "_macd_blue": -9.99623416,
    "_macd_orange": -6.5806154,
    "_cci20": 89.79597648,
    "_cci201": 43.51642259,
    "_ema10": 325.89953422,
    "_ema20": 328.96954642,
    "_ema30": 334.97634534,
    "_ema50": 345.33475349,
    "_ema100": 354.11151656,
    "_ema200": 346.37632493,
    "_psar": 306.27836236,
    "_wr": 0,
    "_mom": 12,
    "_mom1": 3.54,
    "stock_diff": 13.57,
    "rsi_diff": 4.75
}
