{
    "open": 49.49,
    "low": 48.5,
    "high": 49.53,
    "close": 48.83,
    "volume": 3361482,
    "change": -2.2226672,
    "_rsi": 44.2155773,
    "_rsi1": 47.1193125,
    "_stock_k": 51.44142141,
    "_stock_d": 51.27192108,
    "_stock_k1": 54.01995874,
    "_stock_d1": 49.01639407,
    "_macd_blue": -2.01731185,
    "_macd_orange": -1.52503995,
    "_cci20": -19.54321163,
    "_cci201": 15.7819248,
    "_ema10": 49.01794132,
    "_ema20": 49.86320414,
    "_ema30": 51.17946698,
    "_ema50": 53.9126856,
    "_ema100": 58.05868564,
    "_ema200": 58.10049976,
    "_psar": 45.5662,
    "_wr": -47.83281734,
    "_mom": 1.14,
    "_mom1": 4.35,
    "stock_diff": 0.17,
    "rsi_diff": -2.9
}
