{
    "open": 100.04,
    "low": 99.94,
    "high": 101.19,
    "close": 100.95,
    "volume": 1563478,
    "change": 1.23345367,
    "_rsi": 59.57864641,
    "_rsi1": 56.61448602,
    "_stock_k": 96.04680306,
    "_stock_d": 93.92258294,
    "_stock_k1": 95.64309873,
    "_stock_d1": 85.96138249,
    "_macd_blue": -0.7771053,
    "_macd_orange": 0.05008112,
    "_cci20": 162.13368001,
    "_cci201": 148.36164529,
    "_ema10": 97.98444157,
    "_ema20": 97.53573617,
    "_ema30": 97.88385568,
    "_ema50": 98.90281725,
    "_ema100": 100.2825455,
    "_ema200": 99.30713235,
    "_psar": 93.62868952,
    "_wr": -2.86054827,
    "_mom": 7.77,
    "_mom1": 6.02,
    "stock_diff": 2.12,
    "rsi_diff": 2.96
}
