{
    "open": 26.15,
    "low": 26.15,
    "high": 26.66,
    "close": 26.62,
    "volume": 7389,
    "change": 3.90320062,
    "_rsi": 62.6380625,
    "_rsi1": 56.05853728,
    "_stock_k": 56.72823219,
    "_stock_d": 44.83399175,
    "_stock_k1": 41.4661228,
    "_stock_d1": 36.81422223,
    "_macd_blue": 0.66920524,
    "_macd_orange": 0.58843815,
    "_cci20": 90.03847921,
    "_cci201": 33.06750443,
    "_ema10": 25.74939036,
    "_ema20": 25.37251045,
    "_ema30": 24.9113023,
    "_ema50": 23.99209205,
    "_ema100": 22.10861358,
    "_ema200": 19.57655368,
    "_psar": 26.6904674,
    "_wr": -27.70448549,
    "_mom": -0.25,
    "_mom1": -0.46,
    "stock_diff": 11.89,
    "rsi_diff": 6.58
}
