{
    "open": 211.79,
    "low": 209.33,
    "high": 212.85,
    "close": 209.35,
    "volume": 727567,
    "change": -1.48235294,
    "_rsi": 42.07009763,
    "_rsi1": 46.8566283,
    "_stock_k": 63.1586089,
    "_stock_d": 63.37764252,
    "_stock_k1": 65.19680507,
    "_stock_d1": 60.74831016,
    "_macd_blue": -4.30610414,
    "_macd_orange": -3.10344715,
    "_cci20": -6.00314002,
    "_cci201": 40.88407597,
    "_ema10": 210.39210294,
    "_ema20": 211.98899811,
    "_ema30": 214.732975,
    "_ema50": 219.47682295,
    "_ema100": 224.61240118,
    "_ema200": 224.58666703,
    "_psar": 203.65213312,
    "_wr": -41.18438762,
    "_mom": 1.58,
    "_mom1": 8.98,
    "stock_diff": -0.22,
    "rsi_diff": -4.79
}
