{
    "open": 48.26,
    "low": 47.85,
    "high": 49.57,
    "close": 49.01,
    "change": -0.30512612,
    "_rsi": 39.64827624,
    "_rsi1": 39.98631674,
    "_stock_k": 21.2262432,
    "_stock_d": 12.12698291,
    "_stock_k1": 11.46166681,
    "_stock_d1": 7.03372614,
    "_macd_blue": -1.91511342,
    "_macd_orange": -1.20207428,
    "_cci20": -90.29348603,
    "_cci201": -94.766977,
    "_ema10": 49.96332955,
    "_ema20": 51.81221405,
    "_ema30": 52.57245006,
    "_ema50": 52.76897276,
    "_ema100": 51.65583798,
    "_ema200": 48.69685555
}
