{
    "open": 72.5,
    "low": 72.45,
    "high": 73.455,
    "close": 73.28,
    "volume": 11964240,
    "change": 1.20149151,
    "_rsi": 79.22293425,
    "_rsi1": 76.38492993,
    "_stock_k": 93.06071714,
    "_stock_d": 85.90572593,
    "_stock_k1": 85.28300061,
    "_stock_d1": 82.93898918,
    "_macd_blue": 1.18781191,
    "_macd_orange": 1.42282529,
    "_cci20": 194.45757284,
    "_cci201": 181.95360594,
    "_ema10": 71.12818764,
    "_ema20": 69.99599761,
    "_ema30": 69.09136768,
    "_ema50": 67.5762846,
    "_ema100": 65.42348388,
    "_ema200": 64.08466583,
    "_psar": 69.54800873,
    "_wr": -2.8548124,
    "_mom": 4.41,
    "_mom1": 3.99,
    "stock_diff": 7.15,
    "rsi_diff": 2.84
}
