{
    "open": 69.45,
    "low": 69.1,
    "high": 70.15,
    "close": 69.88,
    "volume": 2257773,
    "change": 0.83694084,
    "_rsi": 55.85552205,
    "_rsi1": 52.69251384,
    "_stock_k": 34.39046944,
    "_stock_d": 37.03033591,
    "_stock_k1": 36.17612189,
    "_stock_d1": 41.63415104,
    "_macd_blue": 0.4883904,
    "_macd_orange": 0.43687272,
    "_cci20": 32.83910945,
    "_cci201": 13.51559576,
    "_ema10": 69.45137211,
    "_ema20": 69.13905186,
    "_ema30": 68.86037847,
    "_ema50": 68.43447184,
    "_ema100": 67.7713733,
    "_ema200": 67.31645369,
    "_psar": 71.51430797,
    "_wr": -58.51528384,
    "_mom": -0.28,
    "_mom1": -0.54,
    "stock_diff": -2.64,
    "rsi_diff": 3.16
}
