{
    "open": 2679.99,
    "low": 2605.93,
    "high": 2684,
    "close": 2609.51,
    "volume": 1328508,
    "change": -1.66299875,
    "_rsi": 44.87240235,
    "_rsi1": 48.06245407,
    "_stock_k": 63.14249831,
    "_stock_d": 50.8308165,
    "_stock_k1": 53.56868828,
    "_stock_d1": 39.53730729,
    "_macd_blue": -31.80070704,
    "_macd_orange": -31.60439801,
    "_cci20": -34.28769727,
    "_cci201": -17.39035317,
    "_ema10": 2634.54094146,
    "_ema20": 2657.41563272,
    "_ema30": 2679.18802091,
    "_ema50": 2715.55019774,
    "_ema100": 2747.81627406,
    "_ema200": 2659.46825978,
    "_psar": 2521.556218,
    "_wr": -52.2063854,
    "stock_diff": 12.31,
    "rsi_diff": -3.19
}
