{
    "open": 2679.99,
    "low": 2635.27,
    "high": 2684,
    "close": 2640.435,
    "change": -0.49761837,
    "_rsi": 47.06133187,
    "_rsi1": 48.06245407,
    "_stock_k": 67.45586297,
    "_stock_d": 52.26860472,
    "_stock_k1": 53.56868828,
    "_stock_d1": 39.53730729,
    "_macd_blue": -31.30731673,
    "_macd_orange": -29.13744644,
    "_cci20": -5.56218917,
    "_cci201": -17.39035317,
    "_ema10": 2640.16366874,
    "_ema20": 2660.36087081,
    "_ema30": 2681.1831822,
    "_ema50": 2716.76294284,
    "_ema100": 2748.4286503,
    "_ema200": 2659.77597122,
    "_psar": 2521.556218,
    "_wrr": -39.26629144,
    "stock_diff": 15.19,
    "rsi_diff": -1.0
}
