{
    "open": 2679.99,
    "low": 2646.09,
    "high": 2684,
    "close": 2654.39,
    "change": 0.02826307,
    "_rsi": 48.12513029,
    "_rsi1": 48.06245407,
    "_stock_k": 69.40228184,
    "_stock_d": 52.91741101,
    "_stock_k1": 53.56868828,
    "_stock_d1": 39.53730729,
    "_macd_blue": -31.08467285,
    "_macd_orange": -28.02422707,
    "_cci20": 6.57360568,
    "_cci201": -17.39035317,
    "_ema10": 2642.70094146,
    "_ema20": 2661.68991843,
    "_ema30": 2682.08350478,
    "_ema50": 2717.31019774,
    "_ema100": 2748.70498694,
    "_ema200": 2659.91482694,
    "_psar": 2521.556218,
    "_wrr": -33.42703482,
    "stock_diff": 16.48,
    "rsi_diff": 0.06
}
