{
    "open": 135.62,
    "low": 133.77,
    "high": 136.53,
    "close": 134.24,
    "volume": 1605699,
    "change": -1.97882439,
    "_rsi": 50.51761359,
    "_rsi1": 55.18131034,
    "_stock_k": 84.3938114,
    "_stock_d": 85.85442156,
    "_stock_k1": 88.69253673,
    "_stock_d1": 84.41714609,
    "_macd_blue": -2.38489483,
    "_macd_orange": -1.08040632,
    "_cci20": 76.41743064,
    "_cci201": 115.15232156,
    "_ema10": 132.92914705,
    "_ema20": 133.12668082,
    "_ema30": 134.26536029,
    "_ema50": 136.01833538,
    "_ema100": 140.72142364,
    "_ema200": 151.53871075,
    "_psar": 124.07121383,
    "_wr": -23.82374907,
    "_mom": 6.14,
    "_mom1": 13.74,
    "stock_diff": -1.46,
    "rsi_diff": -4.66
}
