{
    "open": 41.76,
    "low": 41.34,
    "high": 42.11,
    "close": 41.53,
    "volume": 9409864,
    "change": -1.58767773,
    "_rsi": 51.77460311,
    "_rsi1": 53.50953518,
    "_stock_k": 87.38828744,
    "_stock_d": 85.32993362,
    "_stock_k1": 86.82190397,
    "_stock_d1": 81.93672573,
    "_macd_blue": -1.43019791,
    "_macd_orange": -0.64296341,
    "_cci20": 44.66861677,
    "_cci201": 46.9663922,
    "_ema10": 40.25336142,
    "_ema20": 40.3889679,
    "_ema30": 41.04230478,
    "_ema50": 42.09136994,
    "_ema100": 43.74513175,
    "_ema200": 45.49735161,
    "_psar": 34.31289132,
    "_wr": -9.77011494,
    "_mom": 6.63,
    "_mom1": 9.965,
    "stock_diff": 2.06,
    "rsi_diff": -1.73
}
