{
    "open": 133.61,
    "low": 131.2,
    "high": 135.1,
    "close": 131.42,
    "volume": 5457871,
    "change": -2.99675229,
    "_rsi": 49.72007632,
    "_rsi1": 54.32309984,
    "_stock_k": 83.53297216,
    "_stock_d": 87.72057957,
    "_stock_k1": 92.67021672,
    "_stock_d1": 85.97191847,
    "_macd_blue": -2.27401427,
    "_macd_orange": -0.84004276,
    "_cci20": 57.42085934,
    "_cci201": 113.9459644,
    "_ema10": 130.95615406,
    "_ema20": 130.80900585,
    "_ema30": 132.11493104,
    "_ema50": 134.96406398,
    "_ema100": 138.00065246,
    "_ema200": 134.70909662,
    "_psar": 123.99951501,
    "_wr": -30.88158581,
    "_mom": 2.8,
    "_mom1": 11.33,
    "stock_diff": -4.19,
    "rsi_diff": -4.6
}
