{
    "open": 110.36,
    "low": 109.13,
    "high": 110.75,
    "close": 110.69,
    "volume": 877798,
    "change": 0.04519161,
    "_rsi": 46.56638522,
    "_rsi1": 46.43218817,
    "_stock_k": 64.35585347,
    "_stock_d": 51.68630098,
    "_stock_k1": 49.7149664,
    "_stock_d1": 41.65760464,
    "_macd_blue": -2.79716157,
    "_macd_orange": -2.12152793,
    "_cci20": 1.21740456,
    "_cci201": -5.31559064,
    "_ema10": 109.56225969,
    "_ema20": 110.86013899,
    "_ema30": 112.37445258,
    "_ema50": 114.07944017,
    "_ema100": 114.6861389,
    "_ema200": 112.89869048,
    "_psar": 104.56311564,
    "_wr": -14.6009085,
    "_mom": 5.27,
    "_mom1": 3.75,
    "stock_diff": 12.67,
    "rsi_diff": 0.13
}
