{
    "open": 544.47,
    "low": 528.865,
    "high": 546.53,
    "close": 538.93,
    "volume": 446265,
    "change": -0.27017524,
    "_rsi": 54.48897701,
    "_rsi1": 55.02962483,
    "_stock_k": 77.42816092,
    "_stock_d": 81.756862,
    "_stock_k1": 83.90804598,
    "_stock_d1": 85.09092419,
    "_macd_blue": 1.88657254,
    "_macd_orange": 5.09997662,
    "_cci20": 61.98498413,
    "_cci201": 60.39597765,
    "_ema10": 533.28383051,
    "_ema20": 527.49973701,
    "_ema30": 526.74465267,
    "_ema50": 533.53683808,
    "_ema100": 556.28206226,
    "_ema200": 566.98522725,
    "_psar": 494.77438818,
    "_wr": -21.89655172,
    "_mom": 40.85,
    "_mom1": 15.95,
    "stock_diff": -4.33,
    "rsi_diff": -0.54
}
