{
    "open": 25.82,
    "low": 25.62,
    "high": 25.88,
    "close": 25.62,
    "volume": 7244,
    "change": -0.88974855,
    "_rsi": 56.05853728,
    "_rsi1": 58.24931933,
    "_stock_k": 41.4661228,
    "_stock_d": 36.81422223,
    "_stock_k1": 36.30762026,
    "_stock_d1": 38.81995524,
    "_macd_blue": 0.68939701,
    "_macd_orange": 0.54059058,
    "_cci20": 33.06750443,
    "_cci201": 29.43442749,
    "_ema10": 25.55592155,
    "_ema20": 25.24119576,
    "_ema30": 24.79346108,
    "_ema50": 23.8848305,
    "_ema100": 22.01747446,
    "_ema200": 19.50576528,
    "_psar": 26.86985894,
    "_wr": -54.08970976,
    "_mom": -0.46,
    "_mom1": 0.55,
    "stock_diff": 4.65,
    "rsi_diff": -2.19
}
