{
    "open": 377.07,
    "low": 366.43,
    "high": 377.64,
    "close": 373.85,
    "volume": 3575239,
    "change": -0.49506268,
    "_rsi": 47.88129862,
    "_rsi1": 48.57582318,
    "_stock_k": 78.92915787,
    "_stock_d": 81.87905984,
    "_stock_k1": 84.24818203,
    "_stock_d1": 82.98021061,
    "_macd_blue": -13.76809829,
    "_macd_orange": -7.80076849,
    "_cci20": 34.57745653,
    "_cci201": 40.22860847,
    "_ema10": 370.61783011,
    "_ema20": 372.47304377,
    "_ema30": 382.57009554,
    "_ema50": 411.12759362,
    "_ema100": 466.41377939,
    "_ema200": 504.32275271,
    "_psar": 346.96198391,
    "_wr": -22.53694581,
    "_mom": 33.53,
    "_mom1": 18.94,
    "stock_diff": -2.95,
    "rsi_diff": -0.69
}
