{
    "open": 213.87,
    "low": 208.31,
    "high": 213.93,
    "close": 211.11,
    "volume": 8404667,
    "change": -3.25374639,
    "_rsi": 51.75232859,
    "_rsi1": 57.20431547,
    "_stock_k": 78.88937169,
    "_stock_d": 84.14013886,
    "_stock_k1": 88.99832343,
    "_stock_d1": 83.52407079,
    "_macd_blue": -2.69087593,
    "_macd_orange": -0.01320764,
    "_cci20": 68.57871986,
    "_cci201": 145.06818729,
    "_ema10": 209.19796871,
    "_ema20": 207.65966165,
    "_ema30": 209.42077508,
    "_ema50": 216.23220323,
    "_ema100": 230.6665692,
    "_ema200": 238.93704765,
    "_psar": 191.66092608,
    "_wr": -32.89433384,
    "_mom": 7.95,
    "_mom1": 26.13,
    "stock_diff": -5.25,
    "rsi_diff": -5.45
}
