{
    "open": 42.12,
    "low": 41.99,
    "high": 42.87,
    "close": 42.41,
    "volume": 19967469,
    "change": 2.9368932,
    "_rsi": 57.17655306,
    "_rsi1": 53.71912899,
    "_stock_k": 46.49288735,
    "_stock_d": 39.86165028,
    "_stock_k1": 38.625,
    "_stock_d1": 32.59318783,
    "_macd_blue": 0.61209417,
    "_macd_orange": 0.55554824,
    "_cci20": 74.85177207,
    "_cci201": 41.74941808,
    "_ema10": 40.91904082,
    "_ema20": 40.58249836,
    "_ema30": 40.08858262,
    "_ema50": 38.9064742,
    "_ema100": 36.50370859,
    "_ema200": 33.61652664,
    "_psar": 45.43699331,
    "_wr": -44.52133795,
    "_mom": -0.15,
    "_mom1": -3.88,
    "stock_diff": 6.63,
    "rsi_diff": 3.46
}
