{
    "open": 135.62,
    "low": 134.51,
    "high": 135.88,
    "close": 135.26,
    "volume": 2159867,
    "change": 0.12584203,
    "_rsi": 59.14760496,
    "_rsi1": 58.85213758,
    "_stock_k": 81.8868908,
    "_stock_d": 84.63209104,
    "_stock_k1": 84.85796195,
    "_stock_d1": 88.12440275,
    "_macd_blue": 1.55593091,
    "_macd_orange": 2.08636358,
    "_cci20": 79.25684666,
    "_cci201": 82.25262644,
    "_ema10": 133.86320197,
    "_ema20": 132.00215983,
    "_ema30": 131.01075121,
    "_ema50": 130.27016165,
    "_ema100": 129.2007164,
    "_ema200": 125.68429911,
    "_psar": 125.83885301,
    "_wr": -16.73182174,
    "_mom": 8.9,
    "_mom1": 5.53,
    "stock_diff": -2.75,
    "rsi_diff": 0.3
}
