{
    "open": 17.19,
    "low": 15.71,
    "high": 17.19,
    "close": 15.79,
    "volume": 142837,
    "change": -7.82253357,
    "_rsi": 46.87275839,
    "_rsi1": 55.95496783,
    "_stock_k": 62.98998045,
    "_stock_d": 44.10297191,
    "_stock_k1": 50.40515985,
    "_stock_d1": 26.69864998,
    "_macd_blue": -0.63437199,
    "_macd_orange": -0.53388106,
    "_cci20": 28.69207857,
    "_cci201": 55.95440108,
    "_ema10": 15.6443811,
    "_ema20": 15.98766281,
    "_ema30": 16.38777135,
    "_ema50": 17.05719821,
    "_ema100": 17.85079761,
    "_ema200": 17.82840699,
    "_psar": 13.8404,
    "_wr": -42.61363636,
    "stock_diff": 18.89,
    "rsi_diff": -9.08
}
