{
    "open": 17.19,
    "low": 15.75,
    "high": 17.19,
    "close": 16.12,
    "change": -5.89608873,
    "_rsi": 48.82439462,
    "_rsi1": 55.95496783,
    "_stock_k": 66.11498045,
    "_stock_d": 45.14463857,
    "_stock_k1": 50.40515985,
    "_stock_d1": 26.69864998,
    "_macd_blue": -0.62910704,
    "_macd_orange": -0.50755627,
    "_cci20": 41.55577345,
    "_cci201": 55.95440108,
    "_ema10": 15.7043811,
    "_ema20": 16.01909138,
    "_ema30": 16.40906167,
    "_ema50": 17.07013938,
    "_ema100": 17.85733227,
    "_ema200": 17.83169057,
    "_psar": 13.8404,
    "_wrr": -33.23863636,
    "stock_diff": 20.97,
    "rsi_diff": -7.13
}
