{
    "open": 2919.62,
    "low": 2817.68,
    "high": 2949,
    "close": 2837.06,
    "volume": 3695174,
    "change": -2.52294287,
    "_rsi": 42.30616026,
    "_rsi1": 45.78563976,
    "_stock_k": 52.43850993,
    "_stock_d": 43.01303777,
    "_stock_k1": 46.32167025,
    "_stock_d1": 28.93253265,
    "_macd_blue": -58.37935613,
    "_macd_orange": -67.47552751,
    "_cci20": -77.8407504,
    "_cci201": -38.45168021,
    "_ema10": 2891.20783854,
    "_ema20": 2944.95550389,
    "_ema30": 2987.28971865,
    "_ema50": 3059.48944191,
    "_ema100": 3172.09754216,
    "_ema200": 3232.50999254,
    "_psar": 2690.131072,
    "_wr": -60.33768411,
    "_mom": -234.2,
    "_mom1": -165.28,
    "stock_diff": 9.43,
    "rsi_diff": -3.48
}
