{
    "open": 57.75,
    "low": 57.72,
    "high": 59.78,
    "close": 59.69,
    "change": 4.57252978,
    "_rsi": 78.20035375,
    "_rsi1": 73.47579269,
    "_stock_k": 80.53097345,
    "_stock_d": 79.63266242,
    "_stock_k1": 74.92625369,
    "_stock_d1": 83.15044571,
    "_macd_blue": 3.33328796,
    "_macd_orange": 2.76661101,
    "_cci20": 120.26503615,
    "_cci201": 90.54563371,
    "_ema10": 56.16181392,
    "_ema20": 53.38511378,
    "_ema30": 51.53707669,
    "_ema50": 49.35566616,
    "_ema100": 46.95130959,
    "_ema200": 44.33083783,
    "_psar": 54.52938656,
    "stock_diff": 0.9,
    "rsi_diff": 4.72
}
