{
    "open": 91.45,
    "low": 91.33,
    "high": 93.08,
    "close": 92.58,
    "volume": 4587074,
    "change": 1.45753425,
    "_rsi": 39.20721966,
    "_rsi1": 34.95722176,
    "_stock_k": 34.74105533,
    "_stock_d": 34.61679082,
    "_stock_k1": 32.24097881,
    "_stock_d1": 34.98529266,
    "_macd_blue": -2.72679499,
    "_macd_orange": -2.74203803,
    "_cci20": -57.71562107,
    "_cci201": -68.74529283,
    "_ema10": 93.36972479,
    "_ema20": 95.52662619,
    "_ema30": 97.01303629,
    "_ema50": 98.09727091,
    "_ema100": 98.10045325,
    "_ema200": 96.568033,
    "_psar": 89.53233993,
    "_wr": -54.33839479,
    "_mom": 0.69,
    "_mom1": -2.56,
    "stock_diff": 0.12,
    "rsi_diff": 4.25
}
