{
    "open": 164.5,
    "low": 163.95,
    "high": 166.22,
    "close": 166.11,
    "volume": 1448359,
    "change": 1.18170189,
    "_rsi": 67.6695097,
    "_rsi1": 65.04940079,
    "_stock_k": 96.03912773,
    "_stock_d": 94.41653239,
    "_stock_k1": 94.97576031,
    "_stock_d1": 93.63946634,
    "_macd_blue": 1.20027654,
    "_macd_orange": 2.59424464,
    "_cci20": 143.45102148,
    "_cci201": 143.14746469,
    "_ema10": 161.03721271,
    "_ema20": 158.34322184,
    "_ema30": 157.47800206,
    "_ema50": 157.65807868,
    "_ema100": 158.12332639,
    "_ema200": 153.50135078,
    "_psar": 154.04348244,
    "_wr": -0.58823529,
    "_mom": 16.52,
    "_mom1": 12.68,
    "stock_diff": 1.62,
    "rsi_diff": 2.62
}
