{
    "open": 271.92,
    "low": 269.06,
    "high": 273.43,
    "close": 270.44,
    "volume": 452774,
    "change": -1.35327376,
    "_rsi": 48.17744019,
    "_rsi1": 51.50636279,
    "_stock_k": 68.21732338,
    "_stock_d": 71.16048526,
    "_stock_k1": 74.45466644,
    "_stock_d1": 70.31572451,
    "_macd_blue": -4.98182064,
    "_macd_orange": -2.59642874,
    "_cci20": 59.3052328,
    "_cci201": 110.19932182,
    "_ema10": 269.69320182,
    "_ema20": 270.06360707,
    "_ema30": 273.64418098,
    "_ema50": 282.64623844,
    "_ema100": 295.62525633,
    "_ema200": 296.2341951,
    "_psar": 253.3056,
    "_wr": -38.93421281,
    "_mom": -0.6,
    "_mom1": 0.69,
    "stock_diff": -2.94,
    "rsi_diff": -3.33
}
