{
    "open": 322.91,
    "low": 316.21,
    "high": 324,
    "close": 318.36,
    "volume": 3604093,
    "change": 0.49559645,
    "_rsi": 34.96497952,
    "_rsi1": 33.00914332,
    "_stock_k": 47.63989954,
    "_stock_d": 40.28223745,
    "_stock_k1": 38.97294671,
    "_stock_d1": 36.26295227,
    "_macd_blue": -12.01978881,
    "_macd_orange": -10.87089225,
    "_cci20": -39.93110472,
    "_cci201": -49.61479096,
    "_ema10": 320.47942393,
    "_ema20": 327.83866299,
    "_ema30": 335.61096905,
    "_ema50": 347.02988045,
    "_ema100": 355.47955181,
    "_ema200": 346.81528734,
    "_psar": 304.05065958,
    "_wr": -40.21943574,
    "_mom": 2.53,
    "_mom1": 0.14,
    "stock_diff": 7.36,
    "rsi_diff": 1.96
}
