{
    "open": 23.04,
    "low": 22.89,
    "high": 23.44,
    "close": 23.44,
    "volume": 6263288,
    "change": 2.3580786,
    "_rsi": 52.63136136,
    "_rsi1": 48.78630033,
    "_stock_k": 66.79012346,
    "_stock_d": 66.21399177,
    "_stock_k1": 66.66666667,
    "_stock_d1": 66.70781893,
    "_macd_blue": -0.20162283,
    "_macd_orange": -0.09639527,
    "_cci20": 66.84518133,
    "_cci201": 14.24360093,
    "_ema10": 22.99737632,
    "_ema20": 23.02278424,
    "_ema30": 23.1131216,
    "_ema50": 23.18894418,
    "_ema100": 22.98402978,
    "_ema200": 22.08761968,
    "_psar": 22.2834472,
    "_wr": -17.40740741,
    "_mom": 1.53,
    "_mom1": 0.9,
    "stock_diff": 0.58,
    "rsi_diff": 3.85
}
