{
    "open": 18.065,
    "low": 17.9719,
    "high": 18.25,
    "close": 18.12,
    "volume": 11356837,
    "change": 1.05967652,
    "_rsi": 56.13993975,
    "_rsi1": 53.76906244,
    "_stock_k": 50.44642857,
    "_stock_d": 41.20979532,
    "_stock_k1": 39.13690476,
    "_stock_d1": 32.51839371,
    "_macd_blue": 0.15593992,
    "_macd_orange": 0.12835635,
    "_cci20": 32.48128323,
    "_cci201": 14.23569229,
    "_ema10": 17.84697934,
    "_ema20": 17.77039555,
    "_ema30": 17.66543216,
    "_ema50": 17.47180271,
    "_ema100": 17.21128962,
    "_ema200": 16.96601163,
    "_psar": 18.63551127,
    "_wr": -45.98214286,
    "_mom": -0.21,
    "_mom1": -0.74,
    "stock_diff": 9.24,
    "rsi_diff": 2.37
}
