{
    "open": 10.02,
    "low": 9.99,
    "high": 10.02,
    "close": 9.99,
    "volume": 1313,
    "change": -1.7699115,
    "_rsi": 52.95232337,
    "_rsi1": 59.24710615,
    "_stock_k": 70.68928028,
    "_stock_d": 64.62129448,
    "_stock_k1": 63.49206349,
    "_stock_d1": 58.51851852,
    "_macd_blue": -0.02499819,
    "_macd_orange": 0.03508066,
    "_cci20": 67.29694012,
    "_cci201": 139.72538356,
    "_ema10": 9.95161241,
    "_ema20": 9.89158453,
    "_ema30": 9.90584563,
    "_ema50": 10.00006778,
    "_ema100": 10.18838003,
    "_ema200": 10.22514419,
    "_psar": 10.37076302,
    "_wr": -26.02739726,
    "_mom": 0.25,
    "_mom1": 0.72,
    "stock_diff": 6.07,
    "rsi_diff": -6.29
}
