{
    "open": 69.25,
    "low": 69.035,
    "high": 70.4,
    "close": 70.37,
    "volume": 1558165,
    "change": 2.0002899,
    "_rsi": 61.8245105,
    "_rsi1": 57.84658075,
    "_stock_k": 89.68367936,
    "_stock_d": 87.90163382,
    "_stock_k1": 86.05927552,
    "_stock_d1": 88.93690339,
    "_macd_blue": 0.33710512,
    "_macd_orange": 0.85901775,
    "_cci20": 105.545603,
    "_cci201": 83.07369604,
    "_ema10": 68.31166821,
    "_ema20": 67.41836691,
    "_ema30": 67.08397154,
    "_ema50": 66.72232124,
    "_ema100": 65.38226985,
    "_ema200": 61.83503353,
    "_psar": 63.49444749,
    "_wr": -0.32327586,
    "_mom": 7.66,
    "_mom1": 5.81,
    "stock_diff": 1.78,
    "rsi_diff": 3.98
}
