{
    "open": 66.25,
    "low": 66.08,
    "high": 68.1,
    "close": 67.77,
    "volume": 1081498,
    "change": 2.61962447,
    "_rsi": 55.18357977,
    "_rsi1": 51.16893123,
    "_stock_k": 83.23243623,
    "_stock_d": 81.67685258,
    "_stock_k1": 80.70525615,
    "_stock_d1": 83.69491831,
    "_macd_blue": -1.0565369,
    "_macd_orange": -0.30034557,
    "_cci20": 109.01082613,
    "_cci201": 61.50608729,
    "_ema10": 65.55123931,
    "_ema20": 65.39986094,
    "_ema30": 65.90910709,
    "_ema50": 66.84924436,
    "_ema100": 67.76544522,
    "_ema200": 66.46360484,
    "_psar": 62.07189118,
    "_wr": -3.2967033,
    "_mom": 7.19,
    "_mom1": 4.76,
    "stock_diff": 1.56,
    "rsi_diff": 4.01
}
