{
    "open": 43.48,
    "low": 43.33,
    "high": 44.26,
    "close": 43.73,
    "volume": 38450861,
    "change": 1.53238913,
    "_rsi": 52.38963314,
    "_rsi1": 49.18469753,
    "_stock_k": 79.36016512,
    "_stock_d": 82.15196086,
    "_stock_k1": 81.68214654,
    "_stock_d1": 85.14289828,
    "_macd_blue": -0.80061093,
    "_macd_orange": -0.37139828,
    "_cci20": 87.81667279,
    "_cci201": 50.72177396,
    "_ema10": 42.91418106,
    "_ema20": 42.97545789,
    "_ema30": 43.39340271,
    "_ema50": 44.04592127,
    "_ema100": 44.36952131,
    "_ema200": 42.96289985,
    "_psar": 40.98942852,
    "_wr": -13.93188854,
    "_mom": 3.4,
    "_mom1": 2.4,
    "stock_diff": -2.79,
    "rsi_diff": 3.2
}
