{
    "open": 705,
    "low": 666,
    "high": 706.8499,
    "close": 680.22,
    "volume": 1629558,
    "change": -3.51489362,
    "_rsi": 48.8312683,
    "_rsi1": 50.99019288,
    "_stock_k": 68.9865916,
    "_stock_d": 71.95100872,
    "_stock_k1": 74.76356273,
    "_stock_d1": 76.13444617,
    "_macd_blue": -46.35559479,
    "_macd_orange": -20.24679873,
    "_cci20": 59.05440084,
    "_cci201": 77.11058231,
    "_ema10": 673.51030629,
    "_ema20": 672.16459424,
    "_ema30": 704.69810584,
    "_ema50": 797.28841367,
    "_ema100": 982.89373912,
    "_ema200": 1123.40003493,
    "_psar": 587.80237,
    "_wr": -36.95829321,
    "_mom": 135.85,
    "_mom1": 151.82,
    "stock_diff": -2.96,
    "rsi_diff": -2.16
}
