{
    "open": 265.06,
    "low": 264.52,
    "high": 269.77,
    "close": 267.68,
    "volume": 2877134,
    "change": 0.68457083,
    "_rsi": 63.47174554,
    "_rsi1": 61.89181544,
    "_stock_k": 82.18120503,
    "_stock_d": 78.02960996,
    "_stock_k1": 76.08335142,
    "_stock_d1": 76.02913007,
    "_macd_blue": 3.99416332,
    "_macd_orange": 4.72479021,
    "_cci20": 109.09993889,
    "_cci201": 98.74823348,
    "_ema10": 262.5576876,
    "_ema20": 258.66318725,
    "_ema30": 255.99609954,
    "_ema50": 252.41373265,
    "_ema100": 245.79273073,
    "_ema200": 235.88070139,
    "_psar": 255.05493273,
    "_wr": -11.95335277,
    "_mom": 14.01,
    "_mom1": 12.39,
    "stock_diff": 4.15,
    "rsi_diff": 1.58
}
