{
    "open": 86.41,
    "low": 86.185,
    "high": 88.21,
    "close": 86.21,
    "volume": 56682,
    "change": -0.50778996,
    "_rsi": 66.50181799,
    "_rsi1": 67.41540436,
    "_stock_k": 85.25286579,
    "_stock_d": 75.49462538,
    "_stock_k1": 79.04920204,
    "_stock_d1": 65.0856013,
    "_macd_blue": 4.85220561,
    "_macd_orange": 4.80481949,
    "_cci20": 122.1199566,
    "_cci201": 124.15643508,
    "_ema10": 82.0687471,
    "_ema20": 78.65890326,
    "_ema30": 75.27347471,
    "_ema50": 69.71644797,
    "_ema100": 61.55183323,
    "_ema200": 53.11556858,
    "_psar": 74.799,
    "_wr": -14.63057791,
    "_mom": 0.45,
    "_mom1": 5.79,
    "stock_diff": 9.76,
    "rsi_diff": -0.91
}
