{
    "open": 70.43,
    "low": 70.36,
    "high": 72.3397,
    "close": 72.27,
    "volume": 2310520,
    "change": 2.61252307,
    "_rsi": 71.69728542,
    "_rsi1": 67.62775804,
    "_stock_k": 93.60352542,
    "_stock_d": 87.86112311,
    "_stock_k1": 86.90625085,
    "_stock_d1": 81.50843282,
    "_macd_blue": 1.31968562,
    "_macd_orange": 1.74784031,
    "_cci20": 192.71438484,
    "_cci201": 156.44949592,
    "_ema10": 68.5785042,
    "_ema20": 67.10767917,
    "_ema30": 66.10191613,
    "_ema50": 64.7629518,
    "_ema100": 62.72710093,
    "_ema200": 59.29603897,
    "_psar": 63.24066326,
    "_wr": -0.68739706,
    "_mom": 6.21,
    "_mom1": 2.92,
    "stock_diff": 5.74,
    "rsi_diff": 4.07
}
