{
    "open": 84.99,
    "low": 83.85,
    "high": 87.18,
    "close": 85.84,
    "volume": 90683,
    "change": 0.09328358,
    "_rsi": 74.66389689,
    "_rsi1": 74.60000027,
    "_stock_k": 86.58392435,
    "_stock_d": 87.30705777,
    "_stock_k1": 87.80331199,
    "_stock_d1": 89.32439905,
    "_macd_blue": 5.61238063,
    "_macd_orange": 6.55221443,
    "_cci20": 162.58689243,
    "_cci201": 163.14850788,
    "_ema10": 79.40082754,
    "_ema20": 74.15475768,
    "_ema30": 70.19005554,
    "_ema50": 64.72802856,
    "_ema100": 57.70464594,
    "_ema200": 50.49185637,
    "_psar": 73.42128409,
    "_wr": -5.93971631,
    "stock_diff": -0.72,
    "rsi_diff": 0.06
}
