{
    "open": 84.99,
    "low": 83.85,
    "high": 86,
    "close": 85.04,
    "change": -0.83955224,
    "_rsi": 72.94433647,
    "_rsi1": 74.60000027,
    "_stock_k": 85.40189125,
    "_stock_d": 86.91304674,
    "_stock_k1": 87.80331199,
    "_stock_d1": 89.32439905,
    "_macd_blue": 5.5996171,
    "_macd_orange": 6.48839676,
    "_cci20": 155.25051943,
    "_cci201": 163.14850788,
    "_ema10": 79.25537299,
    "_ema20": 74.07856721,
    "_ema30": 70.13844263,
    "_ema50": 64.69665601,
    "_ema100": 57.68880436,
    "_ema200": 50.48389617,
    "_psar": 73.42128409,
    "_wrr": -9.4858156,
    "stock_diff": -1.51,
    "rsi_diff": -1.66
}
