{
    "open": 64.53,
    "low": 64.26,
    "high": 65.15,
    "close": 64.53,
    "change": 1.00172171,
    "_rsi": 41.15445664,
    "_rsi1": 39.13025889,
    "_stock_k": 27.88343889,
    "_stock_d": 19.20407254,
    "_stock_k1": 18.85545222,
    "_stock_d1": 11.42498685,
    "_macd_blue": -1.57239349,
    "_macd_orange": -2.01645588,
    "_cci20": -72.18427335,
    "_cci201": -97.31501749,
    "_ema10": 65.16496798,
    "_ema20": 66.93063703,
    "_ema30": 67.93323703,
    "_ema50": 68.82905824,
    "_ema100": 69.01438968,
    "_ema200": 66.97897173,
    "_psar": 61.45,
    "_wrr": -68.37782341,
    "stock_diff": 8.68,
    "rsi_diff": 2.02
}
