{
    "open": 64.53,
    "low": 63.11,
    "high": 65.15,
    "close": 63.15,
    "volume": 7028748,
    "change": -1.15824073,
    "_rsi": 37.63345402,
    "_rsi1": 39.13025889,
    "_stock_k": 23.16064629,
    "_stock_d": 17.62980834,
    "_stock_k1": 18.85545222,
    "_stock_d1": 11.42498685,
    "_macd_blue": -1.59441058,
    "_macd_orange": -2.12654135,
    "_cci20": -87.85632657,
    "_cci201": -97.31501749,
    "_ema10": 64.91405888,
    "_ema20": 66.79920846,
    "_ema30": 67.84420477,
    "_ema50": 68.77494059,
    "_ema100": 68.98706295,
    "_ema200": 66.96524039,
    "_psar": 61.45,
    "_wr": -82.54620123,
    "stock_diff": 5.53,
    "rsi_diff": -1.5
}
