{
    "open": 64.53,
    "low": 63.99,
    "high": 65.15,
    "close": 64.19,
    "change": 0.46955705,
    "_rsi": 40.09616577,
    "_rsi1": 39.13025889,
    "_stock_k": 26.71985231,
    "_stock_d": 18.81621035,
    "_stock_k1": 18.85545222,
    "_stock_d1": 11.42498685,
    "_macd_blue": -1.57781799,
    "_macd_orange": -2.04357839,
    "_cci20": -76.00091282,
    "_cci201": -97.31501749,
    "_ema10": 65.10314979,
    "_ema20": 66.89825608,
    "_ema30": 67.91130155,
    "_ema50": 68.8157249,
    "_ema100": 69.00765701,
    "_ema200": 66.97558865,
    "_psar": 61.45,
    "_wrr": -71.86858316,
    "stock_diff": 7.9,
    "rsi_diff": 0.97
}
