{
    "open": 304,
    "low": 285.86,
    "high": 305.4,
    "close": 288.05,
    "volume": 1819781,
    "change": -6.06554704,
    "_rsi": 47.13541119,
    "_rsi1": 50.581959,
    "_stock_k": 94.68374404,
    "_stock_d": 94.75616524,
    "_stock_k1": 95.35904317,
    "_stock_d1": 89.77618167,
    "_macd_blue": -43.59480413,
    "_macd_orange": -24.99512487,
    "_cci20": 73.29259899,
    "_cci201": 75.21326855,
    "_ema10": 276.30353663,
    "_ema20": 284.62929488,
    "_ema30": 311.06818817,
    "_ema50": 365.31112642,
    "_ema100": 447.19755155,
    "_ema200": 484.91942036,
    "_psar": 199.82699894,
    "_wr": -14.31056435,
    "_mom": 99.29,
    "_mom1": 108.24,
    "stock_diff": -0.07,
    "rsi_diff": -3.45
}
