{
    "open": 458.3,
    "low": 455.42,
    "high": 468.12,
    "close": 467.93,
    "volume": 314888,
    "change": 2.92319198,
    "_rsi": 68.90092841,
    "_rsi1": 63.72973123,
    "_stock_k": 96.38481971,
    "_stock_d": 90.75413941,
    "_stock_k1": 93.96646175,
    "_stock_d1": 80.92618167,
    "_macd_blue": 4.11603587,
    "_macd_orange": 7.53183302,
    "_cci20": 209.13733369,
    "_cci201": 150.18947336,
    "_ema10": 445.04406145,
    "_ema20": 437.90309588,
    "_ema30": 434.36144098,
    "_ema50": 431.35886509,
    "_ema100": 430.25171838,
    "_ema200": 425.64370576,
    "_psar": 420.2599968,
    "_wr": -0.36370597,
    "_mom": 42.86,
    "_mom1": 13.22,
    "stock_diff": 5.63,
    "rsi_diff": 5.17
}
