{
    "open": 59.48,
    "low": 59.31,
    "high": 61.265,
    "close": 60.69,
    "change": 0.7804716,
    "_rsi": 71.79835297,
    "_rsi1": 70.77432358,
    "_stock_k": 79.32960894,
    "_stock_d": 77.73191437,
    "_stock_k1": 76.28801986,
    "_stock_d1": 79.24887564,
    "_macd_blue": 2.07732572,
    "_macd_orange": 2.43319361,
    "_cci20": 116.35715751,
    "_cci201": 109.42656905,
    "_ema10": 58.28750093,
    "_ema20": 56.35021225,
    "_ema30": 54.82738599,
    "_ema50": 52.32404622,
    "_ema100": 47.90514303,
    "_ema200": 42.37091824,
    "_psar": 56.80701513,
    "_wrr": -10.61452514,
    "stock_diff": 1.6,
    "rsi_diff": 1.02
}
