{
    "open": 59.48,
    "low": 59.31,
    "high": 61.265,
    "close": 60.42,
    "change": 0.33211558,
    "_rsi": 71.21903213,
    "_rsi1": 70.77432358,
    "_stock_k": 78.49162011,
    "_stock_d": 77.45258476,
    "_stock_k1": 76.28801986,
    "_stock_d1": 79.24887564,
    "_macd_blue": 2.07301803,
    "_macd_orange": 2.41165515,
    "_cci20": 114.49162895,
    "_cci201": 109.42656905,
    "_ema10": 58.23841003,
    "_ema20": 56.32449797,
    "_ema30": 54.80996664,
    "_ema50": 52.31345798,
    "_ema100": 47.89979649,
    "_ema200": 42.36823167,
    "_psar": 56.80701513,
    "_wrr": -13.12849162,
    "stock_diff": 1.04,
    "rsi_diff": 0.44
}
