{
    "open": 59.48,
    "low": 59.31,
    "high": 61.265,
    "close": 60.89,
    "volume": 2859645,
    "change": 1.11258718,
    "_rsi": 72.21266438,
    "_rsi1": 70.77432358,
    "_stock_k": 79.9503414,
    "_stock_d": 77.93882519,
    "_stock_k1": 76.28801986,
    "_stock_d1": 79.24887564,
    "_macd_blue": 2.08051661,
    "_macd_orange": 2.44914803,
    "_cci20": 117.734709,
    "_cci201": 109.42656905,
    "_ema10": 58.32386457,
    "_ema20": 56.36925987,
    "_ema30": 54.84028922,
    "_ema50": 52.33188935,
    "_ema100": 47.90910342,
    "_ema200": 42.37290829,
    "_psar": 56.80701513,
    "_wr": -8.75232775,
    "stock_diff": 2.01,
    "rsi_diff": 1.44
}
