{
    "open": 393,
    "low": 386.4487,
    "high": 399.55,
    "close": 393.86,
    "volume": 2466492,
    "change": 1.12457636,
    "_rsi": 59.97811404,
    "_rsi1": 58.29158162,
    "_stock_k": 76.72508678,
    "_stock_d": 66.20523241,
    "_stock_k1": 66.14173228,
    "_stock_d1": 57.92199362,
    "_macd_blue": 0.24029904,
    "_macd_orange": 2.96007881,
    "_cci20": 100.52228685,
    "_cci201": 75.63853409,
    "_ema10": 378.00409543,
    "_ema20": 374.73665159,
    "_ema30": 373.41109482,
    "_ema50": 370.7988017,
    "_ema100": 365.47685231,
    "_ema200": 353.98702623,
    "_psar": 358.24443869,
    "_wr": -14.77012954,
    "_mom": 33.84,
    "_mom1": 42.5,
    "stock_diff": 10.52,
    "rsi_diff": 1.69
}
