{
    "open": 60.5,
    "low": 60.245,
    "high": 61.1,
    "close": 60.4569,
    "volume": 9475395,
    "change": 0.59384359,
    "_rsi": 50.88550581,
    "_rsi1": 48.70737869,
    "_stock_k": 49.19625604,
    "_stock_d": 44.21678744,
    "_stock_k1": 43.1763285,
    "_stock_d1": 38.12399356,
    "_macd_blue": -0.32244003,
    "_macd_orange": -0.34812553,
    "_cci20": 1.23422417,
    "_cci201": -29.32684885,
    "_ema10": 59.89938687,
    "_ema20": 60.21459678,
    "_ema30": 60.33024121,
    "_ema50": 60.10269482,
    "_ema100": 59.016942,
    "_ema200": 57.28960075,
    "_psar": 61.51616515,
    "_wr": -46.43297101,
    "_mom": -0.6231,
    "_mom1": -2.47,
    "stock_diff": 4.98,
    "rsi_diff": 2.18
}
