{
    "open": 110.82,
    "low": 110.69,
    "high": 112.4,
    "close": 112.36,
    "volume": 865022,
    "change": 1.15232265,
    "_rsi": 57.34595837,
    "_rsi1": 53.72413171,
    "_stock_k": 89.42651931,
    "_stock_d": 74.98260218,
    "_stock_k1": 73.98158587,
    "_stock_d1": 62.50314763,
    "_macd_blue": -0.95491547,
    "_macd_orange": -0.49000364,
    "_cci20": 123.65481875,
    "_cci201": 61.34533814,
    "_ema10": 109.65559578,
    "_ema20": 109.87384492,
    "_ema30": 110.19349435,
    "_ema50": 110.06147727,
    "_ema100": 108.41060392,
    "_ema200": 104.3770944,
    "_psar": 105.25885197,
    "_wr": -0.49261084,
    "_mom": 2.72,
    "_mom1": 2.09,
    "stock_diff": 14.44,
    "rsi_diff": 3.62
}
