{
    "open": 288.77,
    "low": 284.28,
    "high": 289.71,
    "close": 287.53,
    "volume": 1355972,
    "change": 0.34900359,
    "_rsi": 57.4689983,
    "_rsi1": 56.75598202,
    "_stock_k": 79.86370814,
    "_stock_d": 84.37566985,
    "_stock_k1": 85.15748359,
    "_stock_d1": 89.06655547,
    "_macd_blue": 0.61696929,
    "_macd_orange": 3.181149,
    "_cci20": 93.94176674,
    "_cci201": 93.84605486,
    "_ema10": 283.47457971,
    "_ema20": 279.58435292,
    "_ema30": 279.24583399,
    "_ema50": 282.13151373,
    "_ema100": 288.40586144,
    "_ema200": 285.15689097,
    "_psar": 268.15047223,
    "_wr": -18.07529294,
    "_mom": 25.01,
    "_mom1": 22.7,
    "stock_diff": -4.51,
    "rsi_diff": 0.71
}
