{
    "open": 99.93,
    "low": 98.939,
    "high": 100.34,
    "close": 99.26,
    "volume": 1186964,
    "change": -0.66052842,
    "_rsi": 55.20855105,
    "_rsi1": 57.24834697,
    "_stock_k": 93.60950015,
    "_stock_d": 85.28351629,
    "_stock_k1": 90.07784703,
    "_stock_d1": 69.54682315,
    "_macd_blue": -0.99124094,
    "_macd_orange": -0.30778075,
    "_cci20": 142.58157117,
    "_cci201": 150.17909188,
    "_ema10": 97.24179223,
    "_ema20": 97.13253046,
    "_ema30": 97.64272003,
    "_ema50": 98.80121956,
    "_ema100": 100.25995266,
    "_ema200": 99.28604401,
    "_psar": 93.200308,
    "_wr": -14.32360743,
    "_mom": 5.56,
    "_mom1": 3.31,
    "stock_diff": 8.33,
    "rsi_diff": -2.04
}
