{
    "open": 37.71,
    "low": 37.54,
    "high": 38.76,
    "close": 38.52,
    "volume": 1361292,
    "change": 2.96712109,
    "_rsi": 46.29880444,
    "_rsi1": 40.66365175,
    "_stock_k": 69.26539232,
    "_stock_d": 63.12241586,
    "_stock_k1": 59.83013276,
    "_stock_d1": 59.03926766,
    "_macd_blue": -1.47518824,
    "_macd_orange": -1.12264182,
    "_cci20": 6.76794187,
    "_cci201": -31.90229195,
    "_ema10": 38.04539721,
    "_ema20": 38.69881299,
    "_ema30": 39.5813055,
    "_ema50": 40.97369953,
    "_ema100": 42.78918343,
    "_ema200": 43.88554378,
    "_psar": 35.93525399,
    "_wr": -13.44339623,
    "_mom": 1.8,
    "_mom1": -0.05,
    "stock_diff": 6.14,
    "rsi_diff": 5.64
}
