{
    "open": 379.76,
    "low": 368.9,
    "high": 379.76,
    "close": 375.71,
    "volume": 3885159,
    "change": 0.32577639,
    "_rsi": 48.57582318,
    "_rsi1": 48.1174649,
    "_stock_k": 84.24818203,
    "_stock_d": 82.98021061,
    "_stock_k1": 82.45983962,
    "_stock_d1": 78.72945806,
    "_macd_blue": -15.25993074,
    "_macd_orange": -8.81082919,
    "_cci20": 40.22860847,
    "_cci201": 50.02314452,
    "_ema10": 369.89957014,
    "_ema20": 372.32810101,
    "_ema30": 383.17148144,
    "_ema50": 412.64912805,
    "_ema100": 468.28375473,
    "_ema200": 505.63403666,
    "_psar": 343.50998251,
    "_wr": -19.26460239,
    "_mom": 18.94,
    "_mom1": 15.7,
    "stock_diff": 1.27,
    "rsi_diff": 0.46
}
