{
    "open": 152.95,
    "low": 152.12,
    "high": 154.19,
    "close": 152.82,
    "volume": 410707,
    "change": -0.41704679,
    "_rsi": 56.11669097,
    "_rsi1": 57.50818679,
    "_stock_k": 79.86727882,
    "_stock_d": 87.33765918,
    "_stock_k1": 87.21843989,
    "_stock_d1": 92.83871281,
    "_macd_blue": 2.20760312,
    "_macd_orange": 2.52218676,
    "_cci20": 64.4231656,
    "_cci201": 102.62233725,
    "_ema10": 152.94615246,
    "_ema20": 150.96327891,
    "_ema30": 149.35285467,
    "_ema50": 146.73652672,
    "_ema100": 143.33313694,
    "_ema200": 140.2972146,
    "_psar": 148.82512773,
    "_wr": -27.98324717,
    "_mom": 5.17,
    "_mom1": 12.66,
    "stock_diff": -7.47,
    "rsi_diff": -1.39
}
