{
    "open": 142.51,
    "low": 142.035,
    "high": 146.43,
    "close": 146.14,
    "volume": 11457498,
    "change": 3.35950209,
    "_rsi": 43.01517408,
    "_rsi1": 35.51089762,
    "_stock_k": 18.88708424,
    "_stock_d": 24.30711076,
    "_stock_k1": 19.35031238,
    "_stock_d1": 28.8385425,
    "_macd_blue": -3.37623452,
    "_macd_orange": -3.74560528,
    "_cci20": -97.43842659,
    "_cci201": -153.53637824,
    "_ema10": 146.82225063,
    "_ema20": 149.7429329,
    "_ema30": 152.08453467,
    "_ema50": 155.3210122,
    "_ema100": 157.76342785,
    "_ema200": 154.25689552,
    "_psar": 153.93408488,
    "_wr": -64.63331049,
    "_mom": -4.85,
    "_mom1": -12.68,
    "stock_diff": -5.42,
    "rsi_diff": 7.5
}
