{
    "open": 52.04,
    "low": 51.45,
    "high": 52.2,
    "close": 52.04,
    "volume": 3879621,
    "change": 0.59926542,
    "_rsi": 43.88863027,
    "_rsi1": 42.37625824,
    "_stock_k": 71.71717172,
    "_stock_d": 74.30095306,
    "_stock_k1": 73.26041707,
    "_stock_d1": 75.86165612,
    "_macd_blue": -1.70649418,
    "_macd_orange": -1.27009423,
    "_cci20": 19.86328821,
    "_cci201": 29.72884433,
    "_ema10": 51.94669722,
    "_ema20": 52.66791056,
    "_ema30": 53.66688986,
    "_ema50": 55.05055579,
    "_ema100": 55.9286131,
    "_ema200": 54.48450132,
    "_psar": 49.71467008,
    "_wr": -30.73593074,
    "_mom": 2.04,
    "_mom1": -0.45,
    "stock_diff": -2.58,
    "rsi_diff": 1.51
}
