{
    "open": 213.26,
    "low": 207.755,
    "high": 214.74,
    "close": 212.14,
    "volume": 1466007,
    "change": -0.42712978,
    "_rsi": 48.91240144,
    "_rsi1": 49.5435511,
    "_stock_k": 75.36320851,
    "_stock_d": 77.69976828,
    "_stock_k1": 79.44423957,
    "_stock_d1": 79.75777103,
    "_macd_blue": -6.76252725,
    "_macd_orange": -3.90306815,
    "_cci20": 44.96740279,
    "_cci201": 27.70225651,
    "_ema10": 209.44524354,
    "_ema20": 210.67102408,
    "_ema30": 215.03348229,
    "_ema50": 225.28724658,
    "_ema100": 245.16529229,
    "_ema200": 261.69196029,
    "_psar": 197.08662231,
    "_wr": -20.65684469,
    "_mom": 19.83,
    "_mom1": 13.26,
    "stock_diff": -2.34,
    "rsi_diff": -0.63
}
