{
    "open": 60,
    "low": 58.795,
    "high": 60.3,
    "close": 58.85,
    "volume": 9088932,
    "change": -1.88396132,
    "_rsi": 38.05475127,
    "_rsi1": 44.3993771,
    "_stock_k": 45.64001316,
    "_stock_d": 46.42974663,
    "_stock_k1": 49.39124712,
    "_stock_d1": 42.2617089,
    "_macd_blue": -1.47510236,
    "_macd_orange": -1.16817092,
    "_cci20": -25.37289253,
    "_cci201": 0.93257421,
    "_ema10": 59.25285826,
    "_ema20": 59.92538319,
    "_ema30": 60.90458834,
    "_ema50": 62.67971288,
    "_ema100": 65.10467848,
    "_ema200": 66.48400303,
    "_psar": 60.522,
    "_wr": -67.12734452,
    "_mom": -0.15,
    "_mom1": 0.44,
    "stock_diff": -0.79,
    "rsi_diff": -6.34
}
