{
    "open": 125.06,
    "low": 123.63,
    "high": 125.57,
    "close": 125.57,
    "volume": 2273433,
    "change": 0.74614891,
    "_rsi": 47.53215367,
    "_rsi1": 45.49180875,
    "_stock_k": 72.65088673,
    "_stock_d": 70.05055789,
    "_stock_k1": 69.1283436,
    "_stock_d1": 65.67762189,
    "_macd_blue": -1.83014369,
    "_macd_orange": -1.33158642,
    "_cci20": -16.91612824,
    "_cci201": 1.60579879,
    "_ema10": 125.21544119,
    "_ema20": 125.97667784,
    "_ema30": 127.00006475,
    "_ema50": 128.53960368,
    "_ema100": 131.01403442,
    "_ema200": 133.28455317,
    "_psar": 119.55513544,
    "_wr": -27.16499544,
    "_mom": 1.89,
    "_mom1": -0.88,
    "stock_diff": 2.6,
    "rsi_diff": 2.04
}
