{
    "open": 74.86,
    "low": 73.315,
    "high": 74.86,
    "close": 73.32,
    "volume": 51397,
    "change": -1.67627732,
    "_rsi": 38.32836095,
    "_rsi1": 42.62036081,
    "_stock_k": 42.8491931,
    "_stock_d": 41.4752688,
    "_stock_k1": 44.00288599,
    "_stock_d1": 39.76030337,
    "_macd_blue": -0.95899798,
    "_macd_orange": -1.04914719,
    "_cci20": -115.82742603,
    "_cci201": -98.62644706,
    "_ema10": 74.71970326,
    "_ema20": 75.51994572,
    "_ema30": 76.20610999,
    "_ema50": 77.24132099,
    "_ema100": 78.14920771,
    "_ema200": 77.02466158,
    "_psar": 72.66392949,
    "_wr": -74.12353923,
    "stock_diff": 1.37,
    "rsi_diff": -4.29
}
