{
    "open": 74.86,
    "low": 73.87,
    "high": 74.86,
    "close": 74.03,
    "change": -0.7241518,
    "_rsi": 40.65372672,
    "_rsi1": 42.62036081,
    "_stock_k": 46.80022259,
    "_stock_d": 42.79227863,
    "_stock_k1": 44.00288599,
    "_stock_d1": 39.76030337,
    "_macd_blue": -0.94767034,
    "_macd_orange": -0.99250901,
    "_cci20": -92.85122122,
    "_cci201": -98.62644706,
    "_ema10": 74.84879417,
    "_ema20": 75.58756477,
    "_ema30": 76.25191645,
    "_ema50": 77.26916413,
    "_ema100": 78.16326711,
    "_ema200": 77.03172626,
    "_psar": 72.66392949,
    "_wrr": -62.27045075,
    "stock_diff": 4.01,
    "rsi_diff": -1.97
}
