{
    "open": 74.86,
    "low": 73.315,
    "high": 74.86,
    "close": 73.315,
    "volume": 51397,
    "change": -1.68298243,
    "_rsi": 38.31292804,
    "_rsi1": 42.62036081,
    "_stock_k": 42.82136895,
    "_stock_d": 41.46599408,
    "_stock_k1": 44.00288599,
    "_stock_d1": 39.76030337,
    "_macd_blue": -0.95907775,
    "_macd_orange": -1.04954605,
    "_cci20": -115.91626248,
    "_cci201": -98.62644706,
    "_ema10": 74.71879417,
    "_ema20": 75.51946953,
    "_ema30": 76.20578741,
    "_ema50": 77.24112491,
    "_ema100": 78.1491087,
    "_ema200": 77.02461183,
    "_psar": 72.66392949,
    "_wr": -74.20701169,
    "stock_diff": 1.36,
    "rsi_diff": -4.31
}
