{
    "open": 85.77,
    "low": 85.71,
    "high": 89.26,
    "close": 87.8,
    "volume": 52748,
    "change": 1.8443336,
    "_rsi": 68.17992921,
    "_rsi1": 66.50181799,
    "_stock_k": 89.93018882,
    "_stock_d": 84.74408555,
    "_stock_k1": 85.25286579,
    "_stock_d1": 75.49462538,
    "_macd_blue": 4.87365107,
    "_macd_orange": 4.95943294,
    "_cci20": 122.29819218,
    "_cci201": 122.1199566,
    "_ema10": 83.11079308,
    "_ema20": 79.5294839,
    "_ema30": 76.08163763,
    "_ema50": 70.42560688,
    "_ema100": 62.07159891,
    "_ema200": 53.4606873,
    "_psar": 75.33544,
    "_wr": -9.91847826,
    "_mom": 1.96,
    "_mom1": 0.45,
    "stock_diff": 5.19,
    "rsi_diff": 1.68
}
