{
    "open": 171.75,
    "low": 167.63,
    "high": 172.31,
    "close": 167.9,
    "volume": 2999063,
    "change": -1.00235849,
    "_rsi": 39.50994824,
    "_rsi1": 40.77954635,
    "_stock_k": 31.3046382,
    "_stock_d": 23.14968114,
    "_stock_k1": 24.5556163,
    "_stock_d1": 14.64978711,
    "_macd_blue": -1.41319116,
    "_macd_orange": -4.33375726,
    "_cci20": -91.02186588,
    "_cci201": -108.42240101,
    "_ema10": 172.68603789,
    "_ema20": 177.57438132,
    "_ema30": 178.65099748,
    "_ema50": 177.8651573,
    "_ema100": 174.66638155,
    "_ema200": 167.28305919,
    "_psar": 175.76795338,
    "_wr": -69.87385605,
    "stock_diff": 8.15,
    "rsi_diff": -1.27
}
