{
    "open": 171.75,
    "low": 168.83,
    "high": 172.31,
    "close": 170.11,
    "change": 0.30070755,
    "_rsi": 41.34498592,
    "_rsi1": 40.77954635,
    "_stock_k": 33.12671751,
    "_stock_d": 23.75704091,
    "_stock_k1": 24.5556163,
    "_stock_d1": 14.64978711,
    "_macd_blue": -1.3779319,
    "_macd_orange": -4.15746096,
    "_cci20": -84.72571104,
    "_cci201": -108.42240101,
    "_ema10": 173.08785607,
    "_ema20": 177.78485751,
    "_ema30": 178.79357813,
    "_ema50": 177.95182397,
    "_ema100": 174.71014393,
    "_ema200": 167.30504924,
    "_psar": 175.76795338,
    "_wrr": -64.40761811,
    "stock_diff": 9.37,
    "rsi_diff": 0.57
}
