{
    "open": 171.75,
    "low": 168.83,
    "high": 172.31,
    "close": 171.2899,
    "change": 0.9964033,
    "_rsi": 42.61265425,
    "_rsi1": 40.77954635,
    "_stock_k": 34.09950999,
    "_stock_d": 24.08130507,
    "_stock_k1": 24.5556163,
    "_stock_d1": 14.64978711,
    "_macd_blue": -1.35910728,
    "_macd_orange": -4.06333789,
    "_cci20": -82.52972242,
    "_cci201": -108.42240101,
    "_ema10": 173.30238334,
    "_ema20": 177.89722894,
    "_ema30": 178.86970071,
    "_ema50": 177.99809455,
    "_ema100": 174.73350828,
    "_ema200": 167.31678953,
    "_psar": 175.76795338,
    "_wrr": -61.48924066,
    "stock_diff": 10.02,
    "rsi_diff": 1.83
}
