{
    "open": 118.98,
    "low": 114.98,
    "high": 119.35,
    "close": 115.29,
    "volume": 452385,
    "change": -3.49070819,
    "_rsi": 45.86125297,
    "_rsi1": 55.8304657,
    "_stock_k": 56.18425825,
    "_stock_d": 57.63511063,
    "_stock_k1": 61.66122597,
    "_stock_d1": 56.30516262,
    "_macd_blue": -1.01222861,
    "_macd_orange": -0.67303466,
    "_cci20": 8.54357933,
    "_cci201": 110.65280118,
    "_ema10": 116.3380684,
    "_ema20": 116.64544811,
    "_ema30": 117.2982722,
    "_ema50": 118.77624957,
    "_ema100": 120.83163207,
    "_ema200": 119.45185866,
    "_psar": 112.38996288,
    "_wr": -61.58868335,
    "_mom": 0.21,
    "_mom1": 5.77,
    "stock_diff": -1.45,
    "rsi_diff": -9.97
}
