{
    "open": 214.5,
    "low": 207.63,
    "high": 214.71,
    "close": 209.61,
    "volume": 22222939,
    "change": -3.17797589,
    "_rsi": 47.00240097,
    "_rsi1": 50.86501188,
    "_stock_k": 85.45309191,
    "_stock_d": 74.39403184,
    "_stock_k1": 81.57745786,
    "_stock_d1": 56.00409939,
    "_macd_blue": -15.80082185,
    "_macd_orange": -10.30578224,
    "_cci20": 103.58264837,
    "_cci201": 133.64998975,
    "_ema10": 203.3117292,
    "_ema20": 207.70229439,
    "_ema30": 217.92892114,
    "_ema50": 238.79678756,
    "_ema100": 272.00915932,
    "_ema200": 293.51413162,
    "_psar": 188.5963904,
    "_wr": -23.20852163,
    "_mom": 22.14,
    "_mom1": 16.43,
    "stock_diff": 11.06,
    "rsi_diff": -3.86
}
