{
    "open": 242.45,
    "low": 238.48,
    "high": 243.6,
    "close": 238.5,
    "volume": 1530331,
    "change": -2.06545395,
    "_rsi": 54.45007268,
    "_rsi1": 61.30934255,
    "_stock_k": 79.16667345,
    "_stock_d": 85.72412685,
    "_stock_k1": 87.03950513,
    "_stock_d1": 88.11558293,
    "_macd_blue": 1.85291081,
    "_macd_orange": 2.68185564,
    "_cci20": 64.66438777,
    "_cci201": 125.51346872,
    "_ema10": 238.21421858,
    "_ema20": 235.84282144,
    "_ema30": 234.3883678,
    "_ema50": 231.98567205,
    "_ema100": 227.75560733,
    "_ema200": 224.17485771,
    "_psar": 228.21053571,
    "_wr": -36.70212766,
    "_mom": 7.24,
    "_mom1": 14.43,
    "stock_diff": -6.56,
    "rsi_diff": -6.86
}
