{
    "open": 63.76,
    "low": 63.41,
    "high": 64.2,
    "close": 64.09,
    "volume": 3611397,
    "change": 1.24802528,
    "_rsi": 63.99953586,
    "_rsi1": 61.50129197,
    "_stock_k": 87.21659431,
    "_stock_d": 87.63570441,
    "_stock_k1": 87.29940117,
    "_stock_d1": 89.53579008,
    "_macd_blue": 0.55275299,
    "_macd_orange": 1.0179775,
    "_cci20": 134.67334142,
    "_cci201": 136.54292504,
    "_ema10": 62.26111921,
    "_ema20": 61.29436847,
    "_ema30": 60.79410356,
    "_ema50": 60.13279658,
    "_ema100": 59.5214726,
    "_ema200": 59.23399129,
    "_psar": 59.97753953,
    "_wr": -6.36758321,
    "_mom": 3.46,
    "_mom1": 3.5,
    "stock_diff": -0.42,
    "rsi_diff": 2.5
}
