{
    "open": 453.36,
    "low": 453.36,
    "high": 460.43,
    "close": 458.18,
    "volume": 479574,
    "change": 0.79415712,
    "_rsi": 62.18483695,
    "_rsi1": 60.89189732,
    "_stock_k": 53.5629853,
    "_stock_d": 46.19089046,
    "_stock_k1": 44.28565364,
    "_stock_d1": 39.08547816,
    "_macd_blue": 11.04733553,
    "_macd_orange": 10.51349532,
    "_cci20": 76.219966,
    "_cci201": 47.87098943,
    "_ema10": 446.05751148,
    "_ema20": 438.79019162,
    "_ema30": 431.31891303,
    "_ema50": 419.46854267,
    "_ema100": 401.92022632,
    "_ema200": 383.14130919,
    "_psar": 417.0082,
    "_wr": -31.85510071,
    "_mom": 21.88,
    "_mom1": 9.96,
    "stock_diff": 7.37,
    "rsi_diff": 1.29
}
