{
    "open": 200,
    "low": 185.53,
    "high": 200.01,
    "close": 189.4359,
    "change": -4.25276725,
    "_rsi": 29.24053006,
    "_rsi1": 30.94589271,
    "_stock_k": 13.49970525,
    "_stock_d": 12.16871701,
    "_stock_k1": 13.65928244,
    "_stock_d1": 8.70746795,
    "_macd_blue": -18.28165619,
    "_macd_orange": -24.96887063,
    "_cci20": -118.71688742,
    "_cci201": -127.92044089,
    "_ema10": 216.61375593,
    "_ema20": 238.29885225,
    "_ema30": 251.93813213,
    "_ema50": 270.31547126,
    "_ema100": 289.79938313,
    "_ema200": 293.75920394,
    "_psar": 231.34964902,
    "_wrr": -93.28664528,
    "stock_diff": 1.33,
    "rsi_diff": -1.71
}
