{
    "open": 200,
    "low": 179.93,
    "high": 200.01,
    "close": 180.42,
    "volume": 5850956,
    "change": -8.80970432,
    "_rsi": 27.61016752,
    "_rsi1": 30.94589271,
    "_stock_k": 11.42119225,
    "_stock_d": 11.47587934,
    "_stock_k1": 13.65928244,
    "_stock_d1": 8.70746795,
    "_macd_blue": -18.42549961,
    "_macd_orange": -25.68808773,
    "_cci20": -126.58102662,
    "_cci201": -127.92044089,
    "_ema10": 214.97450138,
    "_ema20": 237.44019511,
    "_ema30": 251.35646116,
    "_ema50": 269.96190655,
    "_ema100": 289.62085046,
    "_ema200": 293.66949349,
    "_psar": 231.34964902,
    "_wr": -99.5221843,
    "stock_diff": -0.05,
    "rsi_diff": -3.34
}
