{
    "open": 200,
    "low": 185.53,
    "high": 200.01,
    "close": 188.77,
    "change": -4.58933536,
    "_rsi": 29.11355736,
    "_rsi1": 30.94589271,
    "_stock_k": 13.27715997,
    "_stock_d": 12.09453525,
    "_stock_k1": 13.65928244,
    "_stock_d1": 8.70746795,
    "_macd_blue": -18.29228023,
    "_macd_orange": -25.02199086,
    "_cci20": -119.07834818,
    "_cci201": -127.92044089,
    "_ema10": 216.4926832,
    "_ema20": 238.2354332,
    "_ema30": 251.89517084,
    "_ema50": 270.28935754,
    "_ema100": 289.78619699,
    "_ema200": 293.75257806,
    "_psar": 231.34964902,
    "_wrr": -93.95428113,
    "stock_diff": 1.18,
    "rsi_diff": -1.83
}
