{
    "open": 121.94,
    "low": 121.5,
    "high": 122.77,
    "close": 122.34,
    "volume": 648777,
    "change": 0.7909046,
    "_rsi": 67.70189024,
    "_rsi1": 65.77162789,
    "_stock_k": 95.91817875,
    "_stock_d": 96.87509721,
    "_stock_k1": 96.92850639,
    "_stock_d1": 96.12602739,
    "_macd_blue": 0.78275056,
    "_macd_orange": 1.63902801,
    "_cci20": 163.91153013,
    "_cci201": 176.05484292,
    "_ema10": 118.92139978,
    "_ema20": 117.32951332,
    "_ema30": 116.53057662,
    "_ema50": 115.26585804,
    "_ema100": 112.38486679,
    "_ema200": 106.51938371,
    "_psar": 114.24012009,
    "_wr": -3.3153431,
    "_mom": 11.39,
    "_mom1": 10.3,
    "stock_diff": -0.96,
    "rsi_diff": 1.93
}
