{
    "open": 152.21,
    "low": 150.96,
    "high": 153.84,
    "close": 151.5,
    "volume": 1073829,
    "change": -0.25676476,
    "_rsi": 56.19215663,
    "_rsi1": 56.76734061,
    "_stock_k": 87.86870026,
    "_stock_d": 87.49365649,
    "_stock_k1": 88.20118662,
    "_stock_d1": 88.6288896,
    "_macd_blue": 0.36126276,
    "_macd_orange": 1.44474015,
    "_cci20": 98.82028568,
    "_cci201": 83.00309139,
    "_ema10": 149.06072089,
    "_ema20": 147.43494997,
    "_ema30": 146.98800368,
    "_ema50": 146.59800025,
    "_ema100": 144.57187208,
    "_ema200": 138.26766363,
    "_psar": 140.11711191,
    "_wr": -9.37124549,
    "_mom": 9.73,
    "_mom1": 8.95,
    "stock_diff": 0.38,
    "rsi_diff": -0.58
}
