{
    "open": 58.76,
    "low": 57.91,
    "high": 59.45,
    "close": 58.155,
    "change": -2.57162004,
    "_rsi": 70.27247732,
    "_rsi1": 78.20035375,
    "_stock_k": 83.41378386,
    "_stock_d": 79.62367033,
    "_stock_k1": 80.53097345,
    "_stock_d1": 79.63266242,
    "_macd_blue": 2.87257537,
    "_macd_orange": 3.29643285,
    "_cci20": 97.0783917,
    "_cci201": 120.26503615,
    "_ema10": 56.52421139,
    "_ema20": 53.83938865,
    "_ema30": 51.96403948,
    "_ema50": 49.70073807,
    "_ema100": 47.17316484,
    "_ema200": 44.46839168,
    "_psar": 55.14,
    "_wrr": -17.81979083,
    "stock_diff": 3.79,
    "rsi_diff": -7.93
}
