{
    "open": 94.86,
    "low": 94.73,
    "high": 95.99,
    "close": 95.46,
    "volume": 38410,
    "change": 1.63969336,
    "_rsi": 54.26399841,
    "_rsi1": 49.1713858,
    "_stock_k": 65.83455702,
    "_stock_d": 61.24767359,
    "_stock_k1": 64.78844381,
    "_stock_d1": 53.89055909,
    "_macd_blue": -0.95308379,
    "_macd_orange": -0.54114759,
    "_cci20": 127.17768273,
    "_cci201": 26.34197434,
    "_ema10": 93.67495491,
    "_ema20": 93.85758685,
    "_ema30": 94.42280735,
    "_ema50": 95.43547875,
    "_ema100": 95.73571811,
    "_ema200": 92.74764255,
    "_psar": 90.553904,
    "_wr": -20.1174743,
    "_mom": 1.42,
    "_mom1": 0.72,
    "stock_diff": 4.59,
    "rsi_diff": 5.09
}
