{
    "open": 175.21,
    "low": 174.2,
    "high": 176.84,
    "close": 176.8,
    "volume": 7472219,
    "change": 1.30644052,
    "_rsi": 64.69297182,
    "_rsi1": 61.37967748,
    "_stock_k": 94.35219786,
    "_stock_d": 90.80400897,
    "_stock_k1": 90.29319955,
    "_stock_d1": 86.60236014,
    "_macd_blue": 0.76162746,
    "_macd_orange": 1.90009691,
    "_cci20": 139.2927032,
    "_cci201": 138.72283629,
    "_ema10": 172.09515573,
    "_ema20": 170.12158857,
    "_ema30": 169.381857,
    "_ema50": 168.67655757,
    "_ema100": 167.76504846,
    "_ema200": 166.16750342,
    "_psar": 166.97882592,
    "_wr": -1.02952683,
    "_mom": 8.32,
    "_mom1": 8.48,
    "stock_diff": 3.55,
    "rsi_diff": 3.31
}
