{
    "open": 16.41,
    "low": 16.4,
    "high": 16.98,
    "close": 16.89,
    "volume": 2572487,
    "change": 4.77667494,
    "_rsi": 50.93604175,
    "_rsi1": 45.44637585,
    "_stock_k": 60.06289308,
    "_stock_d": 49.92138365,
    "_stock_k1": 48.11320755,
    "_stock_d1": 42.53144654,
    "_macd_blue": -0.86952754,
    "_macd_orange": -0.69752988,
    "_cci20": 41.74353063,
    "_cci201": -15.2395776,
    "_ema10": 15.94924063,
    "_ema20": 16.38215249,
    "_ema30": 16.91673565,
    "_ema50": 17.88116001,
    "_ema100": 19.36784408,
    "_ema200": 20.15475944,
    "_psar": 13.7,
    "_wr": -24.76415094,
    "_mom": -0.43,
    "_mom1": -1.12,
    "stock_diff": 10.14,
    "rsi_diff": 5.49
}
