{
    "open": 830.99,
    "low": 825.7178,
    "high": 875,
    "close": 871.6,
    "volume": 22193818,
    "change": 3.73350154,
    "_rsi": 52.13064286,
    "_rsi1": 48.29673014,
    "_stock_k": 67.63519135,
    "_stock_d": 54.80585439,
    "_stock_k1": 50.50577607,
    "_stock_d1": 49.81690792,
    "_macd_blue": -27.63333622,
    "_macd_orange": -21.03251886,
    "_cci20": 65.66962826,
    "_cci201": -11.51898839,
    "_ema10": 830.76603869,
    "_ema20": 842.54800055,
    "_ema30": 860.28448126,
    "_ema50": 890.38217313,
    "_ema100": 907.61894699,
    "_ema200": 855.95235094,
    "_psar": 740.8779885,
    "_wr": -13.65809922,
    "_mom": 32.31,
    "_mom1": -39.66,
    "stock_diff": 12.83,
    "rsi_diff": 3.83
}
