{
    "open": 115.82,
    "low": 113.32,
    "high": 116.19,
    "close": 116.05,
    "volume": 13532464,
    "change": 1.22110772,
    "_rsi": 52.80019056,
    "_rsi1": 51.48208639,
    "_stock_k": 88.24179875,
    "_stock_d": 88.7824057,
    "_stock_k1": 86.52168571,
    "_stock_d1": 89.79703322,
    "_macd_blue": -5.93725395,
    "_macd_orange": -2.15749343,
    "_cci20": 95.09922522,
    "_cci201": 108.07053702,
    "_ema10": 111.49782778,
    "_ema20": 110.74025051,
    "_ema30": 114.90924426,
    "_ema50": 127.470873,
    "_ema100": 157.51377297,
    "_ema200": 190.05144967,
    "_psar": 96.67577737,
    "_wr": -12.27423516,
    "_mom": 17.5,
    "_mom1": 14.43,
    "stock_diff": -0.54,
    "rsi_diff": 1.32
}
