{
    "open": 102,
    "low": 101.92,
    "high": 102.97,
    "close": 102.43,
    "volume": 3521623,
    "change": 0.707895,
    "_rsi": 64.47830414,
    "_rsi1": 62.88692372,
    "_stock_k": 85.97383465,
    "_stock_d": 80.92017942,
    "_stock_k1": 81.66204986,
    "_stock_d1": 72.22132014,
    "_macd_blue": 1.44365621,
    "_macd_orange": 1.69908762,
    "_cci20": 114.26097637,
    "_cci201": 99.23391461,
    "_ema10": 100.03353101,
    "_ema20": 98.72042544,
    "_ema30": 97.58168017,
    "_ema50": 95.62607373,
    "_ema100": 92.51848826,
    "_ema200": 88.63205774,
    "_psar": 94.403036,
    "_wr": -6.06741573,
    "_mom": 5.51,
    "_mom1": 3.2,
    "stock_diff": 5.05,
    "rsi_diff": 1.59
}
