{
    "open": 481.52,
    "low": 475.73,
    "high": 486.655,
    "close": 480.97,
    "volume": 966121,
    "change": 2.68579602,
    "_rsi": 63.55646045,
    "_rsi1": 60.73835942,
    "_stock_k": 89.15680847,
    "_stock_d": 88.1160355,
    "_stock_k1": 89.14392572,
    "_stock_d1": 89.64829873,
    "_macd_blue": 5.32043241,
    "_macd_orange": 12.47771983,
    "_cci20": 158.97597648,
    "_cci201": 116.7666387,
    "_ema10": 453.31057607,
    "_ema20": 439.85886753,
    "_ema30": 436.65056898,
    "_ema50": 443.96892401,
    "_ema100": 467.02056183,
    "_ema200": 471.0919166,
    "_psar": 413.90939241,
    "_wr": -5.78419901,
    "_mom": 90.71,
    "_mom1": 62.81,
    "stock_diff": 1.04,
    "rsi_diff": 2.82
}
