{
    "open": 37.76,
    "low": 37.67,
    "high": 38.695,
    "close": 38.48,
    "volume": 7591706,
    "change": 1.55713909,
    "_rsi": 66.63016298,
    "_rsi1": 64.78032124,
    "_stock_k": 90.67835079,
    "_stock_d": 85.7975455,
    "_stock_k1": 85.94444444,
    "_stock_d1": 83.83759284,
    "_macd_blue": 1.03252211,
    "_macd_orange": 1.41470659,
    "_cci20": 127.90313477,
    "_cci201": 115.24719409,
    "_ema10": 36.7999434,
    "_ema20": 35.5400504,
    "_ema30": 34.84057323,
    "_ema50": 34.22710269,
    "_ema100": 34.5300335,
    "_ema200": 36.30362121,
    "_psar": 33.52233318,
    "_wr": -3.46494762,
    "_mom": 5.86,
    "_mom1": 4.66,
    "stock_diff": 4.88,
    "rsi_diff": 1.85
}
