{
    "open": 63.25,
    "low": 63.17,
    "high": 64.53,
    "close": 64.48,
    "volume": 3712212,
    "change": 2.08993034,
    "_rsi": 63.64724201,
    "_rsi1": 60.43492837,
    "_stock_k": 90.56970324,
    "_stock_d": 88.31132762,
    "_stock_k1": 86.75448225,
    "_stock_d1": 88.91810879,
    "_macd_blue": 0.28461784,
    "_macd_orange": 0.92697592,
    "_cci20": 145.58862187,
    "_cci201": 111.84568942,
    "_ema10": 61.62593049,
    "_ema20": 60.65005147,
    "_ema30": 60.26284482,
    "_ema50": 59.73098858,
    "_ema100": 58.45106718,
    "_ema200": 55.51559679,
    "_psar": 58.04667013,
    "_wr": -0.5192108,
    "_mom": 7.48,
    "_mom1": 6.18,
    "stock_diff": 2.26,
    "rsi_diff": 3.21
}
