{
    "open": 327.28,
    "low": 324.53,
    "high": 329.415,
    "close": 328.99,
    "volume": 287249,
    "change": 1.10015058,
    "_rsi": 55.90855433,
    "_rsi1": 52.93669572,
    "_stock_k": 39.81218607,
    "_stock_d": 35.20011808,
    "_stock_k1": 30.69811458,
    "_stock_d1": 39.24404511,
    "_macd_blue": 1.65241227,
    "_macd_orange": 2.05774448,
    "_cci20": 54.81933322,
    "_cci201": 2.90755374,
    "_ema10": 325.27192552,
    "_ema20": 323.23861826,
    "_ema30": 322.83138738,
    "_ema50": 325.20518602,
    "_ema100": 330.67841203,
    "_ema200": 329.00287215,
    "_psar": 337.867414,
    "_wr": -42.58571741,
    "_mom": 8.11,
    "_mom1": -3.37,
    "stock_diff": 4.61,
    "rsi_diff": 2.97
}
