{
    "open": 97.18,
    "low": 96.66,
    "high": 97.77,
    "close": 97.24,
    "volume": 687524,
    "change": 0.1029442,
    "_rsi": 48.0989701,
    "_rsi1": 47.77137877,
    "_stock_k": 34.19170243,
    "_stock_d": 34.73669869,
    "_stock_k1": 35.417944,
    "_stock_d1": 34.08270318,
    "_macd_blue": -0.50939464,
    "_macd_orange": -0.40029723,
    "_cci20": -22.30791111,
    "_cci201": 1.27533861,
    "_ema10": 97.34611522,
    "_ema20": 97.58136054,
    "_ema30": 97.88247565,
    "_ema50": 97.97000178,
    "_ema100": 96.3058771,
    "_ema200": 92.98075525,
    "_psar": 101.15496417,
    "_wr": -67.93378296,
    "_mom": 1.32,
    "_mom1": 0.08,
    "stock_diff": -0.54,
    "rsi_diff": 0.33
}
