{
    "open": 174.65,
    "low": 174.58,
    "high": 177.1,
    "close": 176.26,
    "volume": 1584711,
    "change": 1.45044319,
    "_rsi": 52.30170017,
    "_rsi1": 49.35324534,
    "_stock_k": 86.15757779,
    "_stock_d": 83.61203468,
    "_stock_k1": 82.69397804,
    "_stock_d1": 80.32395384,
    "_macd_blue": -4.99685323,
    "_macd_orange": -2.57459226,
    "_cci20": 91.77926341,
    "_cci201": 71.44238736,
    "_ema10": 171.78277263,
    "_ema20": 172.27076749,
    "_ema30": 175.51652899,
    "_ema50": 183.25708249,
    "_ema100": 196.25974298,
    "_ema200": 205.45970159,
    "_psar": 163.64596064,
    "_wr": -10.45500167,
    "_mom": 13.78,
    "_mom1": 8.72,
    "stock_diff": 2.55,
    "rsi_diff": 2.95
}
