{
    "open": 34.9,
    "low": 34.77,
    "high": 35.59,
    "close": 35.59,
    "volume": 10101,
    "change": -0.36394177,
    "_rsi": 49.69653486,
    "_rsi1": 50.35198338,
    "_stock_k": 57.53678446,
    "_stock_d": 44.97836156,
    "_stock_k1": 45.80951517,
    "_stock_d1": 35.35043515,
    "_macd_blue": -0.8694032,
    "_macd_orange": -0.7310758,
    "_cci20": -2.11177863,
    "_cci201": -3.64351119,
    "_ema10": 34.79732196,
    "_ema20": 35.30408439,
    "_ema30": 35.76876576,
    "_ema50": 36.28987023,
    "_ema100": 36.47884762,
    "_ema200": 35.41321452,
    "_psar": 32.73824343,
    "_wr": -33.60323887,
    "_mom": -0.14,
    "_mom1": -0.35,
    "stock_diff": 12.56,
    "rsi_diff": -0.66
}
