{
    "open": 184.89,
    "low": 184.1376,
    "high": 197.92,
    "close": 190.19,
    "volume": 1908122,
    "change": 0.49669749,
    "_rsi": 64.54159979,
    "_rsi1": 64.12656508,
    "_stock_k": 87.4286281,
    "_stock_d": 89.80326882,
    "_stock_k1": 91.15975694,
    "_stock_d1": 89.15498376,
    "_macd_blue": 7.19007264,
    "_macd_orange": 9.26516828,
    "_cci20": 133.91126945,
    "_cci201": 135.71070046,
    "_ema10": 179.81338302,
    "_ema20": 171.7084867,
    "_ema30": 167.28155091,
    "_ema50": 165.79567125,
    "_ema100": 170.02409414,
    "_ema200": 169.11544905,
    "_psar": 155.55503873,
    "_wr": -16.43282313,
    "_mom": 10.32,
    "_mom1": 13.26,
    "stock_diff": -2.37,
    "rsi_diff": 0.42
}
