{
    "open": 80.59,
    "low": 80.45,
    "high": 81.38,
    "close": 81.34,
    "volume": 7100691,
    "change": 1.15657257,
    "_rsi": 69.08076935,
    "_rsi1": 65.02932961,
    "_stock_k": 91.62587288,
    "_stock_d": 83.18322787,
    "_stock_k1": 83.2493754,
    "_stock_d1": 77.76917106,
    "_macd_blue": 0.35709275,
    "_macd_orange": 0.733705,
    "_cci20": 173.78281083,
    "_cci201": 147.78918872,
    "_ema10": 79.46145444,
    "_ema20": 78.71548576,
    "_ema30": 78.43942269,
    "_ema50": 78.30597918,
    "_ema100": 78.22227399,
    "_ema200": 77.76620999,
    "_psar": 78.32220281,
    "_wr": -0.82987552,
    "_mom": 3.08,
    "_mom1": 2.52,
    "stock_diff": 8.44,
    "rsi_diff": 4.05
}
