{
    "open": 178.86,
    "low": 164.36,
    "high": 181.5,
    "close": 166.75,
    "volume": 7593150,
    "change": -7.57676533,
    "_rsi": 25.3062309,
    "_rsi1": 27.61016752,
    "_stock_k": 5.35396558,
    "_stock_d": 10.14481342,
    "_stock_k1": 11.42119225,
    "_stock_d1": 11.47587934,
    "_macd_blue": -20.35755284,
    "_macd_orange": -28.08576577,
    "_cci20": -133.45688328,
    "_cci201": -126.58102662,
    "_ema10": 206.20641022,
    "_ema20": 230.70779558,
    "_ema30": 245.8979798,
    "_ema50": 265.91438081,
    "_ema100": 287.18776431,
    "_ema200": 292.40661296,
    "_psar": 222.0941122,
    "_wr": -97.87574438,
    "_mom": -98.91,
    "_mom1": -89,
    "stock_diff": -4.79,
    "rsi_diff": -2.3
}
