{
    "open": 121.89,
    "low": 121.13,
    "high": 122.18,
    "close": 121.14,
    "volume": 524277,
    "change": -0.09896091,
    "_rsi": 65.07793928,
    "_rsi1": 65.53253099,
    "_stock_k": 96.28230283,
    "_stock_d": 95.9106262,
    "_stock_k1": 97.7786065,
    "_stock_d1": 93.04724469,
    "_macd_blue": 0.56485214,
    "_macd_orange": 1.35565641,
    "_cci20": 175.19650864,
    "_cci201": 190.9579375,
    "_ema10": 118.11807448,
    "_ema20": 116.77923652,
    "_ema30": 116.11444286,
    "_ema50": 114.96770579,
    "_ema100": 112.17900051,
    "_ema200": 106.35799448,
    "_psar": 113.15740919,
    "_wr": -8.4006462,
    "_mom": 10.06,
    "_mom1": 6.35,
    "stock_diff": 0.37,
    "rsi_diff": -0.45
}
