{
    "open": 106.5,
    "low": 102.275,
    "high": 106.53,
    "close": 102.37,
    "volume": 1159744,
    "change": -3.86890788,
    "_rsi": 43.87045491,
    "_rsi1": 54.32953335,
    "_stock_k": 73.36538462,
    "_stock_d": 85.86816298,
    "_stock_k1": 90.35728745,
    "_stock_d1": 90.40342609,
    "_macd_blue": -2.17595591,
    "_macd_orange": -1.13788573,
    "_cci20": 43.20686099,
    "_cci201": 137.21526037,
    "_ema10": 103.63785683,
    "_ema20": 103.84840872,
    "_ema30": 105.30239676,
    "_ema50": 108.70384295,
    "_ema100": 113.94367205,
    "_ema200": 115.3118815,
    "_psar": 99.16283119,
    "_wr": -51.92307692,
    "_mom": 1.55,
    "_mom1": 6.36,
    "stock_diff": -12.5,
    "rsi_diff": -10.46
}
