{
    "open": 451.16,
    "low": 448.43,
    "high": 452.98,
    "close": 451.67,
    "volume": 42273313,
    "change": 0.261937,
    "_rsi": 59.6233981,
    "_rsi1": 58.94974662,
    "_stock_k": 92.3886471,
    "_stock_d": 91.83145883,
    "_stock_k1": 92.61139312,
    "_stock_d1": 93.19745454,
    "_macd_blue": -0.82053649,
    "_macd_orange": 2.5787677,
    "_cci20": 131.44176631,
    "_cci201": 131.56756,
    "_ema10": 442.65190499,
    "_ema20": 438.90935112,
    "_ema30": 439.05945257,
    "_ema50": 441.81454718,
    "_ema100": 445.37870087,
    "_ema200": 438.59980756,
    "_psar": 426.12879612,
    "_wr": -3.46011622,
    "_mom": 31.6,
    "_mom1": 25.01,
    "stock_diff": 0.56,
    "rsi_diff": 0.67
}
