{
    "open": 129.22,
    "low": 127.72,
    "high": 129.95,
    "close": 129.21,
    "volume": 936147,
    "change": -0.40850933,
    "_rsi": 73.10045551,
    "_rsi1": 74.48863885,
    "_stock_k": 93.64014277,
    "_stock_d": 95.69831084,
    "_stock_k1": 95.62871709,
    "_stock_d1": 96.34244219,
    "_macd_blue": 5.02665812,
    "_macd_orange": 6.10483133,
    "_cci20": 104.67648681,
    "_cci201": 121.03446299,
    "_ema10": 124.59456449,
    "_ema20": 119.43052394,
    "_ema30": 116.22028392,
    "_ema50": 113.25493802,
    "_ema100": 110.78389433,
    "_ema200": 105.21878644,
    "_psar": 123.67732037,
    "_wr": -8.97976391,
    "_mom": 10.49,
    "_mom1": 12.91,
    "stock_diff": -2.06,
    "rsi_diff": -1.39
}
