{
    "open": 46.07,
    "low": 44.61,
    "high": 46.07,
    "close": 44.65,
    "volume": 2578360,
    "change": -3.75080836,
    "_rsi": 40.06239175,
    "_rsi1": 44.81279721,
    "_stock_k": 31.76336789,
    "_stock_d": 44.96753209,
    "_stock_k1": 49.26911095,
    "_stock_d1": 52.46425433,
    "_macd_blue": -0.96008687,
    "_macd_orange": -0.9544561,
    "_cci20": -118.17479152,
    "_cci201": -48.00618996,
    "_ema10": 46.52340456,
    "_ema20": 47.19257078,
    "_ema30": 47.88146422,
    "_ema50": 48.96980521,
    "_ema100": 50.209012,
    "_ema200": 50.50556919,
    "_psar": 48.61092694,
    "_wr": -84.36482085,
    "_mom": -3.02,
    "_mom1": 0.31,
    "stock_diff": -13.2,
    "rsi_diff": -4.75
}
