{
    "open": 109.92,
    "low": 109.31,
    "high": 110.99,
    "close": 109.36,
    "volume": 1294367,
    "change": -0.9958356,
    "_rsi": 43.03106977,
    "_rsi1": 45.32763584,
    "_stock_k": 40.98808308,
    "_stock_d": 34.20405811,
    "_stock_k1": 34.26976444,
    "_stock_d1": 27.52233359,
    "_macd_blue": -3.10943498,
    "_macd_orange": -2.69871667,
    "_cci20": -16.38750179,
    "_cci201": -9.72385407,
    "_ema10": 109.016462,
    "_ema20": 110.90310607,
    "_ema30": 112.61825081,
    "_ema50": 114.3638167,
    "_ema100": 114.85024007,
    "_ema200": 112.94381187,
    "_psar": 104.2641,
    "_wr": -55.08982036,
    "_mom": 0.65,
    "_mom1": 5.42,
    "stock_diff": 6.78,
    "rsi_diff": -2.3
}
