{
    "open": 80.76,
    "low": 79.79,
    "high": 81.7099,
    "close": 80.27,
    "volume": 1642297,
    "change": -1.35184958,
    "_rsi": 49.92095932,
    "_rsi1": 51.43494319,
    "_stock_k": 84.61858082,
    "_stock_d": 73.21557834,
    "_stock_k1": 75.26803189,
    "_stock_d1": 63.82848886,
    "_macd_blue": -2.64069949,
    "_macd_orange": -1.64479405,
    "_cci20": 38.88412236,
    "_cci201": 26.99955728,
    "_ema10": 78.57087062,
    "_ema20": 79.37550783,
    "_ema30": 80.69819232,
    "_ema50": 82.60728362,
    "_ema100": 86.0967558,
    "_ema200": 91.89980105,
    "_psar": 71.42234026,
    "_wr": -9.82832451,
    "_mom": 7.95,
    "_mom1": 4.84,
    "stock_diff": 11.4,
    "rsi_diff": -1.51
}
