{
    "open": 15.92,
    "low": 15.9,
    "high": 17.11,
    "close": 16.82,
    "volume": 59493,
    "change": 5.05933791,
    "_rsi": 54.33431577,
    "_rsi1": 50.02489921,
    "_stock_k": 69.88636364,
    "_stock_d": 48.98989899,
    "_stock_k1": 44.50757576,
    "_stock_d1": 36.33207071,
    "_macd_blue": -0.52917553,
    "_macd_orange": -0.32321948,
    "_cci20": 101.44157546,
    "_cci201": 46.86855647,
    "_ema10": 15.71608012,
    "_ema20": 15.84959139,
    "_ema30": 16.16341564,
    "_ema50": 16.78654035,
    "_ema100": 17.63089744,
    "_ema200": 17.71621547,
    "_psar": 14.1148,
    "_wr": -13.35227273,
    "_mom": 2.02,
    "_mom1": -0.23,
    "stock_diff": 20.9,
    "rsi_diff": 4.31
}
