{
    "open": 232.09,
    "low": 230.12,
    "high": 233.8,
    "close": 232.12,
    "volume": 854931,
    "change": 0.13373021,
    "_rsi": 61.05001547,
    "_rsi1": 60.77876448,
    "_stock_k": 82.91290346,
    "_stock_d": 85.85315048,
    "_stock_k1": 86.25096373,
    "_stock_d1": 86.8506051,
    "_macd_blue": 3.36764535,
    "_macd_orange": 4.69278422,
    "_cci20": 75.05506003,
    "_cci201": 73.37219936,
    "_ema10": 228.85131355,
    "_ema20": 224.51540254,
    "_ema30": 222.48322014,
    "_ema50": 221.09866471,
    "_ema100": 218.03275066,
    "_ema200": 207.52362999,
    "_psar": 213.80494546,
    "_wr": -19.28174434,
    "_mom": 7.27,
    "_mom1": 12.52,
    "stock_diff": -2.94,
    "rsi_diff": 0.27
}
