{
    "open": 54.05,
    "low": 53.8,
    "high": 54.76,
    "close": 54.12,
    "volume": 2184821,
    "change": -0.7518797,
    "_rsi": 52.8274972,
    "_rsi1": 54.00014086,
    "_stock_k": 88.03630363,
    "_stock_d": 88.54760277,
    "_stock_k1": 90.55876272,
    "_stock_d1": 87.28786894,
    "_macd_blue": -0.70877572,
    "_macd_orange": -0.10413191,
    "_cci20": 53.55779893,
    "_cci201": 58.30572083,
    "_ema10": 53.14501587,
    "_ema20": 52.96804373,
    "_ema30": 53.19472361,
    "_ema50": 53.50726742,
    "_ema100": 54.22294885,
    "_ema200": 55.2391664,
    "_psar": 46.40611653,
    "_wr": -12.04620462,
    "_mom": 5.49,
    "_mom1": 7.86,
    "stock_diff": -0.51,
    "rsi_diff": -1.17
}
