{
    "open": 109.35,
    "low": 109.09,
    "high": 109.94,
    "close": 109.3756,
    "change": 0.34458716,
    "_rsi": 47.00668919,
    "_rsi1": 45.41393609,
    "_stock_k": 65.66045549,
    "_stock_d": 58.12426274,
    "_stock_k1": 55.98552729,
    "_stock_d1": 55.32458117,
    "_macd_blue": -0.60766871,
    "_macd_orange": -0.61569281,
    "_cci20": -18.93826317,
    "_cci201": -71.96094012,
    "_ema10": 109.35008905,
    "_ema20": 109.82429248,
    "_ema30": 110.17868968,
    "_ema50": 110.42133098,
    "_ema100": 109.84866301,
    "_ema200": 107.3286396,
    "_psar": 106.44218801,
    "_wrr": -31.27950311,
    "stock_diff": 7.54,
    "rsi_diff": 1.59
}
