{
    "open": 109.35,
    "low": 109.23,
    "high": 109.94,
    "close": 109.56,
    "change": 0.51376147,
    "_rsi": 47.75510996,
    "_rsi1": 45.41393609,
    "_stock_k": 66.61490683,
    "_stock_d": 58.44241319,
    "_stock_k1": 55.98552729,
    "_stock_d1": 55.32458117,
    "_macd_blue": -0.60472671,
    "_macd_orange": -0.60098284,
    "_cci20": -11.88321452,
    "_cci201": -71.96094012,
    "_ema10": 109.38361632,
    "_ema20": 109.84185438,
    "_ema30": 110.19058645,
    "_ema50": 110.42856235,
    "_ema100": 109.8523145,
    "_ema200": 107.33047442,
    "_psar": 106.44218801,
    "_wrr": -28.41614907,
    "stock_diff": 8.17,
    "rsi_diff": 2.34
}
