{
    "open": 109.35,
    "low": 108.28,
    "high": 109.94,
    "close": 108.38,
    "volume": 1666051,
    "change": -0.56880734,
    "_rsi": 43.26732411,
    "_rsi1": 45.41393609,
    "_stock_k": 60.50724638,
    "_stock_d": 56.40652637,
    "_stock_k1": 55.98552729,
    "_stock_d1": 55.32458117,
    "_macd_blue": -0.62355293,
    "_macd_orange": -0.69511389,
    "_cci20": -56.93863871,
    "_cci201": -71.96094012,
    "_ema10": 109.16907087,
    "_ema20": 109.72947343,
    "_ema30": 110.11445742,
    "_ema50": 110.38228784,
    "_ema100": 109.82894816,
    "_ema200": 107.31873313,
    "_psar": 106.44218801,
    "_wr": -46.73913043,
    "stock_diff": 4.1,
    "rsi_diff": -2.15
}
