{
    "open": 240,
    "low": 239.135,
    "high": 243.36,
    "close": 241,
    "volume": 1179437,
    "change": 0.54653928,
    "_rsi": 63.04638336,
    "_rsi1": 61.87195449,
    "_stock_k": 49.4256628,
    "_stock_d": 42.41384942,
    "_stock_k1": 44.05792368,
    "_stock_d1": 34.53463262,
    "_macd_blue": 4.80839929,
    "_macd_orange": 4.53419775,
    "_cci20": 96.2989062,
    "_cci201": 81.17250942,
    "_ema10": 236.11931649,
    "_ema20": 233.01200149,
    "_ema30": 229.74500716,
    "_ema50": 224.37885033,
    "_ema100": 215.92540023,
    "_ema200": 205.14240525,
    "_psar": 243.88140781,
    "_wr": -45.69655398,
    "_mom": 5.48,
    "_mom1": 2.88,
    "stock_diff": 7.01,
    "rsi_diff": 1.17
}
