{
    "open": 86.23,
    "low": 86.01,
    "high": 86.96,
    "close": 86.93,
    "volume": 1978427,
    "change": 0.69500753,
    "_rsi": 41.24524401,
    "_rsi1": 38.75237058,
    "_stock_k": 28.20128906,
    "_stock_d": 26.62550763,
    "_stock_k1": 26.20336473,
    "_stock_d1": 26.55167727,
    "_macd_blue": -1.40653121,
    "_macd_orange": -1.65356164,
    "_cci20": -62.542749,
    "_cci201": -77.35257081,
    "_ema10": 87.290418,
    "_ema20": 88.71134686,
    "_ema30": 89.49676574,
    "_ema50": 89.70042672,
    "_ema100": 87.84095247,
    "_ema200": 83.76493299,
    "_psar": 88.05684493,
    "_wr": -66.43046944,
    "_mom": -0.71,
    "_mom1": -3.62,
    "stock_diff": 1.58,
    "rsi_diff": 2.49
}
