{
    "open": 65.1,
    "low": 64.54,
    "high": 65.47,
    "close": 65.15,
    "volume": 1520830,
    "change": 0.07680492,
    "_rsi": 60.21119071,
    "_rsi1": 59.88458453,
    "_stock_k": 86.90706012,
    "_stock_d": 86.68372019,
    "_stock_k1": 86.02415377,
    "_stock_d1": 86.9870268,
    "_macd_blue": 0.26136658,
    "_macd_orange": 0.49681906,
    "_cci20": 80.97674203,
    "_cci201": 78.47175054,
    "_ema10": 64.63104564,
    "_ema20": 64.1058042,
    "_ema30": 63.97268887,
    "_ema50": 64.10384234,
    "_ema100": 64.38578453,
    "_ema200": 63.86458616,
    "_psar": 64.42877625,
    "_wr": -12.24489796,
    "_mom": 1.78,
    "_mom1": 1.37,
    "stock_diff": 0.22,
    "rsi_diff": 0.33
}
