{
    "open": 165.06,
    "low": 162.8578,
    "high": 165.92,
    "close": 165.63,
    "volume": 2230997,
    "change": 0.40615907,
    "_rsi": 57.16340097,
    "_rsi1": 56.55292848,
    "_stock_k": 85.68489124,
    "_stock_d": 85.31575629,
    "_stock_k1": 84.42092887,
    "_stock_d1": 88.69830097,
    "_macd_blue": -0.6048629,
    "_macd_orange": 1.07863348,
    "_cci20": 107.47031559,
    "_cci201": 93.04302493,
    "_ema10": 160.94309023,
    "_ema20": 159.24786561,
    "_ema30": 159.44509337,
    "_ema50": 161.2620429,
    "_ema100": 164.75737988,
    "_ema200": 164.37260709,
    "_psar": 152.57733843,
    "_wr": -3.79188713,
    "_mom": 18.03,
    "_mom1": 14.4,
    "stock_diff": 0.37,
    "rsi_diff": 0.61
}
