{
    "open": 110.09,
    "low": 109.39,
    "high": 110.9,
    "close": 110.64,
    "volume": 985443,
    "change": 1.17044623,
    "_rsi": 46.43218817,
    "_rsi1": 43.03106977,
    "_stock_k": 49.7149664,
    "_stock_d": 41.65760464,
    "_stock_k1": 40.98808308,
    "_stock_d1": 34.20405811,
    "_macd_blue": -2.96606997,
    "_macd_orange": -2.39260995,
    "_cci20": -5.31559064,
    "_cci201": -16.38750179,
    "_ema10": 109.31165073,
    "_ema20": 110.87804835,
    "_ema30": 112.49062173,
    "_ema50": 114.21778467,
    "_ema100": 114.76686898,
    "_ema200": 112.92088837,
    "_psar": 104.415118,
    "_wr": -37.24171072,
    "_mom": 3.75,
    "_mom1": 0.65,
    "stock_diff": 8.06,
    "rsi_diff": 3.4
}
