{
    "open": 472.43,
    "low": 456.71,
    "high": 475,
    "close": 460.13,
    "volume": 307315,
    "change": -3.51241402,
    "_rsi": 48.99806106,
    "_rsi1": 55.59221138,
    "_stock_k": 66.1405844,
    "_stock_d": 78.22951718,
    "_stock_k1": 83.43157761,
    "_stock_d1": 83.8154922,
    "_macd_blue": -0.77943094,
    "_macd_orange": 2.25367354,
    "_cci20": 29.79147806,
    "_cci201": 101.49642289,
    "_ema10": 466.03310155,
    "_ema20": 462.33056658,
    "_ema30": 463.44948916,
    "_ema50": 470.70034015,
    "_ema100": 481.07205454,
    "_ema200": 470.07021056,
    "_psar": 439.65742528,
    "_wr": -54.42099258,
    "_mom": 3.39,
    "_mom1": 39.88,
    "stock_diff": -12.09,
    "rsi_diff": -6.59
}
