{
    "open": 133.01,
    "low": 131.3301,
    "high": 138.65,
    "close": 138.59,
    "volume": 7616081,
    "change": 5.4557906,
    "_rsi": 56.69825179,
    "_rsi1": 49.72007632,
    "_stock_k": 86.37426168,
    "_stock_d": 87.52581685,
    "_stock_k1": 83.53297216,
    "_stock_d1": 87.72057957,
    "_macd_blue": -1.84868336,
    "_macd_orange": -0.14735973,
    "_cci20": 105.96535121,
    "_cci201": 57.42085934,
    "_ema10": 132.34412605,
    "_ema20": 131.55005291,
    "_ema30": 132.53267743,
    "_ema50": 135.10625755,
    "_ema100": 138.01232271,
    "_ema200": 134.74771257,
    "_psar": 125.33356351,
    "_wr": -0.29296875,
    "_mom": 13.62,
    "_mom1": 2.8,
    "stock_diff": -1.15,
    "rsi_diff": 6.98
}
