{
    "open": 15.48,
    "low": 15.32,
    "high": 15.59,
    "close": 15.5,
    "change": 1.3734467,
    "_rsi": 40.53432002,
    "_rsi1": 38.90731133,
    "_stock_k": 38.91509434,
    "_stock_d": 28.04247168,
    "_stock_k1": 28.6163522,
    "_stock_d1": 16.87572359,
    "_macd_blue": -0.92549448,
    "_macd_orange": -0.99693194,
    "_cci20": -70.3869491,
    "_cci201": -93.38220839,
    "_ema10": 15.66292206,
    "_ema20": 16.42837662,
    "_ema30": 17.06781027,
    "_ema50": 18.09270402,
    "_ema100": 19.56294907,
    "_ema200": 20.2749553,
    "_psar": 17.03896097,
    "_wrr": -57.54716981,
    "stock_diff": 10.87,
    "rsi_diff": 1.63
}
