{
    "open": 15.48,
    "low": 15.32,
    "high": 15.66,
    "close": 15.63,
    "change": 2.2236756,
    "_rsi": 41.4987918,
    "_rsi1": 38.90731133,
    "_stock_k": 39.93710692,
    "_stock_d": 28.38314254,
    "_stock_k1": 28.6163522,
    "_stock_d1": 16.87572359,
    "_macd_blue": -0.92342041,
    "_macd_orange": -0.98656157,
    "_cci20": -66.17580706,
    "_cci201": -93.38220839,
    "_ema10": 15.68655842,
    "_ema20": 16.44075757,
    "_ema30": 17.07619736,
    "_ema50": 18.09780206,
    "_ema100": 19.56552333,
    "_ema200": 20.27624883,
    "_psar": 17.03896097,
    "_wrr": -54.48113208,
    "stock_diff": 11.55,
    "rsi_diff": 2.59
}
