{
    "open": 15.48,
    "low": 15.315,
    "high": 15.66,
    "close": 15.37,
    "volume": 4975203,
    "change": 0.52321779,
    "_rsi": 39.53751391,
    "_rsi1": 38.90731133,
    "_stock_k": 37.89308176,
    "_stock_d": 27.70180082,
    "_stock_k1": 28.6163522,
    "_stock_d1": 16.87572359,
    "_macd_blue": -0.92756855,
    "_macd_orange": -1.00730231,
    "_cci20": -71.74786237,
    "_cci201": -93.38220839,
    "_ema10": 15.6392857,
    "_ema20": 16.41599566,
    "_ema30": 17.05942317,
    "_ema50": 18.08760598,
    "_ema100": 19.56037481,
    "_ema200": 20.27366176,
    "_psar": 17.03896097,
    "_wr": -60.61320755,
    "stock_diff": 10.19,
    "rsi_diff": 0.63
}
