{
    "open": 15.48,
    "low": 15.315,
    "high": 15.66,
    "close": 15.38,
    "volume": 4552700,
    "change": 0.58862001,
    "_rsi": 39.61537622,
    "_rsi1": 38.90731133,
    "_stock_k": 37.97169811,
    "_stock_d": 27.72800627,
    "_stock_k1": 28.6163522,
    "_stock_d1": 16.87572359,
    "_macd_blue": -0.92740901,
    "_macd_orange": -1.00650459,
    "_cci20": -71.53873588,
    "_cci201": -93.38220839,
    "_ema10": 15.64110388,
    "_ema20": 16.41694804,
    "_ema30": 17.06006833,
    "_ema50": 18.08799814,
    "_ema100": 19.56057283,
    "_ema200": 20.27376127,
    "_psar": 17.03896097,
    "_wr": -60.37735849,
    "stock_diff": 10.24,
    "rsi_diff": 0.71
}
