{
    "open": 77.36,
    "low": 77.36,
    "high": 79.93,
    "close": 78.51,
    "volume": 8529233,
    "change": 0.74425767,
    "_rsi": 56.9769335,
    "_rsi1": 55.56804249,
    "_stock_k": 66.86345856,
    "_stock_d": 53.10394586,
    "_stock_k1": 55.48329059,
    "_stock_d1": 45.20441925,
    "_macd_blue": 0.79097138,
    "_macd_orange": 0.65355745,
    "_cci20": 90.41277418,
    "_cci201": -0.34674168,
    "_ema10": 76.91534396,
    "_ema20": 76.59635025,
    "_ema30": 75.90080604,
    "_ema50": 74.12542063,
    "_ema100": 70.38180624,
    "_ema200": 65.11985058,
    "_psar": 73.5,
    "_wr": -19.77715877,
    "stock_diff": 13.76,
    "rsi_diff": 1.41
}
