{
    "open": 67.87,
    "low": 67.67,
    "high": 68.44,
    "close": 68.31,
    "volume": 1731644,
    "change": 1.14006515,
    "_rsi": 61.12122506,
    "_rsi1": 57.26730525,
    "_stock_k": 75.86013543,
    "_stock_d": 68.67193945,
    "_stock_k1": 64.94746896,
    "_stock_d1": 66.12784338,
    "_macd_blue": 0.4439386,
    "_macd_orange": 0.56189522,
    "_cci20": 117.82305631,
    "_cci201": 68.26567298,
    "_ema10": 67.2506761,
    "_ema20": 66.76932671,
    "_ema30": 66.46830751,
    "_ema50": 66.05070822,
    "_ema100": 65.20854102,
    "_ema200": 63.77180584,
    "_psar": 66.37,
    "_wr": -3.65168539,
    "_mom": 2.59,
    "_mom1": 2.14,
    "stock_diff": 7.19,
    "rsi_diff": 3.85
}
