{
    "open": 15.14,
    "low": 15.11,
    "high": 15.41,
    "close": 15.35,
    "volume": 5815521,
    "change": 1.38705416,
    "_rsi": 52.17029523,
    "_rsi1": 49.35986821,
    "_stock_k": 73.75,
    "_stock_d": 75.03805175,
    "_stock_k1": 75.20833333,
    "_stock_d1": 77.56173568,
    "_macd_blue": -0.14347453,
    "_macd_orange": -0.06332728,
    "_cci20": 86.24092035,
    "_cci201": 33.26326203,
    "_ema10": 15.1386455,
    "_ema20": 15.1426876,
    "_ema30": 15.22316523,
    "_ema50": 15.36601716,
    "_ema100": 15.48014898,
    "_ema200": 15.25716678,
    "_psar": 14.55849912,
    "_wr": -14.375,
    "_mom": 0.63,
    "_mom1": 0.53,
    "stock_diff": -1.29,
    "rsi_diff": 2.81
}
