{
    "open": 109,
    "low": 108.34,
    "high": 109.88,
    "close": 108.38,
    "volume": 633105,
    "change": 0.09235316,
    "_rsi": 44.9061797,
    "_rsi1": 44.58077221,
    "_stock_k": 46.05558206,
    "_stock_d": 31.4851761,
    "_stock_k1": 31.01739239,
    "_stock_d1": 21.77708564,
    "_macd_blue": -1.12561606,
    "_macd_orange": -1.34848655,
    "_cci20": -37.99980234,
    "_cci201": -69.63783509,
    "_ema10": 108.33146133,
    "_ema20": 109.53107001,
    "_ema30": 110.09489246,
    "_ema50": 109.99012664,
    "_ema100": 108.24156946,
    "_ema200": 104.13032207,
    "_psar": 104.28,
    "_wr": -47.96954315,
    "stock_diff": 14.57,
    "rsi_diff": 0.33
}
