{
    "open": 109,
    "low": 108.94,
    "high": 109.88,
    "close": 109.35,
    "change": 0.9881788,
    "_rsi": 47.8750063,
    "_rsi1": 44.58077221,
    "_stock_k": 50.15879695,
    "_stock_d": 32.8529144,
    "_stock_k1": 31.01739239,
    "_stock_d1": 21.77708564,
    "_macd_blue": -1.11014028,
    "_macd_orange": -1.27110763,
    "_cci20": -22.67368358,
    "_cci201": -69.63783509,
    "_ema10": 108.50782497,
    "_ema20": 109.62345096,
    "_ema30": 110.15747311,
    "_ema50": 110.02816585,
    "_ema100": 108.26077738,
    "_ema200": 104.13997381,
    "_psar": 104.28,
    "_wrr": -35.65989848,
    "stock_diff": 17.31,
    "rsi_diff": 3.29
}
