{
    "open": 109,
    "low": 108.94,
    "high": 109.88,
    "close": 109.4,
    "change": 1.03435537,
    "_rsi": 48.01939113,
    "_rsi1": 44.58077221,
    "_stock_k": 50.37030287,
    "_stock_d": 32.92341637,
    "_stock_k1": 31.01739239,
    "_stock_d1": 21.77708564,
    "_macd_blue": -1.10934256,
    "_macd_orange": -1.26711903,
    "_cci20": -22.18059414,
    "_cci201": -69.63783509,
    "_ema10": 108.51691587,
    "_ema20": 109.62821287,
    "_ema30": 110.16069891,
    "_ema50": 110.03012664,
    "_ema100": 108.26176748,
    "_ema200": 104.14047132,
    "_psar": 104.28,
    "_wrr": -35.02538071,
    "stock_diff": 17.45,
    "rsi_diff": 3.44
}
