{
    "open": 75.65,
    "low": 75.12,
    "high": 76.05,
    "close": 76.05,
    "volume": 916482,
    "change": 1.14376912,
    "_rsi": 64.3019365,
    "_rsi1": 61.57311785,
    "_stock_k": 87.79208393,
    "_stock_d": 89.33757654,
    "_stock_k1": 88.31664282,
    "_stock_d1": 92.50415461,
    "_macd_blue": 0.62061678,
    "_macd_orange": 1.14601446,
    "_cci20": 121.93684888,
    "_cci201": 114.73666465,
    "_ema10": 74.32933674,
    "_ema20": 73.20318461,
    "_ema30": 72.73274481,
    "_ema50": 72.48878207,
    "_ema100": 72.57323601,
    "_ema200": 72.16677506,
    "_psar": 71.3904354,
    "_wr": -3.29041488,
    "_mom": 6.61,
    "_mom1": 4.91,
    "stock_diff": -1.55,
    "rsi_diff": 2.73
}
