{
    "open": 44.82,
    "low": 44.61,
    "high": 45.05,
    "close": 44.63,
    "volume": 2462066,
    "change": -1.02018186,
    "_rsi": 52.13247026,
    "_rsi1": 55.37736122,
    "_stock_k": 82.38831995,
    "_stock_d": 88.27690676,
    "_stock_k1": 88.51361893,
    "_stock_d1": 89.92809899,
    "_macd_blue": -0.65695972,
    "_macd_orange": -0.21239736,
    "_cci20": 84.14034645,
    "_cci201": 103.5762122,
    "_ema10": 44.16029439,
    "_ema20": 44.09031267,
    "_ema30": 44.43317619,
    "_ema50": 45.20887538,
    "_ema100": 46.96874549,
    "_ema200": 48.67235454,
    "_psar": 42.20771533,
    "_wr": -24.54873646,
    "_mom": 2.46,
    "_mom1": 3.48,
    "stock_diff": -5.89,
    "rsi_diff": -3.24
}
