{
    "open": 153.4,
    "low": 152.36,
    "high": 153.65,
    "close": 153.2,
    "volume": 1078288,
    "change": 0.5051499,
    "_rsi": 50.67329806,
    "_rsi1": 49.33902279,
    "_stock_k": 75.98069047,
    "_stock_d": 81.98383234,
    "_stock_k1": 80.09660643,
    "_stock_d1": 86.27474033,
    "_macd_blue": -0.96430756,
    "_macd_orange": -0.16475834,
    "_cci20": 47.73732864,
    "_cci201": 57.71700813,
    "_ema10": 152.79346574,
    "_ema20": 152.4181258,
    "_ema30": 153.0972413,
    "_ema50": 155.10020185,
    "_ema100": 157.73443618,
    "_ema200": 155.00021382,
    "_psar": 146.58030272,
    "_wr": -27.78243268,
    "_mom": 5,
    "_mom1": 3.31,
    "stock_diff": -6.0,
    "rsi_diff": 1.33
}
