{
    "open": 38.67,
    "low": 38.6,
    "high": 39.36,
    "close": 39.29,
    "volume": 5058455,
    "change": 1.7085167,
    "_rsi": 61.65909532,
    "_rsi1": 56.81459332,
    "_stock_k": 46.05433956,
    "_stock_d": 33.67965615,
    "_stock_k1": 31.92797541,
    "_stock_d1": 24.08139365,
    "_macd_blue": 0.24422933,
    "_macd_orange": 0.24652171,
    "_cci20": 59.3657526,
    "_cci201": 2.13888484,
    "_ema10": 38.31624014,
    "_ema20": 38.15991581,
    "_ema30": 37.95075455,
    "_ema50": 37.56291514,
    "_ema100": 37.17027738,
    "_ema200": 37.06473282,
    "_psar": 37.075,
    "_wr": -34.56425406,
    "_mom": 1.93,
    "_mom1": 1.09,
    "stock_diff": 12.37,
    "rsi_diff": 4.84
}
