{
    "open": 37.36,
    "low": 36.29,
    "high": 37.38,
    "close": 36.3,
    "volume": 3503944,
    "change": -3.38035667,
    "_rsi": 37.61001579,
    "_rsi1": 44.61320865,
    "_stock_k": 16.78331084,
    "_stock_d": 32.86531678,
    "_stock_k1": 33.79251251,
    "_stock_d1": 50.39953481,
    "_macd_blue": -0.28371002,
    "_macd_orange": -0.35847262,
    "_cci20": -153.42365857,
    "_cci201": -31.36582211,
    "_ema10": 37.71084343,
    "_ema20": 37.98777885,
    "_ema30": 38.23239215,
    "_ema50": 38.61271434,
    "_ema100": 39.11189374,
    "_ema200": 39.13965654,
    "_psar": 39.76,
    "_wr": -99.71181556,
    "_mom": -1.6,
    "_mom1": 0.13,
    "stock_diff": -16.08,
    "rsi_diff": -7.0
}
