{
    "open": 27.11,
    "low": 26.83,
    "high": 29.485,
    "close": 28.91,
    "volume": 15170573,
    "change": 6.95523492,
    "_rsi": 71.18862674,
    "_rsi1": 64.72583244,
    "_stock_k": 82.65623105,
    "_stock_d": 72.31398178,
    "_stock_k1": 72.04481793,
    "_stock_d1": 63.00653595,
    "_macd_blue": 0.70581692,
    "_macd_orange": 0.95584731,
    "_cci20": 197.27543476,
    "_cci201": 104.25125938,
    "_ema10": 26.08444808,
    "_ema20": 25.28964251,
    "_ema30": 24.71042946,
    "_ema50": 23.83276305,
    "_ema100": 22.45051036,
    "_ema200": 20.95213369,
    "_psar": 22.0836,
    "_wr": -7.66155896,
    "_mom": 3.28,
    "_mom1": 0.7,
    "stock_diff": 10.34,
    "rsi_diff": 6.46
}
