{
    "open": 94.58,
    "low": 93.51,
    "high": 94.66,
    "close": 93.7,
    "volume": 4893275,
    "change": -1.26448894,
    "_rsi": 49.21660898,
    "_rsi1": 52.45103602,
    "_stock_k": 84.8176609,
    "_stock_d": 89.79104772,
    "_stock_k1": 91.0717171,
    "_stock_d1": 91.3286281,
    "_macd_blue": -0.73120929,
    "_macd_orange": -0.21077158,
    "_cci20": 41.20314033,
    "_cci201": 86.23253899,
    "_ema10": 93.84381589,
    "_ema20": 93.73400396,
    "_ema30": 94.10943756,
    "_ema50": 94.99254377,
    "_ema100": 96.87027979,
    "_ema200": 97.52750996,
    "_psar": 88.84950771,
    "_wr": -23.1261426,
    "_mom": 2.45,
    "_mom1": 6.75,
    "stock_diff": -4.97,
    "rsi_diff": -3.23
}
