{
    "open": 106.2,
    "low": 105.18,
    "high": 106.55,
    "close": 106.35,
    "volume": 5651239,
    "change": 0.17897513,
    "_rsi": 51.01245794,
    "_rsi1": 50.48515519,
    "_stock_k": 58.04468729,
    "_stock_d": 70.27417316,
    "_stock_k1": 67.80173675,
    "_stock_d1": 81.38501198,
    "_macd_blue": 0.7178244,
    "_macd_orange": 0.84299191,
    "_cci20": -8.03996769,
    "_cci201": 32.52742642,
    "_ema10": 107.05082417,
    "_ema20": 106.31879172,
    "_ema30": 105.94176527,
    "_ema50": 106.18250264,
    "_ema100": 109.07655368,
    "_ema200": 113.07836842,
    "_psar": 110.5021,
    "_wr": -51.8343253,
    "_mom": 1.89,
    "_mom1": 2.58,
    "stock_diff": -12.23,
    "rsi_diff": 0.53
}
