{
    "open": 16.01,
    "low": 15.8,
    "high": 16.09,
    "close": 15.98,
    "volume": 13492708,
    "change": -0.37406484,
    "_rsi": 55.98994131,
    "_rsi1": 56.72299635,
    "_stock_k": 60.27568922,
    "_stock_d": 51.16959064,
    "_stock_k1": 53.7593985,
    "_stock_d1": 42.64828739,
    "_macd_blue": 0.18640005,
    "_macd_orange": 0.14768973,
    "_cci20": 62.88164412,
    "_cci201": 56.22949569,
    "_ema10": 15.63693482,
    "_ema20": 15.56584035,
    "_ema30": 15.40930571,
    "_ema50": 14.97225122,
    "_ema100": 13.8288635,
    "_ema200": 12.0667805,
    "_psar": 16.31595032,
    "_wr": -32.33082707,
    "_mom": -0.59,
    "_mom1": -0.32,
    "stock_diff": 9.11,
    "rsi_diff": -0.73
}
