{
    "open": 49.45,
    "low": 47.98,
    "high": 49.85,
    "close": 48.13,
    "volume": 4726009,
    "change": -3.66293034,
    "_rsi": 43.85324236,
    "_rsi1": 49.93355313,
    "_stock_k": 65.81723943,
    "_stock_d": 65.51065797,
    "_stock_k1": 68.67324085,
    "_stock_d1": 64.39482314,
    "_macd_blue": -0.92943067,
    "_macd_orange": -0.74184519,
    "_cci20": -22.71082678,
    "_cci201": 40.13803262,
    "_ema10": 48.99993476,
    "_ema20": 49.48533325,
    "_ema30": 49.96675855,
    "_ema50": 50.3234813,
    "_ema100": 49.82311021,
    "_ema200": 47.81448693,
    "_psar": 47.42432344,
    "_wr": -48.11643836,
    "_mom": 0.28,
    "_mom1": 4.33,
    "stock_diff": 0.31,
    "rsi_diff": -6.08
}
