{
    "open": 126.49,
    "low": 124.8,
    "high": 127.29,
    "close": 124.87,
    "volume": 814490,
    "change": -1.96278559,
    "_rsi": 52.4712238,
    "_rsi1": 56.41948705,
    "_stock_k": 84.02659875,
    "_stock_d": 89.32967499,
    "_stock_k1": 90.20939445,
    "_stock_d1": 94.26166761,
    "_macd_blue": -1.32856704,
    "_macd_orange": 0.23228516,
    "_cci20": 75.66662638,
    "_cci201": 111.80793189,
    "_ema10": 123.83114585,
    "_ema20": 122.77942436,
    "_ema30": 123.56570164,
    "_ema50": 126.48411219,
    "_ema100": 131.82465361,
    "_ema200": 132.85063166,
    "_psar": 115.2609546,
    "_wr": -21.4770798,
    "_mom": 8.97,
    "_mom1": 18.52,
    "stock_diff": -5.3,
    "rsi_diff": -3.95
}
