{
    "open": 157.17,
    "low": 156.21,
    "high": 158.61,
    "close": 158.59,
    "volume": 7227795,
    "change": 1.62768343,
    "_rsi": 77.51051419,
    "_rsi1": 74.34356246,
    "_stock_k": 96.22515424,
    "_stock_d": 92.56401098,
    "_stock_k1": 93.22440334,
    "_stock_d1": 88.058557,
    "_macd_blue": 3.15309247,
    "_macd_orange": 3.72160987,
    "_cci20": 225.89615833,
    "_cci201": 204.11909668,
    "_ema10": 152.7138004,
    "_ema20": 149.78255721,
    "_ema30": 147.38357623,
    "_ema50": 143.13182322,
    "_ema100": 135.16363453,
    "_ema200": 126.00801797,
    "_psar": 148.56368962,
    "_wr": -0.15564202,
    "_mom": 8.18,
    "_mom1": 6.48,
    "stock_diff": 3.66,
    "rsi_diff": 3.17
}
