{
    "open": 44.01,
    "low": 43.91,
    "high": 44.87,
    "close": 44.84,
    "volume": 3397054,
    "change": 2.11796857,
    "_rsi": 65.98168208,
    "_rsi1": 59.51682596,
    "_stock_k": 64.97923865,
    "_stock_d": 57.9396296,
    "_stock_k1": 52.55254112,
    "_stock_d1": 55.23894556,
    "_macd_blue": 0.61763104,
    "_macd_orange": 0.61493329,
    "_cci20": 94.44056434,
    "_cci201": 40.09942021,
    "_ema10": 43.85339652,
    "_ema20": 43.39815258,
    "_ema30": 43.00014475,
    "_ema50": 42.36653431,
    "_ema100": 41.19022069,
    "_ema200": 39.63453225,
    "_psar": 44.911492,
    "_wr": -7.40740741,
    "_mom": 0.87,
    "_mom1": -0.12,
    "stock_diff": 7.04,
    "rsi_diff": 6.46
}
