{
    "open": 368.04,
    "low": 368.01,
    "high": 373.12,
    "close": 373.12,
    "volume": 646672,
    "change": 1.37753023,
    "_rsi": 58.73329726,
    "_rsi1": 54.65466653,
    "_stock_k": 66.338092,
    "_stock_d": 61.25462648,
    "_stock_k1": 60.03852255,
    "_stock_d1": 56.53372611,
    "_macd_blue": 2.08544182,
    "_macd_orange": 2.59517879,
    "_cci20": 69.2321223,
    "_cci201": 43.08684137,
    "_ema10": 367.22712121,
    "_ema20": 365.0878643,
    "_ema30": 363.54658799,
    "_ema50": 360.61594515,
    "_ema100": 351.39551306,
    "_ema200": 330.95646639,
    "_psar": 373.58287534,
    "_wr": -24.81305235,
    "_mom": 3.45,
    "_mom1": -1.58,
    "stock_diff": 5.08,
    "rsi_diff": 4.08
}
