{
    "open": 464.26,
    "low": 463.3301,
    "high": 475.625,
    "close": 473.73,
    "volume": 882316,
    "change": 2.50124413,
    "_rsi": 56.03689474,
    "_rsi1": 49.75900193,
    "_stock_k": 51.00264672,
    "_stock_d": 59.1306683,
    "_stock_k1": 53.22868033,
    "_stock_d1": 71.08121279,
    "_macd_blue": 5.36926913,
    "_macd_orange": 5.3060292,
    "_cci20": 55.11115119,
    "_cci201": 9.55422567,
    "_ema10": 469.75852871,
    "_ema20": 465.81767179,
    "_ema30": 462.39424455,
    "_ema50": 456.55069834,
    "_ema100": 442.79443466,
    "_ema200": 418.39380431,
    "_psar": 485.324266,
    "_wr": -35.51366951,
    "_mom": 0.53,
    "_mom1": -3.2,
    "stock_diff": -8.13,
    "rsi_diff": 6.28
}
