{
    "open": 26.88,
    "low": 26.41,
    "high": 26.88,
    "close": 26.48,
    "volume": 11876,
    "change": -0.82397004,
    "_rsi": 60.94389466,
    "_rsi1": 63.08031271,
    "_stock_k": 62.97273527,
    "_stock_d": 53.95689875,
    "_stock_k1": 57.43183817,
    "_stock_d1": 45.06852708,
    "_macd_blue": 0.65898104,
    "_macd_orange": 0.61297886,
    "_cci20": 93.36759667,
    "_cci201": 93.63183224,
    "_ema10": 25.8941293,
    "_ema20": 25.48487907,
    "_ema30": 25.01733691,
    "_ema50": 24.09267129,
    "_ema100": 22.19672847,
    "_ema200": 19.64603279,
    "_psar": 23.9368,
    "_wr": -31.39841689,
    "_mom": -0.41,
    "_mom1": -0.17,
    "stock_diff": 9.02,
    "rsi_diff": -2.14
}
