{
    "open": 71.98,
    "low": 70.46,
    "high": 72.67,
    "close": 70.58,
    "volume": 8824256,
    "change": -1.8222284,
    "_rsi": 46.49563403,
    "_rsi1": 50.57971398,
    "_stock_k": 64.60591117,
    "_stock_d": 68.09375691,
    "_stock_k1": 73.45313735,
    "_stock_d1": 66.20289763,
    "_macd_blue": -0.66497021,
    "_macd_orange": -0.47812812,
    "_cci20": 2.5131964,
    "_cci201": 5.9463548,
    "_ema10": 71.10433002,
    "_ema20": 71.38942831,
    "_ema30": 71.72390117,
    "_ema50": 72.02668076,
    "_ema100": 71.59275648,
    "_ema200": 69.17963768,
    "_psar": 68.31612162,
    "_wr": -46.94167852,
    "_mom": 3.57,
    "_mom1": 1.86,
    "stock_diff": -3.49,
    "rsi_diff": -4.08
}
