{
    "open": 190.41,
    "low": 189,
    "high": 191.26,
    "close": 190.28,
    "volume": 1872170,
    "change": 0.73587802,
    "_rsi": 58.07186763,
    "_rsi1": 56.90546352,
    "_stock_k": 84.58883424,
    "_stock_d": 86.01490931,
    "_stock_k1": 85.49486582,
    "_stock_d1": 88.38255529,
    "_macd_blue": 0.39701275,
    "_macd_orange": 2.13063531,
    "_cci20": 85.44853612,
    "_cci201": 66.33412886,
    "_ema10": 185.57200868,
    "_ema20": 183.26572645,
    "_ema30": 182.31126807,
    "_ema50": 180.49013483,
    "_ema100": 176.64024927,
    "_ema200": 169.00862987,
    "_psar": 177.07820719,
    "_wr": -10.53585296,
    "_mom": 22.38,
    "_mom1": 19.29,
    "stock_diff": -1.43,
    "rsi_diff": 1.17
}
