{
    "open": 54.605,
    "low": 54.395,
    "high": 55.18,
    "close": 54.97,
    "volume": 18090858,
    "change": 0.86238532,
    "_rsi": 46.69925964,
    "_rsi1": 43.81526845,
    "_stock_k": 28.94793072,
    "_stock_d": 40.10005471,
    "_stock_k1": 39.00561412,
    "_stock_d1": 53.29636236,
    "_macd_blue": -0.20913276,
    "_macd_orange": -0.22074814,
    "_cci20": -71.2149098,
    "_cci201": -152.17659447,
    "_ema10": 55.25665422,
    "_ema20": 55.39440137,
    "_ema30": 55.60063895,
    "_ema50": 56.05063512,
    "_ema100": 56.43659573,
    "_ema200": 55.45556143,
    "_psar": 53.67358853,
    "_wr": -57.56578947,
    "_mom": 0.28,
    "_mom1": -0.21,
    "stock_diff": -11.15,
    "rsi_diff": 2.88
}
