{
    "open": 437.97,
    "low": 424.55,
    "high": 437.97,
    "close": 429.52,
    "volume": 111118,
    "change": -1.62162162,
    "_rsi": 49.92335334,
    "_rsi1": 52.8990816,
    "_stock_k": 74.10288139,
    "_stock_d": 79.75646614,
    "_stock_k1": 81.06181133,
    "_stock_d1": 85.88575752,
    "_macd_blue": -7.39845911,
    "_macd_orange": -2.73630006,
    "_cci20": 70.30565264,
    "_cci201": 82.84581222,
    "_ema10": 427.34959958,
    "_ema20": 426.67489055,
    "_ema30": 431.35619234,
    "_ema50": 443.2377259,
    "_ema100": 461.26457289,
    "_ema200": 463.9400738,
    "_psar": 397.65413249,
    "_wr": -29.18508043,
    "_mom": 31.21,
    "_mom1": 28.47,
    "stock_diff": -5.65,
    "rsi_diff": -2.98
}
