{
    "open": 19.49,
    "low": 19.025,
    "high": 19.76,
    "close": 19.75,
    "volume": 14215658,
    "change": 1.80412371,
    "_rsi": 52.79824461,
    "_rsi1": 50.84019453,
    "_stock_k": 90.17494945,
    "_stock_d": 91.05471917,
    "_stock_k1": 89.75067147,
    "_stock_d1": 92.30847609,
    "_macd_blue": -0.46952626,
    "_macd_orange": -0.13139892,
    "_cci20": 67.49486876,
    "_cci201": 76.47667348,
    "_ema10": 19.20908501,
    "_ema20": 19.13458525,
    "_ema30": 19.37462924,
    "_ema50": 19.94883711,
    "_ema100": 21.27169834,
    "_ema200": 22.92627629,
    "_psar": 17.41259928,
    "_wr": -8.63192796,
    "_mom": 1.95,
    "_mom1": 2.09,
    "stock_diff": -0.88,
    "rsi_diff": 1.96
}
