{
    "open": 206.5,
    "low": 204.5,
    "high": 207.1,
    "close": 206.36,
    "volume": 1261837,
    "change": 0.56530214,
    "_rsi": 47.95728071,
    "_rsi1": 45.94257324,
    "_stock_k": 18.28797086,
    "_stock_d": 16.68902363,
    "_stock_k1": 14.53325866,
    "_stock_d1": 19.33089129,
    "_macd_blue": -0.61662769,
    "_macd_orange": -0.88671689,
    "_cci20": -50.52864934,
    "_cci201": -101.79349281,
    "_ema10": 206.40181626,
    "_ema20": 207.15430539,
    "_ema30": 207.69606165,
    "_ema50": 208.35611866,
    "_ema100": 206.40474857,
    "_ema200": 195.74103311,
    "_psar": 210.06010647,
    "_wr": -69.66679433,
    "_mom": -2.11,
    "_mom1": -5.97,
    "stock_diff": 1.6,
    "rsi_diff": 2.01
}
