{
    "open": 46.19,
    "low": 45.54,
    "high": 46.44,
    "close": 46.39,
    "volume": 3590692,
    "change": 0.47649989,
    "_rsi": 52.20297115,
    "_rsi1": 51.14558911,
    "_stock_k": 69.11764706,
    "_stock_d": 76.77463702,
    "_stock_k1": 76.30718954,
    "_stock_d1": 85.00667915,
    "_macd_blue": -0.09328129,
    "_macd_orange": 0.21010162,
    "_cci20": 42.44157295,
    "_cci201": 57.05388004,
    "_ema10": 46.28376576,
    "_ema20": 45.91900911,
    "_ema30": 46.04973806,
    "_ema50": 46.88101315,
    "_ema100": 48.61606032,
    "_ema200": 48.39969088,
    "_psar": 44.87492588,
    "_wr": -30.29411765,
    "_mom": 3.17,
    "_mom1": 2.36,
    "stock_diff": -7.66,
    "rsi_diff": 1.06
}
