{
    "open": 86.16,
    "low": 85.66,
    "high": 86.71,
    "close": 86.33,
    "volume": 1693892,
    "change": 0.69987169,
    "_rsi": 38.75237058,
    "_rsi1": 36.24037861,
    "_stock_k": 26.20336473,
    "_stock_d": 26.55167727,
    "_stock_k1": 25.47186909,
    "_stock_d1": 28.67580821,
    "_macd_blue": -1.3447736,
    "_macd_orange": -1.71712193,
    "_cci20": -77.35257081,
    "_cci201": -91.46039608,
    "_ema10": 87.37051089,
    "_ema20": 88.89885705,
    "_ema30": 89.67378407,
    "_ema50": 89.81350536,
    "_ema100": 87.85935555,
    "_ema200": 83.73312327,
    "_psar": 88.60316103,
    "_wr": -71.744907,
    "_mom": -3.62,
    "_mom1": -4.91,
    "stock_diff": -0.35,
    "rsi_diff": 2.51
}
