{
    "open": 49.39,
    "low": 49.08,
    "high": 49.7,
    "close": 49.69,
    "volume": 1113856,
    "change": 1.01646676,
    "_rsi": 43.0024303,
    "_rsi1": 39.97842389,
    "_stock_k": 37.9280413,
    "_stock_d": 35.62728189,
    "_stock_k1": 36.16012853,
    "_stock_d1": 31.51434332,
    "_macd_blue": -1.2933446,
    "_macd_orange": -1.21769982,
    "_cci20": -39.12991596,
    "_cci201": -52.74319888,
    "_ema10": 49.5300872,
    "_ema20": 50.43203998,
    "_ema30": 51.17682535,
    "_ema50": 52.1332039,
    "_ema100": 53.73361539,
    "_ema200": 55.43913499,
    "_psar": 47.506524,
    "_wr": -57.19626168,
    "_mom": 0.92,
    "_mom1": -1.49,
    "stock_diff": 2.3,
    "rsi_diff": 3.02
}
