{
    "open": 64.49,
    "low": 64.42,
    "high": 66.6499,
    "close": 66.36,
    "volume": 5426479,
    "change": 3.31620738,
    "_rsi": 55.696643,
    "_rsi1": 46.39850209,
    "_stock_k": 40.58841917,
    "_stock_d": 25.48354794,
    "_stock_k1": 22.28544562,
    "_stock_d1": 17.01914616,
    "_macd_blue": -1.10436732,
    "_macd_orange": -0.89204709,
    "_cci20": 32.16001615,
    "_cci201": -3.08621775,
    "_ema10": 64.03603044,
    "_ema20": 64.63736463,
    "_ema30": 65.208187,
    "_ema50": 65.70749638,
    "_ema100": 65.30589782,
    "_ema200": 63.86077304,
    "_psar": 61.7628,
    "_wr": -28.93939394,
    "_mom": 3.26,
    "_mom1": 0.12,
    "stock_diff": 15.1,
    "rsi_diff": 9.3
}
