{
    "open": 233.21,
    "low": 232.01,
    "high": 234.75,
    "close": 233.33,
    "volume": 617546,
    "change": 0.5212821,
    "_rsi": 62.15033903,
    "_rsi1": 61.05001547,
    "_stock_k": 81.91452586,
    "_stock_d": 83.69279769,
    "_stock_k1": 82.91290346,
    "_stock_d1": 85.85315048,
    "_macd_blue": 3.65157737,
    "_macd_orange": 4.78730545,
    "_cci20": 82.87475842,
    "_cci201": 75.05506003,
    "_ema10": 229.66562018,
    "_ema20": 225.35488801,
    "_ema30": 223.18301239,
    "_ema50": 221.57832491,
    "_ema100": 218.33566649,
    "_ema200": 207.78040979,
    "_psar": 215.17444874,
    "_wr": -18.06239737,
    "_mom": 4.38,
    "_mom1": 7.27,
    "stock_diff": -1.78,
    "rsi_diff": 1.1
}
