{
    "open": 97.03,
    "low": 96.9001,
    "high": 98.7,
    "close": 98.69,
    "volume": 2681116,
    "change": 1.31403347,
    "_rsi": 54.32819798,
    "_rsi1": 51.1006289,
    "_stock_k": 72.1632017,
    "_stock_d": 50.10656414,
    "_stock_k1": 46.39942072,
    "_stock_d1": 37.10146044,
    "_macd_blue": -1.31467456,
    "_macd_orange": -0.92250279,
    "_cci20": 94.28602786,
    "_cci201": 14.51328656,
    "_ema10": 96.09847974,
    "_ema20": 96.59159538,
    "_ema30": 97.36643751,
    "_ema50": 98.736065,
    "_ema100": 100.28742956,
    "_ema200": 99.27993697,
    "_psar": 92.8,
    "_wr": -4.07166124,
    "_mom": 1.11,
    "_mom1": -0.91,
    "stock_diff": 22.06,
    "rsi_diff": 3.23
}
