{
    "open": 422.52,
    "low": 420.44,
    "high": 426.43,
    "close": 425.48,
    "change": -0.45155705,
    "_rsi": 42.70040144,
    "_rsi1": 43.78318534,
    "_stock_k": 36.79265132,
    "_stock_d": 32.39739111,
    "_stock_k1": 28.38918747,
    "_stock_d1": 35.93712971,
    "_macd_blue": -6.36489212,
    "_macd_orange": -5.93369928,
    "_cci20": -92.97934129,
    "_cci201": -79.12161268,
    "_ema10": 428.26564214,
    "_ema20": 433.11515022,
    "_ema30": 437.19884568,
    "_ema50": 442.86098539,
    "_ema100": 446.88479585,
    "_ema200": 438.56242107,
    "_psar": 415.12,
    "stock_diff": 4.4,
    "rsi_diff": -1.08
}
