{
    "open": 577.78,
    "low": 577.78,
    "high": 590.57,
    "close": 586.4,
    "volume": 330830,
    "change": 1.64497062,
    "_rsi": 52.89265703,
    "_rsi1": 50.87397012,
    "_stock_k": 82.44624094,
    "_stock_d": 79.8893995,
    "_stock_k1": 81.15967794,
    "_stock_d1": 77.10558277,
    "_macd_blue": -13.81096796,
    "_macd_orange": -5.98555522,
    "_cci20": 78.60491898,
    "_cci201": 47.50003155,
    "_ema10": 568.41779913,
    "_ema20": 568.73976445,
    "_ema30": 576.64562198,
    "_ema50": 594.40715992,
    "_ema100": 617.26324171,
    "_ema200": 604.31132273,
    "_psar": 531.77930233,
    "_wr": -9.02757042,
    "_mom": 55.81,
    "_mom1": 37.4,
    "stock_diff": 2.56,
    "rsi_diff": 2.02
}
