{
    "open": 325,
    "low": 320.29,
    "high": 327.175,
    "close": 320.5,
    "volume": 1837548,
    "change": -2.12843925,
    "_rsi": 48.2871196,
    "_rsi1": 53.58835517,
    "_stock_k": 56.89313517,
    "_stock_d": 56.64071715,
    "_stock_k1": 59.33474876,
    "_stock_d1": 60.06580221,
    "_macd_blue": -5.56688213,
    "_macd_orange": -2.6586266,
    "_cci20": 77.45910971,
    "_cci201": 132.40913759,
    "_ema10": 320.12090203,
    "_ema20": 320.37422339,
    "_ema30": 323.96088746,
    "_ema50": 331.8021922,
    "_ema100": 339.55613408,
    "_ema200": 331.06153035,
    "_psar": 304.9331013,
    "_wr": -50.87048832,
    "_mom": 11.08,
    "_mom1": 25.85,
    "stock_diff": 0.25,
    "rsi_diff": -5.3
}
