{
    "open": 39.14,
    "low": 38.64,
    "high": 39.38,
    "close": 39.11,
    "volume": 11795037,
    "change": -0.8115648,
    "_rsi": 61.80835496,
    "_rsi1": 63.37713329,
    "_stock_k": 65.65849133,
    "_stock_d": 62.93817986,
    "_stock_k1": 63.20207707,
    "_stock_d1": 64.24213954,
    "_macd_blue": 1.53075008,
    "_macd_orange": 1.49382183,
    "_cci20": 69.68238165,
    "_cci201": 72.52682927,
    "_ema10": 38.07485769,
    "_ema20": 36.99079383,
    "_ema30": 35.9871493,
    "_ema50": 34.30350487,
    "_ema100": 31.19633803,
    "_ema200": 27.31649088,
    "_psar": 40.82333476,
    "_wr": -32.63075722,
    "_mom": -0.37,
    "_mom1": 1.15,
    "stock_diff": 2.72,
    "rsi_diff": -1.57
}
