{
    "open": 69.96,
    "low": 69.96,
    "high": 71.6,
    "close": 71.29,
    "volume": 3118766,
    "change": 1.56717481,
    "_rsi": 64.51007745,
    "_rsi1": 61.43213139,
    "_stock_k": 89.49569299,
    "_stock_d": 88.57208807,
    "_stock_k1": 87.59608665,
    "_stock_d1": 90.21148154,
    "_macd_blue": 0.17942898,
    "_macd_orange": 0.8645013,
    "_cci20": 138.51019296,
    "_cci201": 127.40058017,
    "_ema10": 68.77904781,
    "_ema20": 67.82877152,
    "_ema30": 67.48910812,
    "_ema50": 66.93652597,
    "_ema100": 65.65370372,
    "_ema200": 63.22995287,
    "_psar": 66.67364537,
    "_wr": -3.10621242,
    "_mom": 7.09,
    "_mom1": 5.91,
    "stock_diff": 0.92,
    "rsi_diff": 3.08
}
