{
    "open": 215.18,
    "low": 213.2201,
    "high": 230.38,
    "close": 229.73,
    "volume": 48593886,
    "change": 7.70276606,
    "_rsi": 47.40956503,
    "_rsi1": 39.18213492,
    "_stock_k": 36.96969697,
    "_stock_d": 37.63684966,
    "_stock_k1": 33.12034054,
    "_stock_d1": 37.19273233,
    "_macd_blue": -7.38774725,
    "_macd_orange": -7.69469015,
    "_cci20": -63.31897068,
    "_cci201": -127.95421358,
    "_ema10": 226.16514589,
    "_ema20": 231.87898413,
    "_ema30": 237.09044371,
    "_ema50": 245.1995983,
    "_ema100": 249.10267659,
    "_ema200": 232.10935486,
    "_psar": 207.48802,
    "_wr": -42.14196762,
    "_mom": -5.04,
    "_mom1": -30.55,
    "stock_diff": -0.67,
    "rsi_diff": 8.23
}
