{
    "open": 559.82,
    "low": 550.225,
    "high": 560.4299,
    "close": 555.71,
    "volume": 1975406,
    "change": -0.43002276,
    "_rsi": 62.78518719,
    "_rsi1": 64.7520705,
    "_stock_k": 79.42797335,
    "_stock_d": 80.88440248,
    "_stock_k1": 82.19315599,
    "_stock_d1": 83.72960247,
    "_macd_blue": 8.98829312,
    "_macd_orange": 10.8503112,
    "_cci20": 91.90973885,
    "_cci201": 102.33868789,
    "_ema10": 550.41988206,
    "_ema20": 541.23136157,
    "_ema30": 535.55209194,
    "_ema50": 529.52017242,
    "_ema100": 516.50665041,
    "_ema200": 485.61993436,
    "_psar": 547.84139104,
    "_wr": -21.63009404,
    "_mom": 28.29,
    "_mom1": 25.39,
    "stock_diff": -1.46,
    "rsi_diff": -1.97
}
