{
    "open": 26.63,
    "low": 25.69,
    "high": 26.71,
    "close": 25.73,
    "volume": 10180215,
    "change": -4.34944238,
    "_rsi": 50.7508256,
    "_rsi1": 55.62983748,
    "_stock_k": 76.87409632,
    "_stock_d": 86.15121533,
    "_stock_k1": 88.37626835,
    "_stock_d1": 92.82112437,
    "_macd_blue": 0.06677554,
    "_macd_orange": 0.33079644,
    "_cci20": 44.16110533,
    "_cci201": 116.02525597,
    "_ema10": 26.00007429,
    "_ema20": 25.61341945,
    "_ema30": 25.53823864,
    "_ema50": 25.62001684,
    "_ema100": 25.42782316,
    "_ema200": 23.59978978,
    "_psar": 23.12052532,
    "_wr": -34.98498498,
    "_mom": 1.57,
    "_mom1": 3.74,
    "stock_diff": -9.28,
    "rsi_diff": -4.88
}
