{
    "open": 15.05,
    "low": 14.915,
    "high": 15.21,
    "close": 15.14,
    "volume": 8385536,
    "change": 1.00066711,
    "_rsi": 49.35986821,
    "_rsi1": 47.30624364,
    "_stock_k": 75.20833333,
    "_stock_d": 77.56173568,
    "_stock_k1": 76.15582192,
    "_stock_d1": 78.16264892,
    "_macd_blue": -0.16351134,
    "_macd_orange": -0.09123528,
    "_cci20": 33.26326203,
    "_cci201": 42.21029956,
    "_ema10": 15.09167783,
    "_ema20": 15.12086524,
    "_ema30": 15.214418,
    "_ema50": 15.36667092,
    "_ema100": 15.48277825,
    "_ema200": 15.25623378,
    "_psar": 14.46967296,
    "_wr": -27.5,
    "_mom": 0.53,
    "_mom1": 0.28,
    "stock_diff": -2.35,
    "rsi_diff": 2.05
}
