{
    "open": 136.48,
    "low": 136.355,
    "high": 137.67,
    "close": 137.65,
    "volume": 686511,
    "change": 0.73179656,
    "_rsi": 48.72803057,
    "_rsi1": 46.58872029,
    "_stock_k": 66.14025193,
    "_stock_d": 68.78677715,
    "_stock_k1": 64.37300244,
    "_stock_d1": 72.56919526,
    "_macd_blue": -1.98798463,
    "_macd_orange": -1.14358221,
    "_cci20": 49.62843101,
    "_cci201": 53.90954058,
    "_ema10": 137.0117825,
    "_ema20": 137.27409396,
    "_ema30": 138.75874849,
    "_ema50": 142.42677862,
    "_ema100": 148.02838051,
    "_ema200": 150.4832808,
    "_psar": 132.87301923,
    "_wr": -32.99492386,
    "_mom": 2.36,
    "_mom1": 1.2,
    "stock_diff": -2.65,
    "rsi_diff": 2.14
}
