{
    "open": 136.89,
    "low": 135.22,
    "high": 138.595,
    "close": 136.11,
    "volume": 596153,
    "change": -2.11434736,
    "_rsi": 44.27377999,
    "_rsi1": 47.0054801,
    "_stock_k": 62.55069306,
    "_stock_d": 71.79145734,
    "_stock_k1": 72.71956903,
    "_stock_d1": 79.93462865,
    "_macd_blue": -3.63831914,
    "_macd_orange": -2.40891671,
    "_cci20": -15.13919996,
    "_cci201": 34.00268781,
    "_ema10": 138.82068479,
    "_ema20": 139.81147224,
    "_ema30": 142.30968608,
    "_ema50": 147.92570319,
    "_ema100": 158.63734609,
    "_ema200": 166.42738524,
    "_psar": 126.41610542,
    "_wr": -45.2696568,
    "_mom": -0.75,
    "_mom1": 10.73,
    "stock_diff": -9.24,
    "rsi_diff": -2.73
}
