{
    "open": 109,
    "low": 108.94,
    "high": 109.88,
    "close": 109.28,
    "change": 0.92353158,
    "_rsi": 47.67151473,
    "_rsi1": 44.58077221,
    "_stock_k": 49.86268866,
    "_stock_d": 32.75421164,
    "_stock_k1": 31.01739239,
    "_stock_d1": 21.77708564,
    "_macd_blue": -1.11125709,
    "_macd_orange": -1.27669168,
    "_cci20": -23.36348574,
    "_cci201": -69.63783509,
    "_ema10": 108.49509769,
    "_ema20": 109.61678429,
    "_ema30": 110.15295698,
    "_ema50": 110.02542076,
    "_ema100": 108.25939124,
    "_ema200": 104.13927729,
    "_psar": 104.28,
    "_wrr": -36.54822335,
    "stock_diff": 17.11,
    "rsi_diff": 3.09
}
