{
    "open": 2611.46,
    "low": 2528.26,
    "high": 2620.52,
    "close": 2534.82,
    "volume": 1466493,
    "change": -2.86222318,
    "_rsi": 40.02970441,
    "_rsi1": 44.87240235,
    "_stock_k": 43.53115951,
    "_stock_d": 53.41411537,
    "_stock_k1": 63.14249831,
    "_stock_d1": 50.8308165,
    "_macd_blue": -32.95636957,
    "_macd_orange": -37.5790197,
    "_cci20": -125.8410695,
    "_cci201": -34.28769727,
    "_ema10": 2616.4098612,
    "_ema20": 2645.73985817,
    "_ema30": 2669.87395505,
    "_ema50": 2708.46273901,
    "_ema100": 2743.59852606,
    "_ema200": 2658.22797858,
    "_psar": 2525.81061164,
    "_wr": -83.45927521,
    "_mom": -163,
    "_mom1": -80.88,
    "stock_diff": -9.88,
    "rsi_diff": -4.84
}
