{
    "open": 10.74,
    "low": 10.71,
    "high": 11.08,
    "close": 10.88,
    "volume": 13595653,
    "change": 0.2764977,
    "_rsi": 40.05965071,
    "_rsi1": 39.56303018,
    "_stock_k": 88.75710555,
    "_stock_d": 76.86020273,
    "_stock_k1": 82.04843246,
    "_stock_d1": 58.88202489,
    "_macd_blue": -0.97819899,
    "_macd_orange": -0.77575703,
    "_cci20": 9.86971194,
    "_cci201": -5.48308067,
    "_ema10": 10.66572851,
    "_ema20": 11.15744077,
    "_ema30": 11.70354213,
    "_ema50": 12.39247426,
    "_ema100": 13.08279351,
    "_ema200": 13.71622021,
    "_psar": 9.82381784,
    "_wr": -14.08450704,
    "_mom": 0.6,
    "_mom1": 0.9,
    "stock_diff": 11.9,
    "rsi_diff": 0.5
}
