{
    "open": 249.31,
    "low": 249.31,
    "high": 253.5068,
    "close": 251.7,
    "volume": 1039838,
    "change": 1.43876194,
    "_rsi": 64.91492206,
    "_rsi1": 61.06980754,
    "_stock_k": 89.48846738,
    "_stock_d": 90.81851808,
    "_stock_k1": 89.60218962,
    "_stock_d1": 91.70437981,
    "_macd_blue": 3.7561962,
    "_macd_orange": 4.64912491,
    "_cci20": 109.80249097,
    "_cci201": 101.64970511,
    "_ema10": 247.5247085,
    "_ema20": 243.66535219,
    "_ema30": 240.90097585,
    "_ema50": 235.77452742,
    "_ema100": 225.30420443,
    "_ema200": 217.50917991,
    "_psar": 242.13149834,
    "_wr": -8.7978653,
    "_mom": 9.77,
    "_mom1": 8.89,
    "stock_diff": -1.33,
    "rsi_diff": 3.85
}
