{
    "open": 191.24,
    "low": 189.33,
    "high": 197.86,
    "close": 197.84,
    "volume": 1982812,
    "change": 4.0222935,
    "_rsi": 67.80600859,
    "_rsi1": 64.54159979,
    "_stock_k": 89.6115502,
    "_stock_d": 89.39997841,
    "_stock_k1": 87.4286281,
    "_stock_d1": 89.80326882,
    "_macd_blue": 7.78596031,
    "_macd_orange": 10.16951097,
    "_cci20": 151.20758926,
    "_cci201": 133.91126945,
    "_ema10": 183.09094975,
    "_ema20": 174.19720225,
    "_ema30": 169.25306375,
    "_ema50": 167.05231159,
    "_ema100": 170.57490416,
    "_ema200": 169.40126548,
    "_psar": 160.63883408,
    "_wr": -0.17006803,
    "_mom": 19.12,
    "_mom1": 10.32,
    "stock_diff": 0.21,
    "rsi_diff": 3.26
}
