{
    "open": 85.78,
    "low": 84.27,
    "high": 86.4,
    "close": 86.3,
    "volume": 1711020,
    "change": -1.05480394,
    "_rsi": 52.94507532,
    "_rsi1": 55.19945263,
    "_stock_k": 73.83616522,
    "_stock_d": 80.45737729,
    "_stock_k1": 79.91435281,
    "_stock_d1": 87.39267948,
    "_macd_blue": -0.35525598,
    "_macd_orange": 0.50567514,
    "_cci20": 65.51506733,
    "_cci201": 120.47771993,
    "_ema10": 85.86395532,
    "_ema20": 85.01147515,
    "_ema30": 85.15575919,
    "_ema50": 85.93032034,
    "_ema100": 86.75454728,
    "_ema200": 84.35713747,
    "_psar": 79.21861005,
    "_wr": -32.32490676,
    "_mom": 3.68,
    "_mom1": 6.44,
    "stock_diff": -6.62,
    "rsi_diff": -2.25
}
