{
    "open": 82.71,
    "low": 82.58,
    "high": 85.0458,
    "close": 84.71,
    "volume": 2711315,
    "change": 2.72859568,
    "_rsi": 51.3576482,
    "_rsi1": 45.37764701,
    "_stock_k": 49.15176525,
    "_stock_d": 63.93241359,
    "_stock_k1": 58.50527281,
    "_stock_d1": 77.16906157,
    "_macd_blue": 1.13650416,
    "_macd_orange": 0.96686872,
    "_cci20": -18.68850742,
    "_cci201": -36.3370984,
    "_ema10": 85.32630711,
    "_ema20": 84.68998309,
    "_ema30": 83.98248752,
    "_ema50": 82.61586326,
    "_ema100": 79.46267584,
    "_ema200": 75.17830771,
    "_psar": 88.486,
    "_wr": -53.64511692,
    "_mom": 0.27,
    "_mom1": -0.39,
    "stock_diff": -14.78,
    "rsi_diff": 5.98
}
