{
    "open": 34.25,
    "low": 33.92,
    "high": 35.21,
    "close": 34.98,
    "volume": 15890316,
    "change": 3.95245171,
    "_rsi": 61.3281988,
    "_rsi1": 57.35296512,
    "_stock_k": 63.44086022,
    "_stock_d": 71.7417277,
    "_stock_k1": 69.67430263,
    "_stock_d1": 81.42523886,
    "_macd_blue": 1.89612321,
    "_macd_orange": 2.01101055,
    "_cci20": 59.8459444,
    "_cci201": 43.36337865,
    "_ema10": 34.43241291,
    "_ema20": 32.86166587,
    "_ema30": 31.65142642,
    "_ema50": 30.01516755,
    "_ema100": 27.85301717,
    "_ema200": 25.75913311,
    "_psar": 38.2934,
    "_wr": -32.07106124,
    "_mom": 3.77,
    "_mom1": 3.26,
    "stock_diff": -8.3,
    "rsi_diff": 3.98
}
