{
    "open": 70.99,
    "low": 70.64,
    "high": 71.51,
    "close": 71.38,
    "volume": 13438863,
    "change": 0.79073708,
    "_rsi": 72.21224506,
    "_rsi1": 69.49063683,
    "_stock_k": 79.37346005,
    "_stock_d": 84.85715171,
    "_stock_k1": 84.16050686,
    "_stock_d1": 89.08393685,
    "_macd_blue": 1.08869614,
    "_macd_orange": 1.19143442,
    "_cci20": 143.87440164,
    "_cci201": 141.73232878,
    "_ema10": 70.25889759,
    "_ema20": 69.3598198,
    "_ema30": 68.55370314,
    "_ema50": 67.13668315,
    "_ema100": 65.12041823,
    "_ema200": 63.90764991,
    "_psar": 68.80647567,
    "_wr": -14.36114044,
    "_mom": 3.25,
    "_mom1": 3.08,
    "stock_diff": -5.48,
    "rsi_diff": 2.72
}
