{
    "open": 25,
    "low": 24.29,
    "high": 25.19,
    "close": 24.66,
    "volume": 27905971,
    "change": -1.55688623,
    "_rsi": 63.64545823,
    "_rsi1": 66.78193448,
    "_stock_k": 70.56010929,
    "_stock_d": 55.4417122,
    "_stock_k1": 59.69945355,
    "_stock_d1": 40.82993813,
    "_macd_blue": 0.68619683,
    "_macd_orange": 0.71948839,
    "_cci20": 140.82822251,
    "_cci201": 150.33712532,
    "_ema10": 23.43736116,
    "_ema20": 22.92546746,
    "_ema30": 22.39419228,
    "_ema50": 21.35964792,
    "_ema100": 19.33967548,
    "_ema200": 16.71408566,
    "_psar": 20.9055,
    "_wr": -21.31147541,
    "_mom": 0.57,
    "_mom1": 0.72,
    "stock_diff": 15.12,
    "rsi_diff": -3.14
}
