{
    "open": 29.62,
    "low": 29.56,
    "high": 29.8501,
    "close": 29.78,
    "volume": 3152219,
    "change": 0.54017556,
    "_rsi": 69.63341483,
    "_rsi1": 68.16085308,
    "_stock_k": 92.1524431,
    "_stock_d": 92.08395933,
    "_stock_k1": 91.87649128,
    "_stock_d1": 92.28118186,
    "_macd_blue": 0.41711234,
    "_macd_orange": 0.5321522,
    "_cci20": 135.27957982,
    "_cci201": 115.51300851,
    "_ema10": 29.18575112,
    "_ema20": 28.72895402,
    "_ema30": 28.44641896,
    "_ema50": 28.10049169,
    "_ema100": 27.51844973,
    "_ema200": 26.52090196,
    "_psar": 29.06709501,
    "_wr": -4.30034967,
    "_mom": 1.08,
    "_mom1": 1.24,
    "stock_diff": 0.07,
    "rsi_diff": 1.47
}
