{
    "open": 89.31,
    "low": 88.16,
    "high": 90.92,
    "close": 90.43,
    "volume": 7593157,
    "change": 1.50409698,
    "_rsi": 56.72576371,
    "_rsi1": 54.75295298,
    "_stock_k": 60.8685278,
    "_stock_d": 52.45367056,
    "_stock_k1": 46.50441422,
    "_stock_d1": 54.17959119,
    "_macd_blue": 0.92224739,
    "_macd_orange": 1.06034766,
    "_cci20": 104.80792791,
    "_cci201": 58.08538137,
    "_ema10": 87.91883173,
    "_ema20": 87.13237171,
    "_ema30": 86.33920201,
    "_ema50": 84.55615334,
    "_ema100": 80.98351091,
    "_ema200": 76.82366258,
    "_psar": 83.7594,
    "_wr": -22.83464567,
    "_mom": 4.45,
    "_mom1": 4.9,
    "stock_diff": 8.41,
    "rsi_diff": 1.97
}
