{
    "open": 257.44,
    "low": 256.71,
    "high": 263.05,
    "close": 263.01,
    "volume": 1177297,
    "change": 2.95142287,
    "_rsi": 53.9929269,
    "_rsi1": 47.75256847,
    "_stock_k": 70.82489114,
    "_stock_d": 75.37008267,
    "_stock_k1": 71.43113924,
    "_stock_d1": 78.35487925,
    "_macd_blue": 0.87829737,
    "_macd_orange": 1.64326322,
    "_cci20": 21.11584619,
    "_cci201": -0.68986713,
    "_ema10": 260.47357499,
    "_ema20": 258.85075857,
    "_ema30": 258.19678325,
    "_ema50": 258.06907393,
    "_ema100": 259.01496512,
    "_ema200": 257.29892289,
    "_psar": 248.26609873,
    "_wr": -21.75466455,
    "_mom": 14.64,
    "_mom1": 5.78,
    "stock_diff": -4.55,
    "rsi_diff": 6.24
}
