{
    "open": 212.79,
    "low": 210.5701,
    "high": 229.34,
    "close": 224.96,
    "volume": 6096016,
    "change": 5.62990093,
    "_rsi": 48.45191248,
    "_rsi1": 44.53958878,
    "_stock_k": 62.55765819,
    "_stock_d": 50.34556473,
    "_stock_k1": 47.01484968,
    "_stock_d1": 37.96857789,
    "_macd_blue": -21.6509857,
    "_macd_orange": -17.3222065,
    "_cci20": 4.73837576,
    "_cci201": -18.60223437,
    "_ema10": 209.86799458,
    "_ema20": 220.91972975,
    "_ema30": 233.4550964,
    "_ema50": 253.44059393,
    "_ema100": 278.11104502,
    "_ema200": 287.41245814,
    "_psar": 169.93991104,
    "_wr": -12.96801033,
    "_mom": 33.35,
    "_mom1": 19.97,
    "stock_diff": 12.21,
    "rsi_diff": 3.91
}
