{
    "open": 297.72,
    "low": 289.1503,
    "high": 297.72,
    "close": 289.48,
    "volume": 406868,
    "change": -3.65118988,
    "_rsi": 51.78284516,
    "_rsi1": 59.1185383,
    "_stock_k": 87.90127764,
    "_stock_d": 93.03957201,
    "_stock_k1": 95.97134565,
    "_stock_d1": 95.13406308,
    "_macd_blue": -0.92158114,
    "_macd_orange": 1.77536969,
    "_cci20": 96.61163882,
    "_cci201": 185.70818393,
    "_ema10": 289.25915868,
    "_ema20": 286.47149518,
    "_ema30": 286.83647813,
    "_ema50": 290.06106588,
    "_ema100": 294.25459933,
    "_ema200": 281.81325094,
    "_psar": 264.40690249,
    "_wr": -27.2023674,
    "_mom": 6.28,
    "_mom1": 30.01,
    "stock_diff": -5.14,
    "rsi_diff": -7.34
}
