{
    "open": 66.64,
    "low": 66.5,
    "high": 67.84,
    "close": 67.39,
    "volume": 4047153,
    "change": 1.55213984,
    "_rsi": 59.36724868,
    "_rsi1": 55.696643,
    "_stock_k": 66.76216977,
    "_stock_d": 43.21201152,
    "_stock_k1": 40.58841917,
    "_stock_d1": 25.48354794,
    "_macd_blue": -0.99643729,
    "_macd_orange": -0.5647172,
    "_cci20": 81.99409213,
    "_cci201": 32.16001615,
    "_ema10": 64.64584308,
    "_ema20": 64.89952038,
    "_ema30": 65.34894913,
    "_ema50": 65.77347692,
    "_ema100": 65.34716717,
    "_ema200": 63.89588973,
    "_psar": 61.958284,
    "_wr": -7.29335494,
    "_mom": 5.12,
    "_mom1": 3.26,
    "stock_diff": 23.55,
    "rsi_diff": 3.67
}
