{
    "open": 328.06,
    "low": 325.58,
    "high": 329.49,
    "close": 326.12,
    "volume": 690091,
    "change": -1.46836667,
    "_rsi": 51.02695328,
    "_rsi1": 54.49934679,
    "_stock_k": 87.00396579,
    "_stock_d": 88.45394487,
    "_stock_k1": 92.73416499,
    "_stock_d1": 84.30005136,
    "_macd_blue": -5.21005808,
    "_macd_orange": -2.31202992,
    "_cci20": 76.79450095,
    "_cci201": 113.97181877,
    "_ema10": 322.45217822,
    "_ema20": 322.54199123,
    "_ema30": 325.80520499,
    "_ema50": 334.11827422,
    "_ema100": 347.63394326,
    "_ema200": 349.54471366,
    "_psar": 303.4352992,
    "_wr": -19.07240165,
    "_mom": 2.81,
    "_mom1": 16.98,
    "stock_diff": -1.45,
    "rsi_diff": -3.47
}
