{
    "open": 114.28,
    "low": 113.51,
    "high": 114.99,
    "close": 114.1,
    "volume": 2185261,
    "change": 0.0877193,
    "_rsi": 69.28025989,
    "_rsi1": 69.09049066,
    "_stock_k": 95.39398397,
    "_stock_d": 94.45024743,
    "_stock_k1": 93.69944064,
    "_stock_d1": 93.65838103,
    "_macd_blue": 0.87114972,
    "_macd_orange": 1.86935573,
    "_cci20": 163.38148381,
    "_cci201": 194.80486065,
    "_ema10": 110.75280612,
    "_ema20": 108.89568407,
    "_ema30": 108.05251547,
    "_ema50": 106.76422262,
    "_ema100": 103.95133122,
    "_ema200": 100.52742107,
    "_psar": 108.13369606,
    "_wr": -7.01063411,
    "_mom": 9.43,
    "_mom1": 9.9,
    "stock_diff": 0.94,
    "rsi_diff": 0.19
}
