{
    "open": 110.63,
    "low": 110.44,
    "high": 112.03,
    "close": 112.01,
    "volume": 1616521,
    "change": 1.07381339,
    "_rsi": 57.7912802,
    "_rsi1": 53.57660385,
    "_stock_k": 86.50170406,
    "_stock_d": 73.1583589,
    "_stock_k1": 71.84500824,
    "_stock_d1": 63.40658315,
    "_macd_blue": -0.51583229,
    "_macd_orange": -0.20430284,
    "_cci20": 174.96063833,
    "_cci201": 66.05525502,
    "_ema10": 109.938262,
    "_ema20": 109.95762839,
    "_ema30": 110.17506844,
    "_ema50": 110.375299,
    "_ema100": 109.86564768,
    "_ema200": 107.43531311,
    "_psar": 107.18759291,
    "_wr": -0.43985045,
    "_mom": 1.25,
    "_mom1": 0.35,
    "stock_diff": 13.34,
    "rsi_diff": 4.21
}
