{
    "open": 38.46,
    "low": 38.01,
    "high": 38.63,
    "close": 38.59,
    "volume": 1005666,
    "change": 0.18172378,
    "_rsi": 46.64294548,
    "_rsi1": 46.29880444,
    "_stock_k": 78.38050314,
    "_stock_d": 69.15867608,
    "_stock_k1": 69.26539232,
    "_stock_d1": 63.12241586,
    "_macd_blue": -1.38043092,
    "_macd_orange": -1.00140163,
    "_cci20": 27.07017064,
    "_cci201": 6.76794187,
    "_ema10": 38.1444159,
    "_ema20": 38.68844985,
    "_ema30": 39.5173503,
    "_ema50": 40.88022112,
    "_ema100": 42.70603129,
    "_ema200": 43.8328518,
    "_psar": 36.18763367,
    "_wr": -11.79245283,
    "_mom": 2.27,
    "_mom1": 1.8,
    "stock_diff": 9.22,
    "rsi_diff": 0.34
}
