{
    "open": 98.4,
    "low": 98.24,
    "high": 99.9757,
    "close": 99.92,
    "volume": 1712777,
    "change": 1.24632688,
    "_rsi": 57.24834697,
    "_rsi1": 54.32819798,
    "_stock_k": 90.07784703,
    "_stock_d": 69.54682315,
    "_stock_k1": 72.1632017,
    "_stock_d1": 50.10656414,
    "_macd_blue": -1.16210598,
    "_macd_orange": -0.55183169,
    "_cci20": 150.17909188,
    "_cci201": 94.28602786,
    "_ema10": 96.79330161,
    "_ema20": 96.9085863,
    "_ema30": 97.53118348,
    "_ema50": 98.78249383,
    "_ema100": 100.28015372,
    "_ema200": 99.28630575,
    "_psar": 92.918,
    "_wr": -0.77623089,
    "_mom": 3.31,
    "_mom1": 1.11,
    "stock_diff": 20.53,
    "rsi_diff": 2.92
}
