{
    "open": 65.75,
    "low": 65.09,
    "high": 66.58,
    "close": 66.04,
    "volume": 1005045,
    "change": 0.93229405,
    "_rsi": 51.16893123,
    "_rsi1": 49.69344909,
    "_stock_k": 80.70525615,
    "_stock_d": 83.69491831,
    "_stock_k1": 81.09286535,
    "_stock_d1": 84.95942895,
    "_macd_blue": -1.24558474,
    "_macd_orange": -0.56673856,
    "_cci20": 61.50608729,
    "_cci201": 62.90620801,
    "_ema10": 65.05818138,
    "_ema20": 65.15037261,
    "_ema30": 65.78076965,
    "_ema50": 66.81166249,
    "_ema100": 67.76535321,
    "_ema200": 66.45047524,
    "_psar": 61.40321242,
    "_wr": -20.45908184,
    "_mom": 4.76,
    "_mom1": 3.16,
    "stock_diff": -2.99,
    "rsi_diff": 1.48
}
