{
    "open": 152.26,
    "low": 152.16,
    "high": 156.425,
    "close": 155.88,
    "volume": 8359658,
    "change": 2.4852071,
    "_rsi": 74.11704257,
    "_rsi1": 68.34693437,
    "_stock_k": 88.24247537,
    "_stock_d": 82.89227614,
    "_stock_k1": 82.70879228,
    "_stock_d1": 77.26462792,
    "_macd_blue": 2.92575526,
    "_macd_orange": 3.0896405,
    "_cci20": 215.40811134,
    "_cci201": 127.66904566,
    "_ema10": 150.37641788,
    "_ema20": 148.09813776,
    "_ema30": 145.95973455,
    "_ema50": 141.94785181,
    "_ema100": 134.25886704,
    "_ema200": 125.37534037,
    "_psar": 146.43925457,
    "_wr": -4.20686993,
    "_mom": 8.19,
    "_mom1": 4.33,
    "stock_diff": 5.35,
    "rsi_diff": 5.77
}
