{
    "open": 307.74,
    "low": 306.9483,
    "high": 310.72,
    "close": 307.3,
    "volume": 1853999,
    "change": -1.54743216,
    "_rsi": 55.56678647,
    "_rsi1": 59.18427588,
    "_stock_k": 93.263278,
    "_stock_d": 95.88803427,
    "_stock_k1": 97.02098694,
    "_stock_d1": 96.6919227,
    "_macd_blue": -1.80986215,
    "_macd_orange": 2.13332443,
    "_cci20": 107.52445702,
    "_cci201": 148.92740783,
    "_ema10": 302.53759588,
    "_ema20": 298.7793193,
    "_ema30": 299.59808891,
    "_ema50": 303.73220013,
    "_ema100": 308.99762404,
    "_ema200": 304.87853145,
    "_psar": 282.97922016,
    "_wr": -13.29265635,
    "_mom": 14.53,
    "_mom1": 40.69,
    "stock_diff": -2.62,
    "rsi_diff": -3.62
}
