{
    "open": 2838.32,
    "low": 2794.75,
    "high": 2840.7,
    "close": 2833.46,
    "volume": 1204464,
    "change": 0.07134179,
    "_rsi": 61.17734262,
    "_rsi1": 61.05277428,
    "_stock_k": 93.32203259,
    "_stock_d": 91.27368954,
    "_stock_k1": 91.54437795,
    "_stock_d1": 91.45962171,
    "_macd_blue": 0.01633881,
    "_macd_orange": 28.48451136,
    "_cci20": 160.06808875,
    "_cci201": 169.03955264,
    "_ema10": 2742.8460755,
    "_ema20": 2707.21089024,
    "_ema30": 2702.52722344,
    "_ema50": 2716.06148057,
    "_ema100": 2736.72662671,
    "_ema200": 2652.98804951,
    "_psar": 2576.51795842,
    "_wr": -2.15990453,
    "_mom": 236.05,
    "_mom1": 182.85,
    "stock_diff": 2.05,
    "rsi_diff": 0.12
}
