{
    "open": 213.84,
    "low": 212.71,
    "high": 217.09,
    "close": 216.95,
    "volume": 1153279,
    "change": 2.06049772,
    "_rsi": 60.5611153,
    "_rsi1": 54.58101428,
    "_stock_k": 82.54482396,
    "_stock_d": 78.04210327,
    "_stock_k1": 73.13035639,
    "_stock_d1": 77.84218476,
    "_macd_blue": 0.63714907,
    "_macd_orange": 1.76809923,
    "_cci20": 128.40680876,
    "_cci201": 101.83895904,
    "_ema10": 212.76537836,
    "_ema20": 210.68686194,
    "_ema30": 210.52184669,
    "_ema50": 212.29074631,
    "_ema100": 214.65965407,
    "_ema200": 210.29619063,
    "_psar": 209.66807983,
    "_wr": -4.1500399,
    "_mom": 7.52,
    "_mom1": 2.87,
    "stock_diff": 4.5,
    "rsi_diff": 5.98
}
