{
    "open": 71.03,
    "low": 70.62,
    "high": 71.4,
    "close": 71.25,
    "volume": 14217924,
    "change": 1.2793177,
    "_rsi": 63.15639319,
    "_rsi1": 59.11489434,
    "_stock_k": 79.05974979,
    "_stock_d": 77.25976765,
    "_stock_k1": 76.66893382,
    "_stock_d1": 76.62771285,
    "_macd_blue": 0.49630643,
    "_macd_orange": 0.83319781,
    "_cci20": 90.87538233,
    "_cci201": 83.42806077,
    "_ema10": 70.10313813,
    "_ema20": 69.28839176,
    "_ema30": 68.95354305,
    "_ema50": 68.69480998,
    "_ema100": 68.24556599,
    "_ema200": 67.24584314,
    "_psar": 69.99,
    "_wr": -13.85024423,
    "_mom": 3.91,
    "_mom1": 2.42,
    "stock_diff": 1.8,
    "rsi_diff": 4.04
}
