{
    "open": 87.27,
    "low": 84.77,
    "high": 87.49,
    "close": 85.37,
    "volume": 25027,
    "change": -1.72671808,
    "_rsi": 47.47223307,
    "_rsi1": 49.46114144,
    "_stock_k": 67.72650051,
    "_stock_d": 65.32519259,
    "_stock_k1": 69.22862262,
    "_stock_d1": 59.25839533,
    "_macd_blue": -3.61789871,
    "_macd_orange": -2.45030919,
    "_cci20": 17.53729793,
    "_cci201": 25.56967611,
    "_ema10": 84.37486903,
    "_ema20": 85.48010117,
    "_ema30": 87.94960852,
    "_ema50": 94.1997783,
    "_ema100": 106.45535589,
    "_ema200": 114.95914619,
    "_psar": 75.9150736,
    "_wr": -31.49134487,
    "_mom": 0.62,
    "_mom1": 4.9,
    "stock_diff": 2.4,
    "rsi_diff": -1.99
}
