{
    "open": 113.73,
    "low": 112.54,
    "high": 117.57,
    "close": 114.34,
    "volume": 87532412,
    "change": 0.77560374,
    "_rsi": 50.65866445,
    "_rsi1": 49.89520601,
    "_stock_k": 60.23357557,
    "_stock_d": 55.28874489,
    "_stock_k1": 56.50913687,
    "_stock_d1": 47.30945048,
    "_macd_blue": -3.22663254,
    "_macd_orange": -2.1222525,
    "_cci20": 48.20031109,
    "_cci201": 21.22383758,
    "_ema10": 111.29267869,
    "_ema20": 112.28152931,
    "_ema30": 114.25939538,
    "_ema50": 118.00061126,
    "_ema100": 120.69565725,
    "_ema200": 114.96041974,
    "_psar": 100.98211472,
    "_wr": -26.49484536,
    "_mom": 11.39,
    "_mom1": 5.05,
    "stock_diff": 4.94,
    "rsi_diff": 0.76
}
