{
    "open": 415,
    "low": 414.41,
    "high": 426.8,
    "close": 420.305,
    "volume": 2076281,
    "change": 1.73181653,
    "_rsi": 68.41771455,
    "_rsi1": 66.17992715,
    "_stock_k": 95.22958113,
    "_stock_d": 89.61568173,
    "_stock_k1": 89.95009561,
    "_stock_d1": 84.31646769,
    "_macd_blue": 4.76115914,
    "_macd_orange": 9.75179772,
    "_cci20": 167.85463401,
    "_cci201": 159.362801,
    "_ema10": 396.21728385,
    "_ema20": 386.66161611,
    "_ema30": 382.20851074,
    "_ema50": 376.81138202,
    "_ema100": 369.10577621,
    "_ema200": 356.39851893,
    "_psar": 377.63858309,
    "_wr": -9.78015359,
    "_mom": 51.305,
    "_mom1": 23.08,
    "stock_diff": 5.61,
    "rsi_diff": 2.24
}
