{
    "open": 61,
    "low": 60.635,
    "high": 61.71,
    "close": 60.75,
    "volume": 2502389,
    "change": -0.9295499,
    "_rsi": 64.57485337,
    "_rsi1": 67.04823119,
    "_stock_k": 81.99226516,
    "_stock_d": 73.73110765,
    "_stock_k1": 74.62192561,
    "_stock_d1": 70.48477221,
    "_macd_blue": 2.11111994,
    "_macd_orange": 2.15128577,
    "_cci20": 103.07831224,
    "_cci201": 104.0204396,
    "_ema10": 59.18372503,
    "_ema20": 57.60181343,
    "_ema30": 56.14402155,
    "_ema50": 53.61118816,
    "_ema100": 48.99800206,
    "_ema200": 43.20005006,
    "_psar": 54.9129,
    "_wr": -15.31914894,
    "_mom": 1.77,
    "_mom1": 4.16,
    "stock_diff": 8.26,
    "rsi_diff": -2.47
}
