{
    "open": 127.72,
    "low": 126.58,
    "high": 127.98,
    "close": 127.49,
    "volume": 663136,
    "change": -0.52278402,
    "_rsi": 53.67241099,
    "_rsi1": 55.38999938,
    "_stock_k": 82.89659059,
    "_stock_d": 88.00220651,
    "_stock_k1": 88.35799188,
    "_stock_d1": 92.84699915,
    "_macd_blue": -0.86038856,
    "_macd_orange": 0.16687502,
    "_cci20": 94.81275403,
    "_cci201": 134.54862056,
    "_ema10": 126.43572481,
    "_ema20": 125.73528334,
    "_ema30": 126.20817936,
    "_ema50": 127.5472709,
    "_ema100": 128.79703836,
    "_ema200": 126.61268533,
    "_psar": 120.42519152,
    "_wr": -21.21724429,
    "_mom": 5.98,
    "_mom1": 8.4,
    "stock_diff": -5.11,
    "rsi_diff": -1.72
}
