{
    "open": 227.57,
    "low": 225.9,
    "high": 228.25,
    "close": 227.512,
    "volume": 2754844,
    "change": 0.17259598,
    "_rsi": 58.13775586,
    "_rsi1": 57.71305356,
    "_stock_k": 89.43483104,
    "_stock_d": 89.60347029,
    "_stock_k1": 89.98940678,
    "_stock_d1": 91.88535852,
    "_macd_blue": -0.48644435,
    "_macd_orange": 1.214391,
    "_cci20": 117.10629374,
    "_cci201": 117.65440685,
    "_ema10": 223.4366099,
    "_ema20": 221.60930159,
    "_ema30": 221.76326302,
    "_ema50": 223.45842748,
    "_ema100": 226.27002028,
    "_ema200": 224.1510078,
    "_psar": 214.90042733,
    "_wr": -3.88830348,
    "_mom": 15.522,
    "_mom1": 12.21,
    "stock_diff": -0.17,
    "rsi_diff": 0.42
}
