{
    "open": 67.13,
    "low": 65.77,
    "high": 67.32,
    "close": 65.88,
    "volume": 573360,
    "change": -1.61290323,
    "_rsi": 46.2026655,
    "_rsi1": 49.39269374,
    "_stock_k": 73.10912986,
    "_stock_d": 67.91577538,
    "_stock_k1": 72.28969646,
    "_stock_d1": 58.35229918,
    "_macd_blue": -1.46302927,
    "_macd_orange": -1.09251743,
    "_cci20": 8.9600966,
    "_cci201": 9.45266643,
    "_ema10": 65.82856416,
    "_ema20": 66.49836252,
    "_ema30": 67.26842739,
    "_ema50": 68.19745209,
    "_ema100": 68.65443782,
    "_ema200": 66.91099457,
    "_psar": 62.78751871,
    "_wr": -31.5301391,
    "_mom": 4.24,
    "_mom1": 2.35,
    "stock_diff": 5.19,
    "rsi_diff": -3.19
}
