{
    "open": 218.53,
    "low": 218.28,
    "high": 222.6,
    "close": 222.58,
    "volume": 6570052,
    "change": 1.338554,
    "_rsi": 54.2958471,
    "_rsi1": 51.0274213,
    "_stock_k": 72.19712321,
    "_stock_d": 49.90875813,
    "_stock_k1": 46.10176357,
    "_stock_d1": 36.75389909,
    "_macd_blue": -2.99210597,
    "_macd_orange": -2.10249426,
    "_cci20": 92.79942336,
    "_cci201": 14.05856579,
    "_ema10": 216.71066084,
    "_ema20": 217.83505451,
    "_ema30": 219.60272012,
    "_ema50": 222.73589282,
    "_ema100": 226.29200177,
    "_ema200": 224.03137719,
    "_psar": 209.27,
    "_wr": -3.69030391,
    "_mom": 2.42,
    "_mom1": -2.21,
    "stock_diff": 22.29,
    "rsi_diff": 3.27
}
