{
    "open": 233.6,
    "low": 230.67,
    "high": 235.56,
    "close": 235.49,
    "volume": 2081191,
    "change": 0.63675214,
    "_rsi": 47.00229619,
    "_rsi1": 44.97735371,
    "_stock_k": 43.47690387,
    "_stock_d": 54.37180224,
    "_stock_k1": 53.07428215,
    "_stock_d1": 66.58912059,
    "_macd_blue": -1.19413647,
    "_macd_orange": -0.38872174,
    "_cci20": -23.63707973,
    "_cci201": 17.67520374,
    "_ema10": 237.40267432,
    "_ema20": 237.00225686,
    "_ema30": 238.24522404,
    "_ema50": 242.61804374,
    "_ema100": 251.65668742,
    "_ema200": 256.7916474,
    "_psar": 248.165,
    "_wr": -60.72097378,
    "_mom": 2.69,
    "_mom1": 0.89,
    "stock_diff": -10.89,
    "rsi_diff": 2.02
}
