{
    "open": 70.92,
    "low": 69.55,
    "high": 71.49,
    "close": 70.6,
    "volume": 16682730,
    "change": 0.29833783,
    "_rsi": 46.78152263,
    "_rsi1": 46.09873526,
    "_stock_k": 46.48888889,
    "_stock_d": 43.6620923,
    "_stock_k1": 43.82222222,
    "_stock_d1": 37.86691503,
    "_macd_blue": -0.85709267,
    "_macd_orange": -0.95313339,
    "_cci20": -43.02204185,
    "_cci201": -39.41069672,
    "_ema10": 70.42357808,
    "_ema20": 71.21498766,
    "_ema30": 71.70901569,
    "_ema50": 72.06678061,
    "_ema100": 71.57442696,
    "_ema200": 69.07182364,
    "_psar": 67.146608,
    "_wr": -50,
    "_mom": 0.38,
    "_mom1": -3.89,
    "stock_diff": 2.83,
    "rsi_diff": 0.68
}
