{
    "open": 708.92,
    "low": 702.535,
    "high": 711.99,
    "close": 711.63,
    "volume": 273583,
    "change": 0.53827244,
    "_rsi": 50.91166338,
    "_rsi1": 49.57806122,
    "_stock_k": 61.68682853,
    "_stock_d": 68.69997615,
    "_stock_k1": 65.13831317,
    "_stock_d1": 76.37568178,
    "_macd_blue": -0.72812457,
    "_macd_orange": 1.44108408,
    "_cci20": 6.57363984,
    "_cci201": 16.76508667,
    "_ema10": 711.26398578,
    "_ema20": 708.49996253,
    "_ema30": 710.03860482,
    "_ema50": 719.64290689,
    "_ema100": 742.51329739,
    "_ema200": 756.28841544,
    "_psar": 684.2369351,
    "_wr": -40.37729465,
    "_mom": 5.15,
    "_mom1": 3.62,
    "stock_diff": -7.01,
    "rsi_diff": 1.33
}
