{
    "open": 238.01,
    "low": 236.58,
    "high": 241.78,
    "close": 241.37,
    "volume": 1102635,
    "change": 3.59227468,
    "_rsi": 47.19016515,
    "_rsi1": 41.02859738,
    "_stock_k": 40.35958692,
    "_stock_d": 59.30501373,
    "_stock_k1": 54.62801579,
    "_stock_d1": 76.5457942,
    "_macd_blue": 2.31315771,
    "_macd_orange": 1.54379816,
    "_cci20": -84.16004806,
    "_cci201": -98.13308108,
    "_ema10": 247.21761122,
    "_ema20": 246.27323082,
    "_ema30": 245.34827753,
    "_ema50": 245.39131219,
    "_ema100": 247.89114216,
    "_ema200": 244.96765694,
    "_psar": 261.7146,
    "_wr": -63.14998497,
    "_mom": -1.25,
    "_mom1": -12.23,
    "stock_diff": -18.95,
    "rsi_diff": 6.16
}
