{
    "open": 94.39,
    "low": 93.15,
    "high": 95,
    "close": 94.04,
    "volume": 1228373,
    "change": 0.71757524,
    "_rsi": 52.03561425,
    "_rsi1": 50.76593449,
    "_stock_k": 78.40909091,
    "_stock_d": 82.20176688,
    "_stock_k1": 81.01606822,
    "_stock_d1": 84.8490068,
    "_macd_blue": -0.37071804,
    "_macd_orange": 0.20566489,
    "_cci20": 54.05713537,
    "_cci201": 61.19902596,
    "_ema10": 93.44623449,
    "_ema20": 93.03565244,
    "_ema30": 93.0599148,
    "_ema50": 92.69461854,
    "_ema100": 90.16009728,
    "_ema200": 84.19395956,
    "_psar": 88.92460071,
    "_wr": -24.71590909,
    "_mom": 5.82,
    "_mom1": 5.14,
    "stock_diff": -3.79,
    "rsi_diff": 1.27
}
