{
    "open": 70.78,
    "low": 70.36,
    "high": 71.25,
    "close": 70.43,
    "volume": 12493735,
    "change": -0.33960662,
    "_rsi": 59.6550141,
    "_rsi1": 61.21303631,
    "_stock_k": 76.05061934,
    "_stock_d": 78.9042475,
    "_stock_k1": 77.1635854,
    "_stock_d1": 84.26853427,
    "_macd_blue": 0.32483971,
    "_macd_orange": 0.74955022,
    "_cci20": 101.08173894,
    "_cci201": 104.67575492,
    "_ema10": 69.73678659,
    "_ema20": 68.94842318,
    "_ema30": 68.68793682,
    "_ema50": 68.51870086,
    "_ema100": 68.14113036,
    "_ema200": 67.17399835,
    "_psar": 69.14210839,
    "_wr": -23.99060162,
    "stock_diff": -2.85,
    "rsi_diff": -1.56
}
