{
    "open": 70.78,
    "low": 70.41,
    "high": 71.25,
    "close": 70.52,
    "change": -0.21225414,
    "_rsi": 60.22988861,
    "_rsi1": 61.21303631,
    "_stock_k": 76.42160803,
    "_stock_d": 79.0279104,
    "_stock_k1": 77.1635854,
    "_stock_d1": 84.26853427,
    "_macd_blue": 0.32627561,
    "_macd_orange": 0.7567297,
    "_cci20": 102.56355273,
    "_cci201": 104.67575492,
    "_ema10": 69.75315023,
    "_ema20": 68.95699461,
    "_ema30": 68.69374327,
    "_ema50": 68.52223027,
    "_ema100": 68.14291254,
    "_ema200": 67.17489387,
    "_psar": 69.14210839,
    "_wrr": -22.87763557,
    "stock_diff": -2.61,
    "rsi_diff": -0.98
}
