{
    "open": 70.78,
    "low": 70.69,
    "high": 71.25,
    "close": 70.905,
    "change": 0.33253148,
    "_rsi": 62.18020555,
    "_rsi1": 61.21303631,
    "_stock_k": 78.00861518,
    "_stock_d": 79.55691278,
    "_stock_k1": 77.1635854,
    "_stock_d1": 84.26853427,
    "_macd_blue": 0.33241806,
    "_macd_orange": 0.78744195,
    "_cci20": 109.53404262,
    "_cci201": 104.67575492,
    "_ema10": 69.82315023,
    "_ema20": 68.99366127,
    "_ema30": 68.71858198,
    "_ema50": 68.53732831,
    "_ema100": 68.1505363,
    "_ema200": 67.17872472,
    "_psar": 69.14210839,
    "_wrr": -18.11661411,
    "stock_diff": -1.55,
    "rsi_diff": 0.97
}
