{
    "open": 26.66,
    "low": 26.66,
    "high": 27.7,
    "close": 27.7,
    "volume": 5928,
    "change": 2.5546094,
    "_rsi": 67.83429683,
    "_rsi1": 63.94845302,
    "_stock_k": 88.65435356,
    "_stock_d": 80.7681032,
    "_stock_k1": 78.1882146,
    "_stock_d1": 72.20756376,
    "_macd_blue": 0.68715323,
    "_macd_orange": 0.76676662,
    "_cci20": 133.73834536,
    "_cci201": 111.55404956,
    "_ema10": 26.52793408,
    "_ema20": 25.9484986,
    "_ema30": 25.4248763,
    "_ema50": 24.45074779,
    "_ema100": 22.49127478,
    "_ema200": 19.87083097,
    "_psar": 24.42531694,
    "_wr": 0,
    "_mom": 1.25,
    "_mom1": 0.63,
    "stock_diff": 7.89,
    "rsi_diff": 3.89
}
