{
    "open": 32.2,
    "low": 32.03,
    "high": 32.38,
    "close": 32.28,
    "volume": 3332252,
    "change": 0.43559428,
    "_rsi": 44.35223436,
    "_rsi1": 43.04454914,
    "_stock_k": 47.3804414,
    "_stock_d": 43.53334723,
    "_stock_k1": 43.65094956,
    "_stock_d1": 40.11612979,
    "_macd_blue": -0.77579705,
    "_macd_orange": -0.68277778,
    "_cci20": -22.03847525,
    "_cci201": -24.19154481,
    "_ema10": 32.12073727,
    "_ema20": 32.6096702,
    "_ema30": 33.02459644,
    "_ema50": 33.41139468,
    "_ema100": 33.64187612,
    "_ema200": 33.97379731,
    "_psar": 32.63,
    "_wr": -49.71687429,
    "_mom": 1.61,
    "_mom1": 0.96,
    "stock_diff": 3.85,
    "rsi_diff": 1.31
}
