{
    "open": 81.71,
    "low": 81.42,
    "high": 82.77,
    "close": 82.3,
    "volume": 2215106,
    "change": 0.82077668,
    "_rsi": 57.16361612,
    "_rsi1": 54.16651025,
    "_stock_k": 59.15915916,
    "_stock_d": 56.72672673,
    "_stock_k1": 56.33633634,
    "_stock_d1": 57.38297738,
    "_macd_blue": 0.6308631,
    "_macd_orange": 0.61565608,
    "_cci20": 64.0309475,
    "_cci201": 34.27987256,
    "_ema10": 81.67856523,
    "_ema20": 81.23243992,
    "_ema30": 80.81690202,
    "_ema50": 80.09052881,
    "_ema100": 78.81849996,
    "_ema200": 77.75376864,
    "_psar": 78.58,
    "_wr": -32.97297297,
    "_mom": 0.09,
    "_mom1": 0.63,
    "stock_diff": 2.43,
    "rsi_diff": 3.0
}
