{
    "open": 436.52,
    "low": 425.495,
    "high": 436.52,
    "close": 426.89,
    "volume": 446439,
    "change": -2.0467635,
    "_rsi": 55.55560101,
    "_rsi1": 63.40017443,
    "_stock_k": 76.25479406,
    "_stock_d": 86.46683085,
    "_stock_k1": 88.88452018,
    "_stock_d1": 92.27884149,
    "_macd_blue": 1.17758229,
    "_macd_orange": 4.36112343,
    "_cci20": 104.37442571,
    "_cci201": 168.06625898,
    "_ema10": 425.35099551,
    "_ema20": 420.21514473,
    "_ema30": 419.54321419,
    "_ema50": 422.14176982,
    "_ema100": 422.33474275,
    "_ema200": 405.74942782,
    "_psar": 417.93575612,
    "_wr": -40.04502251,
    "_mom": 11.93,
    "_mom1": 28.64,
    "stock_diff": -10.21,
    "rsi_diff": -7.84
}
