{
    "open": 72.53,
    "low": 72.53,
    "high": 73.47,
    "close": 72.76,
    "change": 0.90140064,
    "_rsi": 52.24975241,
    "_rsi1": 49.72268718,
    "_stock_k": 67.14898178,
    "_stock_d": 57.60986066,
    "_stock_k1": 53.32261522,
    "_stock_d1": 54.35869954,
    "_macd_blue": 0.06279749,
    "_macd_orange": 0.02722333,
    "_cci20": 58.3214003,
    "_cci201": -16.1301119,
    "_ema10": 72.25233821,
    "_ema20": 72.27914291,
    "_ema30": 72.16956515,
    "_ema50": 71.58570802,
    "_ema100": 69.7625143,
    "_ema200": 66.63053228,
    "_psar": 70.2006,
    "_wrr": -27.0096463,
    "stock_diff": 9.54,
    "rsi_diff": 2.53
}
