{
    "open": 106.65,
    "low": 105.715,
    "high": 108.64,
    "close": 108.56,
    "volume": 5583149,
    "change": 1.35374848,
    "_rsi": 62.6842022,
    "_rsi1": 59.10599397,
    "_stock_k": 96.19310957,
    "_stock_d": 86.38253525,
    "_stock_k1": 87.27915208,
    "_stock_d1": 76.48742623,
    "_macd_blue": 0.11379548,
    "_macd_orange": 0.64547983,
    "_cci20": 209.09841964,
    "_cci201": 201.15698528,
    "_ema10": 105.56467158,
    "_ema20": 104.87155103,
    "_ema30": 104.5586885,
    "_ema50": 103.5740383,
    "_ema100": 99.99275302,
    "_ema200": 93.59155459,
    "_psar": 101.21713,
    "_wr": -1.04169379,
    "_mom": 4.02,
    "_mom1": 2.68,
    "stock_diff": 9.81,
    "rsi_diff": 3.58
}
