{
    "open": 131.36,
    "low": 128.9874,
    "high": 131.86,
    "close": 130.88,
    "volume": 909949,
    "change": 0.13771997,
    "_rsi": 50.94256854,
    "_rsi1": 50.73823404,
    "_stock_k": 73.11893204,
    "_stock_d": 65.96433069,
    "_stock_k1": 66.90262937,
    "_stock_d1": 62.28124932,
    "_macd_blue": -2.16252657,
    "_macd_orange": -1.31575212,
    "_cci20": 38.37165782,
    "_cci201": 5.77618271,
    "_ema10": 128.6954265,
    "_ema20": 129.19063271,
    "_ema30": 130.58977247,
    "_ema50": 134.17880098,
    "_ema100": 143.02958171,
    "_ema200": 152.60911331,
    "_psar": 118.14634586,
    "_wr": -15.95873786,
    "_mom": 7.25,
    "_mom1": 5.2,
    "stock_diff": 7.15,
    "rsi_diff": 0.2
}
