{
    "open": 440,
    "low": 435.32,
    "high": 440,
    "close": 435.54,
    "volume": 702777,
    "change": -0.42979288,
    "_rsi": 53.4276901,
    "_rsi1": 55.02025735,
    "_stock_k": 51.62207574,
    "_stock_d": 53.87531774,
    "_stock_k1": 55.35737366,
    "_stock_d1": 59.19176253,
    "_macd_blue": 4.3884558,
    "_macd_orange": 3.7512161,
    "_cci20": 35.27209826,
    "_cci201": 17.83836468,
    "_ema10": 435.77633453,
    "_ema20": 433.29515048,
    "_ema30": 430.71625444,
    "_ema50": 428.0885019,
    "_ema100": 427.13810256,
    "_ema200": 425.45261194,
    "_psar": 427.94915325,
    "_wr": -44.43582784,
    "_mom": 9.42,
    "_mom1": 6.12,
    "stock_diff": -2.25,
    "rsi_diff": -1.59
}
