{
    "open": 1.02,
    "low": 1.01,
    "high": 1.06,
    "close": 1.05,
    "volume": 53628,
    "change": 5,
    "_rsi": 40.69924306,
    "_rsi1": 34.58348027,
    "_stock_k": 30.45977011,
    "_stock_d": 31.53222496,
    "_stock_k1": 30.55555556,
    "_stock_d1": 31.36346014,
    "_macd_blue": -0.05599724,
    "_macd_orange": -0.06385223,
    "_cci20": -70.26143791,
    "_cci201": -89.9315738,
    "_ema10": 1.06340008,
    "_ema20": 1.11540278,
    "_ema30": 1.1527279,
    "_ema50": 1.22060704,
    "_ema100": 1.38970113,
    "_ema200": 1.57528643,
    "_psar": 0.94117352,
    "_wr": -58.62068966,
    "_mom": -0.09,
    "_mom1": -0.14,
    "stock_diff": -1.07,
    "rsi_diff": 6.12
}
