{
    "open": 76.32,
    "low": 76.32,
    "high": 78.92,
    "close": 78.91,
    "volume": 8499099,
    "change": 3.78797843,
    "_rsi": 69.18145135,
    "_rsi1": 63.86057593,
    "_stock_k": 69.36361225,
    "_stock_d": 61.65845715,
    "_stock_k1": 59.24041803,
    "_stock_d1": 54.97922639,
    "_macd_blue": 2.80418572,
    "_macd_orange": 2.78213123,
    "_cci20": 107.89881441,
    "_cci201": 67.13605563,
    "_ema10": 75.29893672,
    "_ema20": 73.27845863,
    "_ema30": 71.41480033,
    "_ema50": 68.5717768,
    "_ema100": 64.83541601,
    "_ema200": 62.55039483,
    "_psar": 70.91,
    "_wr": -18.19980218,
    "_mom": 2.94,
    "_mom1": -1.58,
    "stock_diff": 7.71,
    "rsi_diff": 5.32
}
