{
    "open": 323.75,
    "low": 318.17,
    "high": 329.55,
    "close": 321.43,
    "volume": 786309,
    "change": -1.30799226,
    "_rsi": 55.17153457,
    "_rsi1": 56.92037537,
    "_stock_k": 69.40840857,
    "_stock_d": 63.42344578,
    "_stock_k1": 65.17683369,
    "_stock_d1": 56.41349491,
    "_macd_blue": -2.52515871,
    "_macd_orange": 0.66418432,
    "_cci20": 48.82929236,
    "_cci201": 49.02533123,
    "_ema10": 309.61519021,
    "_ema20": 307.80966699,
    "_ema30": 308.34961841,
    "_ema50": 310.26745636,
    "_ema100": 310.00963357,
    "_ema200": 291.00967282,
    "_psar": 266.5051,
    "_wr": -23.88342935,
    "_mom": 34,
    "_mom1": 48.86,
    "stock_diff": 5.98,
    "rsi_diff": -1.75
}
