{
    "open": 37.65,
    "low": 37.5,
    "high": 39,
    "close": 38.9,
    "volume": 10783180,
    "change": 3.23779193,
    "_rsi": 64.73296982,
    "_rsi1": 61.28746531,
    "_stock_k": 81.28804044,
    "_stock_d": 75.96641278,
    "_stock_k1": 72.88662853,
    "_stock_d1": 71.26810653,
    "_macd_blue": 1.42817363,
    "_macd_orange": 1.54841168,
    "_cci20": 113.12346988,
    "_cci201": 103.10573893,
    "_ema10": 37.0544196,
    "_ema20": 35.88884464,
    "_ema30": 34.84315219,
    "_ema50": 32.99422855,
    "_ema100": 29.82929627,
    "_ema200": 26.53928316,
    "_psar": 33.611336,
    "_wr": -7.88824979,
    "_mom": 1.49,
    "_mom1": -0.27,
    "stock_diff": 5.32,
    "rsi_diff": 3.45
}
