{
    "open": 412.53,
    "low": 405.59,
    "high": 412.9,
    "close": 408.41,
    "volume": 180328,
    "change": -0.85692091,
    "_rsi": 52.56383098,
    "_rsi1": 54.7090898,
    "_stock_k": 67.34850162,
    "_stock_d": 69.22438369,
    "_stock_k1": 70.19453794,
    "_stock_d1": 73.08219418,
    "_macd_blue": 2.19280852,
    "_macd_orange": 3.45836542,
    "_cci20": 25.18306115,
    "_cci201": 31.54752031,
    "_ema10": 408.56834107,
    "_ema20": 405.31125457,
    "_ema30": 403.78382452,
    "_ema50": 402.99120321,
    "_ema100": 404.23277978,
    "_ema200": 401.77337638,
    "_psar": 386.0327999,
    "_wr": -30.95446585,
    "_mom": 28.45,
    "_mom1": 26.64,
    "stock_diff": -1.88,
    "rsi_diff": -2.15
}
