{
    "open": 537.76,
    "low": 529.65,
    "high": 540.41,
    "close": 540.39,
    "volume": 336592,
    "change": 0.8077454,
    "_rsi": 55.02962483,
    "_rsi1": 53.76630068,
    "_stock_k": 83.90804598,
    "_stock_d": 85.09092419,
    "_stock_k1": 83.93437911,
    "_stock_d1": 82.32037906,
    "_macd_blue": 1.08322152,
    "_macd_orange": 4.76651147,
    "_cci20": 60.39597765,
    "_cci201": 82.55884966,
    "_ema10": 532.02912618,
    "_ema20": 526.29655143,
    "_ema30": 525.90428388,
    "_ema50": 533.31670903,
    "_ema100": 556.63260898,
    "_ema200": 567.26718933,
    "_psar": 492.29957102,
    "_wr": -19.79885057,
    "_mom": 15.95,
    "_mom1": 6.14,
    "stock_diff": -1.18,
    "rsi_diff": 1.26
}
