{
    "open": 96.35,
    "low": 96.35,
    "high": 97.39,
    "close": 96.84,
    "volume": 2031967,
    "change": 0.41476566,
    "_rsi": 65.20996944,
    "_rsi1": 63.99703199,
    "_stock_k": 65.11463591,
    "_stock_d": 60.74598733,
    "_stock_k1": 59.56416707,
    "_stock_d1": 57.58704536,
    "_macd_blue": 1.67811238,
    "_macd_orange": 1.66967212,
    "_cci20": 101.75112351,
    "_cci201": 80.75938765,
    "_ema10": 95.49817459,
    "_ema20": 94.25560578,
    "_ema30": 93.19517536,
    "_ema50": 91.6768097,
    "_ema100": 89.57463322,
    "_ema200": 87.82526661,
    "_psar": 97.52227754,
    "_wr": -26.43923241,
    "_mom": 1.3,
    "_mom1": 0.45,
    "stock_diff": 4.37,
    "rsi_diff": 1.21
}
