{
    "open": 53.04,
    "low": 52.49,
    "high": 53.39,
    "close": 52.5,
    "volume": 937384,
    "change": -0.71860817,
    "_rsi": 57.99473821,
    "_rsi1": 60.56139086,
    "_stock_k": 70.88144141,
    "_stock_d": 73.58634345,
    "_stock_k1": 75.92556833,
    "_stock_d1": 73.9345576,
    "_macd_blue": 0.71706454,
    "_macd_orange": 0.78554057,
    "_cci20": 104.69249365,
    "_cci201": 110.87239735,
    "_ema10": 52.13474183,
    "_ema20": 51.53031186,
    "_ema30": 51.02557063,
    "_ema50": 50.22544916,
    "_ema100": 49.24141747,
    "_ema200": 48.7781938,
    "_psar": 50.33627905,
    "_wr": -33.25604815,
    "_mom": 0.02,
    "_mom1": 0.93,
    "stock_diff": -2.7,
    "rsi_diff": -2.57
}
