{
    "open": 12.66,
    "low": 12.61,
    "high": 12.66,
    "close": 12.63,
    "volume": 408011,
    "change": 0,
    "_rsi": 39.15581155,
    "_rsi1": 39.15581155,
    "_stock_k": 3.36700337,
    "_stock_d": 2.47965769,
    "_stock_k1": 2.03598485,
    "_stock_d1": 3.58854751,
    "_macd_blue": -0.00714198,
    "_macd_orange": -0.03305103,
    "_cci20": -137.39266198,
    "_cci201": -148.51744949,
    "_ema10": 12.71018309,
    "_ema20": 12.74722841,
    "_ema30": 12.75773591,
    "_ema50": 12.7596379,
    "_ema100": 12.74009431,
    "_ema200": 12.73250211,
    "_psar": 12.88418193,
    "_wr": -94.44444444,
    "_mom": -0.245,
    "_mom1": -0.32,
    "stock_diff": 0.89,
    "rsi_diff": 0.0
}
