{
    "open": 178.25,
    "low": 163.031,
    "high": 179.19,
    "close": 165.92,
    "volume": 8278087,
    "change": -7.65805877,
    "_rsi": 51.9657395,
    "_rsi1": 60.11530213,
    "_stock_k": 79.96161035,
    "_stock_d": 87.04290675,
    "_stock_k1": 90.46825277,
    "_stock_d1": 91.82940789,
    "_macd_blue": 0.89772767,
    "_macd_orange": 4.93696397,
    "_cci20": 62.77233914,
    "_cci201": 110.62969262,
    "_ema10": 168.91888855,
    "_ema20": 162.5658711,
    "_ema30": 162.81768472,
    "_ema50": 173.20348592,
    "_ema100": 205.02476997,
    "_ema200": 224.23314957,
    "_psar": 153.65641133,
    "_wr": -33.45961509,
    "_mom": 27.72,
    "_mom1": 40.16,
    "stock_diff": -7.08,
    "rsi_diff": -8.15
}
