{
    "open": 220.89,
    "low": 219.185,
    "high": 224.65,
    "close": 224.62,
    "volume": 664026,
    "change": 1.95633426,
    "_rsi": 48.22298375,
    "_rsi1": 44.27744209,
    "_stock_k": 65.41251112,
    "_stock_d": 66.94587908,
    "_stock_k1": 64.39030393,
    "_stock_d1": 66.48619827,
    "_macd_blue": -4.81446807,
    "_macd_orange": -3.16248287,
    "_cci20": -3.66859063,
    "_cci201": -9.27337489,
    "_ema10": 223.14825421,
    "_ema20": 224.55258229,
    "_ema30": 227.59192651,
    "_ema50": 233.55620511,
    "_ema100": 241.24260566,
    "_ema200": 239.31584834,
    "_psar": 212.32932003,
    "_wr": -29.15929204,
    "_mom": 7.68,
    "_mom1": 1.1,
    "stock_diff": -1.53,
    "rsi_diff": 3.95
}
