{
    "open": 97.53,
    "low": 96.82,
    "high": 98.15,
    "close": 97.83,
    "volume": 604981,
    "change": 1.22090016,
    "_rsi": 50.87613974,
    "_rsi1": 46.61884144,
    "_stock_k": 19.4041952,
    "_stock_d": 15.63871897,
    "_stock_k1": 13.66294524,
    "_stock_d1": 13.88344195,
    "_macd_blue": -0.23242893,
    "_macd_orange": -0.34647104,
    "_cci20": -6.87326263,
    "_cci201": -54.13428721,
    "_ema10": 97.15650254,
    "_ema20": 97.51194476,
    "_ema30": 97.57412238,
    "_ema50": 96.93817819,
    "_ema100": 94.44066955,
    "_ema200": 91.75704334,
    "_psar": 103.17214345,
    "_wr": -67.06652126,
    "_mom": 1.31,
    "_mom1": -1.29,
    "stock_diff": 3.77,
    "rsi_diff": 4.26
}
