{
    "open": 228.25,
    "low": 227.5,
    "high": 230.23,
    "close": 229.41,
    "volume": 497624,
    "change": 1.30265831,
    "_rsi": 60.04073541,
    "_rsi1": 55.97339135,
    "_stock_k": 89.96817451,
    "_stock_d": 90.42125891,
    "_stock_k1": 91.04258443,
    "_stock_d1": 92.08152059,
    "_macd_blue": -1.38684029,
    "_macd_orange": 0.52180802,
    "_cci20": 134.87009089,
    "_cci201": 104.37023558,
    "_ema10": 224.48731458,
    "_ema20": 222.99984884,
    "_ema30": 223.7924539,
    "_ema50": 226.06194379,
    "_ema100": 227.87706237,
    "_ema200": 226.11432948,
    "_psar": 220.12154376,
    "_wr": -3.9941549,
    "_mom": 17.02,
    "_mom1": 12.82,
    "stock_diff": -0.45,
    "rsi_diff": 4.07
}
