{
    "open": 17.06,
    "low": 16.93,
    "high": 17.15,
    "close": 17.05,
    "volume": 13534333,
    "change": 0.47142015,
    "_rsi": 55.94785108,
    "_rsi1": 54.84501232,
    "_stock_k": 82.24299065,
    "_stock_d": 83.95751599,
    "_stock_k1": 82.24299065,
    "_stock_d1": 84.42222999,
    "_macd_blue": 0.03680064,
    "_macd_orange": 0.11709783,
    "_cci20": 101.39445434,
    "_cci201": 113.491563,
    "_ema10": 16.84896696,
    "_ema20": 16.72667086,
    "_ema30": 16.67247214,
    "_ema50": 16.53931903,
    "_ema100": 16.15118097,
    "_ema200": 15.51717439,
    "_psar": 15.86834436,
    "_wr": -17.75700935,
    "_mom": 0.69,
    "_mom1": 0.6,
    "stock_diff": -1.71,
    "rsi_diff": 1.1
}
