{
    "open": 86.1,
    "low": 86.01,
    "high": 89.1,
    "close": 89.09,
    "volume": 4175658,
    "change": 4.88580174,
    "_rsi": 54.75295298,
    "_rsi1": 47.92584351,
    "_stock_k": 46.50441422,
    "_stock_d": 54.17959119,
    "_stock_k1": 49.98806967,
    "_stock_d1": 65.41446986,
    "_macd_blue": 0.88772233,
    "_macd_orange": 0.87057551,
    "_cci20": 58.08538137,
    "_cci201": -32.0601808,
    "_ema10": 87.36079434,
    "_ema20": 86.78525295,
    "_ema30": 86.05707801,
    "_ema50": 84.3164045,
    "_ema100": 80.79267274,
    "_ema200": 76.68691547,
    "_psar": 83.13,
    "_wr": -32.42662849,
    "_mom": 4.9,
    "_mom1": 1.32,
    "stock_diff": -7.68,
    "rsi_diff": 6.83
}
