{
    "open": 144.4,
    "low": 143.825,
    "high": 146.8,
    "close": 146.35,
    "volume": 399458,
    "change": 1.76621932,
    "_rsi": 54.15914043,
    "_rsi1": 49.17023081,
    "_stock_k": 22.3200269,
    "_stock_d": 26.01480779,
    "_stock_k1": 22.44127453,
    "_stock_d1": 34.82796462,
    "_macd_blue": 3.31992537,
    "_macd_orange": 2.30178629,
    "_cci20": -75.49536938,
    "_cci201": -75.09849316,
    "_ema10": 146.90744648,
    "_ema20": 145.71893939,
    "_ema30": 143.77077672,
    "_ema50": 140.65529475,
    "_ema100": 137.91984536,
    "_ema200": 137.45663934,
    "_psar": 152.41655457,
    "_wr": -66.17716722,
    "_mom": -4.1,
    "_mom1": -7.45,
    "stock_diff": -3.69,
    "rsi_diff": 4.99
}
