{
    "open": 203.11,
    "low": 202.4,
    "high": 205.64,
    "close": 205.2,
    "volume": 564378,
    "change": 0.97431355,
    "_rsi": 45.94257324,
    "_rsi1": 42.40886948,
    "_stock_k": 14.53325866,
    "_stock_d": 19.33089129,
    "_stock_k1": 17.24584138,
    "_stock_d1": 27.1320075,
    "_macd_blue": -0.5491054,
    "_macd_orange": -0.93314877,
    "_cci20": -101.79349281,
    "_cci201": -111.59867714,
    "_ema10": 206.41110876,
    "_ema20": 207.23791649,
    "_ema30": 207.78820383,
    "_ema50": 208.43759289,
    "_ema100": 206.40565258,
    "_ema200": 195.63430982,
    "_psar": 211.10466644,
    "_wr": -79.7979798,
    "_mom": -5.97,
    "_mom1": -8.48,
    "stock_diff": -4.8,
    "rsi_diff": 3.53
}
