{
    "open": 147.37,
    "low": 145.7,
    "high": 148.96,
    "close": 148.77,
    "volume": 936851,
    "change": 1.59803319,
    "_rsi": 54.95730958,
    "_rsi1": 51.59406515,
    "_stock_k": 90.73297384,
    "_stock_d": 89.87941505,
    "_stock_k1": 87.5175759,
    "_stock_d1": 90.02299919,
    "_macd_blue": -2.58679422,
    "_macd_orange": -0.64483004,
    "_cci20": 104.23015229,
    "_cci201": 103.14935696,
    "_ema10": 145.25548011,
    "_ema20": 144.50965621,
    "_ema30": 146.42007986,
    "_ema50": 152.949901,
    "_ema100": 167.0197013,
    "_ema200": 176.35418886,
    "_psar": 137.7300858,
    "_wr": -5.93169563,
    "_mom": 10.19,
    "_mom1": 7.55,
    "stock_diff": 0.85,
    "rsi_diff": 3.36
}
