{
    "open": 29.83,
    "low": 29.79,
    "high": 30.425,
    "close": 30.41,
    "volume": 3200447,
    "change": 2.11551377,
    "_rsi": 74.61238235,
    "_rsi1": 69.63341483,
    "_stock_k": 94.74130789,
    "_stock_d": 92.92341409,
    "_stock_k1": 92.1524431,
    "_stock_d1": 92.08395933,
    "_macd_blue": 0.45350601,
    "_macd_orange": 0.59908068,
    "_cci20": 177.35032969,
    "_cci201": 135.27957982,
    "_ema10": 29.40834183,
    "_ema20": 28.88905364,
    "_ema30": 28.57310161,
    "_ema50": 28.19106065,
    "_ema100": 27.57570815,
    "_ema200": 26.55959946,
    "_psar": 29.22369601,
    "_wr": -0.68027211,
    "_mom": 1.96,
    "_mom1": 1.08,
    "stock_diff": 1.82,
    "rsi_diff": 4.98
}
