{
    "open": 102.66,
    "low": 101.79,
    "high": 109.69,
    "close": 109.33,
    "volume": 112074001,
    "change": 6.92420538,
    "_rsi": 46.37269898,
    "_rsi1": 39.64484196,
    "_stock_k": 21.23929882,
    "_stock_d": 22.62535671,
    "_stock_k1": 17.33931241,
    "_stock_d1": 25.87308058,
    "_macd_blue": -3.99218874,
    "_macd_orange": -4.30126793,
    "_cci20": -75.41659955,
    "_cci201": -146.38707912,
    "_ema10": 108.32283322,
    "_ema20": 111.5811458,
    "_ema30": 114.42842927,
    "_ema50": 118.74530637,
    "_ema100": 121.27733179,
    "_ema200": 115.01131173,
    "_psar": 109.73626484,
    "_wr": -62.29107216,
    "_mom": -4.5,
    "_mom1": -21.09,
    "stock_diff": -1.39,
    "rsi_diff": 6.73
}
