{
    "open": 97.88,
    "low": 96.45,
    "high": 98,
    "close": 96.6,
    "volume": 104289,
    "change": -1.1966861,
    "_rsi": 54.36675623,
    "_rsi1": 58.91828739,
    "_stock_k": 87.85769528,
    "_stock_d": 89.94338721,
    "_stock_k1": 90.3431676,
    "_stock_d1": 91.48120616,
    "_macd_blue": 0.05368629,
    "_macd_orange": 0.63158794,
    "_cci20": 92.42874989,
    "_cci201": 149.32930497,
    "_ema10": 96.25340963,
    "_ema20": 95.4489671,
    "_ema30": 95.40112921,
    "_ema50": 95.85353512,
    "_ema100": 95.92371409,
    "_ema200": 93.01857347,
    "_psar": 93.44983177,
    "_wr": -23.66589327,
    "_mom": 5.55,
    "_mom1": 6.18,
    "stock_diff": -2.09,
    "rsi_diff": -4.55
}
