{
    "open": 116.91,
    "low": 116.475,
    "high": 119.29,
    "close": 119.23,
    "volume": 683578,
    "change": 2.26434514,
    "_rsi": 58.27762032,
    "_rsi1": 54.32636462,
    "_stock_k": 92.22254138,
    "_stock_d": 90.85796693,
    "_stock_k1": 91.00323625,
    "_stock_d1": 90.66119399,
    "_macd_blue": -1.10494884,
    "_macd_orange": 0.25615912,
    "_cci20": 120.7146571,
    "_cci201": 89.83014974,
    "_ema10": 115.14677723,
    "_ema20": 114.25067375,
    "_ema30": 114.72824054,
    "_ema50": 115.98237012,
    "_ema100": 117.15312561,
    "_ema200": 115.3276532,
    "_psar": 108.51703281,
    "_wr": -0.35502959,
    "_mom": 14.09,
    "_mom1": 10.89,
    "stock_diff": 1.36,
    "rsi_diff": 3.95
}
