{
    "open": 164.47,
    "low": 164.215,
    "high": 167.27,
    "close": 166.27,
    "volume": 551168,
    "change": 1.34089108,
    "_rsi": 60.10603857,
    "_rsi1": 57.25386235,
    "_stock_k": 88.44984802,
    "_stock_d": 90.96012389,
    "_stock_k1": 89.04086457,
    "_stock_d1": 93.63153565,
    "_macd_blue": 1.44825918,
    "_macd_orange": 2.53950524,
    "_cci20": 105.48245911,
    "_cci201": 109.56179094,
    "_ema10": 163.37527185,
    "_ema20": 160.8861078,
    "_ema30": 159.87683665,
    "_ema50": 159.42073661,
    "_ema100": 158.42490012,
    "_ema200": 152.77396318,
    "_psar": 156.16663875,
    "_wr": -10.0810537,
    "_mom": 11.23,
    "_mom1": 8.13,
    "stock_diff": -2.51,
    "rsi_diff": 2.85
}
