{
    "open": 55.75,
    "low": 53.32,
    "high": 55.99,
    "close": 55.59,
    "volume": 53706416,
    "change": -4.07247627,
    "_rsi": 71.4964377,
    "_rsi1": 80.25384444,
    "_stock_k": 89.2190217,
    "_stock_d": 90.57860584,
    "_stock_k1": 93.28693348,
    "_stock_d1": 89.5476548,
    "_macd_blue": 4.13735458,
    "_macd_orange": 5.15864256,
    "_cci20": 83.01293659,
    "_cci201": 122.48400622,
    "_ema10": 53.41513026,
    "_ema20": 49.07874082,
    "_ema30": 46.19253749,
    "_ema50": 42.47360447,
    "_ema100": 37.72934634,
    "_ema200": 33.3226021,
    "_psar": 48.78684557,
    "_wr": -18.19006577,
    "_mom": 11.86,
    "_mom1": 19.21,
    "stock_diff": -1.36,
    "rsi_diff": -8.76
}
