{
    "open": 117.22,
    "low": 115.92,
    "high": 120,
    "close": 119.7,
    "volume": 1858340,
    "change": 3.22525009,
    "_rsi": 50.23763221,
    "_rsi1": 42.70078794,
    "_stock_k": 60,
    "_stock_d": 63.36457164,
    "_stock_k1": 56.03198653,
    "_stock_d1": 67.83655645,
    "_macd_blue": -1.66980811,
    "_macd_orange": -1.17840766,
    "_cci20": 8.55941047,
    "_cci201": -52.97463566,
    "_ema10": 118.25368801,
    "_ema20": 118.85507039,
    "_ema30": 119.89408452,
    "_ema50": 121.75299952,
    "_ema100": 123.84907421,
    "_ema200": 122.79379534,
    "_psar": 113.52512112,
    "_wr": -25.27777778,
    "_mom": 3.88,
    "_mom1": -0.06,
    "stock_diff": -3.36,
    "rsi_diff": 7.54
}
