{
    "open": 384.54,
    "low": 384.02,
    "high": 407.23,
    "close": 406.15,
    "volume": 2783769,
    "change": 4.6239052,
    "_rsi": 63.8531806,
    "_rsi1": 56.77169308,
    "_stock_k": 83.66736845,
    "_stock_d": 81.364401,
    "_stock_k1": 79.33193902,
    "_stock_d1": 79.05030711,
    "_macd_blue": 2.44189003,
    "_macd_orange": 5.92370917,
    "_cci20": 125.46493902,
    "_cci201": 88.226046,
    "_ema10": 385.91211538,
    "_ema20": 379.95917647,
    "_ema30": 377.2660747,
    "_ema50": 373.48046424,
    "_ema100": 367.16077065,
    "_ema200": 355.17942106,
    "_psar": 368.70044835,
    "_wr": -1.76384125,
    "_mom": 24.22,
    "_mom1": 12.22,
    "stock_diff": 2.3,
    "rsi_diff": 7.08
}
