{
    "open": 125.63,
    "low": 123.84,
    "high": 126.12,
    "close": 125.69,
    "volume": 5287834,
    "change": 0.68893695,
    "_rsi": 55.00986268,
    "_rsi1": 52.99501811,
    "_stock_k": 67.08794102,
    "_stock_d": 69.6419168,
    "_stock_k1": 67.82517114,
    "_stock_d1": 74.8113042,
    "_macd_blue": 1.71330691,
    "_macd_orange": 1.49037885,
    "_cci20": 23.34836842,
    "_cci201": 36.34043461,
    "_ema10": 125.58264193,
    "_ema20": 124.63900822,
    "_ema30": 123.47801593,
    "_ema50": 121.70868362,
    "_ema100": 121.10243153,
    "_ema200": 122.81662434,
    "_psar": 122.04839125,
    "_wr": -30.64770932,
    "_mom": 2.15,
    "_mom1": 2.87,
    "stock_diff": -2.55,
    "rsi_diff": 2.01
}
