{
    "open": 299.47,
    "low": 299.47,
    "high": 303.99,
    "close": 303.95,
    "volume": 1892144,
    "change": 1.30991267,
    "_rsi": 78.15623064,
    "_rsi1": 75.65875079,
    "_stock_k": 87.24101378,
    "_stock_d": 86.28353208,
    "_stock_k1": 83.37669847,
    "_stock_d1": 88.3526736,
    "_macd_blue": 7.52299435,
    "_macd_orange": 8.95453341,
    "_cci20": 122.52447189,
    "_cci201": 127.84398244,
    "_ema10": 295.08707993,
    "_ema20": 287.87807363,
    "_ema30": 282.3616422,
    "_ema50": 273.12349675,
    "_ema100": 255.62608825,
    "_ema200": 233.84688461,
    "_psar": 293.74035127,
    "_wr": -5.08817577,
    "_mom": 23.83,
    "_mom1": 23.49,
    "stock_diff": 0.96,
    "rsi_diff": 2.5
}
