{
    "open": 22.36,
    "low": 22.165,
    "high": 23.21,
    "close": 23.07,
    "volume": 22979064,
    "change": 6.85502547,
    "_rsi": 56.7338874,
    "_rsi1": 46.2515802,
    "_stock_k": 26.72478707,
    "_stock_d": 26.60572068,
    "_stock_k1": 21.0166495,
    "_stock_d1": 33.38841408,
    "_macd_blue": 0.73547388,
    "_macd_orange": 0.49671177,
    "_cci20": 15.66868153,
    "_cci201": -78.14195264,
    "_ema10": 22.67290495,
    "_ema20": 22.4389815,
    "_ema30": 21.97254509,
    "_ema50": 20.98672557,
    "_ema100": 19.03455492,
    "_ema200": 16.4840149,
    "_psar": 25.24441728,
    "_wr": -53.89344262,
    "_mom": 0.18,
    "_mom1": -1.41,
    "stock_diff": 0.12,
    "rsi_diff": 10.48
}
