{
    "open": 66.78,
    "low": 65.65,
    "high": 67.16,
    "close": 66.96,
    "volume": 503485,
    "change": -0.20864382,
    "_rsi": 49.39269374,
    "_rsi1": 49.80663075,
    "_stock_k": 72.28969646,
    "_stock_d": 58.35229918,
    "_stock_k1": 58.34849983,
    "_stock_d1": 43.66666057,
    "_macd_blue": -1.55565723,
    "_macd_orange": -1.17865041,
    "_cci20": 9.45266643,
    "_cci201": -1.44626764,
    "_ema10": 65.81713397,
    "_ema20": 66.56345332,
    "_ema30": 67.364181,
    "_ema50": 68.29204197,
    "_ema100": 68.71048707,
    "_ema200": 66.92135633,
    "_psar": 62.48991352,
    "_wr": -19.67930029,
    "_mom": 2.35,
    "_mom1": 0.22,
    "stock_diff": 13.94,
    "rsi_diff": -0.41
}
