{
    "open": 4.8,
    "low": 4.61,
    "high": 4.84,
    "close": 4.68,
    "volume": 760473,
    "change": -2.90456432,
    "_rsi": 54.52074583,
    "_rsi1": 58.31391315,
    "_stock_k": 67.77777778,
    "_stock_d": 74.63844797,
    "_stock_k1": 75.92592593,
    "_stock_d1": 80.30086109,
    "_macd_blue": 0.0146494,
    "_macd_orange": 0.06713248,
    "_cci20": 111.24723498,
    "_cci201": 150.85512294,
    "_ema10": 4.59081418,
    "_ema20": 4.51249216,
    "_ema30": 4.50092587,
    "_ema50": 4.59374235,
    "_ema100": 5.05705499,
    "_ema200": 5.7117839,
    "_psar": 4.31533863,
    "_wr": -35.55555556,
    "_mom": 0.08,
    "_mom1": 0.48,
    "stock_diff": -6.86,
    "rsi_diff": -3.79
}
