{
    "open": 110.39,
    "low": 106.78,
    "high": 111.6,
    "close": 107.2,
    "volume": 2827531,
    "change": -5.09074812,
    "_rsi": 46.12806313,
    "_rsi1": 56.42009256,
    "_stock_k": 76.78175566,
    "_stock_d": 86.54785454,
    "_stock_k1": 91.85232579,
    "_stock_d1": 89.72863785,
    "_macd_blue": -0.72235796,
    "_macd_orange": -0.13525253,
    "_cci20": -7.76359154,
    "_cci201": 72.40417321,
    "_ema10": 109.42090623,
    "_ema20": 109.17561972,
    "_ema30": 109.64524583,
    "_ema50": 110.95569157,
    "_ema100": 112.37758366,
    "_ema200": 109.73122439,
    "_psar": 103.27673434,
    "_wr": -50.27932961,
    "_mom": 1.29,
    "_mom1": 10.95,
    "stock_diff": -9.77,
    "rsi_diff": -10.29
}
