{
    "open": 212.35,
    "low": 209.87,
    "high": 214.11,
    "close": 213.98,
    "volume": 4148368,
    "change": 1.35948084,
    "_rsi": 53.67433955,
    "_rsi1": 51.75232859,
    "_stock_k": 77.28432874,
    "_stock_d": 81.72400795,
    "_stock_k1": 78.88937169,
    "_stock_d1": 84.14013886,
    "_macd_blue": -2.06708622,
    "_macd_orange": 0.42807261,
    "_cci20": 77.85168351,
    "_cci201": 68.57871986,
    "_ema10": 210.06742894,
    "_ema20": 208.26159863,
    "_ema30": 209.71491863,
    "_ema50": 216.14388154,
    "_ema100": 230.33614209,
    "_ema200": 238.68871882,
    "_psar": 192.86848904,
    "_wr": -24.10413476,
    "_mom": 13.83,
    "_mom1": 7.95,
    "stock_diff": -4.44,
    "rsi_diff": 1.92
}
