{
    "open": 207.56,
    "low": 206.57,
    "high": 210.5,
    "close": 208.03,
    "volume": 1060792,
    "change": -0.78218152,
    "_rsi": 51.26052798,
    "_rsi1": 53.28634492,
    "_stock_k": 82.98211738,
    "_stock_d": 78.73248554,
    "_stock_k1": 79.74926254,
    "_stock_d1": 75.12291052,
    "_macd_blue": -4.17222835,
    "_macd_orange": -2.15779737,
    "_cci20": 107.57784935,
    "_cci201": 125.23454549,
    "_ema10": 204.86157678,
    "_ema20": 205.46422198,
    "_ema30": 207.71316352,
    "_ema50": 211.74306514,
    "_ema100": 218.36954242,
    "_ema200": 224.55290377,
    "_psar": 196.43279068,
    "_wr": -13.97400186,
    "_mom": 9.59,
    "_mom1": 16.66,
    "stock_diff": 4.25,
    "rsi_diff": -2.03
}
