{
    "open": 115.43,
    "low": 113.81,
    "high": 117.95,
    "close": 114.78,
    "volume": 101540299,
    "change": -0.98343685,
    "_rsi": 50.91899813,
    "_rsi1": 51.97258688,
    "_stock_k": 74.12444739,
    "_stock_d": 64.52731215,
    "_stock_k1": 62.9483522,
    "_stock_d1": 56.19367043,
    "_macd_blue": -2.87925992,
    "_macd_orange": -1.59060137,
    "_cci20": 59.21403658,
    "_cci201": 55.72704804,
    "_ema10": 112.16177844,
    "_ema20": 112.65562403,
    "_ema30": 114.38834178,
    "_ema50": 117.93384373,
    "_ema100": 120.6091831,
    "_ema200": 114.97418948,
    "_psar": 101.64563013,
    "_wr": -19.14191419,
    "_mom": 9.25,
    "_mom1": 12.97,
    "stock_diff": 9.6,
    "rsi_diff": -1.05
}
