{
    "open": 133.05,
    "low": 131.71,
    "high": 133.87,
    "close": 133.7,
    "volume": 6287399,
    "change": 1.22652938,
    "_rsi": 51.76879132,
    "_rsi1": 49.42256781,
    "_stock_k": 72.70411985,
    "_stock_d": 71.88749724,
    "_stock_k1": 71.79026217,
    "_stock_d1": 71.29056261,
    "_macd_blue": -3.77203704,
    "_macd_orange": -2.0381164,
    "_cci20": 58.52996912,
    "_cci201": 44.0584452,
    "_ema10": 130.45450248,
    "_ema20": 131.04610281,
    "_ema30": 133.28028061,
    "_ema50": 138.09048769,
    "_ema100": 145.57428932,
    "_ema200": 148.04857713,
    "_psar": 122.98167743,
    "_wr": -23.82022472,
    "_mom": 11.07,
    "_mom1": 6.05,
    "stock_diff": 0.82,
    "rsi_diff": 2.35
}
