{
    "open": 275.64,
    "low": 274.73,
    "high": 279.99,
    "close": 279.18,
    "volume": 526529,
    "change": 1.52,
    "_rsi": 55.70731172,
    "_rsi1": 52.26145761,
    "_stock_k": 76.45663369,
    "_stock_d": 71.76994735,
    "_stock_k1": 70.63588497,
    "_stock_d1": 71.10262493,
    "_macd_blue": -3.72143501,
    "_macd_orange": -1.09991224,
    "_cci20": 140.42531291,
    "_cci201": 91.34222865,
    "_ema10": 272.20751527,
    "_ema20": 271.35719309,
    "_ema30": 274.08315942,
    "_ema50": 282.22221395,
    "_ema100": 294.89927432,
    "_ema200": 295.85531843,
    "_psar": 254.18964624,
    "_wr": -8.59225829,
    "_mom": 22.17,
    "_mom1": 12.45,
    "stock_diff": 4.69,
    "rsi_diff": 3.45
}
