{
    "open": 77.19,
    "low": 76.55,
    "high": 80.71,
    "close": 78.78,
    "volume": 94015,
    "change": 2.0069921,
    "_rsi": 58.69544202,
    "_rsi1": 56.72159603,
    "_stock_k": 46.84911778,
    "_stock_d": 52.47307273,
    "_stock_k1": 52.92599902,
    "_stock_d1": 61.49716507,
    "_macd_blue": 5.18029806,
    "_macd_orange": 4.34265351,
    "_cci20": 40.89432314,
    "_cci201": 30.27246625,
    "_ema10": 78.36215612,
    "_ema20": 75.58308442,
    "_ema30": 72.34637863,
    "_ema50": 67.09895081,
    "_ema100": 59.61851518,
    "_ema200": 51.82470991,
    "_psar": 85.97502848,
    "_wr": -56.26255861,
    "_mom": 4.2,
    "_mom1": 2.74,
    "stock_diff": -5.62,
    "rsi_diff": 1.97
}
