{
    "open": 61,
    "low": 60.89,
    "high": 62.88,
    "close": 62.5,
    "volume": 8534077,
    "change": 1.559961,
    "_rsi": 63.7328596,
    "_rsi1": 61.89094017,
    "_stock_k": 89.61204696,
    "_stock_d": 86.68380086,
    "_stock_k1": 85.16938321,
    "_stock_d1": 82.42896695,
    "_macd_blue": 1.57478733,
    "_macd_orange": 1.90215076,
    "_cci20": 115.86602312,
    "_cci201": 101.69208999,
    "_ema10": 59.81604537,
    "_ema20": 58.32479444,
    "_ema30": 57.06262137,
    "_ema50": 54.7083917,
    "_ema100": 49.68167348,
    "_ema200": 42.29963797,
    "_psar": 51.66257823,
    "_wr": -5.81929556,
    "_mom": 3.86,
    "_mom1": 0.97,
    "stock_diff": 2.93,
    "rsi_diff": 1.84
}
