{
    "open": 100.98,
    "low": 99.61,
    "high": 101.54,
    "close": 99.64,
    "volume": 537420,
    "change": -1.72600848,
    "_rsi": 50.19252851,
    "_rsi1": 55.06555222,
    "_stock_k": 80.93861226,
    "_stock_d": 76.65371671,
    "_stock_k1": 79.33969713,
    "_stock_d1": 69.81311695,
    "_macd_blue": -0.95289369,
    "_macd_orange": -0.52311073,
    "_cci20": 74.49753719,
    "_cci201": 101.50937397,
    "_ema10": 99.04895222,
    "_ema20": 99.29413068,
    "_ema30": 99.64256306,
    "_ema50": 99.5514043,
    "_ema100": 98.32386943,
    "_ema200": 96.83549006,
    "_psar": 95.21541111,
    "_wr": -30.33838973,
    "_mom": 2.19,
    "_mom1": 6.75,
    "stock_diff": 4.28,
    "rsi_diff": -4.87
}
