{
    "open": 95.96,
    "low": 95.83,
    "high": 97.11,
    "close": 96.885,
    "volume": 742991,
    "change": 1.96274469,
    "_rsi": 49.74810645,
    "_rsi1": 44.27252692,
    "_stock_k": 43.54925785,
    "_stock_d": 36.15140615,
    "_stock_k1": 31.75707,
    "_stock_d1": 36.22546355,
    "_macd_blue": -1.42109357,
    "_macd_orange": -1.29883966,
    "_cci20": 16.15585899,
    "_cci201": -77.86723386,
    "_ema10": 95.42713181,
    "_ema20": 96.32071068,
    "_ema30": 97.24128637,
    "_ema50": 98.71735697,
    "_ema100": 100.30930482,
    "_ema200": 99.2806421,
    "_psar": 98.696856,
    "_wr": -33.46905537,
    "_mom": -1.435,
    "_mom1": -1.52,
    "stock_diff": 7.4,
    "rsi_diff": 5.48
}
