{
    "open": 57.38,
    "low": 56.95,
    "high": 58.05,
    "close": 57.42,
    "volume": 6237941,
    "change": 0.33199371,
    "_rsi": 57.08267482,
    "_rsi1": 56.42757708,
    "_stock_k": 91.32228203,
    "_stock_d": 87.98796813,
    "_stock_k1": 89.33327653,
    "_stock_d1": 86.01630624,
    "_macd_blue": -0.81082342,
    "_macd_orange": -0.15438272,
    "_cci20": 166.83783918,
    "_cci201": 150.05400818,
    "_ema10": 55.70385511,
    "_ema20": 55.44865193,
    "_ema30": 55.94984558,
    "_ema50": 57.58362516,
    "_ema100": 61.10848481,
    "_ema200": 63.1062923,
    "_psar": 50.7926922,
    "_wr": -7.82608696,
    "_mom": 7.36,
    "_mom1": 4.87,
    "stock_diff": 3.33,
    "rsi_diff": 0.66
}
