{
    "open": 143.25,
    "low": 142.79,
    "high": 144.53,
    "close": 144.11,
    "volume": 539007,
    "change": 0.17378006,
    "_rsi": 50.12269135,
    "_rsi1": 49.68121446,
    "_stock_k": 86.31801373,
    "_stock_d": 82.34938409,
    "_stock_k1": 82.88574149,
    "_stock_d1": 80.01237252,
    "_macd_blue": -2.86486169,
    "_macd_orange": -1.59868461,
    "_cci20": 95.12534973,
    "_cci201": 87.65217244,
    "_ema10": 142.37767633,
    "_ema20": 142.81908472,
    "_ema30": 144.63540667,
    "_ema50": 148.27015029,
    "_ema100": 152.92409115,
    "_ema200": 153.00260131,
    "_psar": 137.17992185,
    "_wr": -6.10142631,
    "_mom": 6.1,
    "_mom1": 5.28,
    "stock_diff": 3.97,
    "rsi_diff": 0.44
}
