{
    "open": 305,
    "low": 304.21,
    "high": 310.48,
    "close": 310.48,
    "volume": 1145177,
    "change": 2.14837967,
    "_rsi": 81.54458129,
    "_rsi1": 78.15623064,
    "_stock_k": 92.82066108,
    "_stock_d": 87.81279111,
    "_stock_k1": 87.24101378,
    "_stock_d1": 86.28353208,
    "_macd_blue": 7.94897196,
    "_macd_orange": 9.65288241,
    "_cci20": 140.47933255,
    "_cci201": 122.52447189,
    "_ema10": 297.88579267,
    "_ema20": 290.03063804,
    "_ema30": 284.1757298,
    "_ema50": 274.58845766,
    "_ema100": 256.71230432,
    "_ema200": 234.60940317,
    "_psar": 296.13428102,
    "_wr": 0,
    "_mom": 29.25,
    "_mom1": 23.83,
    "stock_diff": 5.01,
    "rsi_diff": 3.39
}
