{
    "open": 269,
    "low": 268.27,
    "high": 272.77,
    "close": 270.21,
    "volume": 3400057,
    "change": 0.9451584,
    "_rsi": 65.60641611,
    "_rsi1": 63.47174554,
    "_stock_k": 85.40667616,
    "_stock_d": 81.2237442,
    "_stock_k1": 82.18120503,
    "_stock_d1": 78.02960996,
    "_macd_blue": 4.20651278,
    "_macd_orange": 5.05591059,
    "_cci20": 136.31751428,
    "_cci201": 109.09993889,
    "_ema10": 263.94901713,
    "_ema20": 259.76288371,
    "_ema30": 256.91312537,
    "_ema50": 253.11162549,
    "_ema100": 246.27624101,
    "_ema200": 236.22228645,
    "_psar": 255.96003676,
    "_wr": -11.02972857,
    "_mom": 10.56,
    "_mom1": 14.01,
    "stock_diff": 4.18,
    "rsi_diff": 2.13
}
