{
    "open": 15.32,
    "low": 14.94,
    "high": 15.35,
    "close": 15.05,
    "volume": 104858,
    "change": -1.95439739,
    "_rsi": 50.68851142,
    "_rsi1": 57.73113675,
    "_stock_k": 87.21702756,
    "_stock_d": 92.23887633,
    "_stock_k1": 94.86999302,
    "_stock_d1": 94.81741546,
    "_macd_blue": -0.04066244,
    "_macd_orange": 0.01864844,
    "_cci20": 68.86735644,
    "_cci201": 140.4208902,
    "_ema10": 15.05651647,
    "_ema20": 15.02126288,
    "_ema30": 15.01311464,
    "_ema50": 14.90258822,
    "_ema100": 14.41526216,
    "_ema200": 13.43894287,
    "_psar": 14.53992431,
    "_wr": -26.5625,
    "_mom": 0.55,
    "_mom1": 1.24,
    "stock_diff": -5.02,
    "rsi_diff": -7.04
}
