{
    "open": 96.9,
    "low": 96.735,
    "high": 98.11,
    "close": 98.07,
    "volume": 1078891,
    "change": 1.51123072,
    "_rsi": 66.67063824,
    "_rsi1": 62.24089497,
    "_stock_k": 90.31500521,
    "_stock_d": 86.29095929,
    "_stock_k1": 84.3735286,
    "_stock_d1": 84.07015595,
    "_macd_blue": 0.65797283,
    "_macd_orange": 1.0875625,
    "_cci20": 158.85463729,
    "_cci201": 113.89083458,
    "_ema10": 95.61876361,
    "_ema20": 94.56451577,
    "_ema30": 94.12392943,
    "_ema50": 93.81713383,
    "_ema100": 93.46207404,
    "_ema200": 93.10480096,
    "_psar": 94.67,
    "_wr": -0.65681445,
    "_mom": 4.21,
    "_mom1": 3.05,
    "stock_diff": 4.02,
    "rsi_diff": 4.43
}
