{
    "open": 94.67,
    "low": 94.14,
    "high": 95.49,
    "close": 95.32,
    "change": -0.42828789,
    "_rsi": 42.91001694,
    "_rsi1": 43.9025638,
    "_stock_k": 38.77270039,
    "_stock_d": 33.12501671,
    "_stock_k1": 29.5665682,
    "_stock_d1": 35.52660726,
    "_macd_blue": -1.45322731,
    "_macd_orange": -1.34812117,
    "_cci20": -90.72373471,
    "_cci201": -78.63796863,
    "_ema10": 95.92492102,
    "_ema20": 97.02897925,
    "_ema30": 97.97661778,
    "_ema50": 99.39718364,
    "_ema100": 100.7704298,
    "_ema200": 99.46515282,
    "_psar": 92.8,
    "stock_diff": 5.65,
    "rsi_diff": -0.99
}
