{
    "open": 65.37,
    "low": 65.22,
    "high": 66.54,
    "close": 66.43,
    "volume": 885527,
    "change": 2.02733835,
    "_rsi": 53.83579779,
    "_rsi1": 48.55301494,
    "_stock_k": 45.4629824,
    "_stock_d": 40.19952285,
    "_stock_k1": 38.29787234,
    "_stock_d1": 35.08552357,
    "_macd_blue": -0.62143929,
    "_macd_orange": -0.34181143,
    "_cci20": 42.76656528,
    "_cci201": 22.4681954,
    "_ema10": 65.15908068,
    "_ema20": 65.27450583,
    "_ema30": 65.62994778,
    "_ema50": 66.42005527,
    "_ema100": 67.90292326,
    "_ema200": 69.52001112,
    "_psar": 66.92309708,
    "_wr": -45.83883752,
    "_mom": 2.87,
    "_mom1": 0.87,
    "stock_diff": 5.26,
    "rsi_diff": 5.28
}
