{
    "open": 275.87,
    "low": 273.07,
    "high": 276.8,
    "close": 276.68,
    "volume": 836039,
    "change": 1.18860403,
    "_rsi": 46.40576886,
    "_rsi1": 44.45321945,
    "_stock_k": 69.05819147,
    "_stock_d": 63.97931116,
    "_stock_k1": 61.56771509,
    "_stock_d1": 58.92683997,
    "_macd_blue": -9.54288488,
    "_macd_orange": -7.27067481,
    "_cci20": -13.7343583,
    "_cci201": -14.95136053,
    "_ema10": 274.53687093,
    "_ema20": 278.7048119,
    "_ema30": 284.65515174,
    "_ema50": 295.26759719,
    "_ema100": 308.93594725,
    "_ema200": 310.31356269,
    "_psar": 254.98283263,
    "_wr": -23.80695605,
    "_mom": 3.32,
    "_mom1": -4.25,
    "stock_diff": 5.08,
    "rsi_diff": 1.95
}
