{
    "open": 112.38,
    "low": 111.94,
    "high": 112.7599,
    "close": 112.5,
    "volume": 1740119,
    "change": 0.57214375,
    "_rsi": 59.15859123,
    "_rsi1": 56.77286981,
    "_stock_k": 92.30064668,
    "_stock_d": 93.54648864,
    "_stock_k1": 93.90625132,
    "_stock_d1": 91.61350777,
    "_macd_blue": -0.18992826,
    "_macd_orange": 0.27515696,
    "_cci20": 162.05500896,
    "_cci201": 165.65595922,
    "_ema10": 110.96397671,
    "_ema20": 110.53772089,
    "_ema30": 110.54051909,
    "_ema50": 110.58025353,
    "_ema100": 110.00074515,
    "_ema200": 107.57567016,
    "_psar": 108.33934491,
    "_wr": -5.25666437,
    "_mom": 4.68,
    "_mom1": 3.07,
    "stock_diff": -1.25,
    "rsi_diff": 2.39
}
