{
    "open": 2266.97,
    "low": 2226.18,
    "high": 2298.08,
    "close": 2247.93,
    "volume": 247477,
    "change": -0.62157658,
    "_rsi": 52.75602673,
    "_rsi1": 53.67240758,
    "_stock_k": 90.3713314,
    "_stock_d": 88.8307231,
    "_stock_k1": 90.86429749,
    "_stock_d1": 87.79155204,
    "_macd_blue": -62.44951244,
    "_macd_orange": -28.42026565,
    "_cci20": 116.11550193,
    "_cci201": 92.86957023,
    "_ema10": 2179.26859857,
    "_ema20": 2184.22934027,
    "_ema30": 2214.96620052,
    "_ema50": 2261.14606504,
    "_ema100": 2303.55733312,
    "_ema200": 2294.12055683,
    "_psar": 1919.62587444,
    "_wr": -9.99740845,
    "_mom": 230.53,
    "_mom1": 231.63,
    "stock_diff": 1.54,
    "rsi_diff": -0.92
}
