{
    "open": 88.17,
    "low": 87.1702,
    "high": 88.17,
    "close": 87.85,
    "volume": 581472,
    "change": -0.04551143,
    "_rsi": 63.97455129,
    "_rsi1": 64.22734085,
    "_stock_k": 70.71823204,
    "_stock_d": 74.07407407,
    "_stock_k1": 74.89257213,
    "_stock_d1": 76.10445582,
    "_macd_blue": 1.81881126,
    "_macd_orange": 1.71347102,
    "_cci20": 91.10041579,
    "_cci201": 121.09618804,
    "_ema10": 87.2632457,
    "_ema20": 86.08656641,
    "_ema30": 84.85521166,
    "_ema50": 82.91658249,
    "_ema100": 80.38325689,
    "_ema200": 77.78626808,
    "_psar": 84.43154089,
    "_wr": -29.28176796,
    "_mom": 3.68,
    "_mom1": 2.47,
    "stock_diff": -3.36,
    "rsi_diff": -0.25
}
