{
    "open": 48.66,
    "low": 48.59,
    "high": 51.65,
    "close": 51.62,
    "volume": 51625856,
    "change": 6.94012844,
    "_rsi": 66.42462601,
    "_rsi1": 54.15295875,
    "_stock_k": 89.5774976,
    "_stock_d": 81.60250293,
    "_stock_k1": 78.86931533,
    "_stock_d1": 73.80747437,
    "_macd_blue": -0.40731305,
    "_macd_orange": 0.1426551,
    "_cci20": 236.56982217,
    "_cci201": 119.53373403,
    "_ema10": 48.09111405,
    "_ema20": 47.70907985,
    "_ema30": 47.87545977,
    "_ema50": 48.4710208,
    "_ema100": 49.76634882,
    "_ema200": 51.49948353,
    "_psar": 44.63498336,
    "_wr": -0.39577836,
    "_mom": 4.96,
    "_mom1": 0.64,
    "stock_diff": 7.97,
    "rsi_diff": 12.27
}
