{
    "open": 66.81,
    "low": 66.365,
    "high": 67.03,
    "close": 66.78,
    "volume": 3151044,
    "change": -0.1793722,
    "_rsi": 51.86984859,
    "_rsi1": 52.68710422,
    "_stock_k": 79.5992714,
    "_stock_d": 82.18755851,
    "_stock_k1": 79.84259033,
    "_stock_d1": 83.84898475,
    "_macd_blue": -0.40181548,
    "_macd_orange": -0.10803831,
    "_cci20": 75.13343061,
    "_cci201": 116.49507961,
    "_ema10": 66.44325852,
    "_ema20": 66.36315251,
    "_ema30": 66.59079178,
    "_ema50": 67.0965009,
    "_ema100": 67.61421626,
    "_ema200": 67.10752774,
    "_psar": 64.98855711,
    "_wr": -27.59562842,
    "_mom": 1.96,
    "_mom1": 1.73,
    "stock_diff": -2.59,
    "rsi_diff": -0.82
}
