{
    "open": 98.62,
    "low": 97.86,
    "high": 99.68,
    "close": 97.95,
    "volume": 626395,
    "change": -0.89041789,
    "_rsi": 67.57791433,
    "_rsi1": 71.44039702,
    "_stock_k": 92.61210962,
    "_stock_d": 93.9015929,
    "_stock_k1": 95.85498108,
    "_stock_d1": 91.27989763,
    "_macd_blue": 1.91315357,
    "_macd_orange": 2.43826927,
    "_cci20": 135.83337126,
    "_cci201": 163.91050987,
    "_ema10": 95.70561644,
    "_ema20": 93.67968392,
    "_ema30": 92.23611837,
    "_ema50": 89.99914481,
    "_ema100": 86.24085238,
    "_ema200": 81.81645857,
    "_psar": 92.82496092,
    "_wr": -14.86254296,
    "_mom": 6.27,
    "_mom1": 9.6,
    "stock_diff": -1.29,
    "rsi_diff": -3.86
}
