{
    "open": 75.95,
    "low": 75.4501,
    "high": 76.2982,
    "close": 76.13,
    "change": -0.66544885,
    "_rsi": 43.92844125,
    "_rsi1": 46.1119742,
    "_stock_k": 53.65478686,
    "_stock_d": 55.771552,
    "_stock_k1": 53.86188933,
    "_stock_d1": 62.1210159,
    "_macd_blue": -0.60295161,
    "_macd_orange": -0.60053286,
    "_cci20": -93.40281862,
    "_cci201": -38.42416796,
    "_ema10": 76.61726457,
    "_ema20": 77.06313808,
    "_ema30": 77.44766391,
    "_ema50": 77.87693965,
    "_ema100": 77.89608587,
    "_ema200": 76.29667505,
    "_psar": 74.45160966,
    "stock_diff": -2.12,
    "rsi_diff": -2.18
}
