{
    "open": 108.5,
    "low": 106.55,
    "high": 108.62,
    "close": 107.3,
    "volume": 7129858,
    "change": -1.16064849,
    "_rsi": 57.93991437,
    "_rsi1": 62.6842022,
    "_stock_k": 92.10735922,
    "_stock_d": 91.85987362,
    "_stock_k1": 96.19310957,
    "_stock_d1": 86.38253525,
    "_macd_blue": 0.2419615,
    "_macd_orange": 0.75462559,
    "_cci20": 164.90737504,
    "_cci201": 209.09841964,
    "_ema10": 105.88018584,
    "_ema20": 105.10283189,
    "_ema30": 104.73554731,
    "_ema50": 103.72015444,
    "_ema100": 100.13745098,
    "_ema200": 93.72795704,
    "_psar": 101.5140448,
    "_wr": -17.44837105,
    "_mom": 2.11,
    "_mom1": 4.02,
    "stock_diff": 0.25,
    "rsi_diff": -4.74
}
