{
    "open": 154.84,
    "low": 154.04,
    "high": 156.98,
    "close": 155.58,
    "volume": 1237312,
    "change": 0.54934402,
    "_rsi": 50.11545778,
    "_rsi1": 48.78205337,
    "_stock_k": 71.46297411,
    "_stock_d": 74.74078534,
    "_stock_k1": 74.77423239,
    "_stock_d1": 80.81477022,
    "_macd_blue": -1.97765845,
    "_macd_orange": -0.85289533,
    "_cci20": 60.423166,
    "_cci201": 31.00573223,
    "_ema10": 154.67774119,
    "_ema20": 154.49276027,
    "_ema30": 156.12338904,
    "_ema50": 160.92931086,
    "_ema100": 169.44609047,
    "_ema200": 172.61883411,
    "_psar": 146.10391589,
    "_wr": -21.43287176,
    "_mom": 6.75,
    "_mom1": 5.88,
    "stock_diff": -3.28,
    "rsi_diff": 1.33
}
