{
    "open": 73.72,
    "low": 73.5,
    "high": 74.2852,
    "close": 73.94,
    "volume": 311644,
    "change": 0.3256445,
    "_rsi": 57.00726298,
    "_rsi1": 56.03846256,
    "_stock_k": 43.80441968,
    "_stock_d": 51.94372372,
    "_stock_k1": 52.82910962,
    "_stock_d1": 59.87502794,
    "_macd_blue": 0.98940841,
    "_macd_orange": 0.91446842,
    "_cci20": 47.01565263,
    "_cci201": 33.54680978,
    "_ema10": 73.60924158,
    "_ema20": 72.95541903,
    "_ema30": 72.35747093,
    "_ema50": 71.53222862,
    "_ema100": 71.17414941,
    "_ema200": 72.84633111,
    "_psar": 72.85,
    "_wr": -57.10455764,
    "_mom": -0.29,
    "_mom1": 0.45,
    "stock_diff": -8.14,
    "rsi_diff": 0.97
}
