{
    "open": 213.76,
    "low": 206.325,
    "high": 214.97,
    "close": 207.34,
    "volume": 2462943,
    "change": -4.30167082,
    "_rsi": 45.4416557,
    "_rsi1": 51.8275831,
    "_stock_k": 78.29185676,
    "_stock_d": 78.03524351,
    "_stock_k1": 81.53721676,
    "_stock_d1": 72.96049059,
    "_macd_blue": -8.21847588,
    "_macd_orange": -5.31863377,
    "_cci20": 20.522606,
    "_cci201": 71.10039919,
    "_ema10": 207.91227738,
    "_ema20": 210.24969977,
    "_ema30": 215.38358678,
    "_ema50": 226.34525129,
    "_ema100": 246.49474204,
    "_ema200": 262.68383899,
    "_psar": 193.13349516,
    "_wr": -35.3898097,
    "_mom": 2.46,
    "_mom1": 20.71,
    "stock_diff": 0.26,
    "rsi_diff": -6.39
}
