{
    "open": 115.61,
    "low": 111.92,
    "high": 115.61,
    "close": 112.9,
    "volume": 369479,
    "change": -2.14093785,
    "_rsi": 40.12259972,
    "_rsi1": 42.25648922,
    "_stock_k": 59.56149723,
    "_stock_d": 66.35034818,
    "_stock_k1": 72.18258498,
    "_stock_d1": 68.81850643,
    "_macd_blue": -7.21416128,
    "_macd_orange": -5.78127306,
    "_cci20": -29.97586052,
    "_cci201": -20.22276083,
    "_ema10": 115.18496621,
    "_ema20": 118.6058946,
    "_ema30": 123.27997913,
    "_ema50": 131.55826495,
    "_ema100": 145.19562401,
    "_ema200": 160.61264532,
    "_psar": 105.62650518,
    "_wr": -50.13495277,
    "_mom": 2.1,
    "_mom1": 2.87,
    "stock_diff": -6.79,
    "rsi_diff": -2.13
}
