{
    "open": 251.29,
    "low": 247.94,
    "high": 252.08,
    "close": 248.13,
    "volume": 1241609,
    "change": -1.48880419,
    "_rsi": 61.06980754,
    "_rsi1": 68.37934956,
    "_stock_k": 89.60218962,
    "_stock_d": 91.70437981,
    "_stock_k1": 93.36489724,
    "_stock_d1": 93.35442923,
    "_macd_blue": 3.53296402,
    "_macd_orange": 4.50224436,
    "_cci20": 101.64970511,
    "_cci201": 130.9689501,
    "_ema10": 246.59686594,
    "_ema20": 242.81959978,
    "_ema30": 240.15621556,
    "_ema50": 235.12450813,
    "_ema100": 224.77095603,
    "_ema200": 217.16555358,
    "_psar": 240.49406783,
    "_wr": -21.12382934,
    "_mom": 8.89,
    "_mom1": 13.17,
    "stock_diff": -2.1,
    "rsi_diff": -7.31
}
