{
    "open": 62.62,
    "low": 61.17,
    "high": 62.67,
    "close": 61.74,
    "volume": 2397728,
    "change": -1.3265143,
    "_rsi": 64.97069794,
    "_rsi1": 68.56262785,
    "_stock_k": 90.38455676,
    "_stock_d": 88.15165578,
    "_stock_k1": 92.07814541,
    "_stock_d1": 82.89744539,
    "_macd_blue": 2.17759186,
    "_macd_orange": 2.30224047,
    "_cci20": 113.61319327,
    "_cci201": 128.58174311,
    "_ema10": 60.15224568,
    "_ema20": 58.42402414,
    "_ema30": 56.89288462,
    "_ema50": 54.26751356,
    "_ema100": 49.51374945,
    "_ema200": 43.57534523,
    "_psar": 55.63509696,
    "_wr": -12.01011378,
    "_mom": 2.03,
    "_mom1": 2.98,
    "stock_diff": 2.23,
    "rsi_diff": -3.59
}
