{
    "open": 78.82,
    "low": 76.37,
    "high": 79.17,
    "close": 77.22,
    "volume": 47238545,
    "change": -5.6912555,
    "_rsi": 44.19208603,
    "_rsi1": 54.05237906,
    "_stock_k": 41.83118741,
    "_stock_d": 52.76108727,
    "_stock_k1": 57.35813066,
    "_stock_d1": 60.33381021,
    "_macd_blue": 2.18366942,
    "_macd_orange": 1.7442673,
    "_cci20": -62.88809618,
    "_cci201": 32.40204931,
    "_ema10": 82.00246083,
    "_ema20": 80.95017688,
    "_ema30": 79.53933101,
    "_ema50": 76.73302843,
    "_ema100": 71.66638322,
    "_ema200": 65.96283246,
    "_psar": 91.2849,
    "_wr": -81.7453505,
    "_mom": -1.95,
    "_mom1": 3.46,
    "stock_diff": -10.93,
    "rsi_diff": -9.86
}
