{
    "open": 116.32,
    "low": 115.945,
    "high": 118.59,
    "close": 118.52,
    "volume": 902590,
    "change": 2.46390594,
    "_rsi": 69.14817597,
    "_rsi1": 63.06615763,
    "_stock_k": 77.89917643,
    "_stock_d": 67.43899874,
    "_stock_k1": 62.35786954,
    "_stock_d1": 61.25884451,
    "_macd_blue": 1.99599235,
    "_macd_orange": 2.10795208,
    "_cci20": 197.90121956,
    "_cci201": 94.01042239,
    "_ema10": 114.94177686,
    "_ema20": 113.36288586,
    "_ema30": 111.96237774,
    "_ema50": 109.56094069,
    "_ema100": 105.45197699,
    "_ema200": 101.90190146,
    "_psar": 111.24,
    "_wr": -0.95238095,
    "_mom": 4.78,
    "_mom1": 2.38,
    "stock_diff": 10.46,
    "rsi_diff": 6.08
}
