{
    "open": 117.05,
    "low": 116.345,
    "high": 118.15,
    "close": 116.46,
    "volume": 520782,
    "change": -1.47208122,
    "_rsi": 51.00410898,
    "_rsi1": 53.99432608,
    "_stock_k": 76.63817664,
    "_stock_d": 83.10629139,
    "_stock_k1": 85.87369421,
    "_stock_d1": 84.74860577,
    "_macd_blue": -0.26496258,
    "_macd_orange": 0.24941787,
    "_cci20": 40.58822416,
    "_cci201": 72.46236335,
    "_ema10": 116.30433133,
    "_ema20": 115.94967132,
    "_ema30": 115.82238977,
    "_ema50": 115.23282546,
    "_ema100": 112.70323208,
    "_ema200": 105.54215491,
    "_psar": 110.84731469,
    "_wr": -31.55270655,
    "_mom": 4.29,
    "_mom1": 10.85,
    "stock_diff": -6.47,
    "rsi_diff": -2.99
}
