{
    "open": 131.59,
    "low": 131.08,
    "high": 134.325,
    "close": 133.69,
    "volume": 1060527,
    "change": 1.75051374,
    "_rsi": 53.91048772,
    "_rsi1": 48.11666494,
    "_stock_k": 48.08972029,
    "_stock_d": 38.92230988,
    "_stock_k1": 34.31465654,
    "_stock_d1": 33.79479589,
    "_macd_blue": -1.71370367,
    "_macd_orange": -1.16366999,
    "_cci20": 82.22836098,
    "_cci201": 9.38045058,
    "_ema10": 130.91690414,
    "_ema20": 131.54036349,
    "_ema30": 132.44322909,
    "_ema50": 133.37400732,
    "_ema100": 132.94203581,
    "_ema200": 130.60932813,
    "_psar": 127.62924824,
    "_wr": -27.43074416,
    "_mom": 4.85,
    "_mom1": 2.74,
    "stock_diff": 9.17,
    "rsi_diff": 5.79
}
