{
    "open": 108.52,
    "low": 107.17,
    "high": 109.5,
    "close": 109.46,
    "volume": 1833010,
    "change": 2.10820896,
    "_rsi": 49.98953929,
    "_rsi1": 46.12806313,
    "_stock_k": 71.02952913,
    "_stock_d": 79.88787019,
    "_stock_k1": 76.78175566,
    "_stock_d1": 86.54785454,
    "_macd_blue": -0.60001456,
    "_macd_orange": -0.11064095,
    "_cci20": -5.04960983,
    "_cci201": -7.76359154,
    "_ema10": 109.42801418,
    "_ema20": 109.20270356,
    "_ema30": 109.63329449,
    "_ema50": 110.897037,
    "_ema100": 112.31980973,
    "_ema200": 109.72852564,
    "_psar": 104.0945956,
    "_wr": -32.24261772,
    "_mom": 3.76,
    "_mom1": 1.29,
    "stock_diff": -8.86,
    "rsi_diff": 3.86
}
