{
    "open": 105.13,
    "low": 104.8352,
    "high": 107.46,
    "close": 107.14,
    "volume": 3276882,
    "change": 2.83136577,
    "_rsi": 61.64280201,
    "_rsi1": 57.20520083,
    "_stock_k": 88.62994632,
    "_stock_d": 85.80162503,
    "_stock_k1": 85.55729984,
    "_stock_d1": 84.29525473,
    "_macd_blue": 1.17579404,
    "_macd_orange": 1.85059257,
    "_cci20": 132.00038391,
    "_cci201": 112.57230862,
    "_ema10": 103.37931246,
    "_ema20": 101.69718672,
    "_ema30": 100.73097994,
    "_ema50": 99.3730633,
    "_ema100": 97.84928938,
    "_ema200": 96.90505664,
    "_psar": 98.46435715,
    "_wr": -2.32052212,
    "_mom": 7.4,
    "_mom1": 5.82,
    "stock_diff": 2.83,
    "rsi_diff": 4.44
}
