{
    "open": 190,
    "low": 189.06,
    "high": 192.025,
    "close": 191.87,
    "volume": 521023,
    "change": 0.84621045,
    "_rsi": 50.11420996,
    "_rsi1": 47.12750576,
    "_stock_k": 49.18879056,
    "_stock_d": 59.95214632,
    "_stock_k1": 55.34660767,
    "_stock_d1": 69.74098062,
    "_macd_blue": -0.2628256,
    "_macd_orange": 0.10045674,
    "_cci20": -22.50679254,
    "_cci201": -5.24592679,
    "_ema10": 191.97918855,
    "_ema20": 191.57003509,
    "_ema30": 192.02126421,
    "_ema50": 193.98093589,
    "_ema100": 196.87926088,
    "_ema200": 194.97671729,
    "_psar": 188.53324413,
    "_wr": -50,
    "_mom": 0.49,
    "_mom1": -1.95,
    "stock_diff": -10.76,
    "rsi_diff": 2.99
}
