{
    "open": 69.67,
    "low": 69.62,
    "high": 70.81,
    "close": 70.67,
    "change": 0.66951567,
    "_rsi": 61.21303631,
    "_rsi1": 59.27908212,
    "_stock_k": 77.1635854,
    "_stock_d": 84.26853427,
    "_stock_k1": 83.49853776,
    "_stock_d1": 90.85900872,
    "_macd_blue": 0.71581273,
    "_macd_orange": 0.21866208,
    "_cci20": 104.67575492,
    "_cci201": 122.24296447,
    "_ema10": 69.58273917,
    "_ema20": 68.79246772,
    "_ema30": 68.56779453,
    "_ema50": 68.44068865,
    "_ema100": 68.09489057,
    "_ema200": 67.14127471,
    "_psar": 68.52727189,
    "stock_diff": -7.1,
    "rsi_diff": 1.93
}
