{
    "open": 80.79,
    "low": 80.581,
    "high": 83.85,
    "close": 83.85,
    "volume": 4192826,
    "change": 3.36538462,
    "_rsi": 55.3843026,
    "_rsi1": 48.88407853,
    "_stock_k": 54.64821223,
    "_stock_d": 48.02768166,
    "_stock_k1": 45.28258362,
    "_stock_d1": 43.36793541,
    "_macd_blue": -1.41701516,
    "_macd_orange": -0.95281651,
    "_cci20": 53.65896747,
    "_cci201": -6.56445814,
    "_ema10": 80.67387667,
    "_ema20": 81.24952604,
    "_ema30": 81.83340321,
    "_ema50": 81.92722012,
    "_ema100": 80.64844267,
    "_ema200": 78.91782767,
    "_psar": 73.85,
    "_wr": -30.79584775,
    "_mom": 3.08,
    "_mom1": -0.09,
    "stock_diff": 6.62,
    "rsi_diff": 6.5
}
