{
    "open": 346.8,
    "low": 344.54,
    "high": 355.97,
    "close": 353.6,
    "volume": 219309,
    "change": 2.0166758,
    "_rsi": 47.35350517,
    "_rsi1": 41.82331066,
    "_stock_k": 35.86898036,
    "_stock_d": 34.67613835,
    "_stock_k1": 32.5598601,
    "_stock_d1": 34.38771523,
    "_macd_blue": -4.91642947,
    "_macd_orange": -4.64543348,
    "_cci20": -37.8833902,
    "_cci201": -59.56111706,
    "_ema10": 351.65554593,
    "_ema20": 355.04429289,
    "_ema30": 358.07486544,
    "_ema50": 363.45207741,
    "_ema100": 377.76622524,
    "_ema200": 404.42077716,
    "_psar": 340.5061846,
    "_wr": -58.65617433,
    "_mom": 10.8,
    "_mom1": -1.83,
    "stock_diff": 1.19,
    "rsi_diff": 5.53
}
