{
    "open": 193.93,
    "low": 192.06,
    "high": 194.66,
    "close": 193.25,
    "volume": 1585468,
    "change": 0.30103285,
    "_rsi": 49.27558563,
    "_rsi1": 48.58638076,
    "_stock_k": 75.91522158,
    "_stock_d": 79.88192939,
    "_stock_k1": 81.02510335,
    "_stock_d1": 79.78862102,
    "_macd_blue": -3.47888312,
    "_macd_orange": -1.90178195,
    "_cci20": 46.27152846,
    "_cci201": 57.50729272,
    "_ema10": 191.88994086,
    "_ema20": 192.51197105,
    "_ema30": 194.40225314,
    "_ema50": 197.3309041,
    "_ema100": 199.26213176,
    "_ema200": 194.23894212,
    "_psar": 185.02521401,
    "_wr": -29.76878613,
    "_mom": 8.29,
    "_mom1": 5.92,
    "stock_diff": -3.97,
    "rsi_diff": 0.69
}
