{
    "open": 319.28,
    "low": 316.76,
    "high": 321.794,
    "close": 318.22,
    "change": 0.08806693,
    "_rsi": 34.03383807,
    "_rsi1": 33.69844375,
    "_stock_k": 40.24745651,
    "_stock_d": 36.68778888,
    "_stock_k1": 34.23386609,
    "_stock_d1": 36.15217793,
    "_macd_blue": -12.28419814,
    "_macd_orange": -11.28278864,
    "_cci20": -46.57959576,
    "_cci201": -67.96454808,
    "_ema10": 321.21040702,
    "_ema20": 328.97260746,
    "_ema30": 336.89294911,
    "_ema50": 348.25615808,
    "_ema100": 356.25775858,
    "_ema200": 347.11549899,
    "_psar": 303.49679549,
    "_wrr": -49.38502674,
    "stock_diff": 3.56,
    "rsi_diff": 0.34
}
