{
    "open": 84.45,
    "low": 83.22,
    "high": 85.7,
    "close": 83.88,
    "volume": 4077580,
    "change": -1.16648993,
    "_rsi": 41.33719156,
    "_rsi1": 42.69939429,
    "_stock_k": 33.38827943,
    "_stock_d": 49.63279454,
    "_stock_k1": 46.31636171,
    "_stock_d1": 62.53064444,
    "_macd_blue": -1.70751883,
    "_macd_orange": -1.55246238,
    "_cci20": -119.15065119,
    "_cci201": -76.56057699,
    "_ema10": 87.01017612,
    "_ema20": 87.95479003,
    "_ema30": 89.30793514,
    "_ema50": 92.15702525,
    "_ema100": 96.27818025,
    "_ema200": 97.13405579,
    "_psar": 82.87075283,
    "_wr": -82.91782087,
    "_mom": -4.21,
    "_mom1": -2.63,
    "stock_diff": -16.24,
    "rsi_diff": -1.36
}
