{
    "open": 229.5,
    "low": 225.25,
    "high": 230.48,
    "close": 227.09,
    "volume": 141917,
    "change": -0.81240446,
    "_rsi": 51.30733287,
    "_rsi1": 53.53378359,
    "_stock_k": 82.90598291,
    "_stock_d": 87.7940874,
    "_stock_k1": 87.99512105,
    "_stock_d1": 89.1136356,
    "_macd_blue": -1.62147324,
    "_macd_orange": -0.12572266,
    "_cci20": 61.60602297,
    "_cci201": 79.71856723,
    "_ema10": 226.15373983,
    "_ema20": 225.39885598,
    "_ema30": 226.40650643,
    "_ema50": 229.74221482,
    "_ema100": 234.73591655,
    "_ema200": 232.50052207,
    "_psar": 217.20694804,
    "_wr": -26.45935625,
    "_mom": 12.03,
    "_mom1": 6.5,
    "stock_diff": -4.89,
    "rsi_diff": -2.23
}
