{
    "open": 304.91,
    "low": 300.74,
    "high": 309.77,
    "close": 305.53,
    "volume": 753089,
    "change": 1.84672822,
    "_rsi": 46.93709464,
    "_rsi1": 44.90268842,
    "_stock_k": 59.79377745,
    "_stock_d": 60.15303251,
    "_stock_k1": 58.83649731,
    "_stock_d1": 59.03498147,
    "_macd_blue": -5.63068643,
    "_macd_orange": -4.76698785,
    "_cci20": -31.24118935,
    "_cci201": -44.86300614,
    "_ema10": 308.53042969,
    "_ema20": 311.75119949,
    "_ema30": 314.89542451,
    "_ema50": 317.89049736,
    "_ema100": 313.64074049,
    "_ema200": 290.71182242,
    "_psar": 280.60678545,
    "_wr": -41.61468544,
    "_mom": -3.8,
    "_mom1": -6.5,
    "stock_diff": -0.36,
    "rsi_diff": 2.03
}
