{
    "open": 3280,
    "low": 3245,
    "high": 3307.37,
    "close": 3295.47,
    "volume": 2452660,
    "change": 0.68683375,
    "_rsi": 63.07680446,
    "_rsi1": 62.06655113,
    "_stock_k": 92.60207841,
    "_stock_d": 93.13455868,
    "_stock_k1": 92.91769247,
    "_stock_d1": 94.42909334,
    "_macd_blue": 21.54864278,
    "_macd_orange": 67.15779412,
    "_cci20": 116.10251413,
    "_cci201": 117.40779984,
    "_ema10": 3181.21918299,
    "_ema20": 3107.11589108,
    "_ema30": 3087.96754007,
    "_ema50": 3103.15008505,
    "_ema100": 3176.50725631,
    "_ema200": 3229.39387607,
    "_psar": 3048.29911106,
    "_wr": -4.86774907,
    "_mom": 384.98,
    "_mom1": 336.64,
    "stock_diff": -0.53,
    "rsi_diff": 1.01
}
