{
    "open": 63.24,
    "low": 62.47,
    "high": 63.53,
    "close": 63.01,
    "volume": 2132053,
    "change": -0.37944664,
    "_rsi": 67.16136521,
    "_rsi1": 68.23147419,
    "_stock_k": 91.28300389,
    "_stock_d": 91.74895318,
    "_stock_k1": 93.57929887,
    "_stock_d1": 92.01400035,
    "_macd_blue": 2.26772989,
    "_macd_orange": 2.44405429,
    "_cci20": 127.9715685,
    "_cci201": 145.12065968,
    "_ema10": 61.13266033,
    "_ema20": 59.27662747,
    "_ema30": 57.67121329,
    "_ema50": 54.94879664,
    "_ema100": 50.04762066,
    "_ema200": 43.96254465,
    "_psar": 56.67494385,
    "_wr": -8.40595194,
    "_mom": 2.79,
    "_mom1": 5.33,
    "stock_diff": -0.47,
    "rsi_diff": -1.07
}
