{
    "open": 35.47,
    "low": 34.48,
    "high": 36.28,
    "close": 34.87,
    "volume": 14489190,
    "change": -5.70578691,
    "_rsi": 62.85650334,
    "_rsi1": 74.30791814,
    "_stock_k": 82.11002026,
    "_stock_d": 86.76257455,
    "_stock_k1": 92.49139368,
    "_stock_d1": 86.19563376,
    "_macd_blue": 1.81356443,
    "_macd_orange": 2.27943739,
    "_cci20": 83.8921332,
    "_cci201": 137.88972058,
    "_ema10": 34.45755509,
    "_ema20": 32.53222894,
    "_ema30": 31.26820545,
    "_ema50": 29.65588955,
    "_ema100": 27.58901827,
    "_ema200": 25.5862245,
    "_psar": 32.6750313,
    "_wr": -33.09957924,
    "_mom": 6.53,
    "_mom1": 7.6,
    "stock_diff": -4.65,
    "rsi_diff": -11.45
}
