{
    "open": 679.9,
    "low": 676.14,
    "high": 685.01,
    "close": 680.03,
    "volume": 366801,
    "change": 0.0397199,
    "_rsi": 64.12974698,
    "_rsi1": 64.040564,
    "_stock_k": 77.0484368,
    "_stock_d": 82.01241179,
    "_stock_k1": 81.91169482,
    "_stock_d1": 88.16534935,
    "_macd_blue": 14.30343306,
    "_macd_orange": 17.19603498,
    "_cci20": 73.46267371,
    "_cci201": 70.02766184,
    "_ema10": 672.81954942,
    "_ema20": 658.2132883,
    "_ema30": 649.23616517,
    "_ema50": 640.02519889,
    "_ema100": 628.80777373,
    "_ema200": 608.5782929,
    "_psar": 662.89186498,
    "_wr": -19.29984087,
    "_mom": 37.45,
    "_mom1": 49.4,
    "stock_diff": -4.96,
    "rsi_diff": 0.09
}
