{
    "open": 280.17,
    "low": 275.67,
    "high": 281.79,
    "close": 281.05,
    "volume": 279512,
    "change": 0.83958236,
    "_rsi": 46.77158602,
    "_rsi1": 45.45059239,
    "_stock_k": 73.06054702,
    "_stock_d": 81.13289164,
    "_stock_k1": 80.79720885,
    "_stock_d1": 83.94627915,
    "_macd_blue": -10.62709975,
    "_macd_orange": -6.56689314,
    "_cci20": 17.53284081,
    "_cci201": 36.31490171,
    "_ema10": 279.75848169,
    "_ema20": 282.37086956,
    "_ema30": 288.94874842,
    "_ema50": 303.03019481,
    "_ema100": 328.4145605,
    "_ema200": 339.82924754,
    "_psar": 263.56958703,
    "_wr": -35.59211951,
    "_mom": 14.48,
    "_mom1": 10.22,
    "stock_diff": -8.07,
    "rsi_diff": 1.32
}
