{
    "open": 61.5,
    "low": 60.8,
    "high": 61.9297,
    "close": 61.54,
    "volume": 7495807,
    "change": -0.21079942,
    "_rsi": 61.89094017,
    "_rsi1": 62.28873051,
    "_stock_k": 85.16938321,
    "_stock_d": 82.42896695,
    "_stock_k1": 85.26997242,
    "_stock_d1": 76.97629572,
    "_macd_blue": 1.49294648,
    "_macd_orange": 1.74495171,
    "_cci20": 101.69208999,
    "_cci201": 117.70244111,
    "_ema10": 59.21961101,
    "_ema20": 57.88529912,
    "_ema30": 56.68762974,
    "_ema50": 54.39036688,
    "_ema100": 49.42271739,
    "_ema200": 42.09661926,
    "_psar": 51.17935232,
    "_wr": -13.16998469,
    "_mom": 0.97,
    "_mom1": 2.73,
    "stock_diff": 2.74,
    "rsi_diff": -0.4
}
