{
    "open": 137.7,
    "low": 135.4,
    "high": 137.7,
    "close": 135.69,
    "volume": 789302,
    "change": -1.88010702,
    "_rsi": 59.78002481,
    "_rsi1": 65.2715338,
    "_stock_k": 80.62609807,
    "_stock_d": 89.19809359,
    "_stock_k1": 90.60510474,
    "_stock_d1": 94.78240093,
    "_macd_blue": 1.83698988,
    "_macd_orange": 3.33181935,
    "_cci20": 88.00272806,
    "_cci201": 137.41363848,
    "_ema10": 134.40534372,
    "_ema20": 131.05842668,
    "_ema30": 129.8666968,
    "_ema50": 129.93238867,
    "_ema100": 131.65170786,
    "_ema200": 130.98657529,
    "_psar": 134.18231141,
    "_wr": -30.23478678,
    "_mom": 10.06,
    "_mom1": 16.71,
    "stock_diff": -8.57,
    "rsi_diff": -5.49
}
