{
    "open": 126.3,
    "low": 125.31,
    "high": 127.77,
    "close": 127.74,
    "volume": 1125851,
    "change": 1.88227788,
    "_rsi": 60.57928962,
    "_rsi1": 56.48871428,
    "_stock_k": 83.19639117,
    "_stock_d": 83.99189736,
    "_stock_k1": 79.86930848,
    "_stock_d1": 87.02589938,
    "_macd_blue": 1.22551255,
    "_macd_orange": 1.89511859,
    "_cci20": 116.0471752,
    "_cci201": 103.05869478,
    "_ema10": 125.23030452,
    "_ema20": 123.42485836,
    "_ema30": 122.6498563,
    "_ema50": 122.26473659,
    "_ema100": 121.29086469,
    "_ema200": 116.65648182,
    "_psar": 123.75014873,
    "_wr": -8.26486225,
    "_mom": 5.55,
    "_mom1": 3.08,
    "stock_diff": -0.8,
    "rsi_diff": 4.09
}
