{
    "open": 225.73,
    "low": 223.93,
    "high": 226.5,
    "close": 223.93,
    "volume": 2695437,
    "change": -1.66864269,
    "_rsi": 54.20207789,
    "_rsi1": 59.68337159,
    "_stock_k": 89.38617304,
    "_stock_d": 93.81952955,
    "_stock_k1": 96.28049574,
    "_stock_d1": 93.98826617,
    "_macd_blue": -1.34733144,
    "_macd_orange": 0.36961444,
    "_cci20": 108.54680683,
    "_cci201": 163.74200338,
    "_ema10": 221.51118269,
    "_ema20": 220.34248754,
    "_ema30": 220.97002588,
    "_ema50": 223.13677046,
    "_ema100": 226.22725159,
    "_ema200": 224.08705038,
    "_psar": 212.49596801,
    "_wr": -22.35169492,
    "_mom": 8.05,
    "_mom1": 17.68,
    "stock_diff": -4.43,
    "rsi_diff": -5.48
}
