{
    "open": 50.14,
    "low": 50.06,
    "high": 51.94,
    "close": 51.45,
    "volume": 18018435,
    "change": 3.29251154,
    "_rsi": 67.48142434,
    "_rsi1": 63.37887375,
    "_stock_k": 90.1080172,
    "_stock_d": 86.32817346,
    "_stock_k1": 87.68869102,
    "_stock_d1": 81.87633558,
    "_macd_blue": 1.43252257,
    "_macd_orange": 1.67340192,
    "_cci20": 160.38234793,
    "_cci201": 119.02869806,
    "_ema10": 48.77352316,
    "_ema20": 47.45199056,
    "_ema30": 46.40615349,
    "_ema50": 44.83338475,
    "_ema100": 42.38834483,
    "_ema200": 39.24167179,
    "_psar": 44.26533077,
    "_wr": -5.48343778,
    "_mom": 3.74,
    "_mom1": 2.82,
    "stock_diff": 3.78,
    "rsi_diff": 4.1
}
