{
    "open": 2679.99,
    "low": 2646.09,
    "high": 2684,
    "close": 2650.965,
    "change": -0.10080493,
    "_rsi": 47.85622651,
    "_rsi1": 48.06245407,
    "_stock_k": 68.92456886,
    "_stock_d": 52.75817335,
    "_stock_k1": 53.56868828,
    "_stock_d1": 39.53730729,
    "_macd_blue": -31.13931673,
    "_macd_orange": -28.29744644,
    "_cci20": 4.90196097,
    "_cci201": -17.39035317,
    "_ema10": 2642.07821419,
    "_ema20": 2661.36372796,
    "_ema30": 2681.86253704,
    "_ema50": 2717.17588402,
    "_ema100": 2748.63716515,
    "_ema200": 2659.88074734,
    "_psar": 2521.556218,
    "_wrr": -34.86017376,
    "stock_diff": 16.17,
    "rsi_diff": -0.21
}
