{
    "open": 50.47,
    "low": 50.41,
    "high": 50.95,
    "close": 50.7,
    "volume": 1737727,
    "change": 0.87544767,
    "_rsi": 59.45630822,
    "_rsi1": 56.62063685,
    "_stock_k": 45.09591235,
    "_stock_d": 37.433224,
    "_stock_k1": 35.31386371,
    "_stock_d1": 31.75595212,
    "_macd_blue": 0.4455414,
    "_macd_orange": 0.41279522,
    "_cci20": 57.19323864,
    "_cci201": 17.97050222,
    "_ema10": 50.01000426,
    "_ema20": 49.72993719,
    "_ema30": 49.42838305,
    "_ema50": 48.83997326,
    "_ema100": 47.69194853,
    "_ema200": 46.90640047,
    "_psar": 51.75112985,
    "_wr": -40.24096386,
    "_mom": 0.22,
    "_mom1": -0.22,
    "stock_diff": 7.66,
    "rsi_diff": 2.84
}
