{
    "open": 140.98,
    "low": 139.1999,
    "high": 141.585,
    "close": 139.78,
    "volume": 12093218,
    "change": -1.99130557,
    "_rsi": 48.65863981,
    "_rsi1": 52.96715161,
    "_stock_k": 85.84198085,
    "_stock_d": 87.75819786,
    "_stock_k1": 92.00574468,
    "_stock_d1": 82.9970731,
    "_macd_blue": -3.72385028,
    "_macd_orange": -2.20754818,
    "_cci20": 50.67071811,
    "_cci201": 74.76393363,
    "_ema10": 138.31494938,
    "_ema20": 139.21189377,
    "_ema30": 141.28751393,
    "_ema50": 145.1079833,
    "_ema100": 150.58314566,
    "_ema200": 151.81218345,
    "_psar": 130.65228872,
    "_wr": -24.90996399,
    "_mom": 6.34,
    "_mom1": 14.32,
    "stock_diff": -1.92,
    "rsi_diff": -4.31
}
