{
    "open": 46.62,
    "low": 45.32,
    "high": 46.62,
    "close": 45.38,
    "volume": 880372,
    "change": -2.76408828,
    "_rsi": 42.06664198,
    "_rsi1": 46.19476174,
    "_stock_k": 68.28939649,
    "_stock_d": 70.64951709,
    "_stock_k1": 72.83284787,
    "_stock_d1": 72.95664912,
    "_macd_blue": -1.81126161,
    "_macd_orange": -1.33056082,
    "_cci20": 1.58925073,
    "_cci201": 60.2052023,
    "_ema10": 46.00263309,
    "_ema20": 46.7164174,
    "_ema30": 47.84826646,
    "_ema50": 49.75040505,
    "_ema100": 51.73751923,
    "_ema200": 50.96500881,
    "_psar": 44.18990572,
    "_wr": -39.6,
    "_mom": 0.29,
    "_mom1": 4.12,
    "stock_diff": -2.36,
    "rsi_diff": -4.13
}
