{
    "open": 100.61,
    "low": 100.29,
    "high": 102.27,
    "close": 102.27,
    "volume": 817769,
    "change": 1.83212188,
    "_rsi": 56.7242894,
    "_rsi1": 52.24696732,
    "_stock_k": 82.84714119,
    "_stock_d": 81.10892936,
    "_stock_k1": 79.54103462,
    "_stock_d1": 79.93978133,
    "_macd_blue": -0.68963494,
    "_macd_orange": -0.10171102,
    "_cci20": 135.38101723,
    "_cci201": 73.48402394,
    "_ema10": 99.8400424,
    "_ema20": 99.67542217,
    "_ema30": 99.85959993,
    "_ema50": 99.69111946,
    "_ema100": 98.44289033,
    "_ema200": 96.92497517,
    "_psar": 96.03307325,
    "_wr": 0,
    "_mom": 5.42,
    "_mom1": 4.35,
    "stock_diff": 1.74,
    "rsi_diff": 4.48
}
