{
    "open": 43.84,
    "low": 43.78,
    "high": 44.57,
    "close": 44.47,
    "volume": 4872416,
    "change": 1.76201373,
    "_rsi": 67.27210161,
    "_rsi1": 60.17467378,
    "_stock_k": 63.28884235,
    "_stock_d": 56.44491202,
    "_stock_k1": 53.8089949,
    "_stock_d1": 53.36904926,
    "_macd_blue": 0.50535063,
    "_macd_orange": 0.49856778,
    "_cci20": 133.29941548,
    "_cci201": 43.46401308,
    "_ema10": 43.68790957,
    "_ema20": 43.3369909,
    "_ema30": 42.97506061,
    "_ema50": 42.25597903,
    "_ema100": 40.61944192,
    "_ema200": 38.12504248,
    "_psar": 43.05,
    "_wr": -12.87319899,
    "_mom": 0.87,
    "_mom1": 0.15,
    "stock_diff": 6.84,
    "rsi_diff": 7.1
}
