{
    "open": 464.16,
    "low": 453.04,
    "high": 467.22,
    "close": 465.63,
    "volume": 1566650,
    "change": 0.90802705,
    "_rsi": 46.37431054,
    "_rsi1": 45.08714483,
    "_stock_k": 70.06961302,
    "_stock_d": 70.16159608,
    "_stock_k1": 67.26225424,
    "_stock_d1": 70.83299527,
    "_macd_blue": -17.38176263,
    "_macd_orange": -12.07179219,
    "_cci20": -0.09271865,
    "_cci201": 6.9658571,
    "_ema10": 464.15566177,
    "_ema20": 469.98185603,
    "_ema30": 481.22907916,
    "_ema50": 503.61773979,
    "_ema100": 531.79921084,
    "_ema200": 525.59602255,
    "_psar": 432.99495344,
    "_wr": -29.33565564,
    "_mom": 13.26,
    "_mom1": -3.3,
    "stock_diff": -0.09,
    "rsi_diff": 1.29
}
