{
    "open": 265.72,
    "low": 260.91,
    "high": 266.45,
    "close": 261.97,
    "volume": 1159936,
    "change": -1.09487673,
    "_rsi": 46.67317697,
    "_rsi1": 50.39450476,
    "_stock_k": 47.68518519,
    "_stock_d": 46.47052967,
    "_stock_k1": 47.78972521,
    "_stock_d1": 41.83094385,
    "_macd_blue": -0.63843081,
    "_macd_orange": -0.89797326,
    "_cci20": -33.79330237,
    "_cci201": -1.67936428,
    "_ema10": 263.28404984,
    "_ema20": 264.25463242,
    "_ema30": 264.33131919,
    "_ema50": 262.95208763,
    "_ema100": 258.92425079,
    "_ema200": 254.58863348,
    "_psar": 255.024656,
    "_wr": -65.05376344,
    "_mom": -2.87,
    "_mom1": -0.26,
    "stock_diff": 1.21,
    "rsi_diff": -3.72
}
