{
    "open": 60.74,
    "low": 60.04,
    "high": 61.435,
    "close": 61.29,
    "volume": 10109974,
    "change": 2.03096388,
    "_rsi": 43.619748,
    "_rsi1": 38.83228981,
    "_stock_k": 39.27839155,
    "_stock_d": 34.26252026,
    "_stock_k1": 32.71419372,
    "_stock_d1": 34.2494753,
    "_macd_blue": -1.76972469,
    "_macd_orange": -1.61943405,
    "_cci20": -55.0371761,
    "_cci201": -102.52044334,
    "_ema10": 61.21074064,
    "_ema20": 62.30750799,
    "_ema30": 63.47455523,
    "_ema50": 65.26273664,
    "_ema100": 67.22978836,
    "_ema200": 67.65660095,
    "_psar": 63.49009049,
    "_wr": -41.16106504,
    "_mom": -0.14,
    "_mom1": -1.98,
    "stock_diff": 5.02,
    "rsi_diff": 4.79
}
