{
    "open": 96.74,
    "low": 96.73,
    "high": 98.64,
    "close": 98.41,
    "volume": 128448,
    "change": 1.72627662,
    "_rsi": 61.53499815,
    "_rsi1": 56.89658895,
    "_stock_k": 91.62929876,
    "_stock_d": 92.29473622,
    "_stock_k1": 92.47115212,
    "_stock_d1": 88.62434884,
    "_macd_blue": -0.26874302,
    "_macd_orange": 0.47938586,
    "_cci20": 179.29231021,
    "_cci201": 150.538199,
    "_ema10": 95.82225389,
    "_ema20": 95.07073266,
    "_ema30": 95.14937595,
    "_ema50": 95.74360052,
    "_ema100": 95.87247704,
    "_ema200": 92.93446445,
    "_psar": 92.2323849,
    "_wr": -2.66821346,
    "_mom": 8.03,
    "_mom1": 4.17,
    "stock_diff": -0.67,
    "rsi_diff": 4.64
}
