{
    "open": 52.63,
    "low": 52.33,
    "high": 52.93,
    "close": 52.92,
    "volume": 728483,
    "change": 0.8,
    "_rsi": 60.01195161,
    "_rsi1": 57.99473821,
    "_stock_k": 72.23782286,
    "_stock_d": 73.0149442,
    "_stock_k1": 70.88144141,
    "_stock_d1": 73.58634345,
    "_macd_blue": 0.73374469,
    "_macd_orange": 0.80046532,
    "_cci20": 92.88998412,
    "_cci201": 104.69249365,
    "_ema10": 52.27751604,
    "_ema20": 51.66266311,
    "_ema30": 51.14779188,
    "_ema50": 50.33111782,
    "_ema100": 49.31426069,
    "_ema200": 48.8194058,
    "_psar": 50.55130231,
    "_wr": -25.67394095,
    "_mom": 2.58,
    "_mom1": 0.02,
    "stock_diff": -0.78,
    "rsi_diff": 2.02
}
