{
    "open": 76.99,
    "low": 76.62,
    "high": 77.58,
    "close": 76.87,
    "volume": 29331529,
    "change": 1.72025936,
    "_rsi": 62.76553781,
    "_rsi1": 59.86422054,
    "_stock_k": 58.79345603,
    "_stock_d": 51.79434063,
    "_stock_k1": 48.92900611,
    "_stock_d1": 45.24547851,
    "_macd_blue": 2.01268977,
    "_macd_orange": 1.8935435,
    "_cci20": 94.22098373,
    "_cci201": 60.67378838,
    "_ema10": 74.87773534,
    "_ema20": 73.59001493,
    "_ema30": 72.18487685,
    "_ema50": 69.57530841,
    "_ema100": 64.87526245,
    "_ema200": 59.39595293,
    "_psar": 77.99095129,
    "_wr": -34.25357873,
    "_mom": 1.7,
    "_mom1": -1.97,
    "stock_diff": 7.0,
    "rsi_diff": 2.9
}
