{
    "open": 80.62,
    "low": 80.21,
    "high": 82.49,
    "close": 82.14,
    "volume": 48032,
    "change": 4.26504189,
    "_rsi": 62.67002847,
    "_rsi1": 58.69544202,
    "_stock_k": 53.54403171,
    "_stock_d": 51.10638284,
    "_stock_k1": 46.84911778,
    "_stock_d1": 52.47307273,
    "_macd_blue": 5.0151762,
    "_macd_orange": 4.35468877,
    "_cci20": 74.24707459,
    "_cci201": 40.89432314,
    "_ema10": 79.04903682,
    "_ema20": 76.20755257,
    "_ema30": 72.97822517,
    "_ema50": 67.68879587,
    "_ema100": 60.06448517,
    "_ema200": 52.12635459,
    "_psar": 85.51762734,
    "_wr": -34.68685478,
    "_mom": 2.74,
    "_mom1": 4.2,
    "stock_diff": 2.44,
    "rsi_diff": 3.97
}
