{
    "open": 430.44,
    "low": 425.83,
    "high": 435.48,
    "close": 432.22,
    "volume": 1878464,
    "change": 0.16221728,
    "_rsi": 71.83687382,
    "_rsi1": 71.63234833,
    "_stock_k": 92.09283151,
    "_stock_d": 92.21057969,
    "_stock_k1": 91.6583529,
    "_stock_d1": 93.58827486,
    "_macd_blue": 9.11390952,
    "_macd_orange": 14.83334719,
    "_cci20": 145.59425592,
    "_cci201": 154.32320462,
    "_ema10": 412.02614775,
    "_ema20": 398.19358628,
    "_ema30": 391.07601739,
    "_ema50": 382.95136072,
    "_ema100": 372.71596313,
    "_ema200": 358.60612484,
    "_psar": 399.75897764,
    "_wr": -5.4877101,
    "_mom": 54.07,
    "_mom1": 62.66,
    "stock_diff": -0.12,
    "rsi_diff": 0.2
}
