{
    "open": 31.44,
    "low": 31.1,
    "high": 31.86,
    "close": 31.23,
    "volume": 1143736,
    "change": -1.20215122,
    "_rsi": 51.93133927,
    "_rsi1": 54.28360559,
    "_stock_k": 74.969997,
    "_stock_d": 74.78533539,
    "_stock_k1": 79.13148458,
    "_stock_d1": 69.93676792,
    "_macd_blue": -0.15318128,
    "_macd_orange": 0.03652663,
    "_cci20": 50.89614425,
    "_cci201": 72.58661975,
    "_ema10": 30.9968741,
    "_ema20": 30.85982912,
    "_ema30": 30.96178465,
    "_ema50": 31.48815646,
    "_ema100": 33.29189099,
    "_ema200": 35.28767021,
    "_psar": 29.53805349,
    "_wr": -29.04290429,
    "_mom": 0.29,
    "_mom1": 0.63,
    "stock_diff": 0.18,
    "rsi_diff": -2.35
}
