{
    "open": 25.71,
    "low": 25.71,
    "high": 26.55,
    "close": 26.51,
    "change": 0.49279757,
    "_rsi": 67.52441099,
    "_rsi1": 66.71451164,
    "_stock_k": 66.98412698,
    "_stock_d": 71.90803163,
    "_stock_k1": 70,
    "_stock_d1": 78.7475404,
    "_macd_blue": 0.84702789,
    "_macd_orange": 0.93496214,
    "_cci20": 83.40121278,
    "_cci201": 98.09248687,
    "_ema10": 25.92389257,
    "_ema20": 25.20228239,
    "_ema30": 24.59801518,
    "_ema50": 23.57671164,
    "_ema100": 21.67558967,
    "_ema200": 19.21052925,
    "_psar": 27.6286,
    "_wrr": -27.61904762,
    "stock_diff": -4.92,
    "rsi_diff": 0.81
}
