{
    "open": 57.96,
    "low": 57.96,
    "high": 58.85,
    "close": 58.655,
    "change": 1.33897719,
    "_rsi": 39.46438345,
    "_rsi1": 34.54254614,
    "_stock_k": 12.05337183,
    "_stock_d": 12.42845574,
    "_stock_k1": 5.60544596,
    "_stock_d1": 23.82015387,
    "_macd_blue": 0.07804386,
    "_macd_orange": -0.43241974,
    "_cci20": -154.49598653,
    "_cci201": -221.36303607,
    "_ema10": 60.04212719,
    "_ema20": 60.6207222,
    "_ema30": 60.65084516,
    "_ema50": 60.22727995,
    "_ema100": 58.94051616,
    "_ema200": 57.14657312,
    "_psar": 62.63078912,
    "_wrr": -79.07608696,
    "stock_diff": -0.38,
    "rsi_diff": 4.92
}
