{
    "open": 70.78,
    "low": 70.69,
    "high": 71.25,
    "close": 70.895,
    "change": 0.31838121,
    "_rsi": 62.14003303,
    "_rsi1": 61.21303631,
    "_stock_k": 77.96739422,
    "_stock_d": 79.54317246,
    "_stock_k1": 77.1635854,
    "_stock_d1": 84.26853427,
    "_macd_blue": 0.33225851,
    "_macd_orange": 0.78664423,
    "_cci20": 109.43004881,
    "_cci201": 104.67575492,
    "_ema10": 69.82133205,
    "_ema20": 68.99270889,
    "_ema30": 68.71793682,
    "_ema50": 68.53693615,
    "_ema100": 68.15033828,
    "_ema200": 67.17862521,
    "_psar": 69.14210839,
    "_wrr": -18.240277,
    "stock_diff": -1.58,
    "rsi_diff": 0.93
}
