{
    "open": 56.17,
    "low": 55.645,
    "high": 56.408,
    "close": 55.76,
    "volume": 2321505,
    "change": -0.87111111,
    "_rsi": 45.90414687,
    "_rsi1": 48.67490616,
    "_stock_k": 23.6907177,
    "_stock_d": 43.45892082,
    "_stock_k1": 44.57383353,
    "_stock_d1": 57.93825254,
    "_macd_blue": 0.1716119,
    "_macd_orange": 0.12972655,
    "_cci20": -38.04981744,
    "_cci201": 18.0466342,
    "_ema10": 56.55781132,
    "_ema20": 56.44862455,
    "_ema30": 56.41519435,
    "_ema50": 56.46846254,
    "_ema100": 56.11456447,
    "_ema200": 54.00904518,
    "_psar": 58.45877049,
    "_wr": -95.71865443,
    "_mom": -1.51,
    "_mom1": -0.33,
    "stock_diff": -19.77,
    "rsi_diff": -2.77
}
