{
    "open": 180.34,
    "low": 179.63,
    "high": 184.33,
    "close": 184.21,
    "volume": 4168804,
    "change": 2.8646415,
    "_rsi": 62.61174189,
    "_rsi1": 57.14269323,
    "_stock_k": 92.83889954,
    "_stock_d": 94.03351721,
    "_stock_k1": 91.69284087,
    "_stock_d1": 95.81618906,
    "_macd_blue": 0.8860372,
    "_macd_orange": 2.52300767,
    "_cci20": 146.28980102,
    "_cci201": 138.05343541,
    "_ema10": 178.17279118,
    "_ema20": 175.36452144,
    "_ema30": 174.75503692,
    "_ema50": 175.879328,
    "_ema100": 179.69072083,
    "_ema200": 181.00850225,
    "_psar": 174.34832272,
    "_wr": -0.54694622,
    "_mom": 11.46,
    "_mom1": 6.62,
    "stock_diff": -1.19,
    "rsi_diff": 5.47
}
