{
    "open": 24.28,
    "low": 23.99,
    "high": 24.4,
    "close": 24.02,
    "volume": 3201473,
    "change": -1.59770586,
    "_rsi": 51.90392178,
    "_rsi1": 56.7264184,
    "_stock_k": 73.78783235,
    "_stock_d": 76.49498104,
    "_stock_k1": 80.73120444,
    "_stock_d1": 76.32695229,
    "_macd_blue": -0.02608974,
    "_macd_orange": 0.04780855,
    "_cci20": 106.86704788,
    "_cci201": 192.9061812,
    "_ema10": 23.9321226,
    "_ema20": 23.86006322,
    "_ema30": 23.85934662,
    "_ema50": 23.84320547,
    "_ema100": 23.54435761,
    "_ema200": 22.47704649,
    "_psar": 23.15919721,
    "_wr": -38.81118881,
    "_mom": 0.09,
    "_mom1": 0.73,
    "stock_diff": -2.71,
    "rsi_diff": -4.82
}
