{
    "open": 75.72,
    "low": 74.985,
    "high": 77,
    "close": 76.87,
    "volume": 2452253,
    "change": 1.86853962,
    "_rsi": 53.07392335,
    "_rsi1": 50.56470239,
    "_stock_k": 91.7791411,
    "_stock_d": 90.34979223,
    "_stock_k1": 90.33651977,
    "_stock_d1": 86.1038902,
    "_macd_blue": -1.76006107,
    "_macd_orange": -0.7248168,
    "_cci20": 56.77068891,
    "_cci201": 45.55134765,
    "_ema10": 74.64887035,
    "_ema20": 74.72573616,
    "_ema30": 75.51751901,
    "_ema50": 76.724572,
    "_ema100": 78.41638331,
    "_ema200": 79.50203738,
    "_psar": 68.84728165,
    "_wr": -5.39877301,
    "_mom": 7.35,
    "_mom1": 7.4,
    "stock_diff": 1.43,
    "rsi_diff": 2.51
}
