{
    "open": 746.84,
    "low": 729.67,
    "high": 746.84,
    "close": 736.46,
    "volume": 761302,
    "change": -1.39381686,
    "_rsi": 49.42399837,
    "_rsi1": 52.50726741,
    "_stock_k": 86.48424154,
    "_stock_d": 85.58558517,
    "_stock_k1": 86.20826566,
    "_stock_d1": 84.45166336,
    "_macd_blue": -18.97810519,
    "_macd_orange": -10.02395448,
    "_cci20": 63.78475678,
    "_cci201": 85.38204935,
    "_ema10": 728.09012544,
    "_ema20": 730.49380148,
    "_ema30": 742.27070099,
    "_ema50": 768.70597187,
    "_ema100": 810.95275121,
    "_ema200": 825.15123223,
    "_psar": 678.65901846,
    "_wr": -14.23433549,
    "_mom": 43.21,
    "_mom1": 84,
    "stock_diff": 0.9,
    "rsi_diff": -3.08
}
