{
    "open": 118.11,
    "low": 118.11,
    "high": 120.91,
    "close": 120.86,
    "volume": 1571192,
    "change": 1.42665324,
    "_rsi": 64.73849654,
    "_rsi1": 62.40490853,
    "_stock_k": 91.73005271,
    "_stock_d": 90.35327401,
    "_stock_k1": 89.44987333,
    "_stock_d1": 91.51702942,
    "_macd_blue": 0.47235003,
    "_macd_orange": 1.90160743,
    "_cci20": 133.08036397,
    "_cci201": 136.45621507,
    "_ema10": 115.98214241,
    "_ema20": 113.87632704,
    "_ema30": 113.22232916,
    "_ema50": 112.57475933,
    "_ema100": 111.01558217,
    "_ema200": 106.86774917,
    "_psar": 112.84870521,
    "_wr": -0.2712968,
    "_mom": 14.81,
    "_mom1": 13.01,
    "stock_diff": 1.38,
    "rsi_diff": 2.33
}
