{
    "open": 42.065,
    "low": 40.84,
    "high": 42.07,
    "close": 41.55,
    "volume": 14381681,
    "change": -3.14685315,
    "_rsi": 54.43645497,
    "_rsi1": 59.24018027,
    "_stock_k": 61.94444444,
    "_stock_d": 66.80555556,
    "_stock_k1": 65.45138889,
    "_stock_d1": 71.67316741,
    "_macd_blue": 1.01884372,
    "_macd_orange": 1.18332792,
    "_cci20": 42.99070813,
    "_cci201": 113.77159782,
    "_ema10": 41.65418819,
    "_ema20": 40.74186545,
    "_ema30": 39.93930727,
    "_ema50": 38.46554846,
    "_ema100": 35.94529731,
    "_ema200": 33.13960136,
    "_psar": 38.23059507,
    "_wr": -49.16666667,
    "_mom": 2.31,
    "_mom1": 3.45,
    "stock_diff": -4.86,
    "rsi_diff": -4.8
}
