{
    "open": 43.62,
    "low": 43.05,
    "high": 44.01,
    "close": 43.7,
    "volume": 7221384,
    "change": 0.16044006,
    "_rsi": 60.17467378,
    "_rsi1": 59.43201567,
    "_stock_k": 53.8089949,
    "_stock_d": 53.36904926,
    "_stock_k1": 52.23689881,
    "_stock_d1": 53.87677357,
    "_macd_blue": 0.50704634,
    "_macd_orange": 0.45179997,
    "_cci20": 43.46401308,
    "_cci201": 54.31046752,
    "_ema10": 43.5141117,
    "_ema20": 43.21772678,
    "_ema30": 42.87196134,
    "_ema50": 42.16561082,
    "_ema100": 40.54165287,
    "_ema200": 38.06127407,
    "_psar": 43.0096,
    "_wr": -47.03196347,
    "_mom": 0.15,
    "_mom1": 0.14,
    "stock_diff": 0.44,
    "rsi_diff": 0.74
}
