{
    "open": 169,
    "low": 167.198,
    "high": 171.99,
    "close": 171.98,
    "volume": 1795794,
    "change": 2.58276171,
    "_rsi": 56.03826381,
    "_rsi1": 51.32219929,
    "_stock_k": 87.67507003,
    "_stock_d": 87.4639711,
    "_stock_k1": 85.20277676,
    "_stock_d1": 88.71237254,
    "_macd_blue": 0.29910391,
    "_macd_orange": 1.14337408,
    "_cci20": 65.47597922,
    "_cci201": 44.56006545,
    "_ema10": 168.5542546,
    "_ema20": 167.36557475,
    "_ema30": 166.80337277,
    "_ema50": 165.54610564,
    "_ema100": 161.81595097,
    "_ema200": 154.6457346,
    "_psar": 157.04287203,
    "_wr": -5.33430764,
    "_mom": 9.42,
    "_mom1": 8.18,
    "stock_diff": 0.21,
    "rsi_diff": 4.72
}
