{
    "open": 106.68,
    "low": 105.92,
    "high": 107.51,
    "close": 106.83,
    "volume": 2617382,
    "change": 0.60269329,
    "_rsi": 61.57533886,
    "_rsi1": 59.33140423,
    "_stock_k": 80.49906938,
    "_stock_d": 78.67561063,
    "_stock_k1": 76.18856004,
    "_stock_d1": 78.48910996,
    "_macd_blue": 1.06836036,
    "_macd_orange": 1.22376471,
    "_cci20": 66.7539671,
    "_cci201": 52.44187457,
    "_ema10": 105.8430505,
    "_ema20": 104.8133974,
    "_ema30": 104.18189822,
    "_ema50": 103.53826801,
    "_ema100": 102.82868621,
    "_ema200": 101.4736601,
    "_psar": 107.6432,
    "_wr": -16.41509434,
    "_mom": 1.5,
    "_mom1": 0.72,
    "stock_diff": 1.82,
    "rsi_diff": 2.24
}
