{
    "open": 117.38,
    "low": 116.61,
    "high": 117.88,
    "close": 117.82,
    "volume": 4505454,
    "change": 0.7697571,
    "_rsi": 44.49173881,
    "_rsi1": 42.42547164,
    "_stock_k": 54.21612668,
    "_stock_d": 70.88427971,
    "_stock_k1": 68.46639613,
    "_stock_d1": 83.07624437,
    "_macd_blue": -1.43156584,
    "_macd_orange": -1.03842333,
    "_cci20": -62.50609201,
    "_cci201": -29.83929107,
    "_ema10": 119.20819483,
    "_ema20": 119.70726143,
    "_ema30": 120.70149356,
    "_ema50": 122.57340575,
    "_ema100": 124.40528326,
    "_ema200": 123.2348263,
    "_psar": 115.09783267,
    "_wr": -57.24919164,
    "_mom": 0.82,
    "_mom1": -1.47,
    "stock_diff": -16.67,
    "rsi_diff": 2.07
}
