{
    "open": 63.4,
    "low": 63.0201,
    "high": 63.84,
    "close": 63.3,
    "volume": 2936341,
    "change": -0.39339103,
    "_rsi": 61.50129197,
    "_rsi1": 62.78151838,
    "_stock_k": 87.29940117,
    "_stock_d": 89.53579008,
    "_stock_k1": 88.39111776,
    "_stock_d1": 86.99707646,
    "_macd_blue": 0.43644686,
    "_macd_orange": 0.88551595,
    "_cci20": 136.54292504,
    "_cci201": 179.73455427,
    "_ema10": 61.85470125,
    "_ema20": 61.00009147,
    "_ema30": 60.56680036,
    "_ema50": 59.97127807,
    "_ema100": 59.42917911,
    "_ema200": 59.18518719,
    "_psar": 59.35674947,
    "_wr": -17.80028944,
    "_mom": 3.5,
    "_mom1": 5.71,
    "stock_diff": -2.24,
    "rsi_diff": -1.28
}
