{
    "open": 134.18,
    "low": 133.58,
    "high": 135.41,
    "close": 134.93,
    "volume": 1117748,
    "change": 0.51400477,
    "_rsi": 51.63835102,
    "_rsi1": 50.51761359,
    "_stock_k": 82.68704161,
    "_stock_d": 85.25779658,
    "_stock_k1": 84.3938114,
    "_stock_d1": 85.85442156,
    "_macd_blue": -2.0729886,
    "_macd_orange": -0.82536368,
    "_cci20": 69.73457881,
    "_cci201": 76.41743064,
    "_ema10": 133.2929385,
    "_ema20": 133.2984255,
    "_ema30": 134.30824027,
    "_ema50": 135.97565556,
    "_ema100": 140.60674199,
    "_ema200": 151.37344995,
    "_psar": 125.21647672,
    "_wr": -19.85982651,
    "_mom": 7.81,
    "_mom1": 6.14,
    "stock_diff": -2.57,
    "rsi_diff": 1.12
}
