{
    "open": 65.79,
    "low": 65.4,
    "high": 66.28,
    "close": 66.24,
    "volume": 2857053,
    "change": 1.00640439,
    "_rsi": 54.45725243,
    "_rsi1": 52.15764525,
    "_stock_k": 82.5856247,
    "_stock_d": 81.15452645,
    "_stock_k1": 79.69126869,
    "_stock_d1": 83.76079601,
    "_macd_blue": -1.10304013,
    "_macd_orange": -0.35858399,
    "_cci20": 101.26296867,
    "_cci201": 83.47751557,
    "_ema10": 64.82080589,
    "_ema20": 64.6452547,
    "_ema30": 65.36171557,
    "_ema50": 67.18507522,
    "_ema100": 69.67365464,
    "_ema200": 68.93957307,
    "_psar": 62.23404295,
    "_wr": -7.09117221,
    "_mom": 5.76,
    "_mom1": 4.12,
    "stock_diff": 1.43,
    "rsi_diff": 2.3
}
