{
    "open": 2629.25,
    "low": 2628.02,
    "high": 2670.77,
    "close": 2653.64,
    "change": -0.88446656,
    "_rsi": 48.06245407,
    "_rsi1": 49.82747715,
    "_stock_k": 53.56868828,
    "_stock_d": 39.53730729,
    "_stock_k1": 35.78126291,
    "_stock_d1": 36.61951902,
    "_macd_blue": -31.12370781,
    "_macd_orange": -31.8497843,
    "_cci20": -17.39035317,
    "_cci201": -21.97681193,
    "_ema10": 2640.1033729,
    "_ema20": 2662.4583309,
    "_ema30": 2683.99340166,
    "_ema50": 2719.87836908,
    "_ema100": 2750.61034021,
    "_ema200": 2659.97035284,
    "_psar": 2517.215,
    "stock_diff": 14.03,
    "rsi_diff": -1.77
}
