{
    "open": 82.9,
    "low": 82.4812,
    "high": 84.18,
    "close": 83.99,
    "volume": 1252170,
    "change": 1.74439733,
    "_rsi": 56.87872944,
    "_rsi1": 53.46711205,
    "_stock_k": 84.33767644,
    "_stock_d": 85.48678972,
    "_stock_k1": 83.79478827,
    "_stock_d1": 87.36880203,
    "_macd_blue": 0.51519223,
    "_macd_orange": 0.88312421,
    "_cci20": 55.47996262,
    "_cci201": 45.95974468,
    "_ema10": 82.6435652,
    "_ema20": 81.87049756,
    "_ema30": 81.30495609,
    "_ema50": 80.05829592,
    "_ema100": 77.81777655,
    "_ema200": 75.60391105,
    "_psar": 78.08522953,
    "_wr": -12.13355049,
    "_mom": 7.05,
    "_mom1": 5.66,
    "stock_diff": -1.15,
    "rsi_diff": 3.41
}
