{
    "open": 90.61,
    "low": 89.89,
    "high": 91.51,
    "close": 90.93,
    "volume": 6158665,
    "change": 1.31476323,
    "_rsi": 59.80754222,
    "_rsi1": 57.91270859,
    "_stock_k": 88.8949374,
    "_stock_d": 90.41146051,
    "_stock_k1": 89.01619989,
    "_stock_d1": 92.3421845,
    "_macd_blue": -0.0017632,
    "_macd_orange": 1.32775491,
    "_cci20": 107.1595385,
    "_cci201": 118.87069639,
    "_ema10": 88.05750066,
    "_ema20": 86.39385654,
    "_ema30": 86.12442669,
    "_ema50": 85.96129215,
    "_ema100": 84.30040401,
    "_ema200": 79.24859871,
    "_psar": 84.29046416,
    "_wr": -11.26837235,
    "_mom": 11.28,
    "_mom1": 10.36,
    "stock_diff": -1.52,
    "rsi_diff": 1.89
}
