{
    "open": 227.02,
    "low": 224.01,
    "high": 227.25,
    "close": 224.52,
    "volume": 576235,
    "change": -1.4052345,
    "_rsi": 53.05547095,
    "_rsi1": 59.04979423,
    "_stock_k": 90.2530178,
    "_stock_d": 91.0582325,
    "_stock_k1": 94.94895953,
    "_stock_d1": 89.41768939,
    "_macd_blue": -2.33005883,
    "_macd_orange": -0.36514775,
    "_cci20": 115.3632038,
    "_cci201": 160.08262888,
    "_ema10": 222.71191438,
    "_ema20": 221.88984304,
    "_ema30": 223.19434982,
    "_ema50": 225.90346347,
    "_ema100": 227.87409583,
    "_ema200": 226.0774002,
    "_psar": 217.39697101,
    "_wr": -18.39207048,
    "_mom": 9.8,
    "_mom1": 13.08,
    "stock_diff": -0.81,
    "rsi_diff": -5.99
}
