{
    "open": 18.71,
    "low": 18.235,
    "high": 18.895,
    "close": 18.3,
    "volume": 27830718,
    "change": -3.32805071,
    "_rsi": 45.30327028,
    "_rsi1": 48.79153813,
    "_stock_k": 80.20126666,
    "_stock_d": 82.42047224,
    "_stock_k1": 85.45396448,
    "_stock_d1": 81.11318787,
    "_macd_blue": -0.65712033,
    "_macd_orange": -0.45002155,
    "_cci20": 3.85571088,
    "_cci201": 19.526783,
    "_ema10": 18.5742525,
    "_ema20": 18.81860176,
    "_ema30": 19.16594599,
    "_ema50": 19.66410927,
    "_ema100": 20.52268479,
    "_ema200": 21.60145804,
    "_psar": 16.49418822,
    "_wr": -26.95652174,
    "_mom": 1.03,
    "_mom1": 3.05,
    "stock_diff": -2.22,
    "rsi_diff": -3.49
}
