{
    "open": 225.01,
    "low": 224.3335,
    "high": 227.19,
    "close": 227.12,
    "volume": 2375108,
    "change": 1.42455232,
    "_rsi": 57.71305356,
    "_rsi1": 54.20207789,
    "_stock_k": 89.98940678,
    "_stock_d": 91.88535852,
    "_stock_k1": 89.38617304,
    "_stock_d1": 93.81952955,
    "_macd_blue": -0.91165318,
    "_macd_orange": 0.83105983,
    "_cci20": 117.65440685,
    "_cci201": 108.54680683,
    "_ema10": 222.53096766,
    "_ema20": 220.98796492,
    "_ema30": 221.3667984,
    "_ema50": 223.29297554,
    "_ema100": 226.24492978,
    "_ema200": 224.11722899,
    "_psar": 213.74829057,
    "_wr": -5.45550847,
    "_mom": 12.21,
    "_mom1": 8.05,
    "stock_diff": -1.9,
    "rsi_diff": 3.51
}
