{
    "open": 68.8,
    "low": 68.38,
    "high": 69.24,
    "close": 68.79,
    "volume": 3724037,
    "change": -0.04359198,
    "_rsi": 58.46576827,
    "_rsi1": 58.68348068,
    "_stock_k": 82.77298201,
    "_stock_d": 82.00710495,
    "_stock_k1": 81.85040747,
    "_stock_d1": 81.15274263,
    "_macd_blue": 0.50746404,
    "_macd_orange": 0.66740074,
    "_cci20": 64.31416932,
    "_cci201": 64.19133324,
    "_ema10": 68.35799009,
    "_ema20": 67.75547408,
    "_ema30": 67.4437727,
    "_ema50": 67.06751979,
    "_ema100": 66.29208701,
    "_ema200": 65.04359048,
    "_psar": 67.70414264,
    "_wr": -21.37020742,
    "_mom": 1.67,
    "_mom1": 1,
    "stock_diff": 0.77,
    "rsi_diff": -0.22
}
