{
    "open": 25.71,
    "low": 25.71,
    "high": 26.55,
    "close": 26.45,
    "volume": 11413,
    "change": 0.26535254,
    "_rsi": 67.15556436,
    "_rsi1": 66.71451164,
    "_stock_k": 66.50793651,
    "_stock_d": 71.74930147,
    "_stock_k1": 70,
    "_stock_d1": 78.7475404,
    "_macd_blue": 0.84607062,
    "_macd_orange": 0.93017582,
    "_cci20": 82.2035722,
    "_cci201": 98.09248687,
    "_ema10": 25.91298348,
    "_ema20": 25.19656811,
    "_ema30": 24.59414422,
    "_ema50": 23.5743587,
    "_ema100": 21.67440156,
    "_ema200": 19.20993223,
    "_psar": 27.6286,
    "_wr": -29.04761905,
    "stock_diff": -5.24,
    "rsi_diff": 0.44
}
