{
    "open": 25.71,
    "low": 25.71,
    "high": 26.55,
    "close": 26.4,
    "change": 0.07581501,
    "_rsi": 66.84173079,
    "_rsi1": 66.71451164,
    "_stock_k": 66.11111111,
    "_stock_d": 71.61702634,
    "_stock_k1": 70,
    "_stock_d1": 78.7475404,
    "_macd_blue": 0.8452729,
    "_macd_orange": 0.92618721,
    "_cci20": 81.20348485,
    "_cci201": 98.09248687,
    "_ema10": 25.90389257,
    "_ema20": 25.1918062,
    "_ema30": 24.59091841,
    "_ema50": 23.57239791,
    "_ema100": 21.67341146,
    "_ema200": 19.20943472,
    "_psar": 27.6286,
    "_wrr": -30.23809524,
    "stock_diff": -5.51,
    "rsi_diff": 0.13
}
