{
    "open": 115.76,
    "low": 115.61,
    "high": 117.43,
    "close": 116.01,
    "volume": 711394,
    "change": 0.45025543,
    "_rsi": 53.79748143,
    "_rsi1": 52.46596248,
    "_stock_k": 75.59842801,
    "_stock_d": 67.28688117,
    "_stock_k1": 71.63272597,
    "_stock_d1": 55.59282377,
    "_macd_blue": -0.11124089,
    "_macd_orange": -0.04876987,
    "_cci20": 64.9402813,
    "_cci201": 35.40164389,
    "_ema10": 114.66839595,
    "_ema20": 114.74678482,
    "_ema30": 114.64138995,
    "_ema50": 113.90277194,
    "_ema100": 111.3846441,
    "_ema200": 105.67347123,
    "_psar": 110.420144,
    "_wr": -18.22079314,
    "_mom": 2.11,
    "_mom1": 1.11,
    "stock_diff": 8.31,
    "rsi_diff": 1.33
}
