{
    "open": 119.05,
    "low": 118.84,
    "high": 120.35,
    "close": 120.32,
    "volume": 747571,
    "change": 0.78740157,
    "_rsi": 63.68749051,
    "_rsi1": 61.78811753,
    "_stock_k": 93.67096927,
    "_stock_d": 87.47593117,
    "_stock_k1": 87.69215829,
    "_stock_d1": 81.45175075,
    "_macd_blue": 0.18011354,
    "_macd_orange": 0.78007982,
    "_cci20": 192.24426366,
    "_cci201": 167.16707712,
    "_ema10": 116.59909891,
    "_ema20": 115.80023076,
    "_ema30": 115.38908394,
    "_ema50": 114.44866421,
    "_ema100": 111.8108585,
    "_ema200": 106.05816962,
    "_psar": 111.51836859,
    "_wr": -0.28436019,
    "_mom": 3.8,
    "_mom1": 2.49,
    "stock_diff": 6.2,
    "rsi_diff": 1.9
}
