{
    "open": 467.04,
    "low": 461.93,
    "high": 470.37,
    "close": 462.17,
    "volume": 1092289,
    "change": -1.98710608,
    "_rsi": 49.75900193,
    "_rsi1": 55.75105575,
    "_stock_k": 53.22868033,
    "_stock_d": 71.08121279,
    "_stock_k1": 73.16067783,
    "_stock_d1": 83.41398549,
    "_macd_blue": 5.38507911,
    "_macd_orange": 5.24847594,
    "_cci20": 9.55422567,
    "_cci201": 83.23376564,
    "_ema10": 468.87597953,
    "_ema20": 464.98479514,
    "_ema30": 461.61246831,
    "_ema50": 455.84950236,
    "_ema100": 442.16947374,
    "_ema200": 417.83766164,
    "_psar": 485.8017,
    "_wr": -69.52197154,
    "_mom": -3.2,
    "_mom1": 15.47,
    "stock_diff": -17.85,
    "rsi_diff": -5.99
}
