{
    "open": 272.16,
    "low": 270.46,
    "high": 275,
    "close": 275,
    "volume": 422072,
    "change": 1.6861411,
    "_rsi": 52.26145761,
    "_rsi1": 48.17744019,
    "_stock_k": 70.63588497,
    "_stock_d": 71.10262493,
    "_stock_k1": 68.21732338,
    "_stock_d1": 71.16048526,
    "_macd_blue": -4.37681571,
    "_macd_orange": -1.95679598,
    "_cci20": 91.34222865,
    "_cci201": 59.3052328,
    "_ema10": 270.65807422,
    "_ema20": 270.53373973,
    "_ema30": 273.73165317,
    "_ema50": 282.34638595,
    "_ema100": 295.21683541,
    "_ema200": 296.02290957,
    "_psar": 253.752088,
    "_wr": -23.10362784,
    "_mom": 12.45,
    "_mom1": -0.6,
    "stock_diff": -0.47,
    "rsi_diff": 4.08
}
