{
    "open": 75.75,
    "low": 75.585,
    "high": 77.25,
    "close": 77.15,
    "volume": 7091300,
    "change": 3.05904355,
    "_rsi": 53.00020573,
    "_rsi1": 46.83445874,
    "_stock_k": 35.59009558,
    "_stock_d": 40.75691837,
    "_stock_k1": 34.12727049,
    "_stock_d1": 52.67198124,
    "_macd_blue": 0.51196339,
    "_macd_orange": 0.25679722,
    "_cci20": 21.84228746,
    "_cci201": -108.02302546,
    "_ema10": 76.32067698,
    "_ema20": 76.33272052,
    "_ema30": 75.87394575,
    "_ema50": 74.36980306,
    "_ema100": 70.79627974,
    "_ema200": 65.53745112,
    "_psar": 79.662502,
    "_wr": -41.15470022,
    "_mom": -0.22,
    "_mom1": -2.13,
    "stock_diff": -5.17,
    "rsi_diff": 6.17
}
