{
    "open": 27.67,
    "low": 27.57,
    "high": 28.05,
    "close": 27.83,
    "volume": 2526986,
    "change": 0.83333333,
    "_rsi": 44.6981557,
    "_rsi1": 42.88317044,
    "_stock_k": 44.35483871,
    "_stock_d": 41.26525895,
    "_stock_k1": 41.65186224,
    "_stock_d1": 40.36115007,
    "_macd_blue": -0.84932696,
    "_macd_orange": -0.6949983,
    "_cci20": -19.11493899,
    "_cci201": -59.63228739,
    "_ema10": 27.73446379,
    "_ema20": 28.15728145,
    "_ema30": 28.70744024,
    "_ema50": 29.64350506,
    "_ema100": 30.77724982,
    "_ema200": 30.86989955,
    "_psar": 26.76681716,
    "_wr": -44.35483871,
    "_mom": 0.57,
    "_mom1": 0.37,
    "stock_diff": 3.09,
    "rsi_diff": 1.81
}
