{
    "open": 214.99,
    "low": 214,
    "high": 217.66,
    "close": 217.31,
    "volume": 5486991,
    "change": 1.22507919,
    "_rsi": 55.71013313,
    "_rsi1": 53.14345718,
    "_stock_k": 91.64133739,
    "_stock_d": 93.25442059,
    "_stock_k1": 91.66046919,
    "_stock_d1": 93.42593791,
    "_macd_blue": -1.95383856,
    "_macd_orange": 0.22362777,
    "_cci20": 76.99303202,
    "_cci201": 72.08543048,
    "_ema10": 212.99076857,
    "_ema20": 211.81636333,
    "_ema30": 212.42594921,
    "_ema50": 213.53532397,
    "_ema100": 215.57932846,
    "_ema200": 217.39838129,
    "_psar": 193.62772335,
    "_wr": -6.86930091,
    "_mom": 19.34,
    "_mom1": 14.92,
    "stock_diff": -1.61,
    "rsi_diff": 2.57
}
