{
    "open": 93.95,
    "low": 92.8,
    "high": 94.26,
    "close": 93.92,
    "volume": 171372,
    "change": -0.22309572,
    "_rsi": 49.1713858,
    "_rsi1": 49.8745805,
    "_stock_k": 64.78844381,
    "_stock_d": 53.89055909,
    "_stock_k1": 53.12001993,
    "_stock_d1": 39.44757545,
    "_macd_blue": -1.05606783,
    "_macd_orange": -0.76949978,
    "_cci20": 26.34197434,
    "_cci201": 111.28493951,
    "_ema10": 93.27827823,
    "_ema20": 93.68891179,
    "_ema30": 94.35127682,
    "_ema50": 95.43447788,
    "_ema100": 95.74128817,
    "_ema200": 92.72038268,
    "_psar": 90.2924,
    "_wr": -42.73127753,
    "_mom": 0.72,
    "_mom1": 0.26,
    "stock_diff": 10.9,
    "rsi_diff": -0.7
}
