{
    "open": 148.45,
    "low": 146.16,
    "high": 148.6499,
    "close": 146.43,
    "volume": 1089861,
    "change": -2.0141863,
    "_rsi": 51.59406515,
    "_rsi1": 56.64614776,
    "_stock_k": 87.5175759,
    "_stock_d": 90.02299919,
    "_stock_k1": 91.38769542,
    "_stock_d1": 91.56329797,
    "_macd_blue": -3.07228527,
    "_macd_orange": -1.1003874,
    "_cci20": 103.14935696,
    "_cci201": 146.62379273,
    "_ema10": 144.4744757,
    "_ema20": 144.06119897,
    "_ema30": 146.2580164,
    "_ema50": 153.12050921,
    "_ema100": 167.38838214,
    "_ema200": 176.63141689,
    "_psar": 136.6840063,
    "_wr": -19.95206711,
    "_mom": 7.55,
    "_mom1": 14.56,
    "stock_diff": -2.51,
    "rsi_diff": -5.05
}
