{
    "open": 120.55,
    "low": 119.94,
    "high": 121.1,
    "close": 120.09,
    "volume": 2818230,
    "change": -0.4311417,
    "_rsi": 34.607184,
    "_rsi1": 35.62752972,
    "_stock_k": 29.66614227,
    "_stock_d": 30.16959891,
    "_stock_k1": 30.4520655,
    "_stock_d1": 29.51495983,
    "_macd_blue": -3.36826981,
    "_macd_orange": -3.17093324,
    "_cci20": -65.11595625,
    "_cci201": -53.5685804,
    "_ema10": 121.49370614,
    "_ema20": 123.74147064,
    "_ema30": 125.8781879,
    "_ema50": 128.85237569,
    "_ema100": 131.94323622,
    "_ema200": 133.70469647,
    "_psar": 117.662176,
    "_wr": -76.46559048,
    "_mom": 0.3,
    "_mom1": -2.95,
    "stock_diff": -0.5,
    "rsi_diff": -1.02
}
