{
    "open": 355,
    "low": 352.01,
    "high": 361.17,
    "close": 354.43,
    "volume": 795814,
    "change": -0.54158716,
    "_rsi": 64.93955551,
    "_rsi1": 66.36694542,
    "_stock_k": 94.63724227,
    "_stock_d": 95.57533838,
    "_stock_k1": 96.06926065,
    "_stock_d1": 95.65314012,
    "_macd_blue": 4.39641835,
    "_macd_orange": 8.64320032,
    "_cci20": 157.14756505,
    "_cci201": 178.45863468,
    "_ema10": 340.86638042,
    "_ema20": 332.2446493,
    "_ema30": 328.84521938,
    "_ema50": 327.99932056,
    "_ema100": 331.31041897,
    "_ema200": 325.84392541,
    "_psar": 331.61483896,
    "_wr": -10.2634384,
    "_mom": 38.64,
    "_mom1": 45.68,
    "stock_diff": -0.94,
    "rsi_diff": -1.43
}
