{
    "open": 64.27,
    "low": 64.23,
    "high": 65.54,
    "close": 65.53,
    "volume": 1921016,
    "change": 1.61265312,
    "_rsi": 65.29732582,
    "_rsi1": 61.62257633,
    "_stock_k": 92.1081784,
    "_stock_d": 90.73642399,
    "_stock_k1": 90.18612521,
    "_stock_d1": 91.69494911,
    "_macd_blue": 0.17979537,
    "_macd_orange": 0.71395802,
    "_cci20": 146.87308787,
    "_cci201": 140.47847225,
    "_ema10": 63.43071108,
    "_ema20": 62.65308316,
    "_ema30": 62.3721561,
    "_ema50": 61.84738038,
    "_ema100": 60.32630502,
    "_ema200": 57.6213522,
    "_psar": 62.61336164,
    "_wr": -0.15600624,
    "_mom": 5.57,
    "_mom1": 4.53,
    "stock_diff": 1.37,
    "rsi_diff": 3.67
}
