{
    "open": 95.16,
    "low": 94.86,
    "high": 96.92,
    "close": 95.52,
    "volume": 3968302,
    "change": 2.06218613,
    "_rsi": 63.00048238,
    "_rsi1": 60.49765546,
    "_stock_k": 91.25981342,
    "_stock_d": 86.04145342,
    "_stock_k1": 86.98875639,
    "_stock_d1": 75.91102488,
    "_macd_blue": 1.37465375,
    "_macd_orange": 2.12809454,
    "_cci20": 164.73005537,
    "_cci201": 139.53882479,
    "_ema10": 90.91630979,
    "_ema20": 89.04331256,
    "_ema30": 87.81633305,
    "_ema50": 85.67776545,
    "_ema100": 81.76864434,
    "_ema200": 77.34492544,
    "_psar": 85.98057287,
    "_wr": -10.02147459,
    "_mom": 8.38,
    "_mom1": 3.05,
    "stock_diff": 5.22,
    "rsi_diff": 2.5
}
