{
    "open": 53.01,
    "low": 52.94,
    "high": 53.985,
    "close": 53.96,
    "volume": 727552,
    "change": 1.96523054,
    "_rsi": 64.55151939,
    "_rsi1": 60.01195161,
    "_stock_k": 80.14623259,
    "_stock_d": 74.42183229,
    "_stock_k1": 72.23782286,
    "_stock_d1": 73.0149442,
    "_macd_blue": 0.76419563,
    "_macd_orange": 0.88599936,
    "_cci20": 150.81784947,
    "_cci201": 92.88998412,
    "_ema10": 52.58342222,
    "_ema20": 51.8814571,
    "_ema30": 51.32922466,
    "_ema50": 50.47342692,
    "_ema100": 49.40625553,
    "_ema200": 48.87055599,
    "_psar": 50.75342417,
    "_wr": -0.63131313,
    "_mom": 3.14,
    "_mom1": 2.58,
    "stock_diff": 5.72,
    "rsi_diff": 4.54
}
