{
    "open": 127.35,
    "low": 126.3,
    "high": 131,
    "close": 130.7,
    "volume": 1148121,
    "change": 4.01082286,
    "_rsi": 50.73823404,
    "_rsi1": 44.75550637,
    "_stock_k": 66.90262937,
    "_stock_d": 62.28124932,
    "_stock_k1": 57.87143066,
    "_stock_d1": 59.26864925,
    "_macd_blue": -2.37422019,
    "_macd_orange": -1.64746554,
    "_cci20": 5.77618271,
    "_cci201": -41.61557368,
    "_ema10": 128.20996572,
    "_ema20": 129.01280457,
    "_ema30": 130.56975678,
    "_ema50": 134.31344592,
    "_ema100": 143.27502781,
    "_ema200": 152.82749636,
    "_psar": 117.87565904,
    "_wr": -17.05097087,
    "_mom": 5.2,
    "_mom1": -3.7,
    "stock_diff": 4.62,
    "rsi_diff": 5.98
}
