{
    "open": 930,
    "low": 921.75,
    "high": 997.86,
    "close": 993.98,
    "volume": 35178511,
    "change": 7.9052499,
    "_rsi": 64.38920624,
    "_rsi1": 57.60957175,
    "_stock_k": 95.05477557,
    "_stock_d": 89.5444416,
    "_stock_k1": 91.0369089,
    "_stock_d1": 80.40458019,
    "_macd_blue": -15.88870138,
    "_macd_orange": 5.13679622,
    "_cci20": 232.35870455,
    "_cci201": 194.80646698,
    "_ema10": 882.97104599,
    "_ema20": 868.64316551,
    "_ema30": 875.13072517,
    "_ema50": 896.14776147,
    "_ema100": 909.54948997,
    "_ema200": 858.45031289,
    "_psar": 761.96364512,
    "_wr": -1.60449921,
    "_mom": 169.58,
    "_mom1": 116.58,
    "stock_diff": 5.51,
    "rsi_diff": 6.78
}
