{
    "open": 99.21,
    "low": 97.85,
    "high": 100.22,
    "close": 98.21,
    "volume": 1525324,
    "change": -0.70771408,
    "_rsi": 60.17197094,
    "_rsi1": 62.39245606,
    "_stock_k": 70.97493036,
    "_stock_d": 71.17301145,
    "_stock_k1": 72.12627669,
    "_stock_d1": 71.21634169,
    "_macd_blue": 1.00094241,
    "_macd_orange": 1.8259727,
    "_cci20": 89.04887355,
    "_cci201": 113.57795309,
    "_ema10": 96.87928589,
    "_ema20": 95.08678392,
    "_ema30": 94.32186915,
    "_ema50": 93.67376664,
    "_ema100": 92.96900968,
    "_ema200": 91.80099107,
    "_psar": 91.39902376,
    "_wr": -32.64623955,
    "_mom": 8.96,
    "_mom1": 8.9,
    "stock_diff": -0.2,
    "rsi_diff": -2.22
}
