{
    "open": 36.77,
    "low": 36.335,
    "high": 36.93,
    "close": 36.39,
    "volume": 19368825,
    "change": -1.06035889,
    "_rsi": 57.11931084,
    "_rsi1": 60.14514074,
    "_stock_k": 60.10279969,
    "_stock_d": 60.72585305,
    "_stock_k1": 61.65848378,
    "_stock_d1": 58.41645421,
    "_macd_blue": 0.25792712,
    "_macd_orange": 0.45282866,
    "_cci20": 85.82596174,
    "_cci201": 110.34543688,
    "_ema10": 35.95185262,
    "_ema20": 35.50929605,
    "_ema30": 35.3280346,
    "_ema50": 35.22686275,
    "_ema100": 34.96529584,
    "_ema200": 34.0253996,
    "_psar": 37.84030187,
    "_wr": -47.15789474,
    "_mom": 1.78,
    "_mom1": 1.79,
    "stock_diff": -0.62,
    "rsi_diff": -3.03
}
