{
    "open": 177.71,
    "low": 174.52,
    "high": 178.33,
    "close": 174.53,
    "volume": 377991,
    "change": -2.03199551,
    "_rsi": 47.80558301,
    "_rsi1": 52.51608536,
    "_stock_k": 82.52138898,
    "_stock_d": 90.22971394,
    "_stock_k1": 92.50457705,
    "_stock_d1": 92.16053873,
    "_macd_blue": -2.72197232,
    "_macd_orange": -1.26382351,
    "_cci20": 73.20251727,
    "_cci201": 143.34778999,
    "_ema10": 174.95837231,
    "_ema20": 175.08882196,
    "_ema30": 176.70699461,
    "_ema50": 179.97221556,
    "_ema100": 183.64465229,
    "_ema200": 180.95054656,
    "_psar": 167.70936297,
    "_wr": -33.12230216,
    "_mom": 3.53,
    "_mom1": 13.37,
    "stock_diff": -7.71,
    "rsi_diff": -4.71
}
