{
    "open": 65.1,
    "low": 65,
    "high": 65.535,
    "close": 65.52,
    "volume": 1005641,
    "change": 0.56792018,
    "_rsi": 62.63550348,
    "_rsi1": 60.21119071,
    "_stock_k": 90.11592269,
    "_stock_d": 87.68237886,
    "_stock_k1": 86.90706012,
    "_stock_d1": 86.68372019,
    "_macd_blue": 0.3175197,
    "_macd_orange": 0.54213219,
    "_cci20": 95.70952303,
    "_cci201": 80.97674203,
    "_ema10": 64.79267371,
    "_ema20": 64.24048952,
    "_ema30": 64.0725154,
    "_ema50": 64.15937794,
    "_ema100": 64.40824424,
    "_ema200": 63.88105794,
    "_psar": 64.53,
    "_wr": -3.8869258,
    "_mom": 1.41,
    "_mom1": 1.78,
    "stock_diff": 2.43,
    "rsi_diff": 2.42
}
