{
    "open": 461,
    "low": 445.67,
    "high": 461.88,
    "close": 450.52,
    "volume": 326591,
    "change": -2.0885402,
    "_rsi": 45.6522577,
    "_rsi1": 48.99806106,
    "_stock_k": 50.10458262,
    "_stock_d": 66.55891488,
    "_stock_k1": 66.1405844,
    "_stock_d1": 78.22951718,
    "_macd_blue": -0.43461527,
    "_macd_orange": 0.94464741,
    "_cci20": -46.04709498,
    "_cci201": 29.79147806,
    "_ema10": 463.21253763,
    "_ema20": 461.20575072,
    "_ema30": 462.61532857,
    "_ema50": 469.90895426,
    "_ema100": 480.46706336,
    "_ema200": 469.8756811,
    "_psar": 440.63927677,
    "_wr": -72.6944286,
    "_mom": -1.56,
    "_mom1": 3.39,
    "stock_diff": -16.45,
    "rsi_diff": -3.35
}
