{
    "open": 104.07,
    "low": 101.7,
    "high": 104.24,
    "close": 102.91,
    "volume": 880235,
    "change": -0.92423221,
    "_rsi": 45.60383935,
    "_rsi1": 47.80980932,
    "_stock_k": 54.43355283,
    "_stock_d": 64.62956034,
    "_stock_k1": 66.08974359,
    "_stock_d1": 76.60413855,
    "_macd_blue": -1.75687762,
    "_macd_orange": -1.00136896,
    "_cci20": 22.77921332,
    "_cci201": 34.13860142,
    "_ema10": 103.54005292,
    "_ema20": 103.76089693,
    "_ema30": 105.061598,
    "_ema50": 108.29450478,
    "_ema100": 113.52965491,
    "_ema200": 115.07576296,
    "_psar": 100.16470564,
    "_wr": -47.27626459,
    "_mom": 3.35,
    "_mom1": 3.27,
    "stock_diff": -10.2,
    "rsi_diff": -2.21
}
