{
    "open": 57.65,
    "low": 57.62,
    "high": 58.74,
    "close": 58.49,
    "volume": 4756745,
    "change": 1.88120536,
    "_rsi": 77.11428255,
    "_rsi1": 74.31674984,
    "_stock_k": 94.1019784,
    "_stock_d": 94.62777134,
    "_stock_k1": 94.87497803,
    "_stock_d1": 95.59744479,
    "_macd_blue": 1.52956515,
    "_macd_orange": 1.94354218,
    "_cci20": 144.55949606,
    "_cci201": 129.41891578,
    "_ema10": 55.93796471,
    "_ema20": 54.30721823,
    "_ema30": 53.20015876,
    "_ema50": 51.67858992,
    "_ema100": 49.46799857,
    "_ema200": 46.98808546,
    "_psar": 52.77091171,
    "_wr": -2.72331155,
    "_mom": 4.9,
    "_mom1": 5.88,
    "stock_diff": -0.53,
    "rsi_diff": 2.8
}
