{
    "open": 97.76,
    "low": 97.47,
    "high": 98.58,
    "close": 98.51,
    "volume": 2136004,
    "change": 0.75687839,
    "_rsi": 62.75432567,
    "_rsi1": 60.7944173,
    "_stock_k": 86.15574609,
    "_stock_d": 85.6203078,
    "_stock_k1": 84.22188013,
    "_stock_d1": 87.50547903,
    "_macd_blue": 0.63865935,
    "_macd_orange": 1.20601624,
    "_cci20": 122.40503624,
    "_cci201": 132.95849085,
    "_ema10": 96.58420605,
    "_ema20": 95.39787539,
    "_ema30": 94.8874759,
    "_ema50": 94.49995814,
    "_ema100": 94.50276844,
    "_ema200": 93.58696714,
    "_psar": 94.15888027,
    "_wr": -5.93434343,
    "_mom": 5.51,
    "_mom1": 3.03,
    "stock_diff": 0.54,
    "rsi_diff": 1.96
}
