{
    "open": 144,
    "low": 143.89,
    "high": 149.15,
    "close": 147.14,
    "volume": 3445822,
    "change": 2.18055556,
    "_rsi": 71.05704008,
    "_rsi1": 68.61568273,
    "_stock_k": 88.84501503,
    "_stock_d": 81.36876325,
    "_stock_k1": 81.54509811,
    "_stock_d1": 74.11988087,
    "_macd_blue": 5.37180355,
    "_macd_orange": 6.03703674,
    "_cci20": 196.14037782,
    "_cci201": 177.48597069,
    "_ema10": 138.79212237,
    "_ema20": 134.08645241,
    "_ema30": 130.32360444,
    "_ema50": 125.18158506,
    "_ema100": 118.33468442,
    "_ema200": 108.67246807,
    "_psar": 130.82691398,
    "_wr": -8.53503185,
    "_mom": 17.13,
    "_mom1": 18.04,
    "stock_diff": 7.48,
    "rsi_diff": 2.44
}
