{
    "open": 154.6,
    "low": 154.39,
    "high": 157.52,
    "close": 156.71,
    "volume": 8741691,
    "change": 1.43698621,
    "_rsi": 56.3333673,
    "_rsi1": 53.62469738,
    "_stock_k": 94.75781533,
    "_stock_d": 87.60604354,
    "_stock_k1": 88.1425634,
    "_stock_d1": 75.85865509,
    "_macd_blue": -2.26606587,
    "_macd_orange": -0.78554694,
    "_cci20": 132.5511432,
    "_cci201": 101.81823562,
    "_ema10": 151.60760205,
    "_ema20": 151.46040111,
    "_ema30": 152.63109077,
    "_ema50": 155.07011697,
    "_ema100": 157.39391781,
    "_ema200": 154.23716423,
    "_psar": 141.549052,
    "_wr": -4.89721886,
    "_mom": 13.14,
    "_mom1": 10.22,
    "stock_diff": 7.15,
    "rsi_diff": 2.71
}
