{
    "open": 155.41,
    "low": 152.55,
    "high": 155.55,
    "close": 152.89,
    "volume": 1180438,
    "change": -2.76028748,
    "_rsi": 45.87390326,
    "_rsi1": 52.38901918,
    "_stock_k": 77.98514951,
    "_stock_d": 86.48979626,
    "_stock_k1": 89.68492876,
    "_stock_d1": 91.74360234,
    "_macd_blue": -2.56505916,
    "_macd_orange": -1.16359148,
    "_cci20": 25.75000453,
    "_cci201": 107.59538029,
    "_ema10": 154.42107018,
    "_ema20": 154.3412944,
    "_ema30": 156.25954443,
    "_ema50": 161.40959498,
    "_ema100": 170.02916732,
    "_ema200": 172.971587,
    "_psar": 144.99494346,
    "_wr": -37.62793498,
    "_mom": 1.92,
    "_mom1": 14.45,
    "stock_diff": -8.5,
    "rsi_diff": -6.52
}
