{
    "open": 63.9,
    "low": 63.81,
    "high": 64.55,
    "close": 64.49,
    "volume": 1246219,
    "change": 1.17665516,
    "_rsi": 61.62257633,
    "_rsi1": 58.69353088,
    "_stock_k": 90.18612521,
    "_stock_d": 91.69494911,
    "_stock_k1": 89.91496835,
    "_stock_d1": 93.95217704,
    "_macd_blue": 0.04625471,
    "_macd_orange": 0.53215088,
    "_cci20": 140.47847225,
    "_cci201": 151.22938489,
    "_ema10": 62.96420243,
    "_ema20": 62.35024981,
    "_ema30": 62.15437376,
    "_ema50": 61.69706938,
    "_ema100": 60.22117987,
    "_ema200": 57.5418683,
    "_psar": 62.13117273,
    "_wr": -5.41455161,
    "_mom": 4.53,
    "_mom1": 3.35,
    "stock_diff": -1.51,
    "rsi_diff": 2.93
}
