{
    "open": 95.55,
    "low": 95.5,
    "high": 97.645,
    "close": 97.25,
    "volume": 3209315,
    "change": 0.83990046,
    "_rsi": 65.20524422,
    "_rsi1": 64.16599895,
    "_stock_k": 93.25066356,
    "_stock_d": 91.65744597,
    "_stock_k1": 90.46186093,
    "_stock_d1": 89.57014358,
    "_macd_blue": 1.82022223,
    "_macd_orange": 2.74118689,
    "_cci20": 139.85876624,
    "_cci201": 152.5594044,
    "_ema10": 92.88959581,
    "_ema20": 90.46225812,
    "_ema30": 88.94542778,
    "_ema50": 86.53707606,
    "_ema100": 82.35997482,
    "_ema200": 77.73109607,
    "_psar": 88.32797371,
    "_wr": -2.72132277,
    "_mom": 5.58,
    "_mom1": 6.86,
    "stock_diff": 1.59,
    "rsi_diff": 1.04
}
