{
    "open": 156.04,
    "low": 155.61,
    "high": 158.25,
    "close": 158.15,
    "volume": 520764,
    "change": 1.63881748,
    "_rsi": 56.02035225,
    "_rsi1": 50.5011116,
    "_stock_k": 51.90651907,
    "_stock_d": 53.89954181,
    "_stock_k1": 49.1659956,
    "_stock_d1": 58.54471618,
    "_macd_blue": -0.07532197,
    "_macd_orange": 0.51602365,
    "_cci20": 63.60538764,
    "_cci201": 37.54423675,
    "_ema10": 156.31116599,
    "_ema20": 155.47524916,
    "_ema30": 155.78061514,
    "_ema50": 157.88828348,
    "_ema100": 162.29699533,
    "_ema200": 163.65519786,
    "_psar": 151.89604198,
    "_wr": -35.42435424,
    "_mom": 5.02,
    "_mom1": 1.81,
    "stock_diff": -1.99,
    "rsi_diff": 5.52
}
