{
    "open": 47.03,
    "low": 46.911,
    "high": 47.775,
    "close": 47.12,
    "volume": 4694163,
    "change": 0.21267546,
    "_rsi": 46.15778927,
    "_rsi1": 45.26767138,
    "_stock_k": 26.92433138,
    "_stock_d": 34.44292068,
    "_stock_k1": 32.52738009,
    "_stock_d1": 44.4951462,
    "_macd_blue": -0.33293685,
    "_macd_orange": -0.26960108,
    "_cci20": 7.4112073,
    "_cci201": -24.64629832,
    "_ema10": 47.24285855,
    "_ema20": 47.37606379,
    "_ema30": 47.64605804,
    "_ema50": 48.1490532,
    "_ema100": 48.69777745,
    "_ema200": 48.81637289,
    "_psar": 48.348907,
    "_wr": -69.54887218,
    "_mom": -0.32,
    "_mom1": -1.05,
    "stock_diff": -7.52,
    "rsi_diff": 0.89
}
