{
    "open": 74.59,
    "low": 73.83,
    "high": 74.78,
    "close": 73.9,
    "volume": 14027765,
    "change": -0.80536913,
    "_rsi": 48.01931778,
    "_rsi1": 51.5537068,
    "_stock_k": 56.89360041,
    "_stock_d": 56.43379347,
    "_stock_k1": 57.81354795,
    "_stock_d1": 54.6836575,
    "_macd_blue": -0.52062529,
    "_macd_orange": -0.36581414,
    "_cci20": 17.79559682,
    "_cci201": 25.2652855,
    "_ema10": 73.81729083,
    "_ema20": 74.02746611,
    "_ema30": 74.29237304,
    "_ema50": 74.51820777,
    "_ema100": 74.14150237,
    "_ema200": 72.69860191,
    "_psar": 71.534984,
    "_wr": -45.41577825,
    "_mom": 0.93,
    "_mom1": 2.02,
    "stock_diff": 0.46,
    "rsi_diff": -3.53
}
