{
    "open": 243.26,
    "low": 240.415,
    "high": 243.26,
    "close": 241.44,
    "volume": 433817,
    "change": -0.67058872,
    "_rsi": 48.55001317,
    "_rsi1": 50.91249301,
    "_stock_k": 49.07050614,
    "_stock_d": 61.51264886,
    "_stock_k1": 62.56164571,
    "_stock_d1": 68.60685474,
    "_macd_blue": 0.19440531,
    "_macd_orange": 0.40689921,
    "_cci20": -5.02613808,
    "_cci201": 54.43663372,
    "_ema10": 242.91729266,
    "_ema20": 242.44208828,
    "_ema30": 242.39929488,
    "_ema50": 242.427294,
    "_ema100": 240.07984581,
    "_ema200": 230.38471811,
    "_psar": 239.88807448,
    "_wr": -66.66666667,
    "_mom": -3.02,
    "_mom1": 3.12,
    "stock_diff": -12.44,
    "rsi_diff": -2.36
}
