{
    "open": 188.51,
    "low": 186.98,
    "high": 189.66,
    "close": 189.33,
    "volume": 521821,
    "change": 0.63250771,
    "_rsi": 66.92626396,
    "_rsi1": 65.51557697,
    "_stock_k": 98.0806625,
    "_stock_d": 94.81869038,
    "_stock_k1": 95.12035815,
    "_stock_d1": 90.14477379,
    "_macd_blue": 3.8102446,
    "_macd_orange": 4.21038311,
    "_cci20": 130.08643232,
    "_cci201": 119.04990303,
    "_ema10": 185.3613188,
    "_ema20": 182.07964749,
    "_ema30": 179.46642864,
    "_ema50": 175.78860464,
    "_ema100": 171.36223802,
    "_ema200": 168.03185077,
    "_psar": 181.71951565,
    "_wr": -1.90531178,
    "_mom": 7.67,
    "_mom1": 11.09,
    "stock_diff": 3.26,
    "rsi_diff": 1.41
}
