{
    "open": 12.06,
    "low": 11.97,
    "high": 12.33,
    "close": 12.06,
    "volume": 510410,
    "change": -0.24813896,
    "_rsi": 39.26937747,
    "_rsi1": 39.70165446,
    "_stock_k": 41.93835283,
    "_stock_d": 39.06189084,
    "_stock_k1": 39.18494152,
    "_stock_d1": 37.36314165,
    "_macd_blue": -0.60874382,
    "_macd_orange": -0.50386398,
    "_cci20": -13.71017671,
    "_cci201": -28.94806571,
    "_ema10": 12.02378598,
    "_ema20": 12.34351225,
    "_ema30": 12.71578156,
    "_ema50": 13.26356513,
    "_ema100": 13.80383962,
    "_ema200": 13.60746034,
    "_psar": 11.3778,
    "_wr": -51.38888889,
    "_mom": -0.04,
    "_mom1": 0.3,
    "stock_diff": 2.88,
    "rsi_diff": -0.43
}
