{
    "open": 96.29,
    "low": 95.66,
    "high": 97.19,
    "close": 96.44,
    "volume": 3036699,
    "change": 0.44787001,
    "_rsi": 63.99703199,
    "_rsi1": 62.69886854,
    "_stock_k": 59.56416707,
    "_stock_d": 57.58704536,
    "_stock_k1": 57.559159,
    "_stock_d1": 57.39291929,
    "_macd_blue": 1.68022245,
    "_macd_orange": 1.64215041,
    "_cci20": 80.75938765,
    "_cci201": 60.92553222,
    "_ema10": 95.19999116,
    "_ema20": 93.98356428,
    "_ema30": 92.94380815,
    "_ema50": 91.46606724,
    "_ema100": 89.42785813,
    "_ema200": 87.73466627,
    "_psar": 97.60660973,
    "_wr": -35.92436975,
    "_mom": 0.45,
    "_mom1": 1,
    "stock_diff": 1.98,
    "rsi_diff": 1.3
}
