{
    "open": 390,
    "low": 382.01,
    "high": 400.88,
    "close": 389.629,
    "volume": 1127923,
    "change": 0.29834994,
    "_rsi": 57.42887657,
    "_rsi1": 56.92746562,
    "_stock_k": 80.03772259,
    "_stock_d": 79.2855683,
    "_stock_k1": 81.09389552,
    "_stock_d1": 74.65357153,
    "_macd_blue": 1.59423411,
    "_macd_orange": 4.26951831,
    "_cci20": 90.30381623,
    "_cci201": 77.67749331,
    "_ema10": 381.67462587,
    "_ema20": 377.33834291,
    "_ema30": 375.3662734,
    "_ema50": 372.20305301,
    "_ema100": 366.40140648,
    "_ema200": 354.68137284,
    "_psar": 365.5013569,
    "_wr": -23.50125945,
    "_mom": 13.649,
    "_mom1": 29.82,
    "stock_diff": 0.75,
    "rsi_diff": 0.5
}
