{
    "open": 151.42,
    "low": 150.68,
    "high": 155.35,
    "close": 155.07,
    "volume": 13948944,
    "change": 2.04659121,
    "_rsi": 54.44400459,
    "_rsi1": 50.69308767,
    "_stock_k": 79.91775188,
    "_stock_d": 58.26669713,
    "_stock_k1": 59.51564999,
    "_stock_d1": 37.92314125,
    "_macd_blue": -2.9461428,
    "_macd_orange": -1.92973838,
    "_cci20": 96.68117519,
    "_cci201": 35.33222889,
    "_ema10": 149.58123269,
    "_ema20": 150.53073931,
    "_ema30": 152.20218577,
    "_ema50": 155.02412921,
    "_ema100": 157.46667845,
    "_ema200": 154.20952077,
    "_psar": 140.98,
    "_wr": -3.4270048,
    "_mom": 5.32,
    "_mom1": -0.46,
    "stock_diff": 21.65,
    "rsi_diff": 3.75
}
