{
    "open": 129.07,
    "low": 128.6092,
    "high": 130.57,
    "close": 129.48,
    "volume": 790088,
    "change": -0.03088326,
    "_rsi": 57.04267528,
    "_rsi1": 57.16309552,
    "_stock_k": 78.63731926,
    "_stock_d": 87.20313489,
    "_stock_k1": 86.86081934,
    "_stock_d1": 93.18171734,
    "_macd_blue": 1.19759196,
    "_macd_orange": 1.72828291,
    "_cci20": 63.3654976,
    "_cci201": 82.64576884,
    "_ema10": 129.17893027,
    "_ema20": 127.50509043,
    "_ema30": 126.90392719,
    "_ema50": 127.08634098,
    "_ema100": 127.21492682,
    "_ema200": 123.21007088,
    "_psar": 125.77543201,
    "_wr": -29.32166302,
    "_mom": 3.71,
    "_mom1": 6.41,
    "stock_diff": -8.57,
    "rsi_diff": -0.12
}
