{
    "open": 87.3635,
    "low": 86.1,
    "high": 87.71,
    "close": 86.22,
    "volume": 7670502,
    "change": -1.9001024,
    "_rsi": 44.15816601,
    "_rsi1": 46.91614119,
    "_stock_k": 58.5404395,
    "_stock_d": 61.38971821,
    "_stock_k1": 63.07727481,
    "_stock_d1": 63.14586191,
    "_macd_blue": -2.6837104,
    "_macd_orange": -2.10248978,
    "_cci20": -30.70457062,
    "_cci201": 1.0004993,
    "_ema10": 86.87414563,
    "_ema20": 88.08840934,
    "_ema30": 89.84916998,
    "_ema50": 93.3781624,
    "_ema100": 99.50693969,
    "_ema200": 103.7924607,
    "_psar": 79.9932047,
    "_wr": -40.35947712,
    "_mom": -1.38,
    "_mom1": 3.89,
    "stock_diff": -2.85,
    "rsi_diff": -2.76
}
