{
    "open": 322.52,
    "low": 318.3299,
    "high": 336.35,
    "close": 335.71,
    "volume": 999427,
    "change": 4.44264692,
    "_rsi": 59.64721739,
    "_rsi1": 55.17153457,
    "_stock_k": 81.9323419,
    "_stock_d": 72.17252805,
    "_stock_k1": 69.40840857,
    "_stock_d1": 63.42344578,
    "_macd_blue": -1.46635206,
    "_macd_orange": 2.76887454,
    "_cci20": 65.7957698,
    "_cci201": 48.82929236,
    "_ema10": 314.35970108,
    "_ema20": 310.46684156,
    "_ema30": 310.11480432,
    "_ema50": 311.26520317,
    "_ema100": 310.51855172,
    "_ema200": 291.45445219,
    "_psar": 269.026896,
    "_wr": -3.09554929,
    "_mom": 48.95,
    "_mom1": 34,
    "stock_diff": 9.76,
    "rsi_diff": 4.48
}
