{
    "open": 64.2,
    "low": 63.72,
    "high": 64.47,
    "close": 63.74,
    "volume": 1865144,
    "change": -1.11697177,
    "_rsi": 58.69353088,
    "_rsi1": 62.97830372,
    "_stock_k": 89.91496835,
    "_stock_d": 93.95217704,
    "_stock_k1": 94.98375375,
    "_stock_d1": 96.9410574,
    "_macd_blue": -0.07521933,
    "_macd_orange": 0.39824938,
    "_cci20": 151.22938489,
    "_cci201": 194.30378413,
    "_ema10": 62.6251363,
    "_ema20": 62.12501295,
    "_ema30": 61.99329609,
    "_ema50": 61.58307221,
    "_ema100": 60.13494108,
    "_ema200": 57.47203783,
    "_psar": 61.54313747,
    "_wr": -18.10490694,
    "_mom": 3.35,
    "_mom1": 5.23,
    "stock_diff": -4.04,
    "rsi_diff": -4.28
}
