{
    "open": 74.5,
    "low": 73.87,
    "high": 74.645,
    "close": 74.5,
    "volume": 11667263,
    "change": 0.74374577,
    "_rsi": 51.5537068,
    "_rsi1": 48.31565226,
    "_stock_k": 57.81354795,
    "_stock_d": 54.6836575,
    "_stock_k1": 54.59423206,
    "_stock_d1": 50.92778896,
    "_macd_blue": -0.55932808,
    "_macd_orange": -0.40214925,
    "_cci20": 25.2652855,
    "_cci201": 0.70678889,
    "_ema10": 73.79891102,
    "_ema20": 74.0408836,
    "_ema30": 74.31943325,
    "_ema50": 74.54344074,
    "_ema100": 74.1463812,
    "_ema200": 72.68652756,
    "_psar": 71.4054,
    "_wr": -36.41851107,
    "_mom": 2.02,
    "_mom1": -0.54,
    "stock_diff": 3.13,
    "rsi_diff": 3.24
}
