{
    "open": 72.88,
    "low": 72.86,
    "high": 73.53,
    "close": 73.52,
    "volume": 1471370,
    "change": 0.51955154,
    "_rsi": 55.93625605,
    "_rsi1": 54.35647079,
    "_stock_k": 70.17166296,
    "_stock_d": 65.24989184,
    "_stock_k1": 64.53835554,
    "_stock_d1": 62.54529679,
    "_macd_blue": 0.04472862,
    "_macd_orange": 0.13563083,
    "_cci20": 112.04936741,
    "_cci201": 68.4101307,
    "_ema10": 72.5001345,
    "_ema20": 72.38440927,
    "_ema30": 72.26149367,
    "_ema50": 71.72574688,
    "_ema100": 69.97377834,
    "_ema200": 66.86063705,
    "_psar": 71.13009286,
    "_wr": -20.39911308,
    "_mom": -0.49,
    "_mom1": -0.66,
    "stock_diff": 4.92,
    "rsi_diff": 1.58
}
