{
    "open": 208.9,
    "low": 204.58,
    "high": 213.08,
    "close": 213.05,
    "volume": 2507738,
    "change": 2.75393074,
    "_rsi": 49.5435511,
    "_rsi1": 45.4416557,
    "_stock_k": 79.44423957,
    "_stock_d": 79.75777103,
    "_stock_k1": 78.29185676,
    "_stock_d1": 78.03524351,
    "_macd_blue": -7.47739202,
    "_macd_orange": -4.51305661,
    "_cci20": 27.70225651,
    "_cci201": 20.522606,
    "_ema10": 208.84640877,
    "_ema20": 210.51639503,
    "_ema30": 215.2330328,
    "_ema50": 225.82386889,
    "_ema100": 245.83246992,
    "_ema200": 262.18996994,
    "_psar": 195.19241555,
    "_wr": -17.86372007,
    "_mom": 13.26,
    "_mom1": 2.46,
    "stock_diff": -0.31,
    "rsi_diff": 4.1
}
