{
    "open": 175.46,
    "low": 172.56,
    "high": 176.95,
    "close": 173.07,
    "volume": 3520292,
    "change": -1.74293176,
    "_rsi": 58.15677165,
    "_rsi1": 65.43081185,
    "_stock_k": 87.49126719,
    "_stock_d": 85.66838269,
    "_stock_k1": 87.76662951,
    "_stock_d1": 82.82008034,
    "_macd_blue": 0.45387619,
    "_macd_orange": 1.39797618,
    "_cci20": 131.07402497,
    "_cci201": 170.53224281,
    "_ema10": 170.78599842,
    "_ema20": 169.28050266,
    "_ema30": 168.77671255,
    "_ema50": 168.28812575,
    "_ema100": 167.55381131,
    "_ema200": 166.0462163,
    "_psar": 165.35561154,
    "_wr": -22.49275362,
    "_mom": 7.03,
    "_mom1": 12.14,
    "stock_diff": 1.82,
    "rsi_diff": -7.27
}
