{
    "open": 99.89,
    "low": 99.45,
    "high": 101.3,
    "close": 100.89,
    "volume": 711476,
    "change": 0.43802887,
    "_rsi": 64.90847722,
    "_rsi1": 63.95158324,
    "_stock_k": 79.68603273,
    "_stock_d": 78.46603304,
    "_stock_k1": 79.56662616,
    "_stock_d1": 75.80509365,
    "_macd_blue": 1.77060723,
    "_macd_orange": 2.25970067,
    "_cci20": 71.1156801,
    "_cci201": 81.32423046,
    "_ema10": 99.13041591,
    "_ema20": 97.15940038,
    "_ema30": 96.02298468,
    "_ema50": 94.87438375,
    "_ema100": 93.66451431,
    "_ema200": 92.2139223,
    "_psar": 94.77071957,
    "_wr": -19.62962963,
    "_mom": 1.06,
    "_mom1": 1.48,
    "stock_diff": 1.22,
    "rsi_diff": 0.96
}
