{
    "open": 570.7,
    "low": 559.7,
    "high": 573.78,
    "close": 567.7,
    "volume": 128445,
    "change": 0.40856754,
    "_rsi": 46.07601187,
    "_rsi1": 45.40155608,
    "_stock_k": 60.45288888,
    "_stock_d": 59.98286148,
    "_stock_k1": 58.17731218,
    "_stock_d1": 57.63084704,
    "_macd_blue": -13.38156416,
    "_macd_orange": -9.50892209,
    "_cci20": -25.09305859,
    "_cci201": -17.03185668,
    "_ema10": 570.58295986,
    "_ema20": 575.37152819,
    "_ema30": 584.18865847,
    "_ema50": 604.64264745,
    "_ema100": 642.22930216,
    "_ema200": 658.13646779,
    "_psar": 601.1413213,
    "_wr": -36.91917361,
    "_mom": 26.36,
    "_mom1": 11.12,
    "stock_diff": 0.47,
    "rsi_diff": 0.67
}
