{
    "open": 116.37,
    "low": 114.42,
    "high": 116.89,
    "close": 116.82,
    "volume": 983402,
    "change": 0.81988435,
    "_rsi": 52.79285956,
    "_rsi1": 51.02207461,
    "_stock_k": 74.90338164,
    "_stock_d": 77.72141707,
    "_stock_k1": 74.61352657,
    "_stock_d1": 81.91001067,
    "_macd_blue": -1.62456767,
    "_macd_orange": -0.35373445,
    "_cci20": 81.58701826,
    "_cci201": 109.10460777,
    "_ema10": 115.28773305,
    "_ema20": 114.80613207,
    "_ema30": 115.85314154,
    "_ema50": 119.18863977,
    "_ema100": 127.08727584,
    "_ema200": 132.92190475,
    "_psar": 108.9901608,
    "_wr": -26.95652174,
    "_mom": 5.69,
    "_mom1": 5.15,
    "stock_diff": -2.82,
    "rsi_diff": 1.77
}
