{
    "open": 37.76,
    "low": 37.58,
    "high": 38.52,
    "close": 38.35,
    "volume": 5614023,
    "change": 2.13049268,
    "_rsi": 49.14712455,
    "_rsi1": 43.82909501,
    "_stock_k": 64.6908224,
    "_stock_d": 56.34187373,
    "_stock_k1": 52.26148517,
    "_stock_d1": 49.67405014,
    "_macd_blue": -0.67924121,
    "_macd_orange": -0.55213369,
    "_cci20": 2.81424835,
    "_cci201": -23.09117013,
    "_ema10": 37.8530062,
    "_ema20": 38.24078549,
    "_ema30": 38.55768963,
    "_ema50": 38.75486046,
    "_ema100": 38.78046188,
    "_ema200": 38.71675141,
    "_psar": 36.5024231,
    "_wr": -15.46052632,
    "_mom": 1.34,
    "_mom1": -0.08,
    "stock_diff": 8.35,
    "rsi_diff": 5.32
}
