{
    "open": 581.04,
    "low": 556.8,
    "high": 583.605,
    "close": 561.87,
    "volume": 1357012,
    "change": -3.30757714,
    "_rsi": 50.48876657,
    "_rsi1": 54.646565,
    "_stock_k": 74.22405963,
    "_stock_d": 78.99327393,
    "_stock_k1": 82.61455104,
    "_stock_d1": 82.05294441,
    "_macd_blue": -2.56434392,
    "_macd_orange": 2.20902782,
    "_cci20": 41.37146751,
    "_cci201": 63.80212634,
    "_ema10": 563.25215161,
    "_ema20": 559.12909318,
    "_ema30": 560.17905311,
    "_ema50": 567.22604141,
    "_ema100": 582.69520218,
    "_ema200": 581.61307401,
    "_psar": 506.81991209,
    "_wr": -33.70290332,
    "_mom": 49.72,
    "_mom1": 47.5,
    "stock_diff": -4.77,
    "rsi_diff": -4.16
}
