{
    "open": 173.67,
    "low": 171.62,
    "high": 175.265,
    "close": 173.42,
    "volume": 1205985,
    "change": -0.34478796,
    "_rsi": 48.77187864,
    "_rsi1": 49.91703378,
    "_stock_k": 43.01201307,
    "_stock_d": 54.0699615,
    "_stock_k1": 52.76143666,
    "_stock_d1": 61.97238767,
    "_macd_blue": -0.4449171,
    "_macd_orange": -0.00435327,
    "_cci20": 9.27577988,
    "_cci201": 36.43347097,
    "_ema10": 174.07676372,
    "_ema20": 173.67681749,
    "_ema30": 174.27175191,
    "_ema50": 176.38118048,
    "_ema100": 179.94218185,
    "_ema200": 181.02063952,
    "_psar": 170.78102436,
    "_wr": -67.41003548,
    "_mom": -0.54,
    "_mom1": 0.17,
    "stock_diff": -11.06,
    "rsi_diff": -1.15
}
