{
    "open": 316.19,
    "low": 315,
    "high": 340,
    "close": 327.27,
    "volume": 1052668,
    "change": 0.66439051,
    "_rsi": 59.7585547,
    "_rsi1": 59.16723319,
    "_stock_k": 66.17182415,
    "_stock_d": 58.60130137,
    "_stock_k1": 57.64802021,
    "_stock_d1": 59.47429758,
    "_macd_blue": 14.82549262,
    "_macd_orange": 14.23645842,
    "_cci20": 100.89117885,
    "_cci201": 74.57861292,
    "_ema10": 317.21683804,
    "_ema20": 306.77876012,
    "_ema30": 297.96041694,
    "_ema50": 289.47596357,
    "_ema100": 285.87301152,
    "_ema200": 281.11363059,
    "_psar": 292.3808,
    "_wr": -25.82150101,
    "_mom": 0.29,
    "_mom1": -3.8,
    "stock_diff": 7.57,
    "rsi_diff": 0.59
}
