{
    "open": 71.08,
    "low": 70.345,
    "high": 71.08,
    "close": 70.91,
    "volume": 14643183,
    "change": 0.14122299,
    "_rsi": 59.46060361,
    "_rsi1": 58.89348775,
    "_stock_k": 68.11086666,
    "_stock_d": 73.67689921,
    "_stock_k1": 74.55636501,
    "_stock_d1": 78.68710315,
    "_macd_blue": 0.74426213,
    "_macd_orange": 0.83145244,
    "_cci20": 48.20622331,
    "_cci201": 52.92781504,
    "_ema10": 70.65501626,
    "_ema20": 69.95981783,
    "_ema30": 69.53394208,
    "_ema50": 69.113772,
    "_ema100": 68.50863447,
    "_ema200": 67.42951945,
    "_psar": 72.19455204,
    "_wr": -36.5,
    "_mom": 0.21,
    "_mom1": -1,
    "stock_diff": -5.57,
    "rsi_diff": 0.57
}
