{
    "open": 129.22,
    "low": 128.331,
    "high": 129.82,
    "close": 129.46,
    "volume": 1248415,
    "change": -0.03860706,
    "_rsi": 45.07268482,
    "_rsi1": 45.14406158,
    "_stock_k": 89.27088524,
    "_stock_d": 90.04595029,
    "_stock_k1": 90.93173891,
    "_stock_d1": 90.64586174,
    "_macd_blue": -5.4498032,
    "_macd_orange": -3.61887505,
    "_cci20": 53.6182958,
    "_cci201": 45.06270212,
    "_ema10": 128.37311488,
    "_ema20": 130.02911068,
    "_ema30": 133.39253938,
    "_ema50": 139.43123548,
    "_ema100": 147.55433387,
    "_ema200": 151.79276833,
    "_psar": 120.27665637,
    "_wr": -9.6163428,
    "_mom": 9.23,
    "_mom1": 8.32,
    "stock_diff": -0.78,
    "rsi_diff": -0.07
}
