{
    "open": 2782.77,
    "low": 2763.33,
    "high": 2800.5,
    "close": 2770.07,
    "volume": 1265069,
    "change": -1.26463617,
    "_rsi": 56.70286222,
    "_rsi1": 59.89653164,
    "_stock_k": 87.86820471,
    "_stock_d": 90.60582353,
    "_stock_k1": 93.91713921,
    "_stock_d1": 89.27843493,
    "_macd_blue": -11.40387142,
    "_macd_orange": 12.12333495,
    "_cci20": 150.89824543,
    "_cci201": 186.12556659,
    "_ema10": 2706.89064538,
    "_ema20": 2686.0850155,
    "_ema30": 2689.35212964,
    "_ema50": 2711.04205602,
    "_ema100": 2740.08246114,
    "_ema200": 2662.10039624,
    "_psar": 2577.93788679,
    "_wr": -19.16012597,
    "_mom": 92.75,
    "_mom1": 259.98,
    "stock_diff": -2.74,
    "rsi_diff": -3.19
}
