{
    "open": 74.41,
    "low": 73.37,
    "high": 75,
    "close": 73.59,
    "volume": 803200,
    "change": -1.99760288,
    "_rsi": 55.3726002,
    "_rsi1": 61.01686879,
    "_stock_k": 84.87329435,
    "_stock_d": 90.7746154,
    "_stock_k1": 92.09187343,
    "_stock_d1": 94.26508834,
    "_macd_blue": 0.48989758,
    "_macd_orange": 1.00287216,
    "_cci20": 78.62967519,
    "_cci201": 127.56068269,
    "_ema10": 73.28854962,
    "_ema20": 72.25656757,
    "_ema30": 71.91437663,
    "_ema50": 71.93687031,
    "_ema100": 72.00185801,
    "_ema200": 69.53721201,
    "_psar": 69.48072916,
    "_wr": -27.60233918,
    "_mom": 3.56,
    "_mom1": 7.49,
    "stock_diff": -5.9,
    "rsi_diff": -5.64
}
