{
    "open": 287.26,
    "low": 282.79,
    "high": 288.145,
    "close": 286.53,
    "volume": 2376243,
    "change": 0.16780283,
    "_rsi": 56.75598202,
    "_rsi1": 56.43041998,
    "_stock_k": 85.15748359,
    "_stock_d": 89.06655547,
    "_stock_k1": 88.10581782,
    "_stock_d1": 92.22002101,
    "_macd_blue": -0.02407564,
    "_macd_orange": 2.90228967,
    "_cci20": 93.84605486,
    "_cci201": 121.07887415,
    "_ema10": 282.5733752,
    "_ema20": 278.74796901,
    "_ema30": 278.6745122,
    "_ema50": 281.91116735,
    "_ema100": 288.42355561,
    "_ema200": 285.13304063,
    "_psar": 265.83486112,
    "_wr": -20.5684368,
    "_mom": 22.7,
    "_mom1": 21.23,
    "stock_diff": -3.91,
    "rsi_diff": 0.33
}
