{
    "open": 25.87,
    "low": 25.87,
    "high": 26.535,
    "close": 26.19,
    "volume": 7557397,
    "change": 2.38467553,
    "_rsi": 61.10611699,
    "_rsi1": 58.21472633,
    "_stock_k": 62.24089636,
    "_stock_d": 55.66760037,
    "_stock_k1": 54.73389356,
    "_stock_d1": 48.21661998,
    "_macd_blue": 0.6230804,
    "_macd_orange": 0.60947467,
    "_cci20": 79.81843131,
    "_cci201": 44.62014224,
    "_ema10": 25.10689158,
    "_ema20": 24.68524196,
    "_ema30": 24.24085935,
    "_ema50": 23.48657088,
    "_ema100": 22.22486442,
    "_ema200": 20.81026725,
    "_psar": 26.55561066,
    "_wr": -29.24369748,
    "_mom": 0.73,
    "_mom1": -0.43,
    "stock_diff": 6.57,
    "rsi_diff": 2.89
}
