{
    "open": 76.87,
    "low": 76.35,
    "high": 77.8,
    "close": 76.94,
    "volume": 2831157,
    "change": 0.09106283,
    "_rsi": 53.20092304,
    "_rsi1": 53.07392335,
    "_stock_k": 91.76406947,
    "_stock_d": 91.29324345,
    "_stock_k1": 91.7791411,
    "_stock_d1": 90.34979223,
    "_macd_blue": -1.50301212,
    "_macd_orange": -0.47481631,
    "_cci20": 79.06708872,
    "_cci201": 56.77068891,
    "_ema10": 75.06543938,
    "_ema20": 74.93661843,
    "_ema30": 75.60929197,
    "_ema50": 76.73302015,
    "_ema100": 78.38714799,
    "_ema200": 79.47654447,
    "_psar": 69.91560785,
    "_wr": -5.25993884,
    "_mom": 8.51,
    "_mom1": 7.35,
    "stock_diff": 0.47,
    "rsi_diff": 0.13
}
