{
    "open": 36.1,
    "low": 35.07,
    "high": 36.3799,
    "close": 35.13,
    "volume": 4139749,
    "change": -3.48901099,
    "_rsi": 48.6013417,
    "_rsi1": 55.09690891,
    "_stock_k": 77.99607073,
    "_stock_d": 82.01714323,
    "_stock_k1": 84.62115193,
    "_stock_d1": 83.50755221,
    "_macd_blue": -0.25743457,
    "_macd_orange": -0.03704536,
    "_cci20": 21.49360426,
    "_cci201": 65.5717128,
    "_ema10": 35.41456899,
    "_ema20": 35.33562311,
    "_ema30": 35.44745482,
    "_ema50": 35.66769799,
    "_ema100": 35.79539504,
    "_ema200": 34.66248,
    "_psar": 32.82921758,
    "_wr": -35.16699411,
    "_mom": 1.35,
    "_mom1": 3.86,
    "stock_diff": -4.02,
    "rsi_diff": -6.5
}
