{
    "open": 150.73,
    "low": 149.02,
    "high": 152.97,
    "close": 152.1,
    "volume": 8647186,
    "change": 2.0394472,
    "_rsi": 68.34693437,
    "_rsi1": 62.02473874,
    "_stock_k": 82.70879228,
    "_stock_d": 77.26462792,
    "_stock_k1": 77.72556078,
    "_stock_d1": 73.79262074,
    "_macd_blue": 2.88478395,
    "_macd_orange": 2.72740549,
    "_cci20": 127.66904566,
    "_cci201": 79.76255276,
    "_ema10": 149.15339963,
    "_ema20": 147.27899436,
    "_ema30": 145.27557831,
    "_ema50": 141.3791927,
    "_ema100": 133.82207648,
    "_ema200": 125.06876088,
    "_psar": 145.87136366,
    "_wr": -9.15789474,
    "_mom": 4.33,
    "_mom1": -0.48,
    "stock_diff": 5.44,
    "rsi_diff": 6.32
}
