{
    "open": 154.89,
    "low": 154.05,
    "high": 157.07,
    "close": 156.85,
    "volume": 1767192,
    "change": 1.09571383,
    "_rsi": 66.33491923,
    "_rsi1": 64.34305362,
    "_stock_k": 90.84855951,
    "_stock_d": 91.0984659,
    "_stock_k1": 89.0471643,
    "_stock_d1": 92.5855647,
    "_macd_blue": 4.26737473,
    "_macd_orange": 4.82479086,
    "_cci20": 101.17703675,
    "_cci201": 97.39335673,
    "_ema10": 153.5650092,
    "_ema20": 149.68480612,
    "_ema30": 146.86207403,
    "_ema50": 142.79344207,
    "_ema100": 134.7081979,
    "_ema200": 124.3516061,
    "_psar": 149.14243035,
    "_wr": -5.55230859,
    "_mom": 8.1,
    "_mom1": 7.4,
    "stock_diff": -0.25,
    "rsi_diff": 1.99
}
