{
    "open": 312.36,
    "low": 310.85,
    "high": 316.18,
    "close": 314.63,
    "volume": 705390,
    "change": 0.93353009,
    "_rsi": 62.23056001,
    "_rsi1": 60.86697222,
    "_stock_k": 95.13241097,
    "_stock_d": 94.10602627,
    "_stock_k1": 95.54006677,
    "_stock_d1": 94.07880964,
    "_macd_blue": -1.167285,
    "_macd_orange": 3.38849183,
    "_cci20": 137.48152136,
    "_cci201": 119.05657672,
    "_ema10": 300.76031064,
    "_ema20": 295.97053007,
    "_ema30": 295.76968242,
    "_ema50": 296.89841685,
    "_ema100": 295.09524532,
    "_ema200": 281.42311577,
    "_psar": 287.94830881,
    "_wr": -2.67195311,
    "_mom": 42.76,
    "_mom1": 39.18,
    "stock_diff": 1.03,
    "rsi_diff": 1.36
}
