{
    "open": 67.77,
    "low": 67.47,
    "high": 67.83,
    "close": 67.66,
    "volume": 2022641,
    "change": 0.0295683,
    "_rsi": 47.80738299,
    "_rsi1": 47.64727027,
    "_stock_k": 7.09064327,
    "_stock_d": 12.30365827,
    "_stock_k1": 11.33708233,
    "_stock_d1": 18.51427318,
    "_macd_blue": 0.38894919,
    "_macd_orange": 0.15350562,
    "_cci20": -55.29064487,
    "_cci201": -39.39569643,
    "_ema10": 68.06067509,
    "_ema20": 68.06822713,
    "_ema30": 67.85580773,
    "_ema50": 67.37766084,
    "_ema100": 66.34731058,
    "_ema200": 64.5828722,
    "_psar": 71.33865243,
    "_wr": -93.85964912,
    "_mom": -1.7,
    "_mom1": -1.58,
    "stock_diff": -5.21,
    "rsi_diff": 0.16
}
