{
    "open": 15.77,
    "low": 15.53,
    "high": 16.14,
    "close": 16.06,
    "volume": 65062781,
    "change": 2.03303685,
    "_rsi": 38.5275188,
    "_rsi1": 35.32639615,
    "_stock_k": 13.23737773,
    "_stock_d": 14.96091553,
    "_stock_k1": 13.53167429,
    "_stock_d1": 16.40292291,
    "_macd_blue": -0.85915183,
    "_macd_orange": -0.85735468,
    "_cci20": -111.63356141,
    "_cci201": -136.1271387,
    "_ema10": 16.4024786,
    "_ema20": 17.02422177,
    "_ema30": 17.59515327,
    "_ema50": 18.2783346,
    "_ema100": 18.30219259,
    "_ema200": 16.87507976,
    "_psar": 17.57193218,
    "_wr": -79.9270073,
    "_mom": -0.64,
    "_mom1": -1.82,
    "stock_diff": -1.72,
    "rsi_diff": 3.2
}
