{
    "open": 32.51,
    "low": 32.205,
    "high": 33.17,
    "close": 32.77,
    "volume": 1708581,
    "change": 1.54942671,
    "_rsi": 51.10622223,
    "_rsi1": 48.77041554,
    "_stock_k": 81.56618157,
    "_stock_d": 84.39259463,
    "_stock_k1": 83.09078309,
    "_stock_d1": 82.99552166,
    "_macd_blue": -0.43856953,
    "_macd_orange": -0.17347566,
    "_cci20": 47.84195069,
    "_cci201": 30.11028123,
    "_ema10": 32.39990193,
    "_ema20": 32.42293683,
    "_ema30": 32.58770671,
    "_ema50": 32.75443688,
    "_ema100": 33.06412006,
    "_ema200": 33.00438472,
    "_psar": 30.00478436,
    "_wr": -19.75051975,
    "_mom": 2.66,
    "_mom1": 2.29,
    "stock_diff": -2.83,
    "rsi_diff": 2.34
}
