{
    "open": 38,
    "low": 37.58,
    "high": 38.75,
    "close": 38,
    "volume": 12993535,
    "change": -1.11891751,
    "_rsi": 60.41364222,
    "_rsi1": 62.73948838,
    "_stock_k": 84.66055908,
    "_stock_d": 84.11240147,
    "_stock_k1": 83.57998591,
    "_stock_d1": 84.42296272,
    "_macd_blue": -0.18978365,
    "_macd_orange": 0.47041719,
    "_cci20": 142.50828386,
    "_cci201": 178.13258864,
    "_ema10": 36.4581116,
    "_ema20": 35.74832084,
    "_ema30": 35.83510246,
    "_ema50": 37.04997422,
    "_ema100": 41.57971343,
    "_ema200": 47.26237522,
    "_psar": 33.6537868,
    "_wr": -14.72868217,
    "_mom": 3.63,
    "_mom1": 5.75,
    "stock_diff": 0.55,
    "rsi_diff": -2.33
}
