{
    "open": 67.06,
    "low": 66.65,
    "high": 68.12,
    "close": 67.64,
    "volume": 2072779,
    "change": 0.94015819,
    "_rsi": 63.78878985,
    "_rsi1": 60.80117013,
    "_stock_k": 83.43458029,
    "_stock_d": 79.80464166,
    "_stock_k1": 77.65223303,
    "_stock_d1": 77.32355423,
    "_macd_blue": 0.78854023,
    "_macd_orange": 0.90152158,
    "_cci20": 100.65226215,
    "_cci201": 82.28779819,
    "_ema10": 66.63517269,
    "_ema20": 65.89874141,
    "_ema30": 65.39015162,
    "_ema50": 64.73061562,
    "_ema100": 63.78114307,
    "_ema200": 62.84009243,
    "_psar": 66.08646592,
    "_wr": -14.50151057,
    "_mom": 2.42,
    "_mom1": 1.09,
    "stock_diff": 3.63,
    "rsi_diff": 2.99
}
