{
    "open": 445.94,
    "low": 444.76,
    "high": 450.5,
    "close": 450.49,
    "volume": 64736817,
    "change": 1.50743578,
    "_rsi": 58.94974662,
    "_rsi1": 54.99692598,
    "_stock_k": 92.61139312,
    "_stock_d": 93.19745454,
    "_stock_k1": 90.49433627,
    "_stock_d1": 94.78230968,
    "_macd_blue": -1.67036254,
    "_macd_orange": 1.73387736,
    "_cci20": 131.56756,
    "_cci201": 120.3570953,
    "_ema10": 440.64788388,
    "_ema20": 437.56612492,
    "_ema30": 438.18975965,
    "_ema50": 441.4122838,
    "_ema100": 445.25160392,
    "_ema200": 438.46844884,
    "_psar": 424.00260448,
    "_wr": -0.25380711,
    "_mom": 25.01,
    "_mom1": 16.39,
    "stock_diff": -0.59,
    "rsi_diff": 3.95
}
