{
    "open": 111.54,
    "low": 111.2,
    "high": 115.58,
    "close": 114.87,
    "change": 1.9345106,
    "_rsi": 78.78794851,
    "_rsi1": 76.42406173,
    "_stock_k": 95.77190285,
    "_stock_d": 96.62836778,
    "_stock_k1": 96.67023891,
    "_stock_d1": 97.08154337,
    "_macd_blue": 1.58157374,
    "_macd_orange": 3.25491206,
    "_cci20": 192.97998814,
    "_cci201": 228.89550546,
    "_ema10": 107.54511064,
    "_ema20": 104.34195153,
    "_ema30": 102.90198294,
    "_ema50": 101.33559206,
    "_ema100": 98.10382178,
    "_ema200": 91.79958584,
    "_psar": 100.76260606,
    "_wrr": -3.45162859,
    "stock_diff": -0.86,
    "rsi_diff": 2.36
}
