{
    "open": 38.2,
    "low": 37.46,
    "high": 38.45,
    "close": 37.55,
    "volume": 3128854,
    "change": -2.06051122,
    "_rsi": 43.82909501,
    "_rsi1": 48.47778305,
    "_stock_k": 52.26148517,
    "_stock_d": 49.67405014,
    "_stock_k1": 52.07331362,
    "_stock_d1": 45.03570788,
    "_macd_blue": -0.71101809,
    "_macd_orange": -0.64179922,
    "_cci20": -23.09117013,
    "_cci201": -6.68460618,
    "_ema10": 37.74256313,
    "_ema20": 38.22928923,
    "_ema30": 38.57201305,
    "_ema50": 38.77138538,
    "_ema100": 38.78915808,
    "_ema200": 38.72043735,
    "_psar": 36.28602567,
    "_wr": -50.42016807,
    "_mom": -0.08,
    "_mom1": 1.37,
    "stock_diff": 2.59,
    "rsi_diff": -4.65
}
