{
    "open": 138.43,
    "low": 136.98,
    "high": 138.57,
    "close": 138.23,
    "volume": 806516,
    "change": 0.42135852,
    "_rsi": 49.97944731,
    "_rsi1": 48.72803057,
    "_stock_k": 65.42583192,
    "_stock_d": 65.31302876,
    "_stock_k1": 66.14025193,
    "_stock_d1": 68.78677715,
    "_macd_blue": -1.78147869,
    "_macd_orange": -0.95545495,
    "_cci20": 77.14200616,
    "_cci201": 49.62843101,
    "_ema10": 137.23327659,
    "_ema20": 137.36513263,
    "_ema30": 138.72463568,
    "_ema50": 142.26219907,
    "_ema100": 147.83435317,
    "_ema200": 150.36135761,
    "_psar": 133.18109846,
    "_wr": -26.45234067,
    "_mom": 2.55,
    "_mom1": 2.36,
    "stock_diff": 0.11,
    "rsi_diff": 1.25
}
