{
    "open": 57.01,
    "low": 56.2,
    "high": 57.47,
    "close": 56.31,
    "volume": 2164120,
    "change": -1.86476124,
    "_rsi": 45.57397777,
    "_rsi1": 49.54288001,
    "_stock_k": 62.77755068,
    "_stock_d": 64.66588769,
    "_stock_k1": 66.97362913,
    "_stock_d1": 65.11325055,
    "_macd_blue": -1.43404258,
    "_macd_orange": -0.92733345,
    "_cci20": 23.89915958,
    "_cci201": 60.24460851,
    "_ema10": 56.38478673,
    "_ema20": 56.75758211,
    "_ema30": 57.73137963,
    "_ema50": 60.00771221,
    "_ema100": 64.00841476,
    "_ema200": 65.68390942,
    "_psar": 57.83848383,
    "_wr": -44.28274428,
    "_mom": 0.79,
    "_mom1": 3.7,
    "stock_diff": -1.89,
    "rsi_diff": -3.97
}
