{
    "open": 317.15,
    "low": 314.3,
    "high": 319.4,
    "close": 315.78,
    "volume": 4599930,
    "change": -0.40056773,
    "_rsi": 37.88751095,
    "_rsi1": 38.62201264,
    "_stock_k": 37.8333797,
    "_stock_d": 55.50248225,
    "_stock_k1": 51.99436478,
    "_stock_d1": 72.27545183,
    "_macd_blue": -6.42660714,
    "_macd_orange": -5.17787938,
    "_cci20": -79.48080782,
    "_cci201": -26.9445415,
    "_ema10": 324.76413842,
    "_ema20": 327.5250256,
    "_ema30": 332.34840832,
    "_ema50": 341.836334,
    "_ema100": 351.46342383,
    "_ema200": 345.40252815,
    "_psar": 340.74,
    "_wr": -78.02608997,
    "_mom": -2.16,
    "_mom1": -0.15,
    "stock_diff": -17.67,
    "rsi_diff": -0.73
}
