{
    "open": 45.72,
    "low": 45.54,
    "high": 46.86,
    "close": 46.68,
    "volume": 1963600,
    "change": 2.79674081,
    "_rsi": 62.54978676,
    "_rsi1": 55.90041434,
    "_stock_k": 67.78393373,
    "_stock_d": 66.58127366,
    "_stock_k1": 63.67985911,
    "_stock_d1": 68.92464492,
    "_macd_blue": 0.77896765,
    "_macd_orange": 0.79078943,
    "_cci20": 83.32425793,
    "_cci201": 27.06572836,
    "_ema10": 45.67190746,
    "_ema20": 45.07069853,
    "_ema30": 44.58993198,
    "_ema50": 44.02874726,
    "_ema100": 43.59272849,
    "_ema200": 43.43585467,
    "_psar": 43.77973112,
    "_wr": -14.28571429,
    "_mom": 0.46,
    "_mom1": -0.87,
    "stock_diff": 1.2,
    "rsi_diff": 6.65
}
