{
    "open": 69.36,
    "low": 69.3,
    "high": 70.4,
    "close": 70.36,
    "change": 1.44175317,
    "_rsi": 65.5467191,
    "_rsi1": 60.81197306,
    "_stock_k": 66.71504596,
    "_stock_d": 65.81196581,
    "_stock_k1": 60.95791001,
    "_stock_d1": 71.06162109,
    "_macd_blue": 0.73912662,
    "_macd_orange": 0.96767099,
    "_cci20": 102.13255119,
    "_cci201": 75.45394211,
    "_ema10": 69.1899086,
    "_ema20": 68.3556143,
    "_ema30": 67.83410519,
    "_ema50": 67.15542984,
    "_ema100": 66.04178934,
    "_ema200": 64.27054331,
    "_psar": 67.43289255,
    "_wrr": -22.9317852,
    "stock_diff": 0.9,
    "rsi_diff": 4.73
}
