{
    "open": 71.31,
    "low": 71.25,
    "high": 73.1,
    "close": 72.49,
    "volume": 5831674,
    "change": 2.67705382,
    "_rsi": 52.60098698,
    "_rsi1": 46.78152263,
    "_stock_k": 57.46666667,
    "_stock_d": 49.25925926,
    "_stock_k1": 46.48888889,
    "_stock_d1": 43.6620923,
    "_macd_blue": -0.83191707,
    "_macd_orange": -0.73121464,
    "_cci20": 25.24339914,
    "_cci201": -43.02204185,
    "_ema10": 70.79929116,
    "_ema20": 71.3364174,
    "_ema30": 71.75940178,
    "_ema50": 72.08337745,
    "_ema100": 71.59255712,
    "_ema200": 69.10583534,
    "_psar": 67.34034368,
    "_wr": -24.8,
    "_mom": -0.86,
    "_mom1": 0.38,
    "stock_diff": 8.21,
    "rsi_diff": 5.82
}
