{
    "open": 52.5,
    "low": 51.89,
    "high": 52.68,
    "close": 52.5,
    "volume": 11447609,
    "change": -1.35287486,
    "_rsi": 56.25507331,
    "_rsi1": 62.06437014,
    "_stock_k": 77.21822542,
    "_stock_d": 72.343312,
    "_stock_k1": 75.82749622,
    "_stock_d1": 63.77187496,
    "_macd_blue": 0.38546917,
    "_macd_orange": 0.47752641,
    "_cci20": 40.6467293,
    "_cci201": 126.43206365,
    "_ema10": 52.20853692,
    "_ema20": 51.83593517,
    "_ema30": 51.50486145,
    "_ema50": 50.8205557,
    "_ema100": 49.62211875,
    "_ema200": 48.42725704,
    "_psar": 49.955132,
    "_wr": -35.01199041,
    "_mom": 1.27,
    "_mom1": 2.22,
    "stock_diff": 4.87,
    "rsi_diff": -5.81
}
