{
    "open": 36.01,
    "low": 35.885,
    "high": 37.13,
    "close": 36.1,
    "volume": 15642229,
    "change": 2.29526778,
    "_rsi": 64.49638002,
    "_rsi1": 62.21233389,
    "_stock_k": 71.37652086,
    "_stock_d": 66.5224214,
    "_stock_k1": 64.74988312,
    "_stock_d1": 65.95501532,
    "_macd_blue": 1.91784128,
    "_macd_orange": 1.95631858,
    "_cci20": 84.42813815,
    "_cci201": 63.98171468,
    "_ema10": 34.8631855,
    "_ema20": 33.37932286,
    "_ema30": 32.1580329,
    "_ema50": 30.4525326,
    "_ema100": 28.16067457,
    "_ema200": 25.95591817,
    "_psar": 38.06714936,
    "_wr": -24.62686567,
    "_mom": 1.32,
    "_mom1": 2.07,
    "stock_diff": 4.85,
    "rsi_diff": 2.28
}
