{
    "open": 38.5,
    "low": 38.175,
    "high": 38.705,
    "close": 38.37,
    "volume": 2932594,
    "change": 0.05215124,
    "_rsi": 49.27641723,
    "_rsi1": 49.14712455,
    "_stock_k": 74.22210472,
    "_stock_d": 63.7248041,
    "_stock_k1": 64.6908224,
    "_stock_d1": 56.34187373,
    "_macd_blue": -0.63819204,
    "_macd_orange": -0.47399536,
    "_cci20": 33.64653226,
    "_cci201": 2.81424835,
    "_ema10": 37.94700507,
    "_ema20": 38.25309164,
    "_ema30": 38.54558062,
    "_ema50": 38.73976789,
    "_ema100": 38.77233392,
    "_ema200": 38.71330115,
    "_psar": 36.74453233,
    "_wr": -11.45299145,
    "_mom": 1.93,
    "_mom1": 1.34,
    "stock_diff": 10.5,
    "rsi_diff": 0.13
}
