{
    "open": 715.86,
    "low": 701.97,
    "high": 718.23,
    "close": 707.82,
    "volume": 264816,
    "change": -1.56862745,
    "_rsi": 49.57806122,
    "_rsi1": 53.57979768,
    "_stock_k": 65.13831317,
    "_stock_d": 76.37568178,
    "_stock_k1": 79.27478674,
    "_stock_d1": 81.39044006,
    "_macd_blue": -1.27042673,
    "_macd_orange": 1.43257194,
    "_cci20": 16.76508667,
    "_cci201": 83.27997747,
    "_ema10": 711.18264929,
    "_ema20": 708.1704849,
    "_ema30": 709.92885343,
    "_ema50": 719.96996431,
    "_ema100": 743.13720239,
    "_ema200": 756.73724373,
    "_psar": 682.1011824,
    "_wr": -46.82344979,
    "_mom": 3.62,
    "_mom1": 37.68,
    "stock_diff": -11.24,
    "rsi_diff": -4.0
}
