{
    "open": 514.19,
    "low": 509.24,
    "high": 516.53,
    "close": 513.03,
    "volume": 2549322,
    "change": -0.08374557,
    "_rsi": 64.18551471,
    "_rsi1": 64.54685957,
    "_stock_k": 87.80955906,
    "_stock_d": 84.57514627,
    "_stock_k1": 84.22992666,
    "_stock_d1": 83.97149618,
    "_macd_blue": 6.98133594,
    "_macd_orange": 8.86926412,
    "_cci20": 123.63212364,
    "_cci201": 127.04047585,
    "_ema10": 503.91362206,
    "_ema20": 496.33603332,
    "_ema30": 491.55773742,
    "_ema50": 485.2061534,
    "_ema100": 471.94845807,
    "_ema200": 447.21769678,
    "_psar": 501.3348,
    "_wr": -7.77604977,
    "_mom": 30.16,
    "_mom1": 22.02,
    "stock_diff": 3.23,
    "rsi_diff": -0.36
}
