{
    "open": 66.49,
    "low": 66.105,
    "high": 67.05,
    "close": 66.97,
    "volume": 940373,
    "change": 1.11731844,
    "_rsi": 43.18729659,
    "_rsi1": 39.58372653,
    "_stock_k": 32.7165972,
    "_stock_d": 36.36888371,
    "_stock_k1": 33.63347741,
    "_stock_d1": 45.99221186,
    "_macd_blue": -1.62747419,
    "_macd_orange": -1.33622901,
    "_cci20": -43.63105999,
    "_cci201": -119.29315852,
    "_ema10": 66.97906051,
    "_ema20": 67.75805661,
    "_ema30": 68.88962373,
    "_ema50": 70.90166146,
    "_ema100": 72.80540582,
    "_ema200": 71.69293184,
    "_psar": 68.3848,
    "_wr": -43.74847143,
    "_mom": 1.25,
    "_mom1": -0.38,
    "stock_diff": -3.65,
    "rsi_diff": 3.6
}
