{
    "open": 61.48,
    "low": 61.15,
    "high": 61.81,
    "close": 61.55,
    "volume": 1765915,
    "change": 0.37508154,
    "_rsi": 49.44364273,
    "_rsi1": 48.62943983,
    "_stock_k": 79.43964809,
    "_stock_d": 71.78379635,
    "_stock_k1": 71.56936197,
    "_stock_d1": 66.68184065,
    "_macd_blue": -1.64224894,
    "_macd_orange": -0.98735084,
    "_cci20": 36.69813332,
    "_cci201": 15.00246878,
    "_ema10": 60.64272768,
    "_ema20": 61.0073574,
    "_ema30": 62.02940986,
    "_ema50": 64.15662449,
    "_ema100": 67.45506935,
    "_ema200": 69.3176929,
    "_psar": 58.20155024,
    "_wr": -12.57961783,
    "_mom": 5.31,
    "_mom1": 4.84,
    "stock_diff": 7.66,
    "rsi_diff": 0.81
}
