{
    "open": 131.19,
    "low": 130.16,
    "high": 132.77,
    "close": 130.18,
    "volume": 826068,
    "change": -0.09209517,
    "_rsi": 44.72207202,
    "_rsi1": 44.99316455,
    "_stock_k": 34.36255282,
    "_stock_d": 33.90686251,
    "_stock_k1": 32.70717831,
    "_stock_d1": 33.11107378,
    "_macd_blue": -1.92987404,
    "_macd_orange": -1.75598107,
    "_cci20": 0.66097828,
    "_cci201": -34.84952241,
    "_ema10": 130.05858519,
    "_ema20": 131.30609501,
    "_ema30": 132.42395144,
    "_ema50": 133.44156312,
    "_ema100": 132.95797442,
    "_ema200": 130.57020949,
    "_psar": 127.2206,
    "_wr": -69.89553656,
    "_mom": 0.84,
    "_mom1": -1.59,
    "stock_diff": 0.46,
    "rsi_diff": -0.27
}
