{
    "open": 23.42,
    "low": 23.275,
    "high": 24.07,
    "close": 23.51,
    "change": -1.54941374,
    "_rsi": 62.08810823,
    "_rsi1": 66.08277353,
    "_stock_k": 57.56414136,
    "_stock_d": 62.01380278,
    "_stock_k1": 61.46474327,
    "_stock_d1": 70.28912018,
    "_macd_blue": 0.96527595,
    "_macd_orange": 0.97529443,
    "_cci20": 82.77231222,
    "_cci201": 100.40499924,
    "_ema10": 23.32045274,
    "_ema20": 22.60990309,
    "_ema30": 21.94164818,
    "_ema50": 20.80062745,
    "_ema100": 18.78354098,
    "_ema200": 16.25715091,
    "_psar": 22.38,
    "_wrr": -44.18440432,
    "stock_diff": -4.45,
    "rsi_diff": -3.99
}
