{
    "open": 26.67,
    "low": 26.56,
    "high": 27.655,
    "close": 26.62,
    "volume": 4822698,
    "change": -0.93040566,
    "_rsi": 49.79314088,
    "_rsi1": 51.36521422,
    "_stock_k": 51.78108605,
    "_stock_d": 45.81300595,
    "_stock_k1": 46.09749225,
    "_stock_d1": 40.78144078,
    "_macd_blue": -0.61018697,
    "_macd_orange": -0.46904017,
    "_cci20": 29.49532185,
    "_cci201": 13.63984164,
    "_ema10": 26.12329695,
    "_ema20": 26.44583956,
    "_ema30": 26.71142483,
    "_ema50": 26.84074363,
    "_ema100": 26.9682031,
    "_ema200": 28.07641367,
    "_psar": 23.90104,
    "_wr": -39.66942149,
    "_mom": 1.25,
    "_mom1": 1.6,
    "stock_diff": 5.97,
    "rsi_diff": -1.57
}
