{
    "open": 102.86,
    "low": 102.45,
    "high": 104.04,
    "close": 103.87,
    "volume": 705977,
    "change": 1.46527303,
    "_rsi": 47.80980932,
    "_rsi1": 43.87045491,
    "_stock_k": 66.08974359,
    "_stock_d": 76.60413855,
    "_stock_k1": 73.36538462,
    "_stock_d1": 85.86816298,
    "_macd_blue": -1.94575479,
    "_macd_orange": -1.02495029,
    "_cci20": 34.13860142,
    "_cci201": 43.20686099,
    "_ema10": 103.68006468,
    "_ema20": 103.85046503,
    "_ema30": 105.20998407,
    "_ema50": 108.51428048,
    "_ema100": 113.74419339,
    "_ema200": 115.19803193,
    "_psar": 99.67926132,
    "_wr": -37.5,
    "_mom": 3.27,
    "_mom1": 1.55,
    "stock_diff": -10.51,
    "rsi_diff": 3.94
}
