{
    "open": 168.31,
    "low": 163.53,
    "high": 169.255,
    "close": 164.63,
    "volume": 1090635,
    "change": -3.45980179,
    "_rsi": 46.21434077,
    "_rsi1": 52.07547556,
    "_stock_k": 67.59018191,
    "_stock_d": 76.42535137,
    "_stock_k1": 82.51276619,
    "_stock_d1": 79.94293963,
    "_macd_blue": -2.85532971,
    "_macd_orange": -1.67893705,
    "_cci20": 1.21817723,
    "_cci201": 103.52679388,
    "_ema10": 166.50871014,
    "_ema20": 167.01727802,
    "_ema30": 169.00007106,
    "_ema50": 174.11593662,
    "_ema100": 183.03059544,
    "_ema200": 184.90584644,
    "_psar": 158.4286005,
    "_wr": -52.43568692,
    "_mom": -0.17,
    "_mom1": 14.05,
    "stock_diff": -8.84,
    "rsi_diff": -5.86
}
