{
    "open": 55.79,
    "low": 54.98,
    "high": 56.1,
    "close": 55.47,
    "volume": 1837676,
    "change": 0.07216309,
    "_rsi": 42.74028899,
    "_rsi1": 42.55458838,
    "_stock_k": 47.3243933,
    "_stock_d": 55.55854034,
    "_stock_k1": 56.57367703,
    "_stock_d1": 62.10828562,
    "_macd_blue": -1.25240753,
    "_macd_orange": -0.92574181,
    "_cci20": -36.65267158,
    "_cci201": -32.59690485,
    "_ema10": 56.07642748,
    "_ema20": 56.52056041,
    "_ema30": 57.44658717,
    "_ema50": 59.65728451,
    "_ema100": 63.6728314,
    "_ema200": 65.48126474,
    "_psar": 57.67182787,
    "_wr": -56.39810427,
    "_mom": 1.67,
    "_mom1": 0.78,
    "stock_diff": -8.23,
    "rsi_diff": 0.19
}
