{
    "open": 236.87,
    "low": 236.21,
    "high": 239.49,
    "close": 238.79,
    "volume": 1422496,
    "change": 0.8105712,
    "_rsi": 64.1025542,
    "_rsi1": 61.40532313,
    "_stock_k": 73.97186527,
    "_stock_d": 70.20712766,
    "_stock_k1": 68.541535,
    "_stock_d1": 70.66309479,
    "_macd_blue": 2.12933008,
    "_macd_orange": 2.72034562,
    "_cci20": 125.17485097,
    "_cci201": 94.99205912,
    "_ema10": 235.01414596,
    "_ema20": 232.7021869,
    "_ema30": 231.18461449,
    "_ema50": 228.87756662,
    "_ema100": 225.82551348,
    "_ema200": 226.05335065,
    "_psar": 230.57384681,
    "_wr": -10.74362755,
    "_mom": 9.94,
    "_mom1": 9.92,
    "stock_diff": 3.76,
    "rsi_diff": 2.7
}
