{
    "open": 92.77,
    "low": 90.85,
    "high": 93,
    "close": 90.96,
    "volume": 2448296,
    "change": -2.31958763,
    "_rsi": 57.34330346,
    "_rsi1": 65.97194085,
    "_stock_k": 83.06956059,
    "_stock_d": 90.3975722,
    "_stock_k1": 93.46648977,
    "_stock_d1": 94.63746102,
    "_macd_blue": 0.82163404,
    "_macd_orange": 1.23999176,
    "_cci20": 137.51315959,
    "_cci201": 214.51786404,
    "_ema10": 90.30086783,
    "_ema20": 89.18518004,
    "_ema30": 88.5344085,
    "_ema50": 87.51050758,
    "_ema100": 85.12391646,
    "_ema200": 81.6355106,
    "_psar": 87.01271743,
    "_wr": -32.67326733,
    "_mom": 3,
    "_mom1": 5.64,
    "stock_diff": -7.33,
    "rsi_diff": -8.63
}
