{
    "open": 130.75,
    "low": 129.14,
    "high": 131.92,
    "close": 129.23,
    "volume": 2180364,
    "change": -1.97223697,
    "_rsi": 39.41890902,
    "_rsi1": 43.00545383,
    "_stock_k": 42.5226131,
    "_stock_d": 45.07014488,
    "_stock_k1": 47.20438189,
    "_stock_d1": 44.46589718,
    "_macd_blue": -4.05393883,
    "_macd_orange": -3.45919867,
    "_cci20": -53.36830631,
    "_cci201": -26.54852961,
    "_ema10": 131.30086953,
    "_ema20": 133.53347445,
    "_ema30": 136.11137816,
    "_ema50": 140.24680653,
    "_ema100": 144.62839526,
    "_ema200": 143.17850893,
    "_psar": 126.99115788,
    "_wr": -62.63079223,
    "_mom": -1.2,
    "_mom1": 3.07,
    "stock_diff": -2.55,
    "rsi_diff": -3.59
}
