{
    "open": 40.8,
    "low": 40.35,
    "high": 41.725,
    "close": 40.78,
    "volume": 5551712,
    "change": 0.17194792,
    "_rsi": 65.63643067,
    "_rsi1": 65.42753904,
    "_stock_k": 84.63285446,
    "_stock_d": 83.00313296,
    "_stock_k1": 85.15492949,
    "_stock_d1": 80.64541632,
    "_macd_blue": 1.62922415,
    "_macd_orange": 1.73283329,
    "_cci20": 113.30864325,
    "_cci201": 113.70071826,
    "_ema10": 39.53565749,
    "_ema20": 38.22161888,
    "_ema30": 37.09575999,
    "_ema50": 35.25264121,
    "_ema100": 31.92874813,
    "_ema200": 27.84214713,
    "_psar": 35.33644096,
    "_wr": -13.82289417,
    "_mom": 0.74,
    "_mom1": 2.01,
    "stock_diff": 1.63,
    "rsi_diff": 0.21
}
