{
    "open": 147.88,
    "low": 147.42,
    "high": 154.3,
    "close": 153.52,
    "volume": 3965161,
    "change": 4.33600652,
    "_rsi": 75.26694382,
    "_rsi1": 71.05704008,
    "_stock_k": 91.23213775,
    "_stock_d": 87.20741697,
    "_stock_k1": 88.84501503,
    "_stock_d1": 81.36876325,
    "_macd_blue": 5.66695296,
    "_macd_orange": 6.84755059,
    "_cci20": 233.3946447,
    "_cci201": 196.14037782,
    "_ema10": 141.4699183,
    "_ema20": 135.93726647,
    "_ema30": 131.82014608,
    "_ema50": 126.29289545,
    "_ema100": 119.03142334,
    "_ema200": 109.11871217,
    "_psar": 132.29276087,
    "_wr": -2.71777003,
    "_mom": 19.96,
    "_mom1": 17.13,
    "stock_diff": 4.02,
    "rsi_diff": 4.21
}
