{
    "open": 203.21,
    "low": 202.66,
    "high": 212.22,
    "close": 208.21,
    "volume": 903619,
    "change": 1.26945525,
    "_rsi": 57.12473605,
    "_rsi1": 55.66948245,
    "_stock_k": 94.02255112,
    "_stock_d": 94.10500731,
    "_stock_k1": 96.23720405,
    "_stock_d1": 90.69069601,
    "_macd_blue": -5.87846049,
    "_macd_orange": -1.77569394,
    "_cci20": 191.98531482,
    "_cci201": 183.26109136,
    "_ema10": 196.4244565,
    "_ema20": 195.64853684,
    "_ema30": 198.76010457,
    "_ema50": 206.0174222,
    "_ema100": 215.25291559,
    "_ema200": 209.75099207,
    "_psar": 178.41978402,
    "_wr": -9.50011846,
    "_mom": 21.08,
    "_mom1": 24.86,
    "stock_diff": -0.08,
    "rsi_diff": 1.46
}
