{
    "open": 55.59,
    "low": 54.28,
    "high": 55.89,
    "close": 55.42,
    "volume": 5524155,
    "change": -0.84093756,
    "_rsi": 64.52380916,
    "_rsi1": 66.26826787,
    "_stock_k": 66.83472237,
    "_stock_d": 66.64037224,
    "_stock_k1": 66.69753404,
    "_stock_d1": 66.90903271,
    "_macd_blue": 2.27904492,
    "_macd_orange": 2.93573622,
    "_cci20": 67.51370874,
    "_cci201": 93.28501239,
    "_ema10": 54.29130842,
    "_ema20": 51.73453228,
    "_ema30": 50.22365749,
    "_ema50": 48.47936656,
    "_ema100": 46.15896804,
    "_ema200": 43.40084492,
    "_psar": 53.91753515,
    "_wr": -36.83506534,
    "_mom": 8.62,
    "_mom1": 9.43,
    "stock_diff": 0.19,
    "rsi_diff": -1.74
}
