{
    "open": 90.35,
    "low": 89.15,
    "high": 90.715,
    "close": 90.42,
    "volume": 1739424,
    "change": 0.7577446,
    "_rsi": 47.78595873,
    "_rsi1": 46.39718261,
    "_stock_k": 61.35381924,
    "_stock_d": 60.48188959,
    "_stock_k1": 57.8046174,
    "_stock_d1": 59.67965051,
    "_macd_blue": -1.50674424,
    "_macd_orange": -0.94718057,
    "_cci20": -3.43606634,
    "_cci201": -7.89987712,
    "_ema10": 90.45961884,
    "_ema20": 90.79667798,
    "_ema30": 91.86216274,
    "_ema50": 94.56191774,
    "_ema100": 100.28837771,
    "_ema200": 106.08403924,
    "_psar": 85.01661244,
    "_wr": -39.01070882,
    "_mom": 0.82,
    "_mom1": 1.17,
    "stock_diff": 0.87,
    "rsi_diff": 1.39
}
