{
    "open": 306.45,
    "low": 306.02,
    "high": 313.59,
    "close": 308.51,
    "volume": 430324,
    "change": 0.9753543,
    "_rsi": 48.04830973,
    "_rsi1": 46.93709464,
    "_stock_k": 56.86449237,
    "_stock_d": 58.49825571,
    "_stock_k1": 59.79377745,
    "_stock_d1": 60.15303251,
    "_macd_blue": -5.39510165,
    "_macd_orange": -4.45276251,
    "_cci20": -3.15349269,
    "_cci201": -31.24118935,
    "_ema10": 308.5267152,
    "_ema20": 311.44251382,
    "_ema30": 314.48346164,
    "_ema50": 317.52263472,
    "_ema100": 313.53914167,
    "_ema200": 290.88891872,
    "_psar": 282.53771404,
    "_wr": -36.30368918,
    "_mom": 19.26,
    "_mom1": -3.8,
    "stock_diff": -1.63,
    "rsi_diff": 1.11
}
