{
    "open": 23.73,
    "low": 23.47,
    "high": 23.9,
    "close": 23.6,
    "volume": 5844872,
    "change": 0.34013605,
    "_rsi": 45.58723258,
    "_rsi1": 44.89443819,
    "_stock_k": 65.77266922,
    "_stock_d": 69.81216009,
    "_stock_k1": 69.47637292,
    "_stock_d1": 70.71814475,
    "_macd_blue": -0.37400558,
    "_macd_orange": -0.28823362,
    "_cci20": -9.6410326,
    "_cci201": 2.96015095,
    "_ema10": 23.79580446,
    "_ema20": 23.97315369,
    "_ema30": 24.17305672,
    "_ema50": 24.32156477,
    "_ema100": 23.99687891,
    "_ema200": 22.85214175,
    "_psar": 23.04910771,
    "_wr": -42.52873563,
    "_mom": 0.64,
    "_mom1": 0.2,
    "stock_diff": -4.04,
    "rsi_diff": 0.69
}
