{
    "open": 221.69,
    "low": 221.69,
    "high": 224.78,
    "close": 222.17,
    "volume": 2001683,
    "change": -0.24246778,
    "_rsi": 69.3441597,
    "_rsi1": 70.43814247,
    "_stock_k": 88.98704261,
    "_stock_d": 92.75981107,
    "_stock_k1": 92.70976168,
    "_stock_d1": 95.19895943,
    "_macd_blue": 3.96302007,
    "_macd_orange": 6.11179506,
    "_cci20": 85.92784447,
    "_cci201": 95.32800554,
    "_ema10": 217.50724245,
    "_ema20": 211.68041286,
    "_ema30": 209.12557451,
    "_ema50": 207.3688705,
    "_ema100": 206.59891602,
    "_ema200": 205.27187058,
    "_psar": 213.25165911,
    "_wr": -13.28288739,
    "_mom": 12.39,
    "_mom1": 12.71,
    "stock_diff": -3.77,
    "rsi_diff": -1.09
}
