{
    "open": 251.98,
    "low": 229.11,
    "high": 251.98,
    "close": 233,
    "volume": 1300229,
    "change": -8.64536365,
    "_rsi": 41.02859738,
    "_rsi1": 57.41587759,
    "_stock_k": 54.62801579,
    "_stock_d": 76.5457942,
    "_stock_k1": 82.92743849,
    "_stock_d1": 91.20130283,
    "_macd_blue": 2.5054976,
    "_macd_orange": 2.25850854,
    "_cci20": -98.13308108,
    "_cci201": 101.08922348,
    "_ema10": 248.51708038,
    "_ema20": 246.78936038,
    "_ema30": 245.6226415,
    "_ema50": 245.55544738,
    "_ema100": 248.0228824,
    "_ema200": 245.0038143,
    "_psar": 262.38,
    "_wr": -88.30778479,
    "_mom": -12.23,
    "_mom1": 16.2,
    "stock_diff": -21.92,
    "rsi_diff": -16.39
}
