{
    "open": 77.5,
    "low": 76.35,
    "high": 78.36,
    "close": 78.26,
    "volume": 1780451,
    "change": 1.38618992,
    "_rsi": 46.51415681,
    "_rsi1": 42.49856524,
    "_stock_k": 36.04094743,
    "_stock_d": 30.82321618,
    "_stock_k1": 29.2664824,
    "_stock_d1": 25.14449446,
    "_macd_blue": -0.96101552,
    "_macd_orange": -1.20949243,
    "_cci20": -51.95064068,
    "_cci201": -60.53732329,
    "_ema10": 77.75114016,
    "_ema20": 78.86296673,
    "_ema30": 79.33285242,
    "_ema50": 79.13147774,
    "_ema100": 77.11849957,
    "_ema200": 73.17925506,
    "_psar": 74.455424,
    "_wr": -51.81439619,
    "_mom": 0.66,
    "_mom1": -3.5,
    "stock_diff": 5.22,
    "rsi_diff": 4.02
}
