{
    "open": 36.11,
    "low": 35.949,
    "high": 36.555,
    "close": 36.45,
    "volume": 3034164,
    "change": 1.33444537,
    "_rsi": 54.74083556,
    "_rsi1": 52.5831707,
    "_stock_k": 78.978389,
    "_stock_d": 78.5418031,
    "_stock_k1": 78.65094957,
    "_stock_d1": 80.42272408,
    "_macd_blue": -0.1439302,
    "_macd_orange": 0.09268591,
    "_cci20": 68.71046343,
    "_cci201": 40.57549908,
    "_ema10": 35.68545528,
    "_ema20": 35.4964171,
    "_ema30": 35.54367274,
    "_ema50": 35.70976658,
    "_ema100": 35.81174657,
    "_ema200": 34.69314696,
    "_psar": 33.30538465,
    "_wr": -9.23379175,
    "_mom": 3.46,
    "_mom1": 2.51,
    "stock_diff": 0.44,
    "rsi_diff": 2.16
}
