{
    "open": 209.23,
    "low": 207.51,
    "high": 211.84,
    "close": 209.24,
    "volume": 804194,
    "change": 0.58164688,
    "_rsi": 52.68964145,
    "_rsi1": 51.26052798,
    "_stock_k": 87.87848961,
    "_stock_d": 83.53662317,
    "_stock_k1": 82.98211738,
    "_stock_d1": 78.73248554,
    "_macd_blue": -3.663832,
    "_macd_orange": -1.6302466,
    "_cci20": 111.9627398,
    "_cci201": 107.57784935,
    "_ema10": 205.65765373,
    "_ema20": 205.82381989,
    "_ema30": 207.8116691,
    "_ema50": 211.64490572,
    "_ema100": 218.1887594,
    "_ema200": 224.40053657,
    "_psar": 198.1856558,
    "_wr": -11.63831692,
    "_mom": 12.04,
    "_mom1": 9.59,
    "stock_diff": 4.34,
    "rsi_diff": 1.43
}
