{
    "open": 43.03,
    "low": 43,
    "high": 43.56,
    "close": 43.32,
    "volume": 1404976,
    "change": 0.72076261,
    "_rsi": 48.98570131,
    "_rsi1": 46.53709332,
    "_stock_k": 33.23610132,
    "_stock_d": 27.06808178,
    "_stock_k1": 26.34329337,
    "_stock_d1": 22.53391871,
    "_macd_blue": -0.36571002,
    "_macd_orange": -0.36168117,
    "_cci20": -21.81300602,
    "_cci201": -24.10999464,
    "_ema10": 43.01444165,
    "_ema20": 43.29940673,
    "_ema30": 43.49244449,
    "_ema50": 43.59220961,
    "_ema100": 43.51124484,
    "_ema200": 43.94584296,
    "_psar": 44.43312926,
    "_wr": -61.5199035,
    "_mom": 1.45,
    "_mom1": 0.38,
    "stock_diff": 6.17,
    "rsi_diff": 2.45
}
