{
    "open": 95.69,
    "low": 94.91,
    "high": 97.52,
    "close": 96.44,
    "volume": 3398805,
    "change": 0.96314908,
    "_rsi": 64.16599895,
    "_rsi1": 63.00048238,
    "_stock_k": 90.46186093,
    "_stock_d": 89.57014358,
    "_stock_k1": 91.25981342,
    "_stock_d1": 86.04145342,
    "_macd_blue": 1.58998107,
    "_macd_orange": 2.45129035,
    "_cci20": 152.5594044,
    "_cci201": 164.73005537,
    "_ema10": 91.9206171,
    "_ema20": 89.74775898,
    "_ema30": 88.37269866,
    "_ema50": 86.09981386,
    "_ema100": 82.05916623,
    "_ema200": 77.53492618,
    "_psar": 87.07451558,
    "_wr": -7.50521195,
    "_mom": 6.86,
    "_mom1": 8.38,
    "stock_diff": 0.89,
    "rsi_diff": 1.17
}
