{
    "open": 164.43,
    "low": 164.43,
    "high": 165.9,
    "close": 165.24,
    "volume": 4147459,
    "change": 0.46817049,
    "_rsi": 54.67372212,
    "_rsi1": 53.03811821,
    "_stock_k": 88.32333843,
    "_stock_d": 83.25525105,
    "_stock_k1": 84.59549926,
    "_stock_d1": 78.84587218,
    "_macd_blue": -1.7873858,
    "_macd_orange": -0.71037957,
    "_cci20": 92.94853047,
    "_cci201": 64.93486747,
    "_ema10": 162.70400686,
    "_ema20": 162.70215693,
    "_ema30": 163.59940138,
    "_ema50": 164.92378548,
    "_ema100": 164.74851127,
    "_ema200": 160.63957819,
    "_psar": 158.16423099,
    "_wr": -5.26735834,
    "_mom": 11.51,
    "_mom1": 9.96,
    "stock_diff": 5.07,
    "rsi_diff": 1.64
}
