{
    "open": 411.66,
    "low": 404.83,
    "high": 412.865,
    "close": 405.71,
    "volume": 2145205,
    "change": -2.06864922,
    "_rsi": 54.57471337,
    "_rsi1": 59.87955227,
    "_stock_k": 83.73329245,
    "_stock_d": 86.81690965,
    "_stock_k1": 90.28432175,
    "_stock_d1": 84.91842837,
    "_macd_blue": -2.14183892,
    "_macd_orange": 1.65327996,
    "_cci20": 103.45211853,
    "_cci201": 145.17735748,
    "_ema10": 400.23632876,
    "_ema20": 396.77361737,
    "_ema30": 398.23312568,
    "_ema50": 405.33780745,
    "_ema100": 417.46314105,
    "_ema200": 415.80948199,
    "_psar": 376.38978112,
    "_wr": -24.95963091,
    "_mom": 14.2,
    "_mom1": 26.15,
    "stock_diff": -3.08,
    "rsi_diff": -5.3
}
