{
    "open": 451.22,
    "low": 435.77,
    "high": 452.735,
    "close": 437.06,
    "volume": 622560,
    "change": -4.36951622,
    "_rsi": 45.42848518,
    "_rsi1": 49.70651062,
    "_stock_k": 57.70350384,
    "_stock_d": 52.05970065,
    "_stock_k1": 53.82085698,
    "_stock_d1": 46.49261286,
    "_macd_blue": -22.90488804,
    "_macd_orange": -18.6531699,
    "_cci20": -13.85189132,
    "_cci201": 0.82055494,
    "_ema10": 435.08157944,
    "_ema20": 446.90789086,
    "_ema30": 460.96880612,
    "_ema50": 487.56299867,
    "_ema100": 534.4028782,
    "_ema200": 561.39439396,
    "_psar": 387.2336628,
    "_wr": -37.15316721,
    "_mom": -4.99,
    "_mom1": 42.02,
    "stock_diff": 5.64,
    "rsi_diff": -4.28
}
