{
    "open": 85.01,
    "low": 83.99,
    "high": 85.81,
    "close": 85.59,
    "volume": 1756858,
    "change": 1.03883839,
    "_rsi": 53.50178262,
    "_rsi1": 51.3576482,
    "_stock_k": 40.07336084,
    "_stock_d": 49.2434663,
    "_stock_k1": 49.15176525,
    "_stock_d1": 63.93241359,
    "_macd_blue": 1.09401183,
    "_macd_orange": 0.9240425,
    "_cci20": 22.14521823,
    "_cci201": -18.68850742,
    "_ema10": 85.37425127,
    "_ema20": 84.77569899,
    "_ema30": 84.086198,
    "_ema50": 82.73249608,
    "_ema100": 79.58400899,
    "_ema200": 75.28190663,
    "_psar": 88.36448,
    "_wr": -41.54057772,
    "_mom": 2.18,
    "_mom1": 0.27,
    "stock_diff": -9.17,
    "rsi_diff": 2.14
}
