{
    "open": 110.31,
    "low": 109.83,
    "high": 112.45,
    "close": 112.37,
    "volume": 1635514,
    "change": 2.65850539,
    "_rsi": 54.51088286,
    "_rsi1": 49.98953929,
    "_stock_k": 69.48656558,
    "_stock_d": 72.43261679,
    "_stock_k1": 71.02952913,
    "_stock_d1": 79.88787019,
    "_macd_blue": -0.4516038,
    "_macd_orange": 0.14203924,
    "_cci20": 64.36477831,
    "_cci201": -5.04960983,
    "_ema10": 109.9629207,
    "_ema20": 109.50435084,
    "_ema30": 109.80985613,
    "_ema50": 110.95480025,
    "_ema100": 112.3208036,
    "_ema200": 109.75480896,
    "_psar": 104.84702795,
    "_wr": -9.01835595,
    "_mom": 8.92,
    "_mom1": 3.76,
    "stock_diff": -2.95,
    "rsi_diff": 4.52
}
