{
    "open": 118.65,
    "low": 117.7399,
    "high": 119.31,
    "close": 118.95,
    "volume": 2896321,
    "change": 0.95909014,
    "_rsi": 47.06068509,
    "_rsi1": 44.49173881,
    "_stock_k": 43.58267688,
    "_stock_d": 55.42173323,
    "_stock_k1": 54.21612668,
    "_stock_d1": 70.88427971,
    "_macd_blue": -1.34222945,
    "_macd_orange": -0.9848839,
    "_cci20": -12.01385515,
    "_cci201": -62.50609201,
    "_ema10": 119.16125032,
    "_ema20": 119.63514129,
    "_ema30": 120.58849398,
    "_ema50": 122.43131141,
    "_ema100": 124.29725785,
    "_ema200": 123.19219121,
    "_psar": 115.41776736,
    "_wr": -44.988173,
    "_mom": 4.93,
    "_mom1": 0.82,
    "stock_diff": -11.84,
    "rsi_diff": 2.57
}
