{
    "open": 210.51,
    "low": 210.01,
    "high": 213.72,
    "close": 213.01,
    "volume": 736209,
    "change": 1.6172121,
    "_rsi": 55.22805167,
    "_rsi1": 51.27471989,
    "_stock_k": 72.45923027,
    "_stock_d": 66.61013264,
    "_stock_k1": 64.37051533,
    "_stock_d1": 61.0219613,
    "_macd_blue": -3.63426276,
    "_macd_orange": -1.63286039,
    "_cci20": 102.24022377,
    "_cci201": 87.86489185,
    "_ema10": 207.39302552,
    "_ema20": 207.5302088,
    "_ema30": 209.6956421,
    "_ema50": 215.57593405,
    "_ema100": 231.89164589,
    "_ema200": 252.99280875,
    "_psar": 193.860848,
    "_wr": -20.39138943,
    "_mom": 14.37,
    "_mom1": 7.35,
    "stock_diff": 5.85,
    "rsi_diff": 3.95
}
