{
    "open": 192.635,
    "low": 186.67,
    "high": 193.56,
    "close": 188.95,
    "change": -3.20680293,
    "_rsi": 30.792776,
    "_rsi1": 33.11524236,
    "_stock_k": 27.87555584,
    "_stock_d": 24.82394559,
    "_stock_k1": 28.81345415,
    "_stock_d1": 20.60888078,
    "_macd_blue": -21.59290286,
    "_macd_orange": -19.23078984,
    "_cci20": -138.10268353,
    "_cci201": -109.17751497,
    "_ema10": 198.03133177,
    "_ema20": 210.66385398,
    "_ema30": 224.99033773,
    "_ema50": 248.46853598,
    "_ema100": 280.83138141,
    "_ema200": 299.13294283,
    "_psar": 206.10733391,
    "_wrr": -89.49735215,
    "stock_diff": 3.05,
    "rsi_diff": -2.32
}
