{
    "open": 192.635,
    "low": 186.67,
    "high": 193.56,
    "close": 187.61,
    "volume": 34659577,
    "change": -3.89324317,
    "_rsi": 30.33733783,
    "_rsi1": 33.11524236,
    "_stock_k": 26.22373094,
    "_stock_d": 24.27333729,
    "_stock_k1": 28.81345415,
    "_stock_d1": 20.60888078,
    "_macd_blue": -21.61428178,
    "_macd_orange": -19.33768442,
    "_cci20": -141.50193672,
    "_cci201": -109.17751497,
    "_ema10": 197.7876954,
    "_ema20": 210.53623493,
    "_ema30": 224.90388611,
    "_ema50": 248.41598696,
    "_ema100": 280.80484676,
    "_ema200": 299.11960949,
    "_psar": 206.10733391,
    "_wr": -94.45282684,
    "stock_diff": 1.95,
    "rsi_diff": -2.78
}
