{
    "open": 192.635,
    "low": 186.67,
    "high": 193.56,
    "close": 189.03,
    "change": -3.16582142,
    "_rsi": 30.82039929,
    "_rsi1": 33.11524236,
    "_stock_k": 27.97417225,
    "_stock_d": 24.85681773,
    "_stock_k1": 28.81345415,
    "_stock_d1": 20.60888078,
    "_macd_blue": -21.59162651,
    "_macd_orange": -19.22440807,
    "_cci20": -137.89909321,
    "_cci201": -109.17751497,
    "_ema10": 198.04587722,
    "_ema20": 210.67147303,
    "_ema30": 224.99549902,
    "_ema50": 248.47167323,
    "_ema100": 280.83296557,
    "_ema200": 299.13373885,
    "_psar": 206.10733391,
    "_wrr": -89.20150291,
    "stock_diff": 3.12,
    "rsi_diff": -2.29
}
