{
    "open": 91.28,
    "low": 88.63,
    "high": 91.54,
    "close": 90.22,
    "volume": 2284201,
    "change": -0.22119,
    "_rsi": 47.39700202,
    "_rsi1": 47.78595873,
    "_stock_k": 57.99762026,
    "_stock_d": 59.05201897,
    "_stock_k1": 61.35381924,
    "_stock_d1": 60.48188959,
    "_macd_blue": -1.38426979,
    "_macd_orange": -0.89437197,
    "_cci20": 0.76379984,
    "_cci201": -3.43606634,
    "_ema10": 90.41605177,
    "_ema20": 90.74175627,
    "_ema30": 91.75621675,
    "_ema50": 94.39164646,
    "_ema100": 100.08900389,
    "_ema200": 105.9261881,
    "_psar": 85.20118019,
    "_wr": -41.05048445,
    "_mom": 2.46,
    "_mom1": 0.82,
    "stock_diff": -1.05,
    "rsi_diff": -0.39
}
