{
    "open": 809,
    "low": 804,
    "high": 840.87,
    "close": 837.28,
    "volume": 12010271,
    "change": 4.41332352,
    "_rsi": 47.9325859,
    "_rsi1": 43.1273169,
    "_stock_k": 49.77106796,
    "_stock_d": 49.57200522,
    "_stock_k1": 46.27659574,
    "_stock_d1": 54.73793622,
    "_macd_blue": -29.33060609,
    "_macd_orange": -26.98083942,
    "_cci20": -13.12765377,
    "_cci201": -97.31194478,
    "_ema10": 821.15546144,
    "_ema20": 839.20894296,
    "_ema30": 859.31377808,
    "_ema50": 891.03310617,
    "_ema100": 908.28818664,
    "_ema200": 855.7657349,
    "_psar": 737.83713112,
    "_wr": -39.3006575,
    "_mom": -42.61,
    "_mom1": -62.48,
    "stock_diff": 0.2,
    "rsi_diff": 4.81
}
