{
    "open": 3052.81,
    "low": 3042.8,
    "high": 3149.97,
    "close": 3144.78,
    "volume": 3646661,
    "change": 2.70077856,
    "_rsi": 57.81165835,
    "_rsi1": 54.23419545,
    "_stock_k": 86.17980099,
    "_stock_d": 68.97859942,
    "_stock_k1": 66.42877101,
    "_stock_d1": 57.73150241,
    "_macd_blue": -48.74146081,
    "_macd_orange": -22.50715967,
    "_cci20": 115.56431953,
    "_cci201": 44.87938715,
    "_ema10": 2969.56166363,
    "_ema20": 2974.2638874,
    "_ema30": 2999.7081336,
    "_ema50": 3058.87157587,
    "_ema100": 3165.14485876,
    "_ema200": 3227.17668738,
    "_psar": 2734.8602842,
    "_wr": -1.08459417,
    "_mom": 186.81,
    "_mom1": 21.03,
    "stock_diff": 17.2,
    "rsi_diff": 3.58
}
