{
    "open": 217.76,
    "low": 206.06,
    "high": 222.17,
    "close": 211.49,
    "volume": 5691209,
    "change": -5.09759928,
    "_rsi": 44.15547084,
    "_rsi1": 47.28561274,
    "_stock_k": 46.54144661,
    "_stock_d": 37.81077686,
    "_stock_k1": 41.46418632,
    "_stock_d1": 26.51927071,
    "_macd_blue": -22.75679304,
    "_macd_orange": -20.21804529,
    "_cci20": -19.62124951,
    "_cci201": -12.82996828,
    "_ema10": 206.24512469,
    "_ema20": 220.35348577,
    "_ema30": 233.94548125,
    "_ema50": 254.54502794,
    "_ema100": 279.15549658,
    "_ema200": 288.02539466,
    "_psar": 167.627824,
    "_wr": -54.70684195,
    "_mom": 18.49,
    "_mom1": 13.2,
    "stock_diff": 8.73,
    "rsi_diff": -3.13
}
