{
    "open": 2730,
    "low": 2730,
    "high": 2830,
    "close": 2805.55,
    "volume": 1487148,
    "change": 2.78358862,
    "_rsi": 59.89653164,
    "_rsi1": 54.83846342,
    "_stock_k": 93.91713921,
    "_stock_d": 89.27843493,
    "_stock_k1": 90.03212669,
    "_stock_d1": 79.48878495,
    "_macd_blue": -17.28567302,
    "_macd_orange": 5.8389217,
    "_cci20": 186.12556659,
    "_cci201": 120.87219398,
    "_ema10": 2692.85078879,
    "_ema20": 2677.24449081,
    "_ema30": 2683.78537996,
    "_ema50": 2708.63275218,
    "_ema100": 2739.47665228,
    "_ema200": 2661.01527459,
    "_psar": 2556.01944216,
    "_wr": -7.81687101,
    "_mom": 259.98,
    "_mom1": 200.28,
    "stock_diff": 4.64,
    "rsi_diff": 5.06
}
