{
    "open": 79.18,
    "low": 78.97,
    "high": 79.56,
    "close": 79.44,
    "volume": 2745104,
    "change": 0.69717328,
    "_rsi": 60.58307167,
    "_rsi1": 58.05276877,
    "_stock_k": 91.61327841,
    "_stock_d": 92.76738036,
    "_stock_k1": 92.59403593,
    "_stock_d1": 91.38198419,
    "_macd_blue": -0.20186794,
    "_macd_orange": 0.21355129,
    "_cci20": 175.53849767,
    "_cci201": 188.91830982,
    "_ema10": 77.99634986,
    "_ema20": 77.63042329,
    "_ema30": 77.67721698,
    "_ema50": 77.89123474,
    "_ema100": 77.8926705,
    "_ema200": 76.41569259,
    "_psar": 76.04323777,
    "_wr": -3.85551459,
    "_mom": 3.96,
    "_mom1": 2.63,
    "stock_diff": -1.15,
    "rsi_diff": 2.53
}
