{
    "open": 56.05,
    "low": 55.65,
    "high": 57.37,
    "close": 57.22,
    "volume": 1068882,
    "change": 2.61836442,
    "_rsi": 49.70194842,
    "_rsi1": 45.06066374,
    "_stock_k": 73.39886203,
    "_stock_d": 56.45204169,
    "_stock_k1": 54.62065282,
    "_stock_d1": 43.55941905,
    "_macd_blue": -2.62862251,
    "_macd_orange": -1.93999589,
    "_cci20": 17.5374033,
    "_cci201": -12.92505477,
    "_ema10": 55.13870002,
    "_ema20": 56.31283699,
    "_ema30": 57.68496027,
    "_ema50": 59.25416583,
    "_ema100": 60.89485445,
    "_ema200": 63.67152883,
    "_psar": 50.77771673,
    "_wr": -1.95822454,
    "_mom": 7.11,
    "_mom1": 4.43,
    "stock_diff": 16.95,
    "rsi_diff": 4.64
}
