{
    "open": 108.16,
    "low": 105.3,
    "high": 108.74,
    "close": 107.08,
    "volume": 603106,
    "change": -0.76915948,
    "_rsi": 57.2933515,
    "_rsi1": 58.98911343,
    "_stock_k": 76.0197306,
    "_stock_d": 76.95566939,
    "_stock_k1": 77.5564409,
    "_stock_d1": 80.01011826,
    "_macd_blue": 0.32690968,
    "_macd_orange": 1.43573824,
    "_cci20": 93.45660128,
    "_cci201": 104.02174877,
    "_ema10": 105.11686315,
    "_ema20": 103.37555393,
    "_ema30": 103.25169444,
    "_ema50": 105.10402391,
    "_ema100": 110.33990235,
    "_ema200": 112.89207902,
    "_psar": 98.67542795,
    "_wr": -21.57085942,
    "_mom": 10.96,
    "_mom1": 9.58,
    "stock_diff": -0.94,
    "rsi_diff": -1.7
}
