{
    "open": 66.8,
    "low": 66,
    "high": 66.94,
    "close": 66.65,
    "volume": 672865,
    "change": 0.33117567,
    "_rsi": 54.67122807,
    "_rsi1": 53.83579779,
    "_stock_k": 54.73865946,
    "_stock_d": 46.16650474,
    "_stock_k1": 45.4629824,
    "_stock_d1": 40.19952285,
    "_macd_blue": -0.53628074,
    "_macd_orange": -0.19564652,
    "_cci20": 64.47508956,
    "_cci201": 42.76656528,
    "_ema10": 65.43015692,
    "_ema20": 65.40550527,
    "_ema30": 65.6957576,
    "_ema50": 66.42907271,
    "_ema100": 67.8781129,
    "_ema200": 69.4914538,
    "_psar": 62.33,
    "_wr": -24.73867596,
    "_mom": 4.1,
    "_mom1": 2.87,
    "stock_diff": 8.57,
    "rsi_diff": 0.84
}
