{
    "open": 51.47,
    "low": 51.41,
    "high": 52.59,
    "close": 52.56,
    "volume": 19135288,
    "change": 2.3962595,
    "_rsi": 52.59833705,
    "_rsi1": 48.47167158,
    "_stock_k": 69.50900761,
    "_stock_d": 73.15741953,
    "_stock_k1": 73.27006722,
    "_stock_d1": 77.41157856,
    "_macd_blue": -0.83971105,
    "_macd_orange": -0.40444158,
    "_cci20": 75.58723433,
    "_cci201": 32.31147036,
    "_ema10": 51.43528682,
    "_ema20": 51.54094345,
    "_ema30": 51.92216208,
    "_ema50": 52.22801361,
    "_ema100": 51.56442123,
    "_ema200": 48.95384631,
    "_psar": 48.9079684,
    "_wr": -20.89171975,
    "_mom": 4.09,
    "_mom1": 2.32,
    "stock_diff": -3.65,
    "rsi_diff": 4.13
}
