{
    "open": 143.14,
    "low": 141.52,
    "high": 143.73,
    "close": 141.95,
    "volume": 6541845,
    "change": -1.28650904,
    "_rsi": 51.91725764,
    "_rsi1": 57.67771544,
    "_stock_k": 62.39491195,
    "_stock_d": 73.81448242,
    "_stock_k1": 76.55079654,
    "_stock_d1": 81.98158917,
    "_macd_blue": 1.39143077,
    "_macd_orange": 1.5704736,
    "_cci20": 32.24881076,
    "_cci201": 66.46728309,
    "_ema10": 143.21381671,
    "_ema20": 141.86672883,
    "_ema30": 141.12861893,
    "_ema50": 140.76148484,
    "_ema100": 141.17047518,
    "_ema200": 141.28652595,
    "_psar": 147.29,
    "_wr": -55.05154639,
    "_mom": 2.49,
    "_mom1": 5.06,
    "stock_diff": -11.42,
    "rsi_diff": -5.76
}
