{
    "open": 31.27,
    "low": 31.17,
    "high": 31.32,
    "close": 31.32,
    "volume": 2285,
    "change": 0.06389776,
    "_rsi": 67.59077409,
    "_rsi1": 67.37683749,
    "_stock_k": 97.76286353,
    "_stock_d": 96.7726516,
    "_stock_k1": 97.1049688,
    "_stock_d1": 94.8826482,
    "_macd_blue": 0.21470761,
    "_macd_orange": 0.34960588,
    "_cci20": 133.09611556,
    "_cci201": 151.91520806,
    "_ema10": 30.77416839,
    "_ema20": 30.44516947,
    "_ema30": 30.2884492,
    "_ema50": 30.19232576,
    "_ema100": 30.1679551,
    "_ema200": 29.78543585,
    "_psar": 30.19629278,
    "_wr": 0,
    "_mom": 0.89,
    "_mom1": 1.11,
    "stock_diff": 0.99,
    "rsi_diff": 0.21
}
