{
    "open": 142.34,
    "low": 141.64,
    "high": 144.05,
    "close": 143.86,
    "volume": 539818,
    "change": 1.67503004,
    "_rsi": 49.68121446,
    "_rsi1": 45.42926147,
    "_stock_k": 82.88574149,
    "_stock_d": 80.01237252,
    "_stock_k1": 77.84439706,
    "_stock_d1": 77.91657224,
    "_macd_blue": -3.18140596,
    "_macd_orange": -1.91555264,
    "_cci20": 87.65217244,
    "_cci201": 65.85980086,
    "_ema10": 141.99271552,
    "_ema20": 142.6831989,
    "_ema30": 144.67164161,
    "_ema50": 148.43995234,
    "_ema100": 153.1021536,
    "_ema200": 153.09197419,
    "_psar": 136.51034984,
    "_wr": -8.08240887,
    "_mom": 5.28,
    "_mom1": 2.88,
    "stock_diff": 2.87,
    "rsi_diff": 4.25
}
