{
    "open": 88.76,
    "low": 88.51,
    "high": 92.04,
    "close": 90.57,
    "change": 1.1051574,
    "_rsi": 59.34836248,
    "_rsi1": 57.79543823,
    "_stock_k": 72.83474685,
    "_stock_d": 68.64286678,
    "_stock_k1": 72.75764585,
    "_stock_d1": 63.99547268,
    "_macd_blue": 0.76838205,
    "_macd_orange": 1.12548645,
    "_cci20": 107.57104842,
    "_cci201": 57.51771125,
    "_ema10": 87.35555096,
    "_ema20": 86.47026405,
    "_ema30": 85.63021541,
    "_ema50": 83.76759984,
    "_ema100": 80.23402706,
    "_ema200": 76.24517205,
    "_psar": 81.28718654,
    "_wrr": -15.80570547,
    "stock_diff": 4.19,
    "rsi_diff": 1.55
}
