{
    "open": 319.28,
    "low": 316.76,
    "high": 321.794,
    "close": 318.655,
    "change": 0.2248852,
    "_rsi": 34.54821878,
    "_rsi1": 33.69844375,
    "_stock_k": 40.63515705,
    "_stock_d": 36.81702239,
    "_stock_k1": 34.23386609,
    "_stock_d1": 36.15217793,
    "_macd_blue": -12.27725797,
    "_macd_orange": -11.24808779,
    "_cci20": -45.90475594,
    "_cci201": -67.96454808,
    "_ema10": 321.28949793,
    "_ema20": 329.01403603,
    "_ema30": 336.92101363,
    "_ema50": 348.2732169,
    "_ema100": 356.26637244,
    "_ema200": 347.11982734,
    "_psar": 303.49679549,
    "_wrr": -48.22192513,
    "stock_diff": 3.82,
    "rsi_diff": 0.85
}
