{
    "open": 319.28,
    "low": 316.76,
    "high": 321.794,
    "close": 318.695,
    "change": 0.23746619,
    "_rsi": 34.59511571,
    "_rsi1": 33.69844375,
    "_stock_k": 40.67080767,
    "_stock_d": 36.82890593,
    "_stock_k1": 34.23386609,
    "_stock_d1": 36.15217793,
    "_macd_blue": -12.27661979,
    "_macd_orange": -11.2448969,
    "_cci20": -45.84267955,
    "_cci201": -67.96454808,
    "_ema10": 321.29677066,
    "_ema20": 329.01784556,
    "_ema30": 336.92359427,
    "_ema50": 348.27478553,
    "_ema100": 356.26716452,
    "_ema200": 347.12022535,
    "_psar": 303.49679549,
    "_wrr": -48.11497326,
    "stock_diff": 3.84,
    "rsi_diff": 0.9
}
