{
    "open": 319.28,
    "low": 316.23,
    "high": 321.794,
    "close": 316.79,
    "volume": 2972799,
    "change": -0.36170347,
    "_rsi": 33.00914332,
    "_rsi1": 33.69844375,
    "_stock_k": 38.97294671,
    "_stock_d": 36.26295227,
    "_stock_k1": 34.23386609,
    "_stock_d1": 36.15217793,
    "_macd_blue": -12.30701296,
    "_macd_orange": -11.39686271,
    "_cci20": -49.61479096,
    "_cci201": -67.96454808,
    "_ema10": 320.95040702,
    "_ema20": 328.83641699,
    "_ema30": 336.80069105,
    "_ema50": 348.20007965,
    "_ema100": 356.22944174,
    "_ema200": 347.10127013,
    "_psar": 303.49679549,
    "_wr": -53.20855615,
    "stock_diff": 2.71,
    "rsi_diff": -0.69
}
