{
    "open": 175.84,
    "low": 172.35,
    "high": 181.86,
    "close": 179.68,
    "volume": 6313891,
    "change": 0.531528,
    "_rsi": 60.11530213,
    "_rsi1": 59.7102299,
    "_stock_k": 90.46825277,
    "_stock_d": 91.82940789,
    "_stock_k1": 90.69885714,
    "_stock_d1": 92.46986347,
    "_macd_blue": -0.11208141,
    "_macd_orange": 5.44590635,
    "_cci20": 110.62969262,
    "_cci201": 144.15782047,
    "_ema10": 169.58530822,
    "_ema20": 162.2128049,
    "_ema30": 162.60373194,
    "_ema50": 173.50077106,
    "_ema100": 205.81476532,
    "_ema200": 224.81921137,
    "_psar": 148.97319469,
    "_wr": -12.6079709,
    "_mom": 40.16,
    "_mom1": 36.24,
    "stock_diff": -1.36,
    "rsi_diff": 0.41
}
