{
    "open": 99.95,
    "low": 99.81,
    "high": 100.7,
    "close": 100.43,
    "volume": 600216,
    "change": 0.79285428,
    "_rsi": 52.24696732,
    "_rsi1": 50.19252851,
    "_stock_k": 79.54103462,
    "_stock_d": 79.93978133,
    "_stock_k1": 80.93861226,
    "_stock_d1": 76.65371671,
    "_macd_blue": -0.83661592,
    "_macd_orange": -0.37150485,
    "_cci20": 73.48402394,
    "_cci201": 74.49753719,
    "_ema10": 99.30005182,
    "_ema20": 99.40230871,
    "_ema30": 99.69336544,
    "_ema50": 99.58585903,
    "_ema100": 98.36557498,
    "_ema200": 96.87125632,
    "_psar": 95.63688644,
    "_wr": -21.1201867,
    "_mom": 4.35,
    "_mom1": 2.19,
    "stock_diff": -0.4,
    "rsi_diff": 2.05
}
