{
    "open": 208.93,
    "low": 205.4,
    "high": 209.0575,
    "close": 208,
    "volume": 838603,
    "change": -0.11525163,
    "_rsi": 66.06679061,
    "_rsi1": 66.49009668,
    "_stock_k": 83.13832558,
    "_stock_d": 86.85943613,
    "_stock_k1": 86.50610672,
    "_stock_d1": 91.26674901,
    "_macd_blue": 2.27021661,
    "_macd_orange": 4.90414546,
    "_cci20": 95.9653186,
    "_cci201": 114.32781818,
    "_ema10": 203.20971203,
    "_ema20": 198.01776189,
    "_ema30": 196.56303075,
    "_ema50": 197.56483012,
    "_ema100": 200.59951045,
    "_ema200": 199.25012081,
    "_psar": 199.03693426,
    "_wr": -16.79948996,
    "_mom": 25.96,
    "_mom1": 23.4,
    "stock_diff": -3.72,
    "rsi_diff": -0.42
}
