{
    "open": 180.76,
    "low": 178.25,
    "high": 181.15,
    "close": 179.69,
    "volume": 809454,
    "change": 0.43597339,
    "_rsi": 52.62464413,
    "_rsi1": 51.76071108,
    "_stock_k": 71.22521607,
    "_stock_d": 78.29171345,
    "_stock_k1": 77.7765976,
    "_stock_d1": 81.94960243,
    "_macd_blue": 0.65804667,
    "_macd_orange": 1.10427444,
    "_cci20": 56.53591403,
    "_cci201": 81.45346292,
    "_ema10": 179.03075842,
    "_ema20": 178.10850317,
    "_ema30": 177.28454183,
    "_ema50": 174.81853124,
    "_ema100": 168.38080066,
    "_ema200": 159.74903649,
    "_psar": 170.6020105,
    "_wr": -35.58718861,
    "_mom": 5.79,
    "_mom1": 5.7,
    "stock_diff": -7.07,
    "rsi_diff": 0.86
}
