{
    "open": 184.66,
    "low": 176.8,
    "high": 185.75,
    "close": 178.73,
    "volume": 7317154,
    "change": -4.27913453,
    "_rsi": 59.7102299,
    "_rsi1": 64.8542556,
    "_stock_k": 90.69885714,
    "_stock_d": 92.46986347,
    "_stock_k1": 94.32111377,
    "_stock_d1": 94.25516904,
    "_macd_blue": -1.50157835,
    "_macd_orange": 4.61527055,
    "_cci20": 144.15782047,
    "_cci201": 176.43156057,
    "_ema10": 167.34204338,
    "_ema20": 160.37415278,
    "_ema30": 161.42605828,
    "_ema50": 173.24855764,
    "_ema100": 206.34274038,
    "_ema200": 225.27287179,
    "_psar": 143.6513576,
    "_wr": -14.04758297,
    "_mom": 36.24,
    "_mom1": 57.44,
    "stock_diff": -1.77,
    "rsi_diff": -5.14
}
