{
    "open": 56.67,
    "low": 54.94,
    "high": 56.67,
    "close": 55.43,
    "volume": 1076467,
    "change": -1.56277748,
    "_rsi": 42.55458838,
    "_rsi1": 45.57397777,
    "_stock_k": 56.57367703,
    "_stock_d": 62.10828562,
    "_stock_k1": 62.77755068,
    "_stock_d1": 64.66588769,
    "_macd_blue": -1.33407396,
    "_macd_orange": -0.93419948,
    "_cci20": -32.59690485,
    "_cci201": 23.89915958,
    "_ema10": 56.21118914,
    "_ema20": 56.63114571,
    "_ema30": 57.58290353,
    "_ema50": 59.82819408,
    "_ema100": 63.83854516,
    "_ema200": 65.58188047,
    "_psar": 57.75431416,
    "_wr": -57.34597156,
    "_mom": 0.78,
    "_mom1": 0.79,
    "stock_diff": -5.53,
    "rsi_diff": -3.02
}
