{
    "open": 232,
    "low": 230.58,
    "high": 233.175,
    "close": 232.4,
    "volume": 480306,
    "change": 0.58864266,
    "_rsi": 56.50081747,
    "_rsi1": 55.18964498,
    "_stock_k": 77.36606454,
    "_stock_d": 77.63536644,
    "_stock_k1": 76.88744789,
    "_stock_d1": 81.37307421,
    "_macd_blue": -0.12027704,
    "_macd_orange": 1.44709221,
    "_cci20": 107.19149616,
    "_cci201": 88.22388942,
    "_ema10": 228.8317836,
    "_ema20": 226.72077066,
    "_ema30": 227.05930067,
    "_ema50": 230.06975775,
    "_ema100": 234.45112348,
    "_ema200": 229.61550385,
    "_psar": 226.37,
    "_wr": -11.85734136,
    "_mom": 10.63,
    "_mom1": 8.74,
    "stock_diff": -0.27,
    "rsi_diff": 1.31
}
