{
    "open": 775.27,
    "low": 756.57,
    "high": 805.57,
    "close": 801.89,
    "volume": 21979901,
    "change": 4.63483696,
    "_rsi": 43.1273169,
    "_rsi1": 37.77523608,
    "_stock_k": 46.27659574,
    "_stock_d": 54.73793622,
    "_stock_k1": 52.66835194,
    "_stock_d1": 61.59355962,
    "_macd_blue": -29.91804776,
    "_macd_orange": -30.45430622,
    "_cci20": -97.31194478,
    "_cci201": -135.75219962,
    "_ema10": 817.57223064,
    "_ema20": 839.41198959,
    "_ema30": 860.83334898,
    "_ema50": 893.2271105,
    "_ema100": 909.72269546,
    "_ema200": 855.95152118,
    "_psar": 734.73421543,
    "_wr": -46.33979355,
    "_mom": -62.48,
    "_mom1": -104.06,
    "stock_diff": -8.46,
    "rsi_diff": 5.35
}
