{
    "open": 25.39,
    "low": 25.25,
    "high": 25.78,
    "close": 25.77,
    "volume": 3660117,
    "change": 1.09846999,
    "_rsi": 51.76356749,
    "_rsi1": 49.10797149,
    "_stock_k": 56.56685596,
    "_stock_d": 39.17863375,
    "_stock_k1": 36.56543933,
    "_stock_d1": 29.65949996,
    "_macd_blue": -0.2495078,
    "_macd_orange": -0.23197368,
    "_cci20": 10.53628163,
    "_cci201": -45.30522232,
    "_ema10": 25.32223399,
    "_ema20": 25.51114059,
    "_ema30": 25.61209289,
    "_ema50": 25.58427584,
    "_ema100": 25.33550905,
    "_ema200": 24.9420126,
    "_psar": 24.48,
    "_wr": -0.76923077,
    "_mom": 0.29,
    "_mom1": 0.22,
    "stock_diff": 17.39,
    "rsi_diff": 2.66
}
