{
    "open": 82.04,
    "low": 81.23,
    "high": 82.84,
    "close": 81.73,
    "volume": 5684980,
    "change": -0.62013619,
    "_rsi": 56.97784371,
    "_rsi1": 58.73284062,
    "_stock_k": 87.49059248,
    "_stock_d": 88.34781109,
    "_stock_k1": 89.72272019,
    "_stock_d1": 90.3158258,
    "_macd_blue": 0.07019231,
    "_macd_orange": 0.73989656,
    "_cci20": 105.98294362,
    "_cci201": 117.50379922,
    "_ema10": 80.5404468,
    "_ema20": 79.56499036,
    "_ema30": 79.59989697,
    "_ema50": 80.80443643,
    "_ema100": 83.46294152,
    "_ema200": 83.2799836,
    "_psar": 79.31351783,
    "_wr": -11.41388175,
    "_mom": 3.91,
    "_mom1": 5.59,
    "stock_diff": -0.86,
    "rsi_diff": -1.75
}
