{
    "open": 147.99,
    "low": 147.64,
    "high": 150.29,
    "close": 149.6201,
    "volume": 4617746,
    "change": 2.38134665,
    "_rsi": 47.80716694,
    "_rsi1": 43.01517408,
    "_stock_k": 32.46538725,
    "_stock_d": 23.56759462,
    "_stock_k1": 18.88708424,
    "_stock_d1": 24.30711076,
    "_macd_blue": -3.36020314,
    "_macd_orange": -3.29607759,
    "_cci20": -13.27772917,
    "_cci201": -97.43842659,
    "_ema10": 147.33095051,
    "_ema20": 149.73123453,
    "_ema30": 151.92553889,
    "_ema50": 155.09744701,
    "_ema100": 157.60217383,
    "_ema200": 154.21075825,
    "_psar": 153.41592149,
    "_wr": -40.78067169,
    "_mom": -4.6399,
    "_mom1": -4.85,
    "stock_diff": 8.9,
    "rsi_diff": 4.79
}
