{
    "open": 79.06,
    "low": 78.06,
    "high": 79.27,
    "close": 78.7,
    "volume": 1702996,
    "change": 0.17820774,
    "_rsi": 47.74442721,
    "_rsi1": 47.42386624,
    "_stock_k": 64.54867576,
    "_stock_d": 64.72443801,
    "_stock_k1": 66.59590676,
    "_stock_d1": 65.58336773,
    "_macd_blue": -1.65994563,
    "_macd_orange": -1.08808952,
    "_cci20": 2.87920749,
    "_cci201": -14.93247404,
    "_ema10": 78.46714106,
    "_ema20": 78.95358817,
    "_ema30": 79.98508003,
    "_ema50": 81.95571003,
    "_ema100": 85.01858745,
    "_ema200": 87.13519946,
    "_psar": 72.3616098,
    "_wr": -30.5764411,
    "_mom": 5.48,
    "_mom1": 3.17,
    "stock_diff": -0.18,
    "rsi_diff": 0.32
}
