{
    "open": 75.77,
    "low": 74.92,
    "high": 75.93,
    "close": 75.67,
    "volume": 2621075,
    "change": 0.33147706,
    "_rsi": 50.42999889,
    "_rsi1": 49.62750562,
    "_stock_k": 67.32891832,
    "_stock_d": 68.598234,
    "_stock_k1": 67.49448124,
    "_stock_d1": 74.43163773,
    "_macd_blue": -0.6322622,
    "_macd_orange": -0.33421233,
    "_cci20": 43.54044969,
    "_cci201": 10.0902961,
    "_ema10": 75.19925159,
    "_ema20": 75.26023858,
    "_ema30": 75.69331081,
    "_ema50": 76.67129601,
    "_ema100": 77.51492595,
    "_ema200": 75.69078696,
    "_psar": 72.05118889,
    "_wr": -23.34437086,
    "_mom": 2.06,
    "_mom1": 1.15,
    "stock_diff": -1.27,
    "rsi_diff": 0.8
}
