{
    "open": 148.41,
    "low": 147.76,
    "high": 152.05,
    "close": 151.89,
    "volume": 1179934,
    "change": 2.34485547,
    "_rsi": 56.76734061,
    "_rsi1": 52.76086025,
    "_stock_k": 88.20118662,
    "_stock_d": 88.6288896,
    "_stock_k1": 86.41108258,
    "_stock_d1": 90.53919103,
    "_macd_blue": 0.09039342,
    "_macd_orange": 1.26029612,
    "_cci20": 83.00309139,
    "_cci201": 73.03196563,
    "_ema10": 148.51865887,
    "_ema20": 147.00704997,
    "_ema30": 146.67683152,
    "_ema50": 146.39791862,
    "_ema100": 144.4319099,
    "_ema200": 138.13467532,
    "_psar": 138.63123545,
    "_wr": -6.47249191,
    "_mom": 8.95,
    "_mom1": 9.89,
    "stock_diff": -0.43,
    "rsi_diff": 4.01
}
