{
    "open": 16.4,
    "low": 16.01,
    "high": 16.48,
    "close": 16.04,
    "volume": 54954194,
    "change": -1.77587263,
    "_rsi": 37.00386819,
    "_rsi1": 38.65131851,
    "_stock_k": 18.11369456,
    "_stock_d": 15.48440668,
    "_stock_k1": 17.5633999,
    "_stock_d1": 14.51691959,
    "_macd_blue": -0.854841,
    "_macd_orange": -0.86044939,
    "_cci20": -118.39340917,
    "_cci201": -136.5080694,
    "_ema10": 16.64271494,
    "_ema20": 17.27158393,
    "_ema30": 17.83626907,
    "_ema50": 18.47618004,
    "_ema100": 18.40016596,
    "_ema200": 16.89476168,
    "_psar": 17.87833046,
    "_wr": -88.75502008,
    "stock_diff": 2.63,
    "rsi_diff": -1.65
}
