{
    "open": 16.4,
    "low": 16.085,
    "high": 16.48,
    "close": 16.13,
    "change": -1.22473974,
    "_rsi": 37.49991517,
    "_rsi1": 38.65131851,
    "_stock_k": 19.31851384,
    "_stock_d": 15.88601311,
    "_stock_k1": 17.5633999,
    "_stock_d1": 14.51691959,
    "_macd_blue": -0.8534051,
    "_macd_orange": -0.85326991,
    "_cci20": -112.96609319,
    "_cci201": -136.5080694,
    "_ema10": 16.65907858,
    "_ema20": 17.28015536,
    "_ema30": 17.84207552,
    "_ema50": 18.47970945,
    "_ema100": 18.40194814,
    "_ema200": 16.89565721,
    "_psar": 17.87833046,
    "_wrr": -85.14056225,
    "stock_diff": 3.43,
    "rsi_diff": -1.15
}
