{
    "open": 16.4,
    "low": 16.04,
    "high": 16.48,
    "close": 16.2228,
    "change": -0.6564605,
    "_rsi": 38.02551628,
    "_rsi1": 38.65131851,
    "_stock_k": 20.56081638,
    "_stock_d": 16.30011395,
    "_stock_k1": 17.5633999,
    "_stock_d1": 14.51691959,
    "_macd_blue": -0.85192453,
    "_macd_orange": -0.84586706,
    "_cci20": -111.38314749,
    "_cci201": -136.5080694,
    "_ema10": 16.6759513,
    "_ema20": 17.28899346,
    "_ema30": 17.84806262,
    "_ema50": 18.48334867,
    "_ema100": 18.40378576,
    "_ema200": 16.89658059,
    "_psar": 17.87833046,
    "_wrr": -81.41365462,
    "stock_diff": 4.26,
    "rsi_diff": -0.63
}
