{
    "open": 232.83,
    "low": 231,
    "high": 234.51,
    "close": 231.93,
    "volume": 495287,
    "change": -1.04531103,
    "_rsi": 55.57688871,
    "_rsi1": 58.76080442,
    "_stock_k": 80.71278826,
    "_stock_d": 86.40149679,
    "_stock_k1": 87.71386727,
    "_stock_d1": 91.88144806,
    "_macd_blue": 0.47742332,
    "_macd_orange": 1.94150253,
    "_cci20": 111.52318831,
    "_cci201": 133.70337988,
    "_ema10": 229.90216042,
    "_ema20": 227.65851571,
    "_ema30": 227.2103304,
    "_ema50": 227.73926798,
    "_ema100": 229.31460159,
    "_ema200": 229.29400879,
    "_psar": 222.70647215,
    "_wr": -21.99089135,
    "_mom": 6.87,
    "_mom1": 16.9,
    "stock_diff": -5.69,
    "rsi_diff": -3.18
}
