{
    "open": 143.45,
    "low": 142.265,
    "high": 143.93,
    "close": 143.45,
    "volume": 4695628,
    "change": 0.43408248,
    "_rsi": 55.88658743,
    "_rsi1": 54.25751864,
    "_stock_k": 51.41269036,
    "_stock_d": 56.12586074,
    "_stock_k1": 54.5699799,
    "_stock_d1": 64.50522947,
    "_macd_blue": 1.39846032,
    "_macd_orange": 1.38246745,
    "_cci20": 40.20197045,
    "_cci201": 36.90907032,
    "_ema10": 143.19966243,
    "_ema20": 142.10051952,
    "_ema30": 141.38107026,
    "_ema50": 140.94485394,
    "_ema100": 141.24782543,
    "_ema200": 141.32325819,
    "_psar": 147.061508,
    "_wr": -41.96721311,
    "_mom": 1.38,
    "_mom1": 0.2,
    "stock_diff": -4.71,
    "rsi_diff": 1.63
}
