{
    "open": 16.9,
    "low": 16.53,
    "high": 16.93,
    "close": 16.63,
    "volume": 24560,
    "change": -0.83482409,
    "_rsi": 53.11180504,
    "_rsi1": 54.02462644,
    "_stock_k": 84.375,
    "_stock_d": 77.58838384,
    "_stock_k1": 78.50378788,
    "_stock_d1": 64.29924242,
    "_macd_blue": -0.40063358,
    "_macd_orange": -0.13815595,
    "_cci20": 102.80652442,
    "_cci201": 118.05827269,
    "_ema10": 16.03902884,
    "_ema20": 16.00322561,
    "_ema30": 16.23012752,
    "_ema50": 16.77977831,
    "_ema100": 17.59436779,
    "_ema200": 17.69608596,
    "_psar": 14.24053792,
    "_wr": -18.75,
    "_mom": 2.22,
    "_mom1": 2.75,
    "stock_diff": 6.79,
    "rsi_diff": -0.91
}
