{
    "open": 56.27,
    "low": 55.75,
    "high": 56.82,
    "close": 56.75,
    "volume": 1641300,
    "change": 1.17668034,
    "_rsi": 60.69246822,
    "_rsi1": 56.69458456,
    "_stock_k": 88.18368309,
    "_stock_d": 85.48922316,
    "_stock_k1": 83.97959786,
    "_stock_d1": 85.75187609,
    "_macd_blue": -0.1070957,
    "_macd_orange": 0.26768931,
    "_cci20": 126.88809195,
    "_cci201": 107.54718247,
    "_ema10": 55.72777001,
    "_ema20": 55.29646758,
    "_ema30": 55.38919806,
    "_ema50": 55.90107422,
    "_ema100": 56.03616776,
    "_ema200": 53.83797766,
    "_psar": 55.07791559,
    "_wr": -2.05050091,
    "_mom": 3.12,
    "_mom1": 1.58,
    "stock_diff": 2.69,
    "rsi_diff": 4.0
}
