{
    "open": 44.275,
    "low": 43.395,
    "high": 44.31,
    "close": 43.65,
    "volume": 10274443,
    "change": -1.578354,
    "_rsi": 44.72447692,
    "_rsi1": 46.98938946,
    "_stock_k": 75.28693516,
    "_stock_d": 72.00617286,
    "_stock_k1": 75.05105637,
    "_stock_d1": 68.75125265,
    "_macd_blue": -1.78016049,
    "_macd_orange": -1.21552897,
    "_cci20": 19.26602519,
    "_cci201": 36.54333611,
    "_ema10": 43.71845588,
    "_ema20": 44.27769026,
    "_ema30": 45.44355887,
    "_ema50": 47.75622199,
    "_ema100": 51.04556712,
    "_ema200": 52.36189512,
    "_psar": 40.57159532,
    "_wr": -30.47977422,
    "_mom": 2.14,
    "_mom1": 2.5,
    "stock_diff": 3.28,
    "rsi_diff": -2.26
}
