{
    "open": 104.29,
    "low": 103.57,
    "high": 107.8106,
    "close": 106.4,
    "volume": 4462980,
    "change": 2.71261705,
    "_rsi": 72.73212224,
    "_rsi1": 70.57502702,
    "_stock_k": 90.25643422,
    "_stock_d": 87.85587536,
    "_stock_k1": 90.07758753,
    "_stock_d1": 83.02003366,
    "_macd_blue": 5.79353345,
    "_macd_orange": 6.54834428,
    "_cci20": 154.20973155,
    "_cci201": 137.10831768,
    "_ema10": 98.29357044,
    "_ema20": 93.11831576,
    "_ema30": 89.12721669,
    "_ema50": 83.46215505,
    "_ema100": 74.96334078,
    "_ema200": 65.65467561,
    "_psar": 88.28178674,
    "_wr": -6.10369268,
    "_mom": 9.15,
    "_mom1": 11.25,
    "stock_diff": 2.4,
    "rsi_diff": 2.16
}
