{
    "open": 16.74,
    "low": 16.34,
    "high": 16.78,
    "close": 16.47,
    "volume": 61566850,
    "change": -2.13903743,
    "_rsi": 43.98728913,
    "_rsi1": 46.95267503,
    "_stock_k": 63.08451372,
    "_stock_d": 59.77657308,
    "_stock_k1": 64.47862686,
    "_stock_d1": 54.563487,
    "_macd_blue": -0.57524591,
    "_macd_orange": -0.41686117,
    "_cci20": -21.07510612,
    "_cci201": 13.8869439,
    "_ema10": 16.63501771,
    "_ema20": 16.8440895,
    "_ema30": 17.22399389,
    "_ema50": 17.84530336,
    "_ema100": 18.06482451,
    "_ema200": 16.8613552,
    "_psar": 15.74513081,
    "_wr": -46.51810585,
    "_mom": 0.43,
    "_mom1": 0.5,
    "stock_diff": 3.31,
    "rsi_diff": -2.97
}
