{
    "open": 128.5,
    "low": 127.285,
    "high": 128.77,
    "close": 128.54,
    "volume": 433789,
    "change": 0.35131548,
    "_rsi": 56.04841888,
    "_rsi1": 55.0176246,
    "_stock_k": 83.37197394,
    "_stock_d": 82.87659768,
    "_stock_k1": 82.36122852,
    "_stock_d1": 84.53860366,
    "_macd_blue": -0.40952314,
    "_macd_orange": 0.45665476,
    "_cci20": 90.24877538,
    "_cci201": 102.10612392,
    "_ema10": 127.06441082,
    "_ema20": 126.20529997,
    "_ema30": 126.47219442,
    "_ema50": 127.6066503,
    "_ema100": 128.77822498,
    "_ema200": 126.64641597,
    "_psar": 122.24440513,
    "_wr": -12.52144082,
    "_mom": 6.85,
    "_mom1": 5.33,
    "stock_diff": 0.5,
    "rsi_diff": 1.03
}
