{
    "open": 99.87,
    "low": 95.89,
    "high": 99.87,
    "close": 97.27,
    "volume": 1645170,
    "change": -2.02457695,
    "_rsi": 37.01974221,
    "_rsi1": 40.23006618,
    "_stock_k": 12.38761239,
    "_stock_d": 25.21267259,
    "_stock_k1": 25.89597786,
    "_stock_d1": 39.1309039,
    "_macd_blue": -2.22320784,
    "_macd_orange": -2.1933613,
    "_cci20": -139.60822738,
    "_cci201": -96.81179469,
    "_ema10": 100.66994682,
    "_ema20": 102.14847159,
    "_ema30": 103.90641914,
    "_ema50": 108.01977531,
    "_ema100": 115.9162222,
    "_ema200": 120.59025072,
    "_psar": 105.9,
    "_wr": -86.21378621,
    "_mom": -1.94,
    "_mom1": -1.47,
    "stock_diff": -12.83,
    "rsi_diff": -3.21
}
