{
    "open": 556.95,
    "low": 551.91,
    "high": 560.69,
    "close": 554.02,
    "volume": 1546471,
    "change": -0.96528547,
    "_rsi": 62.91356973,
    "_rsi1": 67.21150207,
    "_stock_k": 81.0320781,
    "_stock_d": 87.03384993,
    "_stock_k1": 87.96357333,
    "_stock_d1": 91.02113242,
    "_macd_blue": 7.91207709,
    "_macd_orange": 10.70896543,
    "_cci20": 118.22972004,
    "_cci201": 141.9843396,
    "_ema10": 547.2741448,
    "_ema20": 537.77016745,
    "_ema30": 532.51029769,
    "_ema50": 527.24063659,
    "_ema100": 514.85819211,
    "_ema200": 484.17988859,
    "_psar": 539.9520848,
    "_wr": -23.15808623,
    "_mom": 26.37,
    "_mom1": 36.06,
    "stock_diff": -6.0,
    "rsi_diff": -4.3
}
